size,threads,runtime,energy
10000,1,0.730789,12.8757
10000,1,0.512142,9.2136
10000,1,0.50469,8.98106
10000,1,0.512209,8.65501
10000,1,0.504664,8.53678
10000,1,0.512133,8.66093
10000,1,0.504823,8.62974
10000,1,0.512147,8.65116
10000,1,0.504644,8.53178
10000,1,0.512148,8.62412
10000,1,0.504707,8.51377
10000,1,0.512199,8.60636
10000,1,0.504698,8.49424
10000,1,0.512253,8.59147
10000,1,0.504681,8.49314
10000,1,0.512163,8.58408
10000,1,0.507486,8.70927
10000,1,0.512178,8.58396
10000,1,0.504753,8.47245
10000,1,0.51216,8.71323
10000,1,0.504721,8.58653
10000,1,0.512177,8.58848
10000,1,0.50473,8.41581
10000,1,0.512208,8.58225
10000,1,0.5047,8.40299
10000,1,0.512131,8.45084
10000,1,0.504701,8.41251
10000,1,0.512189,8.47782
10000,1,0.504676,8.29692
10000,1,0.512311,8.71488
10000,1,0.504732,8.31901
10000,1,0.512217,8.37278
10000,1,0.504689,8.29032
10000,1,0.512173,8.37522
10000,1,0.504712,8.28849
10000,1,0.512223,8.34507
10000,1,0.504667,8.27152
10000,1,0.512146,8.29807
10000,1,0.504691,8.21348
10000,1,0.512181,8.314
10000,1,0.50469,8.17594
10000,1,0.512163,8.2822
10000,1,0.50469,8.14085
10000,1,0.512205,8.26884
10000,1,0.504674,8.13023
10000,1,0.512147,8.2628
10000,1,0.504696,8.11979
10000,1,0.512175,8.22801
10000,1,0.504705,8.14433
10000,1,0.51219,8.23124
10000,1,0.504675,8.11057
10000,1,0.51217,8.21311
10000,1,0.504708,8.10112
10000,1,0.512174,8.21079
10000,1,0.504692,8.09971
10000,1,0.512136,8.4315
10000,1,0.504681,8.17216
10000,1,0.512162,8.20469
10000,1,0.50467,8.08116
10000,1,0.512179,8.21427
10000,1,0.504671,8.07304
10000,1,0.512131,8.19261
10000,1,0.504682,8.07231
10000,1,0.512135,8.20225
10000,1,0.504634,8.82896
10000,1,0.512104,8.98618
10000,1,0.50486,8.65421
10000,1,0.512143,8.32499
10000,1,0.504719,8.08421
10000,1,0.512138,8.19059
10000,1,0.504771,8.11778
10000,1,0.512134,8.19078
10000,1,0.504681,8.07871
10000,1,0.512192,8.19315
10000,1,0.504725,8.08042
10000,1,0.51215,8.19645
10000,1,0.504672,8.08934
10000,1,0.512197,8.19212
10000,1,0.504721,8.08024
10000,1,0.512145,8.20554
10000,1,0.504679,8.07463
10000,1,0.512154,8.20738
10000,1,0.504699,8.06468
10000,1,0.512151,8.19285
10000,1,0.504693,8.0817
10000,1,0.512178,8.1837
10000,1,0.50468,8.09092
10000,1,0.512157,8.18418
10000,1,0.504893,8.41581
10000,1,0.512181,8.18791
10000,1,0.504741,8.07908
10000,1,0.512176,8.19126
10000,1,0.504697,8.07048
10000,1,0.512163,8.19254
10000,1,0.504673,8.08561
10000,1,0.51215,8.18418
10000,1,0.504665,8.11686
10000,1,0.512165,8.19254
10000,1,0.50483,8.09672
10000,1,0.512154,8.18577
10000,1,0.504655,8.07517
10000,1,0.512172,8.18766
10000,1,0.504718,8.08293
10000,1,0.51215,8.19413
10000,1,0.505104,9.02488
10000,1,0.512159,8.99558
10000,1,0.50464,8.84696
10000,1,0.512128,8.5836
10000,1,0.504733,8.08128
10000,1,0.512224,8.18614
10000,1,0.504725,8.06339
10000,1,0.512183,8.21604
10000,1,0.504745,8.5687
10000,1,0.512172,8.20725
10000,1,0.50479,8.12821
10000,1,0.512143,8.19999
10000,1,0.504773,8.06974
10000,1,0.51219,8.21043
10000,1,0.504662,8.0623
10000,1,0.512164,8.21
10000,1,0.504694,8.08537
10000,1,0.51219,8.19792
10000,1,0.504681,8.10484
10000,1,0.512155,8.21
10000,1,0.504665,8.0933
10000,1,0.512187,8.21977
10000,1,0.504678,8.11057
10000,1,0.512185,8.26133
10000,1,0.504678,8.4697
10000,1,0.512182,8.86527
10000,1,0.50469,8.93412
10000,1,0.512154,8.74302
10000,1,0.504678,8.11814
10000,1,0.512196,8.25926
10000,1,0.504669,8.08891
10000,1,0.512198,8.24864
10000,1,0.504705,8.1212
10000,1,0.512213,8.25279
10000,1,0.504685,8.10942
10000,1,0.512169,8.21861
10000,1,0.504675,8.10496
10000,1,0.512207,8.20823
10000,1,0.504664,8.08506
10000,1,0.512171,8.21897
10000,1,0.504654,8.0944
10000,1,0.512191,8.22898
10000,1,0.50468,8.10246
10000,1,0.523605,8.72813
10000,1,0.50471,8.16856
10000,1,0.512225,8.18723
10000,1,0.504692,8.07212
10000,1,0.51212,8.78861
10000,1,0.505218,10.6179
10000,1,0.512161,8.9921
10000,1,0.504694,8.06486
10000,1,0.512207,8.2122
10000,1,0.504719,8.05888
10000,1,0.512209,8.23356
10000,1,0.504598,8.33878
10000,1,0.512215,8.18711
10000,1,0.504655,8.06907
10000,1,0.512227,8.18736
10000,1,0.504674,8.06492
10000,1,0.512179,8.18266
10000,1,0.504693,8.07304
10000,1,0.512204,8.18138
10000,1,0.504666,8.06687
10000,1,0.512202,8.17637
10000,1,0.504682,8.05241
10000,1,0.512233,8.17112
10000,1,0.504682,8.05339
10000,1,0.5122,8.16721
10000,1,0.504672,8.04911
10000,1,0.512183,8.17137
10000,1,0.504699,8.06187
10000,1,0.512231,8.22874
10000,1,0.510531,9.57297
10000,1,0.512188,8.18699
10000,1,0.504665,8.27494
10000,1,0.512232,8.15324
10000,1,0.504758,8.04746
10000,1,0.512201,8.17729
10000,1,0.504709,8.03251
10000,1,0.512195,8.15641
10000,1,0.504695,8.05369
10000,1,0.512184,8.16111
10000,1,0.504805,8.189
10000,1,0.512196,8.15684
10000,1,0.504704,8.05296
10000,1,0.512176,8.15489
10000,1,0.504668,8.05454
10000,1,0.512188,8.15867
10000,1,0.504698,8.13242
10000,1,0.51215,8.78935
10000,1,0.504669,8.69102
10000,1,0.512168,8.7739
10000,1,0.507422,8.35325
10000,1,0.512199,8.25413
10000,1,0.504689,8.03172
10000,1,0.512194,8.15263
10000,1,0.504776,8.02665
10000,1,0.512177,8.1743
10000,1,0.504671,8.03471
10000,1,0.512222,8.14622
10000,1,0.504667,8.34733
10000,1,0.512177,8.14805
10000,1,0.520858,8.61118
10000,1,0.512161,8.20469
10000,1,0.504736,8.05454
10000,1,0.51219,8.14726
10000,1,0.504712,8.04215
10000,1,0.512179,8.1519
10000,1,0.504701,8.04844
10000,1,0.512143,8.1674
10000,1,0.504738,8.0449
10000,1,0.512159,8.14518
10000,1,0.504716,8.09019
10000,1,0.512171,8.16959
10000,1,0.504673,8.04411
10000,1,0.512189,8.14506
10000,1,0.504696,8.04679
10000,1,0.512162,8.14298
10000,1,0.505108,8.62327
10000,1,0.512147,8.20365
10000,1,0.50475,8.04453
10000,1,0.512165,8.13889
10000,1,0.504756,8.04502
10000,1,0.512211,8.14201
10000,1,0.504711,8.03971
10000,1,0.512174,8.14335
10000,1,0.504722,8.04679
10000,1,0.512158,8.13505
10000,1,0.504702,8.04942
10000,1,0.512147,8.14659
10000,1,0.504767,8.03764
10000,1,0.51219,8.14665
10000,1,0.504696,8.05985
10000,1,0.51215,8.1464
10000,1,0.504703,8.0189
10000,1,0.512192,8.14921
10000,1,0.504683,8.01835
10000,1,0.512143,8.13853
10000,1,0.504691,8.03239
10000,1,0.512153,8.13853
10000,1,0.50468,8.04093
10000,1,0.512176,8.1345
10000,1,0.50474,8.04325
10000,1,0.512165,8.12876
10000,1,0.504707,8.02641
10000,1,0.512163,8.13181
10000,2,0.724508,11.6596
10000,2,0.57986,9.28153
10000,2,0.579399,9.28782
10000,2,0.579883,9.31254
10000,2,0.579377,9.29886
10000,2,0.579887,9.51151
10000,2,0.579339,9.91471
10000,2,0.579871,9.93998
10000,2,0.579379,9.60038
10000,2,0.579878,9.29081
10000,2,0.579372,9.26694
10000,2,0.579818,9.28294
10000,2,0.579353,9.36625
10000,2,0.57989,9.51627
10000,2,0.579361,9.26139
10000,2,0.579843,9.27732
10000,2,0.579379,9.26871
10000,2,0.579848,9.2761
10000,2,0.579418,9.25803
10000,2,0.579858,9.29502
10000,2,0.579385,9.26243
10000,2,0.57987,9.27641
10000,2,0.579364,9.27256
10000,2,0.579868,9.27878
10000,2,0.579401,9.27311
10000,2,0.579844,9.2609
10000,2,0.579383,9.27763
10000,2,0.579839,9.27488
10000,2,0.579351,9.26505
10000,2,0.579859,9.28507
10000,2,0.579392,9.28757
10000,2,0.579913,9.57847
10000,2,0.579441,11.643
10000,2,0.579922,11.9124
10000,2,0.579434,9.81266
10000,2,0.579866,9.82767
10000,2,0.579411,10.0399
10000,2,0.580267,10.9534
10000,2,0.579423,9.27109
10000,2,0.580481,10.3928
10000,2,0.57969,11.9908
10000,2,0.579995,11.7763
10000,2,0.57956,11.818
10000,2,0.579992,11.6494
10000,2,0.583088,11.1518
10000,2,0.58095,11.4389
10000,2,0.579667,11.5129
10000,2,0.580242,12.1972
10000,2,0.579614,11.7953
10000,2,0.580199,12.0869
10000,2,0.579708,12.2271
10000,2,0.582537,11.5175
10000,2,0.579594,11.7752
10000,2,0.580191,11.7522
10000,2,0.579746,11.7453
10000,2,0.580051,11.6659
10000,2,0.579507,11.6393
10000,2,0.580031,11.694
10000,2,0.580457,10.4542
10000,2,0.579824,9.29319
10000,2,0.579371,9.25944
10000,2,0.579843,9.27372
10000,2,0.579382,9.75419
10000,2,0.579857,9.84934
10000,2,0.579427,10.1376
10000,2,0.579844,9.27817
10000,2,0.579406,9.26505
10000,2,0.579856,9.26713
10000,2,0.579355,9.26114
10000,2,0.579828,9.2678
10000,2,0.579366,9.26786
10000,2,0.579856,9.26737
10000,2,0.579384,9.24967
10000,2,0.581644,10.2065
10000,2,0.580037,10.1804
10000,2,0.579845,9.25968
10000,2,0.579374,9.25364
10000,2,0.579873,9.26212
10000,2,0.57938,9.28135
10000,2,0.579924,10.3873
10000,2,0.579539,9.81547
10000,2,0.579832,9.88572
10000,2,0.579523,9.30869
10000,2,0.579839,9.26933
10000,2,0.579407,9.26365
10000,2,0.579854,9.26615
10000,2,0.579454,9.23698
10000,2,0.579866,9.25968
10000,2,0.579415,9.28965
10000,2,0.579867,9.29496
10000,2,0.579389,9.25254
10000,2,0.579867,9.25272
10000,2,0.579392,9.26841
10000,2,0.579835,9.25523
10000,2,0.579405,9.23643
10000,2,0.579864,9.26029
10000,2,0.579368,9.25846
10000,2,0.579848,9.24815
10000,2,0.579355,9.25516
10000,2,0.579885,9.25828
10000,2,0.579388,9.2363
10000,2,0.579858,9.25553
10000,2,0.579368,9.25388
10000,2,0.579836,9.23893
10000,2,0.579372,9.24729
10000,2,0.579862,9.24485
10000,2,0.579387,9.23319
10000,2,0.579863,9.25205
10000,2,0.579361,9.23563
10000,2,0.579859,9.24918
10000,2,0.579352,9.24882
10000,2,0.57985,9.25803
10000,2,0.579363,9.24027
10000,2,0.579897,9.24924
10000,2,0.579393,9.22849
10000,2,0.579843,9.24052
10000,2,0.579464,9.54008
10000,2,0.579866,9.23923
10000,2,0.5794,9.3939
10000,2,0.579841,9.78306
10000,2,0.579406,9.71341
10000,2,0.579837,9.56424
10000,2,0.579366,9.23667
10000,2,0.579879,9.22336
10000,2,0.579439,9.24149
10000,2,0.579887,9.25095
10000,2,0.579365,9.22031
10000,2,0.579875,9.2382
10000,2,0.579399,9.23106
10000,2,0.579868,9.22404
10000,2,0.579357,9.2374
10000,2,0.579832,9.24076
10000,2,0.579349,9.21995
10000,2,0.579854,9.24455
10000,2,0.579387,9.22227
10000,2,0.579864,9.23942
10000,2,0.579377,9.25187
10000,2,0.579841,9.21958
10000,2,0.579404,9.24735
10000,2,0.579876,9.23337
10000,2,0.579366,9.22214
10000,2,0.579895,9.22996
10000,2,0.579406,9.2656
10000,2,0.579865,9.21909
10000,2,0.579357,9.23746
10000,2,0.579868,9.24753
10000,2,0.579404,9.21818
10000,2,0.579868,9.2418
10000,2,0.5794,9.21409
10000,2,0.579826,9.23411
10000,2,0.579354,9.39286
10000,2,0.579871,9.23313
10000,2,0.579376,9.22617
10000,2,0.579866,9.23002
10000,2,0.579383,9.22312
10000,2,0.579869,9.22916
10000,2,0.579412,9.23276
10000,2,0.579866,9.21006
10000,2,0.579378,9.20768
10000,2,0.579894,9.23435
10000,2,0.579372,9.20603
10000,2,0.579868,9.43516
10000,2,0.579366,9.2338
10000,2,0.579876,9.24088
10000,2,0.579367,9.21708
10000,2,0.579858,9.22819
10000,2,0.579348,9.22318
10000,2,0.579868,9.22843
10000,2,0.579406,9.50889
10000,2,0.579849,9.23325
10000,2,0.57941,9.23228
10000,2,0.57988,9.22855
10000,2,0.579388,9.21494
10000,2,0.579938,10.3969
10000,2,0.579688,11.5458
10000,2,0.579909,9.76523
10000,2,0.579378,9.72013
10000,2,0.579855,9.70273
10000,2,0.579366,9.25437
10000,2,0.579864,9.22459
10000,2,0.579408,9.24345
10000,2,0.579856,9.23405
10000,2,0.579473,9.77701
10000,2,0.579883,9.23826
10000,2,0.579374,9.20988
10000,2,0.579851,9.22593
10000,2,0.579439,9.21848
10000,2,0.579847,9.22971
10000,2,0.579403,9.20957
10000,2,0.579906,9.2407
10000,2,0.579396,9.20389
10000,2,0.579848,9.25016
10000,2,0.579373,9.23008
10000,2,0.579862,9.24259
10000,2,0.579369,9.21195
10000,2,0.579874,9.2324
10000,2,0.579385,9.20994
10000,2,0.579864,9.23374
10000,2,0.57936,9.23771
10000,2,0.579871,9.2302
10000,2,0.579376,9.21281
10000,2,0.579879,9.40104
10000,2,0.579368,9.23716
10000,2,0.579873,9.23679
10000,2,0.579396,9.23441
10000,2,0.579859,9.21537
10000,2,0.579392,9.24113
10000,2,0.579857,9.24503
10000,2,0.579374,9.21628
10000,2,0.579854,9.24094
10000,2,0.579367,9.20811
10000,2,0.579864,9.23008
10000,2,0.579385,9.23649
10000,2,0.57987,9.24155
10000,2,0.57936,9.21268
10000,2,0.579862,9.23997
10000,2,0.579365,9.22898
10000,2,0.579875,9.2393
10000,2,0.579406,9.23899
10000,2,0.579896,9.30198
10000,2,0.579432,9.44761
10000,2,0.579849,9.25108
10000,2,0.579371,9.22086
10000,2,0.579876,9.2634
10000,2,0.579378,9.25278
10000,2,0.579854,9.23856
10000,2,0.579375,9.23862
10000,2,0.579894,9.2523
10000,2,0.579401,9.22843
10000,2,0.579876,9.24479
10000,2,0.579376,9.24711
10000,2,0.57985,9.33579
10000,2,0.579358,9.7172
10000,2,0.579828,9.70353
10000,2,0.579347,9.53177
10000,2,0.579853,9.27335
10000,2,0.579351,9.24125
10000,2,0.579869,9.25016
10000,2,0.579386,9.25846
10000,2,0.579839,9.24375
10000,2,0.579391,9.24473
10000,2,0.579859,9.30503
10000,2,0.579378,9.32731
10000,2,0.57987,9.24613
10000,2,0.579359,9.24625
10000,2,0.579856,9.25919
10000,2,0.579327,9.27671
10000,2,0.579887,9.26444
10000,2,0.579352,9.23716
10000,2,0.57985,9.25577
10000,3,0.485006,9.13053
10000,3,0.386681,7.38389
10000,3,0.386489,7.364
10000,3,0.38667,7.38298
10000,3,0.386502,7.35411
10000,3,0.386684,7.37376
10000,3,0.386468,7.37529
10000,3,0.386739,7.36381
10000,3,0.386503,7.38346
10000,3,0.386722,7.38664
10000,3,0.386491,7.42619
10000,3,0.386665,7.49577
10000,3,0.38649,7.35862
10000,3,0.386715,7.39097
10000,3,0.386453,7.35466
10000,3,0.386672,7.37901
10000,3,0.38645,7.37846
10000,3,0.386704,7.35954
10000,3,0.386508,7.38835
10000,3,0.386686,7.37321
10000,3,0.386488,7.3549
10000,3,0.386677,7.39115
10000,3,0.386447,7.36021
10000,3,0.386706,7.38133
10000,3,0.386446,7.38041
10000,3,0.386661,7.36235
10000,3,0.386533,7.39854
10000,3,0.386673,7.37431
10000,3,0.386489,7.35984
10000,3,0.386703,7.38304
10000,3,0.386508,7.3618
10000,3,0.386737,7.70188
10000,3,0.386458,7.38237
10000,3,0.386759,7.35514
10000,3,0.386502,7.38371
10000,3,0.386696,7.37657
10000,3,0.38649,7.35789
10000,3,0.386661,7.38285
10000,3,0.38647,7.35496
10000,3,0.38673,7.39988
10000,3,0.3865,7.37217
10000,3,0.386677,7.35936
10000,3,0.386465,7.37913
10000,3,0.386626,7.35612
10000,3,0.386529,7.37541
10000,3,0.38663,7.38163
10000,3,0.386436,7.35856
10000,3,0.386695,7.54234
10000,3,0.386467,7.42808
10000,3,0.386736,7.38108
10000,3,0.386487,7.38145
10000,3,0.386641,7.35875
10000,3,0.386505,7.39036
10000,3,0.38672,7.94487
10000,3,0.386523,7.38438
10000,3,0.386676,7.38939
10000,3,0.386445,7.57774
10000,3,0.386707,7.77757
10000,3,0.386452,7.77281
10000,3,0.386769,7.76774
10000,3,0.386492,7.55937
10000,3,0.386692,7.36369
10000,3,0.386496,7.37846
10000,3,0.386667,7.38548
10000,3,0.386502,7.35032
10000,3,0.386712,7.38603
10000,3,0.386478,7.39158
10000,3,0.386674,7.36473
10000,3,0.386504,7.37553
10000,3,0.386659,7.3571
10000,3,0.386511,7.37962
10000,3,0.3867,7.37608
10000,3,0.386465,7.35374
10000,3,0.38669,7.37968
10000,3,0.386447,7.35301
10000,3,0.386698,7.36955
10000,3,0.386469,7.37559
10000,3,0.386662,7.35612
10000,3,0.386496,7.38078
10000,3,0.386681,7.42906
10000,3,0.386465,7.36229
10000,3,0.386712,7.3806
10000,3,0.386459,7.35691
10000,3,0.386706,7.38743
10000,3,0.386473,7.35716
10000,3,0.38671,7.37498
10000,3,0.386519,7.37498
10000,3,0.386653,7.37266
10000,3,0.386468,7.35496
10000,3,0.386664,7.37626
10000,3,0.386517,7.36119
10000,3,0.386668,7.37919
10000,3,0.386511,7.35905
10000,3,0.386653,7.37474
10000,3,0.386495,7.38035
10000,3,0.386675,7.35398
10000,3,0.386499,7.37522
10000,3,0.386708,7.3762
10000,3,0.386476,7.35948
10000,3,0.386627,7.37425
10000,3,0.386477,7.39085
10000,3,0.386709,7.37815
10000,3,0.386491,7.35612
10000,3,0.38666,7.38292
10000,3,0.386482,7.37944
10000,3,0.386674,7.38841
10000,3,0.386468,7.37284
10000,3,0.386668,7.40843
10000,3,0.386536,7.54447
10000,3,0.386705,7.68846
10000,3,0.386502,7.35582
10000,3,0.386725,7.37815
10000,3,0.386499,7.37077
10000,3,0.386704,7.35789
10000,3,0.38655,7.37291
10000,3,0.386625,7.37461
10000,3,0.386513,7.35569
10000,3,0.386676,7.37541
10000,3,0.386503,7.35801
10000,3,0.386676,7.39445
10000,3,0.386455,7.37394
10000,3,0.38672,7.35966
10000,3,0.386485,7.38066
10000,3,0.3867,7.37828
10000,3,0.386518,7.35691
10000,3,0.386667,7.382
10000,3,0.386495,7.35374
10000,3,0.386682,7.37974
10000,3,0.386452,7.36882
10000,3,0.386694,7.35679
10000,3,0.386458,7.37199
10000,3,0.386712,7.37254
10000,3,0.386485,7.38591
10000,3,0.386697,7.36857
10000,3,0.386505,7.36711
10000,3,0.386687,7.38322
10000,3,0.386457,7.36302
10000,3,0.386725,7.37901
10000,3,0.386487,7.37596
10000,3,0.386706,7.35356
10000,3,0.386469,7.36705
10000,3,0.386645,7.65733
10000,3,0.386543,7.75926
10000,3,0.386667,7.77159
10000,3,0.386459,7.74913
10000,3,0.386675,7.77232
10000,3,0.386466,7.43803
10000,3,0.386741,7.35325
10000,3,0.386438,7.4268
10000,3,0.386656,7.37266
10000,3,0.386477,7.35643
10000,3,0.386668,7.36796
10000,3,0.386472,7.35258
10000,3,0.386691,7.37657
10000,3,0.386501,7.37455
10000,3,0.386674,7.36125
10000,3,0.386487,7.37657
10000,3,0.386674,7.36094
10000,3,0.386538,7.37181
10000,3,0.386652,7.37754
10000,3,0.386507,7.35221
10000,3,0.386687,7.39305
10000,3,0.386439,7.3538
10000,3,0.386734,7.38646
10000,3,0.386519,7.37138
10000,3,0.386675,7.3527
10000,3,0.386499,7.38346
10000,3,0.386675,7.37675
10000,3,0.386482,7.51347
10000,3,0.386665,7.42741
10000,3,0.386469,7.35478
10000,3,0.386712,7.57914
10000,3,0.386455,7.39012
10000,3,0.386718,7.3585
10000,3,0.386492,7.37651
10000,3,0.386686,7.377
10000,3,0.386477,7.3654
10000,3,0.386639,7.37767
10000,3,0.386495,7.35124
10000,3,0.386682,7.3842
10000,3,0.386433,7.35734
10000,3,0.386665,7.38133
10000,3,0.386484,7.37651
10000,3,0.386678,7.35789
10000,3,0.38651,7.38523
10000,3,0.386714,7.36314
10000,3,0.386456,7.50328
10000,3,0.386713,7.55009
10000,3,0.386485,7.35588
10000,3,0.386729,7.36973
10000,3,0.386512,7.35051
10000,3,0.386684,7.35783
10000,3,0.386507,7.37742
10000,3,0.386682,7.35545
10000,3,0.386469,7.37382
10000,3,0.386695,7.38072
10000,3,0.386469,7.34819
10000,3,0.386699,7.38755
10000,3,0.386458,7.35746
10000,3,0.386694,7.3953
10000,3,0.386465,7.37932
10000,3,0.386648,7.35948
10000,3,0.386445,7.37065
10000,3,0.386664,7.37107
10000,3,0.38652,7.3607
10000,3,0.38666,7.38157
10000,3,0.386504,7.34983
10000,3,0.386641,7.38481
10000,3,0.386482,7.37315
10000,3,0.3868,7.92124
10000,3,0.38646,7.38231
10000,3,0.386712,7.37254
10000,3,0.386454,7.36564
10000,3,0.386659,7.36711
10000,3,0.38655,7.3563
10000,3,0.386718,7.3889
10000,3,0.386561,7.37382
10000,3,0.386694,7.46336
10000,3,0.386494,7.39616
10000,3,0.38666,7.37376
10000,3,0.386587,7.75633
10000,3,0.386642,7.38664
10000,3,0.386491,7.34782
10000,3,0.386673,7.38646
10000,3,0.386488,7.36961
10000,3,0.386717,7.36216
10000,3,0.386486,7.74565
10000,3,0.386681,7.75505
10000,3,0.386483,7.78007
10000,3,0.386831,7.6851
10000,3,0.386611,7.42118
10000,3,0.386646,7.37303
10000,3,0.38657,7.38133
10000,3,0.38666,7.37535
10000,3,0.386459,7.34593
10000,3,0.386715,7.36576
10000,3,0.386496,7.35887
10000,3,0.386696,7.36753
10000,3,0.386507,7.35734
10000,3,0.38664,7.35362
10000,3,0.386471,7.3643
10000,3,0.386714,7.35307
10000,3,0.386497,7.36766
10000,3,0.386686,7.36656
10000,3,0.386445,7.35398
10000,3,0.386688,7.36674
10000,3,0.386509,7.35881
10000,3,0.386682,7.37028
10000,3,0.386505,7.3665
10000,3,0.386688,7.35765
10000,4,0.367189,7.31456
10000,4,0.290349,5.77934
10000,4,0.290097,5.752
10000,4,0.290313,5.78728
10000,4,0.290153,5.77074
10000,4,0.290311,5.80663
10000,4,0.290133,5.76714
10000,4,0.290351,5.78154
10000,4,0.290147,5.76976
10000,4,0.290288,5.81407
10000,4,0.290134,5.78349
10000,4,0.290346,5.79063
10000,4,0.2901,5.78355
10000,4,0.290304,5.81139
10000,4,0.290192,5.77342
10000,4,0.29031,5.79002
10000,4,0.2901,5.76567
10000,4,0.290391,5.80351
10000,4,0.290212,6.07396
10000,4,0.290317,5.78807
10000,4,0.290085,5.76885
10000,4,0.290408,5.78996
10000,4,0.290152,5.77245
10000,4,0.29035,5.81041
10000,4,0.290132,5.77165
10000,4,0.290363,5.78966
10000,4,0.290133,5.7697
10000,4,0.290343,5.81395
10000,4,0.290218,5.77153
10000,4,0.290322,5.79253
10000,4,0.290128,5.76634
10000,4,0.290377,5.81523
10000,4,0.290169,6.47819
10000,4,0.290501,7.00914
10000,4,0.290273,6.98192
10000,4,0.290431,6.34135
10000,4,0.290142,5.7838
10000,4,0.290331,5.81011
10000,4,0.290134,5.76738
10000,4,0.290332,5.7957
10000,4,0.290143,5.77617
10000,4,0.290329,5.78477
10000,4,0.290191,5.76482
10000,4,0.290337,5.81224
10000,4,0.290146,5.77165
10000,4,0.290343,5.79027
10000,4,0.290126,5.76463
10000,4,0.290325,5.80467
10000,4,0.290104,5.76524
10000,4,0.290329,5.79808
10000,4,0.290173,5.77043
10000,4,0.290333,5.80717
10000,4,0.290133,5.91972
10000,4,0.290364,5.85924
10000,4,0.29008,5.77702
10000,4,0.290358,5.80766
10000,4,0.290138,5.76366
10000,4,0.290416,5.80302
10000,4,0.290151,5.76372
10000,4,0.290336,5.78685
10000,4,0.290174,5.77788
10000,4,0.29031,5.79808
10000,4,0.290147,5.76628
10000,4,0.290331,5.77696
10000,4,0.290156,5.75767
10000,4,0.290348,5.81114
10000,4,0.290129,5.76781
10000,4,0.290342,5.78972
10000,4,0.290085,5.77904
10000,4,0.290382,5.80687
10000,4,0.290135,5.79479
10000,4,0.290321,5.82707
10000,4,0.290123,5.77599
10000,4,0.290322,5.81676
10000,4,0.290134,5.77055
10000,4,0.290347,5.80815
10000,4,0.290141,5.78014
10000,4,0.29031,5.79607
10000,4,0.29024,5.78081
10000,4,0.290355,5.80986
10000,4,0.290126,6.02202
10000,4,0.290355,6.049
10000,4,0.290125,6.04747
10000,4,0.29039,6.0703
10000,4,0.290121,6.04723
10000,4,0.290323,5.94688
10000,4,0.29015,5.78526
10000,4,0.290292,5.81841
10000,4,0.290133,5.77208
10000,4,0.290323,5.80254
10000,4,0.290161,5.8073
10000,4,0.29033,5.79741
10000,4,0.2902,5.77623
10000,4,0.290327,5.80217
10000,4,0.290117,5.78801
10000,4,0.29035,5.79283
10000,4,0.290134,5.76677
10000,4,0.290406,5.80437
10000,4,0.290122,5.77092
10000,4,0.290357,5.78313
10000,4,0.290158,5.76591
10000,4,0.290316,5.80943
10000,4,0.290164,5.76683
10000,4,0.290322,5.78917
10000,4,0.290181,5.80199
10000,4,0.290314,5.79961
10000,4,0.290158,5.77446
10000,4,0.290349,5.78593
10000,4,0.290102,5.88988
10000,4,0.290357,5.84496
10000,4,0.290123,5.77513
10000,4,0.290392,5.80614
10000,4,0.290104,5.77586
10000,4,0.290357,5.79082
10000,4,0.290149,5.77507
10000,4,0.290293,5.8184
10000,4,0.290119,5.7722
10000,4,0.290338,5.79546
10000,4,0.290149,5.77153
10000,4,0.290322,5.8109
10000,4,0.290172,5.76958
10000,4,0.290363,6.08153
10000,4,0.290123,5.83452
10000,4,0.290316,5.79002
10000,4,0.290237,5.77251
10000,4,0.290344,5.81273
10000,4,0.290144,5.77525
10000,4,0.290413,5.78886
10000,4,0.290152,5.76805
10000,4,0.290333,5.80473
10000,4,0.290102,5.7747
10000,4,0.290361,5.78331
10000,4,0.290153,5.77825
10000,4,0.290287,5.90288
10000,4,0.290185,5.88762
10000,4,0.290317,5.79234
10000,4,0.290119,5.80138
10000,4,0.2903,5.78862
10000,4,0.290184,5.75938
10000,4,0.290336,5.78349
10000,4,0.290122,5.7841
10000,4,0.290364,5.7932
10000,4,0.290107,5.7736
10000,4,0.290329,5.81004
10000,4,0.290088,5.76958
10000,4,0.290356,5.78801
10000,4,0.290127,5.7827
10000,4,0.290326,5.81798
10000,4,0.290186,5.77074
10000,4,0.290284,5.79765
10000,4,0.290124,5.77397
10000,4,0.290321,6.07963
10000,4,0.290273,6.51286
10000,4,0.290285,6.08531
10000,4,0.290052,6.06547
10000,4,0.290331,6.11723
10000,4,0.290062,6.08018
10000,4,0.290312,5.8112
10000,4,0.290116,5.77373
10000,4,0.290403,5.83653
10000,4,0.290147,5.7899
10000,4,0.290349,5.79387
10000,4,0.290218,5.80052
10000,4,0.290288,5.79747
10000,4,0.290145,5.79216
10000,4,0.290316,5.8029
10000,4,0.290242,5.78801
10000,4,0.290319,5.79131
10000,4,0.2901,5.77025
10000,4,0.290386,5.80992
10000,4,0.290138,5.77611
10000,4,0.290316,5.79417
10000,4,0.290104,5.7625
10000,4,0.290393,5.80516
10000,4,0.290116,5.77141
10000,4,0.290341,5.79472
10000,4,0.29017,5.79015
10000,4,0.290292,5.7946
10000,4,0.290137,5.78081
10000,4,0.290344,5.81322
10000,4,0.290174,5.76939
10000,4,0.290312,5.79765
10000,4,0.290113,5.77373
10000,4,0.290377,5.81602
10000,4,0.290138,5.77306
10000,4,0.290319,5.79027
10000,4,0.290163,5.77446
10000,4,0.290472,5.81413
10000,4,0.290138,5.78099
10000,4,0.290337,5.78819
10000,4,0.290134,5.78386
10000,4,0.290327,5.80235
10000,4,0.290089,5.77287
10000,4,0.290355,6.03789
10000,4,0.290141,6.04405
10000,4,0.290316,6.07243
10000,4,0.290115,6.04485
10000,4,0.290299,6.04484
10000,4,0.290153,6.02782
10000,4,0.290322,5.79546
10000,4,0.290134,5.78307
10000,4,0.290375,5.81322
10000,4,0.2901,5.76811
10000,4,0.290337,5.79069
10000,4,0.290134,5.76909
10000,4,0.290343,5.8095
10000,4,0.29009,5.77641
10000,4,0.290378,5.78917
10000,4,0.290171,5.77135
10000,4,0.290275,5.8109
10000,4,0.29017,5.77947
10000,4,0.290299,5.7924
10000,4,0.290153,5.79527
10000,4,0.290276,5.88048
10000,4,0.290144,5.8734
10000,4,0.29035,5.79369
10000,4,0.290098,5.79521
10000,4,0.290357,5.79546
10000,4,0.290099,5.77867
10000,4,0.290364,5.79002
10000,4,0.29011,5.79613
10000,4,0.290382,5.79271
10000,4,0.290169,5.7816
10000,4,0.290342,5.80955
10000,4,0.290183,5.7747
10000,4,0.290356,6.08147
10000,4,0.290142,5.77715
10000,4,0.290305,5.80901
10000,4,0.290173,5.79424
10000,4,0.290364,5.79375
10000,4,0.290112,5.79845
10000,4,0.290356,5.79234
10000,4,0.290163,5.78307
10000,4,0.290352,5.81078
10000,4,0.290118,5.77007
10000,4,0.290362,5.79973
10000,4,0.29013,5.77763
10000,4,0.290338,5.80717
10000,4,0.290176,5.76921
10000,4,0.290296,5.79405
10000,4,0.290143,5.80504
10000,4,0.290314,5.81401
10000,4,0.290145,5.77086
10000,4,0.290325,5.78917
10000,4,0.290168,5.76054
10000,4,0.290392,5.82188
10000,4,0.290091,5.77983
10000,4,0.290345,5.79735
10000,4,0.29017,5.79051
10000,4,0.290314,5.79393
10000,5,0.29287,6.73387
10000,5,0.232386,5.35765
10000,5,0.232217,5.34642
10000,5,0.232361,5.34972
10000,5,0.232173,5.3466
10000,5,0.232366,5.37602
10000,5,0.232188,5.35253
10000,5,0.232367,5.35802
10000,5,0.232197,5.3546
10000,5,0.232328,5.36327
10000,5,0.232215,5.35851
10000,5,0.232335,5.38573
10000,5,0.232152,5.35393
10000,5,0.232328,5.38298
10000,5,0.232158,5.37242
10000,5,0.232325,5.37633
10000,5,0.232372,5.89995
10000,5,0.232412,6.39384
10000,5,0.232243,6.34837
10000,5,0.232444,6.34788
10000,5,0.232222,6.39653
10000,5,0.232405,6.53447
10000,5,0.232191,5.54912
10000,5,0.232382,5.5504
10000,5,0.232193,5.5764
10000,5,0.23246,5.54143
10000,5,0.232197,5.60405
10000,5,0.23243,5.54509
10000,5,0.232185,5.66368
10000,5,0.232625,6.72026
10000,5,0.232501,5.8297
10000,5,0.23237,5.40038
10000,5,0.232207,5.36723
10000,5,0.232338,5.43022
10000,5,0.232173,5.36754
10000,5,0.23233,5.36839
10000,5,0.232167,5.39031
10000,5,0.232338,5.39317
10000,5,0.23219,5.36235
10000,5,0.232437,5.41582
10000,5,0.232198,5.36931
10000,5,0.232351,5.36418
10000,5,0.2322,5.3933
10000,5,0.232339,5.36205
10000,5,0.232222,5.36693
10000,5,0.232332,5.38933
10000,5,0.232188,5.36565
10000,5,0.232339,5.36363
10000,5,0.232151,5.36382
10000,5,0.232366,5.39183
10000,5,0.232162,5.36754
10000,5,0.232325,5.36607
10000,5,0.232179,5.36986
10000,5,0.232399,5.40703
10000,5,0.232197,5.53288
10000,5,0.232364,5.40233
10000,5,0.232168,5.36253
10000,5,0.232354,5.3676
10000,5,0.232144,5.37468
10000,5,0.232326,5.40453
10000,5,0.232165,5.3654
10000,5,0.232342,5.37041
10000,5,0.232189,5.3886
10000,5,0.232323,5.38066
10000,5,0.232147,5.36845
10000,5,0.23232,5.36968
10000,5,0.232189,5.38579
10000,5,0.232349,5.36925
10000,5,0.232167,5.40172
10000,5,0.232323,5.59233
10000,5,0.232225,5.61913
10000,5,0.23234,5.60204
10000,5,0.232181,5.59312
10000,5,0.232329,5.62218
10000,5,0.232164,5.59538
10000,5,0.232371,5.59233
10000,5,0.232159,5.43205
10000,5,0.232319,5.36839
10000,5,0.232156,5.36717
10000,5,0.232374,5.37193
10000,5,0.232201,5.38933
10000,5,0.232347,5.37694
10000,5,0.232158,5.36284
10000,5,0.232352,5.39879
10000,5,0.232189,5.36876
10000,5,0.232327,5.37328
10000,5,0.232164,5.39165
10000,5,0.232347,5.37517
10000,5,0.232158,5.37523
10000,5,0.232345,5.45537
10000,5,0.23214,5.47881
10000,5,0.232335,5.37804
10000,5,0.232169,5.37084
10000,5,0.232323,5.40019
10000,5,0.232144,5.36577
10000,5,0.232338,5.3709
10000,5,0.232195,5.36784
10000,5,0.232439,5.69884
10000,5,0.232153,5.36638
10000,5,0.232324,5.37346
10000,5,0.232174,5.39324
10000,5,0.232371,5.37285
10000,5,0.232143,5.37267
10000,5,0.232371,5.40251
10000,5,0.232154,5.37078
10000,5,0.232391,5.37206
10000,5,0.232182,5.36632
10000,5,0.232326,5.403
10000,5,0.232168,5.36949
10000,5,0.232344,5.36943
10000,5,0.232166,5.39336
10000,5,0.232317,5.37383
10000,5,0.232156,5.36846
10000,5,0.232374,5.39189
10000,5,0.232185,5.37035
10000,5,0.232347,5.37334
10000,5,0.23215,5.36791
10000,5,0.232333,5.39507
10000,5,0.232165,5.37279
10000,5,0.232392,5.39696
10000,5,0.232167,5.39543
10000,5,0.232323,5.37328
10000,5,0.232191,5.369
10000,5,0.232332,5.39659
10000,5,0.232163,5.36553
10000,5,0.232325,5.37731
10000,5,0.232166,5.36876
10000,5,0.232328,5.40892
10000,5,0.232185,5.36937
10000,5,0.232339,5.38567
10000,5,0.232166,5.36418
10000,5,0.232332,5.37767
10000,5,0.232182,5.39208
10000,5,0.232326,5.39439
10000,5,0.232157,5.42137
10000,5,0.232437,5.95836
10000,5,0.232144,5.37962
10000,5,0.232359,5.40215
10000,5,0.232164,5.37743
10000,5,0.232371,5.38841
10000,5,0.232162,5.39525
10000,5,0.232334,5.37914
10000,5,0.232161,5.37181
10000,5,0.232321,5.39134
10000,5,0.232214,5.36626
10000,5,0.232354,5.3759
10000,5,0.232188,5.37645
10000,5,0.232322,5.39348
10000,5,0.232204,5.37584
10000,5,0.232344,5.38109
10000,5,0.232215,5.39696
10000,5,0.232323,5.37694
10000,5,0.232199,5.36839
10000,5,0.232347,5.40056
10000,5,0.232176,5.37499
10000,5,0.232325,5.48326
10000,5,0.232184,5.49944
10000,5,0.232335,5.40337
10000,5,0.232229,5.41954
10000,5,0.232357,5.40422
10000,5,0.232156,5.40074
10000,5,0.232344,5.3806
10000,5,0.232213,5.38097
10000,5,0.232335,5.40209
10000,5,0.232151,5.36839
10000,5,0.232351,5.3759
10000,5,0.232175,5.37444
10000,5,0.232404,5.40373
10000,5,0.232151,5.37468
10000,5,0.232326,5.39171
10000,5,0.232138,5.37303
10000,5,0.232341,5.38896
10000,5,0.232194,5.37462
10000,5,0.232338,5.41008
10000,5,0.232202,5.38115
10000,5,0.232347,5.38481
10000,5,0.232153,5.37554
10000,5,0.232328,5.40782
10000,5,0.232168,5.3748
10000,5,0.232336,5.38597
10000,5,0.23218,5.40227
10000,5,0.232333,5.39446
10000,5,0.232191,5.38799
10000,5,0.232357,5.40892
10000,5,0.232158,5.37901
10000,5,0.232361,5.38207
10000,5,0.23215,5.37486
10000,5,0.232387,5.40996
10000,5,0.232182,5.37663
10000,5,0.232361,5.38133
10000,5,0.232145,5.41997
10000,5,0.23236,5.38286
10000,5,0.232165,5.37669
10000,5,0.232332,5.38268
10000,5,0.232194,5.39806
10000,5,0.232355,5.38841
10000,5,0.232156,5.38622
10000,5,0.232353,5.40837
10000,5,0.232153,5.37102
10000,5,0.232336,5.38402
10000,5,0.232137,5.38109
10000,5,0.232341,5.38225
10000,5,0.232156,5.3701
10000,5,0.232337,5.38329
10000,5,0.2322,5.40013
10000,5,0.232362,5.38237
10000,5,0.232173,5.37602
10000,5,0.23233,5.40361
10000,5,0.232187,5.37694
10000,5,0.232354,5.40965
10000,5,0.232149,5.59538
10000,5,0.232353,5.62419
10000,5,0.232151,5.59703
10000,5,0.23233,5.60094
10000,5,0.232158,5.62145
10000,5,0.232317,5.60149
10000,5,0.232165,5.6013
10000,5,0.232347,5.45409
10000,5,0.232172,5.38378
10000,5,0.232317,5.38689
10000,5,0.232158,5.37517
10000,5,0.23236,5.40843
10000,5,0.23217,5.37126
10000,5,0.232333,5.38664
10000,5,0.232148,5.39879
10000,5,0.23239,5.40892
10000,5,0.232226,5.68431
10000,5,0.232332,5.4066
10000,5,0.232146,5.37181
10000,5,0.232317,5.37993
10000,5,0.232183,5.37535
10000,5,0.232335,5.41161
10000,5,0.232149,5.37737
10000,5,0.232352,5.38756
10000,5,0.232245,5.38823
10000,5,0.23234,5.41203
10000,5,0.232148,5.37865
10000,5,0.232337,5.40703
10000,5,0.232187,5.37731
10000,5,0.23235,5.38133
10000,5,0.232197,5.38005
10000,5,0.232321,5.40508
10000,5,0.232177,5.37798
10000,5,0.232358,5.39159
10000,5,0.232155,5.38121
10000,5,0.232337,5.40886
10000,5,0.232152,5.37578
10000,5,0.23236,5.38982
10000,5,0.232137,5.39848
10000,5,0.23234,5.38439
10000,6,0.245915,5.9182
10000,6,0.193915,4.63536
10000,6,0.193743,4.63866
10000,6,0.193882,4.64922
10000,6,0.193725,4.61064
10000,6,0.193872,4.71038
10000,6,0.193793,4.74016
10000,6,0.193877,4.68065
10000,6,0.193723,4.64946
10000,6,0.193872,4.66027
10000,6,0.193775,4.64763
10000,6,0.1939,4.66344
10000,6,0.193731,4.61376
10000,6,0.193882,4.6657
10000,6,0.193733,4.63958
10000,6,0.193874,4.66448
10000,6,0.193777,4.64
10000,6,0.193882,4.6613
10000,6,0.193746,4.61956
10000,6,0.193908,4.66808
10000,6,0.193722,4.64543
10000,6,0.193915,4.66301
10000,6,0.193734,4.65862
10000,6,0.193916,4.67235
10000,6,0.193726,4.64843
10000,6,0.193902,4.67143
10000,6,0.193755,4.62438
10000,6,0.193883,4.66845
10000,6,0.19376,4.64586
10000,6,0.193893,4.66784
10000,6,0.193717,4.64348
10000,6,0.193891,4.65685
10000,6,0.19377,4.62084
10000,6,0.193893,4.67339
10000,6,0.193729,4.64617
10000,6,0.193873,4.66289
10000,6,0.193724,4.64629
10000,6,0.193891,4.66625
10000,6,0.193731,4.62938
10000,6,0.193897,4.65416
10000,6,0.193711,4.63591
10000,6,0.193877,4.65575
10000,6,0.193788,4.64092
10000,6,0.193871,4.66094
10000,6,0.193752,4.64586
10000,6,0.193866,4.6339
10000,6,0.193733,4.65172
10000,6,0.193908,4.66222
10000,6,0.193732,4.64336
10000,6,0.193901,4.6624
10000,6,0.193716,4.64678
10000,6,0.193879,4.65612
10000,6,0.193763,4.64293
10000,6,0.19388,4.63933
10000,6,0.193747,4.64598
10000,6,0.193881,4.65489
10000,6,0.193715,4.63756
10000,6,0.193887,4.66625
10000,6,0.193713,4.6361
10000,6,0.193887,4.66863
10000,6,0.193715,4.62364
10000,6,0.193877,4.66973
10000,6,0.193742,4.65966
10000,6,0.193881,4.66521
10000,6,0.193759,4.64427
10000,6,0.193891,4.65929
10000,6,0.193723,4.62859
10000,6,0.193881,4.65874
10000,6,0.193767,4.64928
10000,6,0.193877,4.66027
10000,6,0.193735,4.65172
10000,6,0.193873,4.65697
10000,6,0.193711,4.62316
10000,6,0.19391,4.66063
10000,6,0.193751,4.64574
10000,6,0.193925,4.67174
10000,6,0.193713,4.64269
10000,6,0.193875,4.66655
10000,6,0.193721,4.64556
10000,6,0.193881,4.65648
10000,6,0.193757,4.64629
10000,6,0.193874,4.66027
10000,6,0.193721,4.64208
10000,6,0.193914,4.66521
10000,6,0.193716,4.65795
10000,6,0.193927,4.64513
10000,6,0.193731,4.62578
10000,6,0.193884,4.65673
10000,6,0.193737,4.65599
10000,6,0.193878,4.66906
10000,6,0.193795,4.65184
10000,6,0.193876,4.66802
10000,6,0.193731,4.62206
10000,6,0.193884,4.66344
10000,6,0.193763,4.65044
10000,6,0.193916,4.66997
10000,6,0.193749,4.64745
10000,6,0.193876,4.65898
10000,6,0.19373,4.64153
10000,6,0.19388,4.63652
10000,6,0.193728,4.64385
10000,6,0.193882,4.66173
10000,6,0.193704,4.64128
10000,6,0.193893,4.66539
10000,6,0.193758,4.6447
10000,6,0.193895,4.66472
10000,6,0.193739,4.61974
10000,6,0.19389,4.66277
10000,6,0.193722,4.64842
10000,6,0.193918,4.67113
10000,6,0.193698,4.66112
10000,6,0.193905,4.67436
10000,6,0.193713,4.63665
10000,6,0.193877,4.68041
10000,6,0.193772,4.65197
10000,6,0.193876,4.67131
10000,6,0.19376,4.64592
10000,6,0.193874,4.66405
10000,6,0.193708,4.62816
10000,6,0.193866,4.65184
10000,6,0.193677,4.80168
10000,6,0.193829,4.81377
10000,6,0.193699,4.81139
10000,6,0.193852,4.80907
10000,6,0.193693,4.78917
10000,6,0.193903,5.14238
10000,6,0.193674,4.81768
10000,6,0.19388,4.78447
10000,6,0.193683,4.7675
10000,6,0.193856,4.72979
10000,6,0.193723,4.63109
10000,6,0.193909,4.66973
10000,6,0.193758,4.65709
10000,6,0.193913,4.66765
10000,6,0.193749,4.64861
10000,6,0.19389,4.66912
10000,6,0.193719,4.66008
10000,6,0.193914,4.65349
10000,6,0.193753,4.66228
10000,6,0.193874,4.67278
10000,6,0.19375,4.66552
10000,6,0.19388,4.67436
10000,6,0.193755,4.65221
10000,6,0.193864,4.67821
10000,6,0.19372,4.6328
10000,6,0.193917,4.6751
10000,6,0.193726,4.66069
10000,6,0.193907,4.6779
10000,6,0.193739,4.65483
10000,6,0.193865,4.67308
10000,6,0.193743,4.63732
10000,6,0.193867,5.12865
10000,6,0.193744,5.49211
10000,6,0.193888,5.46654
10000,6,0.193779,5.58885
10000,6,0.193871,5.19548
10000,6,0.193725,4.799
10000,6,0.193903,4.68145
10000,6,0.193712,4.64556
10000,6,0.193884,4.68035
10000,6,0.193703,4.66191
10000,6,0.19392,4.67925
10000,6,0.193713,4.66661
10000,6,0.193897,4.68187
10000,6,0.19373,4.63146
10000,6,0.19388,4.68602
10000,6,0.193767,4.65776
10000,6,0.193897,4.67766
10000,6,0.193726,4.66808
10000,6,0.193873,4.6693
10000,6,0.193725,4.64806
10000,6,0.193878,5.28722
10000,6,0.193629,4.86839
10000,6,0.193807,4.84478
10000,6,0.193638,4.83537
10000,6,0.193793,4.81743
10000,6,0.193689,4.84966
10000,6,0.193797,4.84795
10000,6,0.193683,4.80577
10000,6,0.193898,4.69158
10000,6,0.193738,4.64348
10000,6,0.193898,4.67406
10000,6,0.193799,4.66594
10000,6,0.193904,4.67003
10000,6,0.193764,4.65874
10000,6,0.193879,4.67571
10000,6,0.193735,4.6696
10000,6,0.193878,4.67784
10000,6,0.193728,4.64702
10000,6,0.193885,4.68108
10000,6,0.193727,4.66539
10000,6,0.193885,4.68425
10000,6,0.193736,4.666
10000,6,0.193873,4.66057
10000,6,0.193726,4.64171
10000,6,0.193866,4.67253
10000,6,0.193739,4.66228
10000,6,0.193867,4.674
10000,6,0.193718,4.66478
10000,6,0.193917,4.67552
10000,6,0.193721,4.63854
10000,6,0.193868,4.67766
10000,6,0.193743,4.6552
10000,6,0.193874,4.67321
10000,6,0.193747,4.67858
10000,6,0.193889,4.68132
10000,6,0.193795,4.64898
10000,6,0.193918,4.68682
10000,6,0.193738,4.65404
10000,6,0.19391,4.68645
10000,6,0.193722,4.66887
10000,6,0.193889,4.67632
10000,6,0.193774,4.67534
10000,6,0.193879,4.68529
10000,6,0.193727,4.64739
10000,6,0.193897,4.6826
10000,6,0.193717,4.66149
10000,6,0.193882,4.68474
10000,6,0.193746,4.67241
10000,6,0.193917,4.68279
10000,6,0.193725,4.66784
10000,6,0.193879,4.65227
10000,6,0.193738,4.66747
10000,6,0.193882,4.67498
10000,6,0.193718,4.67003
10000,6,0.193886,4.68749
10000,6,0.193714,4.66576
10000,6,0.193874,4.65416
10000,6,0.193753,4.67101
10000,6,0.193882,4.67559
10000,6,0.19372,4.66344
10000,6,0.193903,4.68627
10000,6,0.193707,4.66417
10000,6,0.19398,4.68071
10000,6,0.193712,4.64031
10000,6,0.19392,4.67681
10000,6,0.193719,4.66845
10000,6,0.193878,4.68035
10000,6,0.193774,4.66228
10000,6,0.193886,4.68309
10000,6,0.193739,4.66936
10000,6,0.193885,4.65612
10000,6,0.193711,4.66991
10000,6,0.193869,4.69036
10000,6,0.193729,4.6743
10000,6,0.193864,4.68639
10000,6,0.193722,4.67223
10000,6,0.193865,4.65874
10000,6,0.193731,4.72917
10000,6,0.193856,4.78246
10000,7,0.211659,5.82512
10000,7,0.16621,4.55748
10000,7,0.166046,4.57073
10000,7,0.166221,4.57622
10000,7,0.166088,4.57231
10000,7,0.166189,4.57775
10000,7,0.166075,4.57085
10000,7,0.16618,4.60515
10000,7,0.166053,4.56932
10000,7,0.166226,4.6104
10000,7,0.166076,4.61284
10000,7,0.166222,4.6364
10000,7,0.166095,4.60893
10000,7,0.166186,4.61083
10000,7,0.166047,4.60112
10000,7,0.166219,4.60936
10000,7,0.166052,4.60051
10000,7,0.166176,4.63921
10000,7,0.166085,4.60228
10000,7,0.166204,4.60918
10000,7,0.166064,4.56108
10000,7,0.166182,4.58953
10000,7,0.16608,4.57213
10000,7,0.16623,4.60265
10000,7,0.16606,4.56139
10000,7,0.166211,4.57628
10000,7,0.16606,4.56371
10000,7,0.166206,4.57842
10000,7,0.166063,4.567
10000,7,0.166154,4.61241
10000,7,0.166077,4.57512
10000,7,0.166209,4.58116
10000,7,0.166052,4.56969
10000,7,0.166224,4.62078
10000,7,0.166118,4.79869
10000,7,0.166235,4.60967
10000,7,0.166042,4.56816
10000,7,0.166201,4.57695
10000,7,0.166059,4.57482
10000,7,0.166208,4.58245
10000,7,0.166089,4.59923
10000,7,0.166182,4.58007
10000,7,0.166087,4.57347
10000,7,0.166217,4.58446
10000,7,0.166037,4.66313
10000,7,0.166173,4.73717
10000,7,0.166055,4.73961
10000,7,0.166212,4.77306
10000,7,0.166027,4.739
10000,7,0.16619,4.73571
10000,7,0.166047,4.72985
10000,7,0.166188,4.73906
10000,7,0.166054,4.73387
10000,7,0.166177,4.76525
10000,7,0.166036,4.68138
10000,7,0.166218,4.5844
10000,7,0.16606,4.58458
10000,7,0.166201,4.58751
10000,7,0.166086,4.6209
10000,7,0.166188,4.58812
10000,7,0.166079,4.57762
10000,7,0.166258,4.65319
10000,7,0.166084,4.61077
10000,7,0.166206,4.61162
10000,7,0.166092,4.64006
10000,7,0.166185,4.61132
10000,7,0.16606,4.61217
10000,7,0.166208,4.61248
10000,7,0.166072,4.61156
10000,7,0.166227,4.59313
10000,7,0.166079,4.60863
10000,7,0.16621,4.58733
10000,7,0.166119,4.57946
10000,7,0.166218,4.58684
10000,7,0.166066,4.58873
10000,7,0.166196,4.62053
10000,7,0.16606,4.58098
10000,7,0.166205,4.59124
10000,7,0.16608,4.57604
10000,7,0.166219,4.58696
10000,7,0.166069,4.58409
10000,7,0.166204,4.59514
10000,7,0.166082,4.58763
10000,7,0.166203,4.59038
10000,7,0.166102,4.58324
10000,7,0.166213,4.5974
10000,7,0.166085,4.60448
10000,7,0.166194,4.59789
10000,7,0.166065,4.58153
10000,7,0.1662,4.58654
10000,7,0.166056,4.58165
10000,7,0.166207,4.59557
10000,7,0.166087,4.6129
10000,7,0.166197,4.59355
10000,7,0.166059,4.58934
10000,7,0.166218,4.59227
10000,7,0.166114,4.58818
10000,7,0.166211,4.61608
10000,7,0.166081,4.58587
10000,7,0.166208,4.59276
10000,7,0.166058,4.59423
10000,7,0.166216,4.5963
10000,7,0.166093,4.58562
10000,7,0.166181,4.62004
10000,7,0.166067,4.58635
10000,7,0.166208,4.59771
10000,7,0.16606,4.58617
10000,7,0.166211,4.59838
10000,7,0.166127,4.61571
10000,7,0.166194,4.59386
10000,7,0.166087,4.58574
10000,7,0.166206,4.59355
10000,7,0.166056,4.59209
10000,7,0.166225,4.62413
10000,7,0.166074,4.57738
10000,7,0.166215,4.59447
10000,7,0.166065,4.5858
10000,7,0.166238,4.59648
10000,7,0.166072,4.58806
10000,7,0.166216,4.62389
10000,7,0.166103,4.58611
10000,7,0.166205,4.59227
10000,7,0.166067,4.58269
10000,7,0.166212,4.60729
10000,7,0.16605,4.58983
10000,7,0.166205,4.60521
10000,7,0.166071,4.58611
10000,7,0.166201,4.59777
10000,7,0.166095,4.58702
10000,7,0.166201,4.59819
10000,7,0.166075,4.61473
10000,7,0.166205,4.59874
10000,7,0.166102,4.58556
10000,7,0.166203,4.59777
10000,7,0.166088,4.58275
10000,7,0.166194,4.60863
10000,7,0.166054,4.59197
10000,7,0.166227,4.70745
10000,7,0.166046,4.66491
10000,7,0.166215,4.59819
10000,7,0.166066,4.59685
10000,7,0.166209,4.59893
10000,7,0.166067,4.58934
10000,7,0.166183,4.59581
10000,7,0.166109,4.59752
10000,7,0.166232,4.59935
10000,7,0.166055,4.58843
10000,7,0.166199,4.62743
10000,7,0.166063,4.59252
10000,7,0.166192,4.596
10000,7,0.166067,4.58751
10000,7,0.166197,4.5999
10000,7,0.16607,4.5927
10000,7,0.166195,4.63414
10000,7,0.166059,4.59673
10000,7,0.166213,4.6082
10000,7,0.16612,4.5988
10000,7,0.16621,4.59526
10000,7,0.16606,4.6212
10000,7,0.166218,4.60564
10000,7,0.166047,4.5974
10000,7,0.166205,4.59832
10000,7,0.166062,4.59526
10000,7,0.166214,4.60228
10000,7,0.166056,4.59917
10000,7,0.166218,4.62542
10000,7,0.166091,4.59777
10000,7,0.166184,4.60839
10000,7,0.166112,4.596
10000,7,0.166189,4.60387
10000,7,0.166052,4.62767
10000,7,0.166208,4.59709
10000,7,0.166079,4.60405
10000,7,0.166202,4.60466
10000,7,0.166097,4.60546
10000,7,0.166199,4.60021
10000,7,0.166043,4.5952
10000,7,0.166224,4.60039
10000,7,0.166073,4.59764
10000,7,0.166214,4.60759
10000,7,0.166095,4.59947
10000,7,0.166201,4.62896
10000,7,0.166073,4.58989
10000,7,0.166224,4.61193
10000,7,0.166074,4.60271
10000,7,0.166212,4.60979
10000,7,0.166099,4.62017
10000,7,0.166216,4.59801
10000,7,0.166069,4.60033
10000,7,0.166212,4.60851
10000,7,0.166072,4.59728
10000,7,0.166209,4.63219
10000,7,0.166121,4.60192
10000,7,0.166186,4.61089
10000,7,0.166058,4.59691
10000,7,0.166198,4.60204
10000,7,0.166061,4.59532
10000,7,0.166184,4.63121
10000,7,0.16606,4.59899
10000,7,0.166221,4.60057
10000,7,0.166088,4.60234
10000,7,0.166211,4.60942
10000,7,0.166037,4.59508
10000,7,0.166201,4.63591
10000,7,0.166104,4.6035
10000,7,0.166224,4.62084
10000,7,0.166047,4.60442
10000,7,0.166199,4.60686
10000,7,0.166066,4.59606
10000,7,0.166209,4.63628
10000,7,0.166048,4.59667
10000,7,0.166205,4.61113
10000,7,0.166072,4.59789
10000,7,0.16621,4.6154
10000,7,0.166105,4.83916
10000,7,0.166193,4.70555
10000,7,0.166101,4.60161
10000,7,0.16622,4.60979
10000,7,0.166059,4.59709
10000,7,0.166194,4.60454
10000,7,0.166085,4.62511
10000,7,0.166202,4.61144
10000,7,0.166059,4.60009
10000,7,0.166218,4.61199
10000,7,0.166072,4.60289
10000,7,0.166208,4.63164
10000,7,0.166083,4.60826
10000,7,0.16622,4.60521
10000,7,0.166086,4.60088
10000,7,0.166248,4.69518
10000,7,0.166077,4.6292
10000,7,0.166209,4.63524
10000,7,0.166074,4.60033
10000,7,0.166204,4.60436
10000,7,0.166046,4.61077
10000,7,0.166199,4.60723
10000,7,0.166069,4.61559
10000,7,0.166179,4.62841
10000,7,0.166081,4.60662
10000,7,0.166208,4.6032
10000,7,0.166096,4.60198
10000,7,0.166183,4.66973
10000,7,0.166044,4.7639
10000,7,0.166159,4.75499
10000,7,0.166057,4.7423
10000,7,0.16618,4.75267
10000,7,0.166041,4.74535
10000,7,0.166192,4.75023
10000,7,0.166044,4.75115
10000,7,0.166167,4.77398
10000,8,0.185104,5.45183
10000,8,0.145463,4.17754
10000,8,0.14542,4.10021
10000,8,0.145504,4.09691
10000,8,0.14544,4.1101
10000,8,0.145569,4.10912
10000,8,0.145429,4.11235
10000,8,0.145534,4.09569
10000,8,0.145394,4.11406
10000,8,0.14557,4.08995
10000,8,0.145396,4.10106
10000,8,0.145513,4.09887
10000,8,0.145451,4.10906
10000,8,0.145565,4.09752
10000,8,0.145404,4.11089
10000,8,0.145509,4.09301
10000,8,0.145386,4.10515
10000,8,0.145512,4.10546
10000,8,0.145409,4.10418
10000,8,0.145556,4.09783
10000,8,0.145424,4.63445
10000,8,0.145526,4.16985
10000,8,0.145416,4.11028
10000,8,0.145536,4.09649
10000,8,0.145411,4.11901
10000,8,0.145516,4.09758
10000,8,0.145444,4.10711
10000,8,0.145556,4.13036
10000,8,0.145414,4.07982
10000,8,0.145514,4.12462
10000,8,0.145404,4.09301
10000,8,0.145511,4.18425
10000,8,0.145372,4.15404
10000,8,0.145522,4.18078
10000,8,0.145489,4.07799
10000,8,0.145535,4.12377
10000,8,0.145421,4.07836
10000,8,0.145512,4.12145
10000,8,0.145415,4.07671
10000,8,0.145541,4.13189
10000,8,0.145409,4.07903
10000,8,0.145573,4.12639
10000,8,0.145404,4.08049
10000,8,0.145527,4.12023
10000,8,0.145384,4.08208
10000,8,0.145541,4.1209
10000,8,0.145406,4.08404
10000,8,0.145515,4.12914
10000,8,0.145429,4.09533
10000,8,0.145516,4.13652
10000,8,0.145443,4.07982
10000,8,0.14551,4.1317
10000,8,0.145387,4.07775
10000,8,0.145517,4.1419
10000,8,0.145412,4.09063
10000,8,0.145615,4.13445
10000,8,0.145381,4.09154
10000,8,0.145488,4.12456
10000,8,0.14539,4.08025
10000,8,0.145505,4.13537
10000,8,0.14543,4.08696
10000,8,0.145486,4.12761
10000,8,0.145458,4.09087
10000,8,0.145487,4.1372
10000,8,0.145464,4.10149
10000,8,0.145517,4.13183
10000,8,0.145378,4.10405
10000,8,0.145534,4.12621
10000,8,0.14544,4.09081
10000,8,0.145523,4.13469
10000,8,0.145385,4.08727
10000,8,0.145507,4.13366
10000,8,0.145391,4.09124
10000,8,0.145512,4.14037
10000,8,0.145398,4.10466
10000,8,0.145493,4.13787
10000,8,0.145434,4.08641
10000,8,0.145506,4.13842
10000,8,0.145437,4.09246
10000,8,0.145493,4.1361
10000,8,0.145373,4.09484
10000,8,0.145527,4.13988
10000,8,0.145404,4.08812
10000,8,0.14554,4.13878
10000,8,0.145412,4.09917
10000,8,0.145501,4.13042
10000,8,0.145396,4.09533
10000,8,0.145496,4.13512
10000,8,0.145414,4.10436
10000,8,0.145501,4.13109
10000,8,0.145441,4.09655
10000,8,0.145512,4.13768
10000,8,0.145414,4.0941
10000,8,0.145498,4.13305
10000,8,0.145417,4.09331
10000,8,0.14553,4.13909
10000,8,0.145456,4.0974
10000,8,0.145502,4.13811
10000,8,0.145417,4.09447
10000,8,0.145482,4.13549
10000,8,0.145421,4.09404
10000,8,0.145549,4.12597
10000,8,0.145384,4.09612
10000,8,0.145501,4.13878
10000,8,0.145391,4.09392
10000,8,0.145572,4.13372
10000,8,0.145417,4.09307
10000,8,0.145484,4.13952
10000,8,0.145414,4.09093
10000,8,0.145493,4.1386
10000,8,0.145441,4.10491
10000,8,0.145484,4.13878
10000,8,0.145421,4.09368
10000,8,0.145523,4.13695
10000,8,0.145432,4.09093
10000,8,0.145521,4.14141
10000,8,0.145379,4.09508
10000,8,0.145522,4.13268
10000,8,0.145396,4.08684
10000,8,0.145572,4.13482
10000,8,0.145394,4.09508
10000,8,0.145513,4.13579
10000,8,0.145392,4.1046
10000,8,0.14559,4.13408
10000,8,0.145397,4.09453
10000,8,0.14553,4.10558
10000,8,0.145437,4.09697
10000,8,0.145494,4.12871
10000,8,0.145429,4.09484
10000,8,0.145551,4.12944
10000,8,0.145379,4.09728
10000,8,0.14554,4.13671
10000,8,0.145432,4.12597
10000,8,0.145527,4.11095
10000,8,0.145412,4.12548
10000,8,0.145487,4.11113
10000,8,0.145406,4.12059
10000,8,0.145517,4.10668
10000,8,0.145416,4.12377
10000,8,0.145486,4.11309
10000,8,0.145415,4.12029
10000,8,0.1455,4.10845
10000,8,0.145415,4.09099
10000,8,0.145502,4.13848
10000,8,0.145387,4.09246
10000,8,0.145528,4.14348
10000,8,0.145412,4.12487
10000,8,0.145523,4.10796
10000,8,0.145409,4.12957
10000,8,0.145509,4.11254
10000,8,0.145384,4.09624
10000,8,0.145575,4.13817
10000,8,0.145382,4.12523
10000,8,0.145513,4.10833
10000,8,0.145427,4.1289
10000,8,0.145526,4.1054
10000,8,0.145444,4.1325
10000,8,0.145505,4.122
10000,8,0.145417,4.12352
10000,8,0.145496,4.11046
10000,8,0.145468,4.13109
10000,8,0.145532,4.10369
10000,8,0.145426,4.12267
10000,8,0.145557,4.11254
10000,8,0.145474,4.43401
10000,8,0.145561,4.12243
10000,8,0.145419,4.12682
10000,8,0.145497,4.11571
10000,8,0.145414,4.13701
10000,8,0.145535,4.10918
10000,8,0.145423,4.1267
10000,8,0.145508,4.11315
10000,8,0.1454,4.12712
10000,8,0.145511,4.10839
10000,8,0.145403,4.13317
10000,8,0.145533,4.11199
10000,8,0.145367,4.12456
10000,8,0.145524,4.11223
10000,8,0.145465,4.12963
10000,8,0.145508,4.11559
10000,8,0.145413,4.12932
10000,8,0.145494,4.10979
10000,8,0.145434,4.12603
10000,8,0.145526,4.11376
10000,8,0.14547,4.09783
10000,8,0.145495,4.13555
10000,8,0.145459,4.10546
10000,8,0.14551,4.13939
10000,8,0.145457,4.09093
10000,8,0.145514,4.14177
10000,8,0.145395,4.09655
10000,8,0.145529,4.18584
10000,8,0.14537,4.15227
10000,8,0.145517,4.22503
10000,8,0.145403,4.09887
10000,8,0.145486,4.14141
10000,8,0.14543,4.10119
10000,8,0.145519,4.13573
10000,8,0.145423,4.09746
10000,8,0.145489,4.13591
10000,8,0.145403,4.10625
10000,8,0.145534,4.13689
10000,8,0.145377,4.09838
10000,8,0.145549,4.14873
10000,8,0.145404,4.09862
10000,8,0.145515,4.1458
10000,8,0.145484,4.096
10000,8,0.145494,4.14263
10000,8,0.145408,4.09032
10000,8,0.145501,4.14122
10000,8,0.145432,4.09276
10000,8,0.145576,4.1375
10000,8,0.14538,4.09173
10000,8,0.145498,4.13457
10000,8,0.145369,4.16918
10000,8,0.145446,4.25689
10000,8,0.145312,4.22783
10000,8,0.145468,4.24395
10000,8,0.145333,4.25963
10000,8,0.145436,4.23241
10000,8,0.145367,4.26073
10000,8,0.145437,4.23351
10000,8,0.145332,4.2304
10000,8,0.145409,4.26592
10000,8,0.145401,4.22338
10000,8,0.145468,4.23406
10000,8,0.145388,4.10167
10000,8,0.145506,4.14751
10000,8,0.145379,4.10009
10000,8,0.145556,4.14403
10000,8,0.145387,4.11266
10000,8,0.145526,4.14861
10000,8,0.145439,4.10534
10000,8,0.145552,4.14367
10000,8,0.145425,4.10991
10000,8,0.145495,4.1494
10000,8,0.145394,4.10082
10000,8,0.145502,4.14617
10000,8,0.145427,4.09508
10000,8,0.145553,4.14196
10000,8,0.145387,4.09948
10000,8,0.145519,4.14263
10000,8,0.145415,4.10082
10000,8,0.145576,4.14269
10000,8,0.145387,4.12682
10000,8,0.145527,4.11327
10000,8,0.145446,4.12572
10000,8,0.145487,4.11016
10000,8,0.145445,4.13042
10000,8,0.145495,4.1198
10000,9,0.165171,5.22838
10000,9,0.12954,4.10967
10000,9,0.129326,4.148
10000,9,0.129399,4.12902
10000,9,0.129345,4.15618
10000,9,0.129449,4.12279
10000,9,0.129359,4.16021
10000,9,0.129404,4.12658
10000,9,0.129326,4.11766
10000,9,0.129482,4.15404
10000,9,0.12935,4.09954
10000,9,0.129423,4.14458
10000,9,0.129307,4.10582
10000,9,0.12943,4.14116
10000,9,0.129326,4.0996
10000,9,0.12943,4.10942
10000,9,0.129352,4.13323
10000,9,0.129453,4.10723
10000,9,0.129332,4.13878
10000,9,0.129437,4.11388
10000,9,0.129323,4.12926
10000,9,0.129431,4.11986
10000,9,0.129349,4.10534
10000,9,0.129407,4.14116
10000,9,0.129354,4.10967
10000,9,0.129456,4.15142
10000,9,0.129332,4.10479
10000,9,0.129448,4.15044
10000,9,0.129326,4.10302
10000,9,0.129419,4.10961
10000,9,0.129331,4.14586
10000,9,0.129414,4.11272
10000,9,0.129373,4.13994
10000,9,0.129474,4.11022
10000,9,0.129324,4.13634
10000,9,0.12943,4.11809
10000,9,0.129346,4.10845
10000,9,0.129398,4.14611
10000,9,0.129321,4.1029
10000,9,0.129433,4.14391
10000,9,0.129351,4.11309
10000,9,0.129461,4.1433
10000,9,0.129404,4.11217
10000,9,0.129417,4.11315
10000,9,0.129325,4.13604
10000,9,0.129403,4.11339
10000,9,0.129329,4.13775
10000,9,0.129437,4.11211
10000,9,0.129393,4.14043
10000,9,0.129453,4.1104
10000,9,0.129365,4.11468
10000,9,0.129419,4.14293
10000,9,0.129353,4.10027
10000,9,0.129406,4.15239
10000,9,0.129335,4.101
10000,9,0.129451,4.14776
10000,9,0.129383,4.10613
10000,9,0.129413,4.14513
10000,9,0.129377,4.11309
10000,9,0.129406,4.1112
10000,9,0.129317,4.14495
10000,9,0.129426,4.11474
10000,9,0.129325,4.14776
10000,9,0.129424,4.1195
10000,9,0.129374,4.10576
10000,9,0.129411,4.16045
10000,9,0.129353,4.10454
10000,9,0.129413,4.14855
10000,9,0.129346,4.10778
10000,9,0.12944,4.14861
10000,9,0.129326,4.11004
10000,9,0.129433,4.10631
10000,9,0.129378,4.1126
10000,9,0.129419,4.11907
10000,9,0.129333,4.14537
10000,9,0.12942,4.11553
10000,9,0.129341,4.11382
10000,9,0.129426,4.1101
10000,9,0.129383,4.10979
10000,9,0.129413,4.14806
10000,9,0.129383,4.10979
10000,9,0.12942,4.14751
10000,9,0.129312,4.11113
10000,9,0.129457,4.14568
10000,9,0.129318,4.10399
10000,9,0.129395,4.11345
10000,9,0.129334,4.15172
10000,9,0.129394,4.11785
10000,9,0.129382,4.15398
10000,9,0.129459,4.13146
10000,9,0.12934,4.13311
10000,9,0.129413,4.1198
10000,9,0.129334,4.11193
10000,9,0.129415,4.15136
10000,9,0.129334,4.11321
10000,9,0.129412,4.1513
10000,9,0.129374,4.10936
10000,9,0.129444,4.15178
10000,9,0.12933,4.11644
10000,9,0.129445,4.11687
10000,9,0.129337,4.14806
10000,9,0.129417,4.11803
10000,9,0.129357,4.14971
10000,9,0.129432,4.11895
10000,9,0.129379,4.1422
10000,9,0.129405,4.12371
10000,9,0.129317,4.11309
10000,9,0.129422,4.15087
10000,9,0.129316,4.11187
10000,9,0.129473,4.15221
10000,9,0.129376,4.10851
10000,9,0.129417,4.12481
10000,9,0.129397,4.20372
10000,9,0.129417,4.19567
10000,9,0.129359,4.2025
10000,9,0.129415,4.12157
10000,9,0.129326,4.14183
10000,9,0.129425,4.12737
10000,9,0.129325,4.11992
10000,9,0.129416,4.15062
10000,9,0.129388,4.11931
10000,9,0.129404,4.15697
10000,9,0.129325,4.11412
10000,9,0.129418,4.12676
10000,9,0.129368,4.11516
10000,9,0.129434,4.12499
10000,9,0.129334,4.14708
10000,9,0.12941,4.11998
10000,9,0.129384,4.15471
10000,9,0.129414,4.12889
10000,9,0.129328,4.15795
10000,9,0.129418,4.12426
10000,9,0.129323,4.11504
10000,9,0.129446,4.26867
10000,9,0.129487,4.21837
10000,9,0.129434,4.1538
10000,9,0.129375,4.11156
10000,9,0.12942,4.15465
10000,9,0.129327,4.11522
10000,9,0.129423,4.15197
10000,9,0.129379,4.12023
10000,9,0.129403,4.1176
10000,9,0.129328,4.14916
10000,9,0.129451,4.12267
10000,9,0.129346,4.15239
10000,9,0.129428,4.12371
10000,9,0.12934,4.12749
10000,9,0.129419,4.12102
10000,9,0.129342,4.11425
10000,9,0.129437,4.15532
10000,9,0.129324,4.1234
10000,9,0.129499,4.16729
10000,9,0.12932,4.12096
10000,9,0.129433,4.12859
10000,9,0.129338,4.15917
10000,9,0.129429,4.13018
10000,9,0.129375,4.15477
10000,9,0.129403,4.12786
10000,9,0.129327,4.15276
10000,9,0.129469,4.12944
10000,9,0.129343,4.12401
10000,9,0.129424,4.12474
10000,9,0.129323,4.11937
10000,9,0.129418,4.161
10000,9,0.129325,4.11754
10000,9,0.129439,4.15374
10000,9,0.129341,4.12389
10000,9,0.12948,4.15105
10000,9,0.129371,4.16295
10000,9,0.129443,4.22203
10000,9,0.129326,4.16936
10000,9,0.129477,4.13695
10000,9,0.129331,4.16716
10000,9,0.129417,4.12279
10000,9,0.129322,4.15099
10000,9,0.129462,4.1209
10000,9,0.129352,4.12334
10000,9,0.129424,4.16118
10000,9,0.129352,4.12023
10000,9,0.129434,4.16008
10000,9,0.129319,4.11956
10000,9,0.129429,4.15996
10000,9,0.129379,4.12328
10000,9,0.129464,4.12377
10000,9,0.129333,4.1198
10000,9,0.129405,4.12407
10000,9,0.129347,4.15648
10000,9,0.129472,4.12548
10000,9,0.129324,4.12224
10000,9,0.129411,4.1552
10000,9,0.129369,4.12487
10000,9,0.12945,4.16259
10000,9,0.129346,4.12316
10000,9,0.129409,4.15581
10000,9,0.129332,4.122
10000,9,0.129404,4.1574
10000,9,0.129348,4.12609
10000,9,0.129429,4.12639
10000,9,0.129324,4.15581
10000,9,0.129445,4.12554
10000,9,0.129331,4.14666
10000,9,0.129413,4.12682
10000,9,0.129404,4.15288
10000,9,0.129423,4.12767
10000,9,0.129353,4.38305
10000,9,0.129484,4.46294
10000,9,0.129354,4.13384
10000,9,0.129465,4.15929
10000,9,0.129317,4.13768
10000,9,0.129422,4.15679
10000,9,0.1294,4.12432
10000,9,0.129403,4.17107
10000,9,0.129319,4.26726
10000,9,0.129393,4.23156
10000,9,0.129304,4.26018
10000,9,0.12946,4.23845
10000,9,0.12929,4.23357
10000,9,0.129374,4.27166
10000,9,0.129352,4.24181
10000,9,0.129392,4.26323
10000,9,0.12938,4.23949
10000,9,0.129405,4.27849
10000,9,0.129345,4.24218
10000,9,0.129467,4.22704
10000,9,0.129318,4.19426
10000,9,0.129446,4.12456
10000,9,0.129411,4.30657
10000,9,0.129466,4.14122
10000,9,0.129357,4.16137
10000,9,0.129433,4.13079
10000,9,0.129398,4.15569
10000,9,0.129433,4.13018
10000,9,0.129335,4.12749
10000,9,0.129494,4.16637
10000,9,0.129326,4.12572
10000,9,0.129408,4.16063
10000,9,0.129359,4.13298
10000,9,0.129406,4.16771
10000,9,0.129415,4.12377
10000,9,0.129417,4.13469
10000,9,0.129342,4.15184
10000,9,0.129414,4.13573
10000,9,0.129431,4.17131
10000,9,0.129428,4.14043
10000,9,0.129342,4.16808
10000,9,0.129424,4.13933
10000,9,0.12939,4.13494
10000,9,0.129402,4.17504
10000,9,0.129344,4.12432
10000,9,0.129435,4.16094
10000,10,0.149217,4.86858
10000,10,0.116576,3.74212
10000,10,0.11644,3.78594
10000,10,0.116632,3.76366
10000,10,0.116418,3.78405
10000,10,0.116553,3.76641
10000,10,0.116466,3.7882
10000,10,0.116536,3.79711
10000,10,0.116468,3.75396
10000,10,0.116541,3.79155
10000,10,0.116411,3.7528
10000,10,0.11652,3.79021
10000,10,0.116454,3.7528
10000,10,0.116542,3.79363
10000,10,0.116507,3.75097
10000,10,0.116551,3.80474
10000,10,0.116448,3.75609
10000,10,0.116502,3.81615
10000,10,0.116418,3.7661
10000,10,0.116558,3.76616
10000,10,0.116445,3.7896
10000,10,0.116558,3.75976
10000,10,0.116457,3.79503
10000,10,0.116615,3.76757
10000,10,0.116427,3.79271
10000,10,0.116526,3.75957
10000,10,0.116476,3.80816
10000,10,0.11653,3.76354
10000,10,0.116426,3.79522
10000,10,0.116559,3.75902
10000,10,0.11645,3.75841
10000,10,0.116566,3.79992
10000,10,0.116417,3.76067
10000,10,0.116525,3.79961
10000,10,0.116432,3.75408
10000,10,0.116534,3.80047
10000,10,0.116431,3.75542
10000,10,0.116531,3.8034
10000,10,0.116422,3.77086
10000,10,0.116566,3.80395
10000,10,0.116466,3.75817
10000,10,0.116552,3.79894
10000,10,0.116452,3.75731
10000,10,0.116554,3.81084
10000,10,0.116417,3.75414
10000,10,0.116526,3.8037
10000,10,0.116457,3.79223
10000,10,0.11656,3.82653
10000,10,0.116453,3.84661
10000,10,0.116547,3.85643
10000,10,0.116404,3.96673
10000,10,0.116539,3.81926
10000,10,0.116437,3.79986
10000,10,0.116538,3.76806
10000,10,0.116442,3.80297
10000,10,0.116546,3.7683
10000,10,0.116465,3.79534
10000,10,0.116546,3.77733
10000,10,0.116419,3.7968
10000,10,0.116519,3.76525
10000,10,0.116454,3.79864
10000,10,0.11657,3.78106
10000,10,0.116417,3.79308
10000,10,0.116587,3.80657
10000,10,0.116419,3.76641
10000,10,0.116555,3.81133
10000,10,0.116505,3.76677
10000,10,0.116556,3.80047
10000,10,0.116448,3.76391
10000,10,0.116543,3.81096
10000,10,0.116406,3.76189
10000,10,0.116538,3.80285
10000,10,0.116456,3.75945
10000,10,0.116537,3.80657
10000,10,0.116495,3.76439
10000,10,0.116525,3.79851
10000,10,0.116441,3.76671
10000,10,0.116586,3.7719
10000,10,0.116443,3.79699
10000,10,0.116535,3.7752
10000,10,0.116446,3.80065
10000,10,0.116532,3.77007
10000,10,0.116434,3.80547
10000,10,0.116623,3.77453
10000,10,0.1164,3.80858
10000,10,0.116537,3.76952
10000,10,0.116422,3.79986
10000,10,0.116574,3.80559
10000,10,0.116429,3.77044
10000,10,0.116572,3.77239
10000,10,0.116424,3.75603
10000,10,0.116566,3.80834
10000,10,0.116415,3.76702
10000,10,0.11653,3.80248
10000,10,0.116429,3.76287
10000,10,0.11658,3.81188
10000,10,0.116439,3.76696
10000,10,0.116542,3.80846
10000,10,0.116452,3.76855
10000,10,0.116524,3.80639
10000,10,0.116478,3.76848
10000,10,0.116524,3.81029
10000,10,0.116417,3.76592
10000,10,0.116529,3.81475
10000,10,0.116461,3.77495
10000,10,0.116563,3.778
10000,10,0.116419,3.76867
10000,10,0.116526,3.81554
10000,10,0.116426,3.80095
10000,10,0.116567,3.78624
10000,10,0.116427,3.79815
10000,10,0.116561,3.77422
10000,10,0.116447,3.80584
10000,10,0.11658,3.76958
10000,10,0.116436,3.79864
10000,10,0.116517,3.77269
10000,10,0.116438,3.80443
10000,10,0.116585,3.80297
10000,10,0.116457,3.76977
10000,10,0.116527,3.80407
10000,10,0.116419,3.77245
10000,10,0.116559,3.80498
10000,10,0.116413,3.76989
10000,10,0.116571,3.81109
10000,10,0.116448,3.76751
10000,10,0.116552,3.80639
10000,10,0.116477,3.76482
10000,10,0.116583,4.11406
10000,10,0.116445,3.7744
10000,10,0.116568,3.80938
10000,10,0.116448,3.7708
10000,10,0.116536,3.7752
10000,10,0.116446,3.76549
10000,10,0.116533,3.77251
10000,10,0.116469,3.79973
10000,10,0.116551,3.77215
10000,10,0.116451,3.79973
10000,10,0.116522,3.77361
10000,10,0.11645,3.80474
10000,10,0.116526,3.77398
10000,10,0.11649,3.79943
10000,10,0.11653,3.77861
10000,10,0.116422,3.77233
10000,10,0.116546,3.77855
10000,10,0.11646,3.79839
10000,10,0.116605,3.80712
10000,10,0.116439,3.77239
10000,10,0.116546,3.80864
10000,10,0.116447,3.76775
10000,10,0.116547,3.8095
10000,10,0.116422,3.76702
10000,10,0.116567,3.80748
10000,10,0.116455,3.76977
10000,10,0.116575,3.80291
10000,10,0.116428,3.76543
10000,10,0.116551,3.80858
10000,10,0.116459,3.76635
10000,10,0.116586,3.81139
10000,10,0.116455,3.80236
10000,10,0.116523,3.77526
10000,10,0.116442,3.80187
10000,10,0.116521,3.7752
10000,10,0.116455,3.80059
10000,10,0.116537,3.79345
10000,10,0.116501,3.80578
10000,10,0.116535,3.78039
10000,10,0.116418,3.79949
10000,10,0.116513,3.77703
10000,10,0.116413,3.80132
10000,10,0.116559,3.79082
10000,10,0.116462,3.78387
10000,10,0.116539,3.81225
10000,10,0.116421,3.77514
10000,10,0.11655,3.81774
10000,10,0.116419,3.77208
10000,10,0.116522,3.80834
10000,10,0.116429,3.76891
10000,10,0.116531,3.81414
10000,10,0.116447,3.77099
10000,10,0.116546,4.12633
10000,10,0.116485,4.23528
10000,10,0.11654,4.2874
10000,10,0.11647,4.20024
10000,10,0.116538,4.34215
10000,10,0.116455,4.47136
10000,10,0.116553,3.99663
10000,10,0.116498,4.26647
10000,10,0.11654,3.90587
10000,10,0.116476,3.85271
10000,10,0.116527,3.7907
10000,10,0.116485,3.81084
10000,10,0.116534,3.79296
10000,10,0.116423,3.81054
10000,10,0.116535,3.77916
10000,10,0.116451,3.81243
10000,10,0.116528,3.78191
10000,10,0.116429,3.80309
10000,10,0.116566,3.81817
10000,10,0.116469,3.78093
10000,10,0.116532,3.81579
10000,10,0.116436,3.77184
10000,10,0.11655,3.81707
10000,10,0.116419,3.77245
10000,10,0.116567,3.81377
10000,10,0.116449,3.77599
10000,10,0.116524,3.81286
10000,10,0.116454,3.7752
10000,10,0.116549,3.82036
10000,10,0.11646,3.7744
10000,10,0.116519,3.81835
10000,10,0.116428,3.77599
10000,10,0.116524,3.81359
10000,10,0.116467,3.77221
10000,10,0.116542,3.82689
10000,10,0.116457,3.77361
10000,10,0.116552,3.81383
10000,10,0.116417,3.80938
10000,10,0.116538,3.78655
10000,10,0.116446,3.8073
10000,10,0.116517,3.78191
10000,10,0.116486,3.80761
10000,10,0.116529,3.78283
10000,10,0.116426,3.81225
10000,10,0.116579,3.78008
10000,10,0.116605,3.81328
10000,10,0.116564,3.81695
10000,10,0.116464,3.78283
10000,10,0.116523,3.81505
10000,10,0.116428,3.77782
10000,10,0.116555,3.81334
10000,10,0.116407,3.77733
10000,10,0.116547,3.82061
10000,10,0.116512,3.7849
10000,10,0.116531,3.81341
10000,10,0.116425,3.77953
10000,10,0.116522,3.81414
10000,10,0.116414,3.7741
10000,10,0.116501,3.90429
10000,10,0.116376,3.87237
10000,10,0.1165,3.91997
10000,10,0.11642,3.87505
10000,10,0.11651,3.92254
10000,10,0.116385,3.87536
10000,10,0.116492,3.91362
10000,10,0.116396,3.88842
10000,10,0.116516,3.91625
10000,10,0.116418,3.88024
10000,10,0.116493,3.91106
10000,10,0.116547,3.82946
10000,10,0.116647,3.87511
10000,11,0.135953,4.97588
10000,11,0.106062,3.76946
10000,11,0.105949,3.77331
10000,11,0.106021,3.78191
10000,11,0.105979,3.77379
10000,11,0.106002,3.77996
10000,11,0.106053,3.78075
10000,11,0.106015,3.77532
10000,11,0.105987,3.80327
10000,11,0.106019,3.7802
10000,11,0.10594,3.78075
10000,11,0.106015,3.778
10000,11,0.105957,3.77636
10000,11,0.106051,3.78624
10000,11,0.105962,3.77355
10000,11,0.106007,3.77977
10000,11,0.105939,3.77935
10000,11,0.106055,3.7849
10000,11,0.105936,3.7716
10000,11,0.105996,3.78289
10000,11,0.105972,3.77971
10000,11,0.106006,3.78484
10000,11,0.105964,3.77965
10000,11,0.10622,3.78924
10000,11,0.105935,3.80901
10000,11,0.106025,3.75304
10000,11,0.105947,3.78289
10000,11,0.106075,3.82348
10000,11,0.10593,3.77434
10000,11,0.10603,3.7827
10000,11,0.105955,3.7874
10000,11,0.106016,3.77807
10000,11,0.105976,3.78863
10000,11,0.106015,3.78875
10000,11,0.105954,3.77801
10000,11,0.106015,3.78661
10000,11,0.105945,3.78326
10000,11,0.10605,3.78808
10000,11,0.105958,3.78026
10000,11,0.106012,3.78801
10000,11,0.105951,3.78368
10000,11,0.106025,3.78728
10000,11,0.105936,3.77373
10000,11,0.106011,3.79052
10000,11,0.105933,3.77593
10000,11,0.106033,3.78374
10000,11,0.105995,3.78313
10000,11,0.106018,3.7849
10000,11,0.105936,3.78527
10000,11,0.106014,3.78661
10000,11,0.105946,3.77569
10000,11,0.106014,3.7835
10000,11,0.105923,3.78173
10000,11,0.106007,3.78496
10000,11,0.105942,3.79241
10000,11,0.106036,3.79919
10000,11,0.105961,3.80126
10000,11,0.106049,3.79094
10000,11,0.105958,3.78228
10000,11,0.106035,3.78472
10000,11,0.10596,3.77611
10000,11,0.106021,3.82476
10000,11,0.105936,3.78185
10000,11,0.106041,3.78624
10000,11,0.105934,3.78844
10000,11,0.106013,3.78655
10000,11,0.105967,3.78008
10000,11,0.106024,3.786
10000,11,0.105942,3.77819
10000,11,0.106026,3.78527
10000,11,0.105929,3.78362
10000,11,0.106041,3.7874
10000,11,0.105944,3.78228
10000,11,0.106007,3.78893
10000,11,0.105926,3.78197
10000,11,0.106058,3.79339
10000,11,0.105953,3.7932
10000,11,0.10601,3.79332
10000,11,0.10596,3.77758
10000,11,0.106034,3.79546
10000,11,0.105936,3.78136
10000,11,0.106029,3.78972
10000,11,0.105915,3.77648
10000,11,0.106015,3.79345
10000,11,0.105941,3.78966
10000,11,0.106064,3.79644
10000,11,0.105947,3.78356
10000,11,0.106035,3.79589
10000,11,0.105931,3.78295
10000,11,0.106022,3.79149
10000,11,0.105952,3.78875
10000,11,0.106016,3.79162
10000,11,0.105928,3.78331
10000,11,0.106022,3.79278
10000,11,0.105938,3.78582
10000,11,0.106054,3.78899
10000,11,0.105985,3.7813
10000,11,0.106026,3.79577
10000,11,0.105966,3.82018
10000,11,0.106027,3.78978
10000,11,0.105933,3.74926
10000,11,0.106055,3.79229
10000,11,0.105931,3.74651
10000,11,0.106032,3.8286
10000,11,0.105992,3.78924
10000,11,0.106029,3.7874
10000,11,0.105924,3.78246
10000,11,0.106012,3.79125
10000,11,0.105921,3.77929
10000,11,0.106034,3.79564
10000,11,0.105948,3.79845
10000,11,0.106017,3.8023
10000,11,0.105923,3.80028
10000,11,0.106021,3.80706
10000,11,0.105969,3.799
10000,11,0.106031,3.80285
10000,11,0.105915,3.79577
10000,11,0.10605,3.8034
10000,11,0.105971,3.79857
10000,11,0.106021,3.80278
10000,11,0.10594,3.79796
10000,11,0.106016,3.80407
10000,11,0.105944,3.79943
10000,11,0.106043,3.79809
10000,11,0.105996,3.80968
10000,11,0.106034,3.78954
10000,11,0.105959,3.79314
10000,11,0.10603,3.79351
10000,11,0.105931,3.78002
10000,11,0.106036,3.79369
10000,11,0.105951,3.79747
10000,11,0.10603,3.79027
10000,11,0.105936,3.74877
10000,11,0.106034,3.82586
10000,11,0.105985,3.79644
10000,11,0.106015,3.78686
10000,11,0.105968,3.78893
10000,11,0.106008,3.79491
10000,11,0.105926,3.78093
10000,11,0.106023,3.79735
10000,11,0.105941,3.78521
10000,11,0.106007,3.78966
10000,11,0.105951,3.79168
10000,11,0.106081,3.79931
10000,11,0.105958,3.78472
10000,11,0.106012,3.79094
10000,11,0.106026,3.9522
10000,11,0.106092,3.92498
10000,11,0.10593,3.79516
10000,11,0.105997,3.79656
10000,11,0.105941,3.79595
10000,11,0.10601,3.79241
10000,11,0.105966,3.78924
10000,11,0.106035,3.80022
10000,11,0.105948,3.79021
10000,11,0.106022,3.79247
10000,11,0.105934,3.79284
10000,11,0.106022,3.79223
10000,11,0.105942,3.78814
10000,11,0.106012,3.7976
10000,11,0.105949,3.78942
10000,11,0.106027,3.80199
10000,11,0.105988,3.7921
10000,11,0.106027,3.79204
10000,11,0.10593,3.7904
10000,11,0.106031,3.83208
10000,11,0.105952,3.7857
10000,11,0.106015,3.79424
10000,11,0.105932,3.75799
10000,11,0.10602,3.79033
10000,11,0.105944,3.78881
10000,11,0.106021,3.79674
10000,11,0.105974,3.78808
10000,11,0.10602,3.78887
10000,11,0.105947,3.79699
10000,11,0.106021,3.79558
10000,11,0.105933,3.78911
10000,11,0.106006,3.79113
10000,11,0.105936,3.78789
10000,11,0.106004,3.80242
10000,11,0.105943,3.78539
10000,11,0.106005,3.79436
10000,11,0.105993,3.79143
10000,11,0.106019,3.79863
10000,11,0.105947,3.78624
10000,11,0.10601,3.79882
10000,11,0.105938,3.78557
10000,11,0.10601,3.79571
10000,11,0.105941,3.78985
10000,11,0.106018,3.79308
10000,11,0.10596,3.78484
10000,11,0.106089,3.79821
10000,11,0.10598,3.78667
10000,11,0.106019,3.80028
10000,11,0.105927,3.78814
10000,11,0.106041,3.79516
10000,11,0.105922,3.79259
10000,11,0.106021,3.80718
10000,11,0.105941,3.80095
10000,11,0.106012,3.79357
10000,11,0.105945,3.78844
10000,11,0.106055,3.79711
10000,11,0.105936,3.78679
10000,11,0.10604,3.76458
10000,11,0.105937,3.78808
10000,11,0.106055,3.80248
10000,11,0.10594,3.84392
10000,11,0.10603,3.86321
10000,11,0.105958,3.88341
10000,11,0.10606,3.8051
10000,11,0.105979,3.79491
10000,11,0.106017,3.80028
10000,11,0.105919,3.79003
10000,11,0.106036,3.79552
10000,11,0.105931,3.79046
10000,11,0.106026,3.7998
10000,11,0.105932,3.79491
10000,11,0.106011,3.79241
10000,11,0.105937,3.83837
10000,11,0.106042,3.87792
10000,11,0.106004,3.83867
10000,11,0.106049,3.85558
10000,11,0.105932,3.79198
10000,11,0.106043,3.7976
10000,11,0.105928,3.79162
10000,11,0.106023,3.7976
10000,11,0.105937,3.79125
10000,11,0.106038,3.79534
10000,11,0.105947,3.79302
10000,11,0.106027,3.79595
10000,11,0.10599,3.79113
10000,11,0.106031,3.79992
10000,11,0.105924,3.79216
10000,11,0.106027,3.89147
10000,11,0.105994,4.2293
10000,11,0.106055,3.81078
10000,11,0.105967,3.79943
10000,11,0.106033,3.83684
10000,11,0.105944,3.79223
10000,11,0.106071,3.80321
10000,11,0.105934,3.79094
10000,11,0.106019,3.7954
10000,11,0.105926,3.79448
10000,11,0.106018,3.79589
10000,11,0.105948,3.79613
10000,11,0.106021,3.80126
10000,11,0.10597,3.78722
10000,11,0.106029,3.80095
10000,11,0.105925,3.79363
10000,11,0.106072,3.80816
10000,12,0.125079,4.58098
10000,12,0.0972767,3.54314
10000,12,0.097232,3.57567
10000,12,0.0972615,3.55187
10000,12,0.0972302,3.5479
10000,12,0.0972807,3.55584
10000,12,0.0971891,3.55126
10000,12,0.0973109,3.54888
10000,12,0.0972279,3.54265
10000,12,0.0972497,3.59038
10000,12,0.0972033,3.55034
10000,12,0.0972448,3.55303
10000,12,0.0972106,3.54412
10000,12,0.0972908,3.58953
10000,12,0.0971828,3.55224
10000,12,0.097261,3.55095
10000,12,0.097234,3.58062
10000,12,0.0972554,3.55401
10000,12,0.0972361,3.55248
10000,12,0.0973167,3.55407
10000,12,0.0971851,3.57928
10000,12,0.097293,3.56267
10000,12,0.0971924,3.5512
10000,12,0.0972635,3.55205
10000,12,0.0971863,3.58617
10000,12,0.0972789,3.55535
10000,12,0.0972089,3.55041
10000,12,0.0972527,3.55694
10000,12,0.0972,3.54754
10000,12,0.0973118,3.55797
10000,12,0.0972007,3.54442
10000,12,0.0972602,3.59234
10000,12,0.097219,3.56182
10000,12,0.0973094,3.55321
10000,12,0.0971808,3.55224
10000,12,0.0972644,3.55511
10000,12,0.0972088,3.54442
10000,12,0.0972642,3.55932
10000,12,0.0972132,3.58373
10000,12,0.0972616,3.55559
10000,12,0.0972253,3.5573
10000,12,0.0972559,3.55297
10000,12,0.0971722,3.58678
10000,12,0.097274,3.55517
10000,12,0.0971905,3.54851
10000,12,0.0972502,3.61565
10000,12,0.0971579,3.63543
10000,12,0.0972472,3.63305
10000,12,0.0971817,3.63384
10000,12,0.097227,3.6701
10000,12,0.0972116,3.63634
10000,12,0.0972342,3.64361
10000,12,0.097146,3.64031
10000,12,0.0972136,3.67339
10000,12,0.0971622,3.63579
10000,12,0.0972214,3.6458
10000,12,0.0971705,3.63946
10000,12,0.097266,3.63488
10000,12,0.0971494,3.68035
10000,12,0.0972696,3.63512
10000,12,0.0971655,3.63866
10000,12,0.0973219,3.67742
10000,12,0.0971495,3.63964
10000,12,0.097237,3.63152
10000,12,0.0971843,3.63561
10000,12,0.0972644,3.57952
10000,12,0.0971825,3.55108
10000,12,0.0972862,3.5609
10000,12,0.0972044,3.56542
10000,12,0.0972819,3.59545
10000,12,0.0972074,3.55602
10000,12,0.0973,3.55791
10000,12,0.0971956,3.54802
10000,12,0.0972665,3.56078
10000,12,0.097254,3.55236
10000,12,0.097251,3.55926
10000,12,0.0971929,3.59234
10000,12,0.0972745,3.55364
10000,12,0.0972213,3.54894
10000,12,0.0973168,3.60131
10000,12,0.0971786,3.54961
10000,12,0.0972621,3.56219
10000,12,0.0972345,3.55181
10000,12,0.097242,3.59704
10000,12,0.097183,3.55706
10000,12,0.0972697,3.56261
10000,12,0.0972088,3.5534
10000,12,0.0972684,3.60302
10000,12,0.0972118,3.55572
10000,12,0.0972734,3.56408
10000,12,0.0972149,3.54998
10000,12,0.0972514,3.59691
10000,12,0.0972673,3.55828
10000,12,0.0972344,3.55987
10000,12,0.0971949,3.59081
10000,12,0.0972641,3.56963
10000,12,0.0971695,3.54741
10000,12,0.0972609,3.59356
10000,12,0.0972485,3.59911
10000,12,0.0972647,3.56652
10000,12,0.0972624,3.55437
10000,12,0.097251,3.61443
10000,12,0.0971865,3.5479
10000,12,0.0973201,3.5667
10000,12,0.0971959,3.55443
10000,12,0.0972683,3.59929
10000,12,0.0971805,3.55388
10000,12,0.0972518,3.56475
10000,12,0.0972805,3.59038
10000,12,0.0972561,3.56182
10000,12,0.097193,3.54943
10000,12,0.0972474,3.56139
10000,12,0.0971794,3.59264
10000,12,0.0973019,3.56316
10000,12,0.0971772,3.56621
10000,12,0.0972855,3.59722
10000,12,0.0972085,3.56237
10000,12,0.0972668,3.56182
10000,12,0.0972408,3.55785
10000,12,0.0972869,3.5902
10000,12,0.0971871,3.56377
10000,12,0.097262,3.56566
10000,12,0.097184,3.55456
10000,12,0.0972842,3.59936
10000,12,0.0972359,3.56292
10000,12,0.0972488,3.56383
10000,12,0.0971974,3.56286
10000,12,0.0972444,3.59948
10000,12,0.0971821,3.55767
10000,12,0.0972728,3.56243
10000,12,0.0971771,3.59374
10000,12,0.09728,3.56719
10000,12,0.0971769,3.55309
10000,12,0.0972684,3.57281
10000,12,0.0972328,3.588
10000,12,0.0972769,3.57055
10000,12,0.0972249,3.55999
10000,12,0.0972662,3.596
10000,12,0.0971772,3.56536
10000,12,0.09729,3.56334
10000,12,0.097201,3.56371
10000,12,0.0972933,3.59887
10000,12,0.0971907,3.55858
10000,12,0.0972499,3.56414
10000,12,0.0971925,3.55779
10000,12,0.0973282,3.60198
10000,12,0.0971815,3.55681
10000,12,0.0972787,3.5642
10000,12,0.0972281,3.59838
10000,12,0.0972875,3.56731
10000,12,0.0971745,3.56182
10000,12,0.0972805,3.57183
10000,12,0.0971792,3.60668
10000,12,0.0972473,3.56512
10000,12,0.0971872,3.56322
10000,12,0.0973068,3.59667
10000,12,0.0971971,3.56249
10000,12,0.0972594,3.57085
10000,12,0.0971817,3.55413
10000,12,0.0972464,3.6018
10000,12,0.0972304,3.56438
10000,12,0.0972498,3.56023
10000,12,0.0972152,3.5974
10000,12,0.097263,3.57049
10000,12,0.0971816,3.56048
10000,12,0.0972451,3.56029
10000,12,0.0972351,3.56499
10000,12,0.0972628,3.60778
10000,12,0.0971912,3.5584
10000,12,0.0972555,3.5631
10000,12,0.0972111,3.60369
10000,12,0.0972565,3.5711
10000,12,0.0972022,3.56041
10000,12,0.0972719,3.56981
10000,12,0.0971963,3.59777
10000,12,0.0972472,3.56176
10000,12,0.0972264,3.56512
10000,12,0.09726,3.56353
10000,12,0.0971723,3.59771
10000,12,0.0972601,3.56359
10000,12,0.0972044,3.56188
10000,12,0.0972552,3.60192
10000,12,0.0972298,3.55968
10000,12,0.0972555,3.56713
10000,12,0.0971811,3.56396
10000,12,0.0972451,3.59734
10000,12,0.097187,3.56426
10000,12,0.0973241,3.56908
10000,12,0.0971882,3.55437
10000,12,0.0972736,3.57549
10000,12,0.0972093,3.55901
10000,12,0.0972462,3.56585
10000,12,0.097195,3.56182
10000,12,0.0972606,3.65771
10000,12,0.0973058,3.76708
10000,12,0.0972824,3.60235
10000,12,0.09719,3.56975
10000,12,0.0972671,3.57519
10000,12,0.0972574,3.56804
10000,12,0.09725,3.60009
10000,12,0.0971817,3.56243
10000,12,0.0972605,3.57104
10000,12,0.0971817,3.56524
10000,12,0.0972705,3.60351
10000,12,0.0971869,3.60235
10000,12,0.0972683,3.6032
10000,12,0.0971941,3.66302
10000,12,0.097255,3.61162
10000,12,0.0972445,3.56505
10000,12,0.0972683,3.57122
10000,12,0.0971999,3.60479
10000,12,0.097289,3.56536
10000,12,0.0971704,3.5642
10000,12,0.0972651,3.5736
10000,12,0.0972251,3.60729
10000,12,0.0972635,3.56872
10000,12,0.0972047,3.55974
10000,12,0.0972955,3.61236
10000,12,0.0971965,3.56896
10000,12,0.0973194,3.56469
10000,12,0.0972024,3.56939
10000,12,0.0972708,3.60125
10000,12,0.0971985,3.56731
10000,12,0.0972811,3.56774
10000,12,0.0972269,3.59698
10000,12,0.0972664,3.56981
10000,12,0.0971873,3.56872
10000,12,0.0972579,3.56969
10000,12,0.0971912,3.60088
10000,12,0.0973218,3.56749
10000,12,0.0971971,3.57622
10000,12,0.0972493,3.59911
10000,12,0.0971792,3.56963
10000,12,0.0972692,3.57403
10000,12,0.0971945,3.55883
10000,12,0.0972441,3.57134
10000,12,0.0971761,3.56188
10000,12,0.0972563,3.57476
10000,12,0.0971959,3.56475
10000,12,0.0973183,3.60924
10000,12,0.097234,3.56426
10000,12,0.0972479,3.56792
10000,12,0.0972106,3.56402
10000,12,0.0972714,3.60271
10000,12,0.0972071,3.56554
10000,12,0.0972671,3.57073
10000,12,0.0971719,3.59704
10000,12,0.0972516,3.56914
10000,12,0.0971797,3.56145
10000,12,0.0972418,3.57488
10000,13,0.115708,4.56737
10000,13,0.0898289,3.56731
10000,13,0.0897423,3.56884
10000,13,0.0898452,3.57073
10000,13,0.0897559,3.57097
10000,13,0.0898208,3.57213
10000,13,0.0897661,3.52764
10000,13,0.0898612,3.57348
10000,13,0.0897531,3.57854
10000,13,0.0898119,3.56548
10000,13,0.0897964,3.56994
10000,13,0.089813,3.57366
10000,13,0.089771,3.52825
10000,13,0.0898306,3.57366
10000,13,0.0897697,3.56981
10000,13,0.0898349,3.57378
10000,13,0.0897564,3.5628
10000,13,0.0898266,3.57628
10000,13,0.089758,3.52849
10000,13,0.0898448,3.57525
10000,13,0.0897714,3.56926
10000,13,0.0898566,3.58159
10000,13,0.0897449,3.57073
10000,13,0.0898297,3.57506
10000,13,0.0897347,3.52733
10000,13,0.0898301,3.53954
10000,13,0.0897521,3.57012
10000,13,0.0898188,3.57
10000,13,0.0897442,3.56927
10000,13,0.089817,3.57494
10000,13,0.0897693,3.53551
10000,13,0.0898111,3.57397
10000,13,0.0898059,3.57281
10000,13,0.0898198,3.56969
10000,13,0.0897588,3.57824
10000,13,0.0898219,3.56664
10000,13,0.0898039,3.53387
10000,13,0.0898114,3.57537
10000,13,0.0897214,3.56756
10000,13,0.0898154,3.57287
10000,13,0.0897275,3.57342
10000,13,0.0898255,3.58275
10000,13,0.0897499,3.52959
10000,13,0.0898403,3.57873
10000,13,0.08978,3.56524
10000,13,0.0898556,3.57567
10000,13,0.0897605,3.57854
10000,13,0.089836,3.57537
10000,13,0.0897528,3.52935
10000,13,0.0898204,3.57488
10000,13,0.0897509,3.57183
10000,13,0.0898156,3.57696
10000,13,0.0897425,3.5794
10000,13,0.0898173,3.57085
10000,13,0.0897561,3.53191
10000,13,0.0898513,3.57873
10000,13,0.0897599,3.56908
10000,13,0.0897964,3.57488
10000,13,0.0897787,3.57397
10000,13,0.0898595,3.90972
10000,13,0.0898034,3.82323
10000,13,0.0898784,3.93017
10000,13,0.089789,3.92876
10000,13,0.0898571,3.92943
10000,13,0.08975,3.92363
10000,13,0.090092,3.93102
10000,13,0.0899669,3.92846
10000,13,0.0898587,3.92406
10000,13,0.0897553,3.93163
10000,13,0.0898393,3.92193
10000,13,0.0897953,3.92571
10000,13,0.0898562,3.8836
10000,13,0.0897422,3.93297
10000,13,0.0898514,3.94866
10000,13,0.0897419,3.94695
10000,13,0.0898568,3.89885
10000,13,0.089802,3.7763
10000,13,0.0898561,3.60558
10000,13,0.0898032,3.63305
10000,13,0.0898425,3.63799
10000,13,0.089794,3.64165
10000,13,0.0898597,3.67461
10000,13,0.0897929,3.66381
10000,13,0.089841,3.6361
10000,13,0.0897764,3.59069
10000,13,0.0898489,3.60491
10000,13,0.0897841,3.63085
10000,13,0.0898696,3.64568
10000,13,0.0897993,3.68932
10000,13,0.0898906,3.63878
10000,13,0.0897646,3.63659
10000,13,0.0898277,3.60021
10000,13,0.0897787,3.63024
10000,13,0.0898135,3.69359
10000,13,0.0898778,3.90728
10000,13,0.0899953,3.92254
10000,13,0.0899816,3.90404
10000,13,0.0903072,3.88299
10000,13,0.0900636,3.68322
10000,13,0.0898501,3.5526
10000,13,0.090371,3.82226
10000,13,0.0898459,3.58074
10000,13,0.089792,3.57274
10000,13,0.0898514,3.57207
10000,13,0.0898665,3.53679
10000,13,0.0898231,3.57537
10000,13,0.0897538,3.57915
10000,13,0.0898663,3.57146
10000,13,0.0897273,3.58141
10000,13,0.0898237,3.56994
10000,13,0.0897562,3.53582
10000,13,0.0898246,3.57696
10000,13,0.0897945,3.57836
10000,13,0.0898381,3.57219
10000,13,0.0897444,3.57732
10000,13,0.0898236,3.57781
10000,13,0.0897276,3.55053
10000,13,0.0899484,3.55114
10000,13,0.0897445,3.57781
10000,13,0.0898303,3.57891
10000,13,0.0897609,3.57757
10000,13,0.0898053,3.57488
10000,13,0.0897489,3.53765
10000,13,0.089829,3.53972
10000,13,0.0897925,3.57128
10000,13,0.0898156,3.57873
10000,13,0.0897415,3.57323
10000,13,0.0898197,3.575
10000,13,0.0897456,3.53075
10000,13,0.089811,3.57494
10000,13,0.0897357,3.57811
10000,13,0.0898395,3.57873
10000,13,0.0897587,3.57146
10000,13,0.0898187,3.5808
10000,13,0.0897376,3.53496
10000,13,0.0898631,3.58123
10000,13,0.0897453,3.56981
10000,13,0.0898383,3.58214
10000,13,0.0897358,3.57189
10000,13,0.0898403,3.58251
10000,13,0.0897254,3.53002
10000,13,0.0898017,3.58086
10000,13,0.0897253,3.58544
10000,13,0.089811,3.5938
10000,13,0.0897215,3.58727
10000,13,0.0897968,3.5559
10000,13,0.0897609,3.58477
10000,13,0.0897988,3.58867
10000,13,0.0897343,3.58227
10000,13,0.0897955,3.59099
10000,13,0.089776,3.55273
10000,13,0.0898127,3.5963
10000,13,0.0897551,3.58086
10000,13,0.0898214,3.58843
10000,13,0.0897453,3.59063
10000,13,0.0898222,3.59569
10000,13,0.0897244,3.55077
10000,13,0.0898056,3.5913
10000,13,0.0897658,3.59038
10000,13,0.0898135,3.57586
10000,13,0.0897479,3.57751
10000,13,0.0898302,3.58056
10000,13,0.0897351,3.53502
10000,13,0.0898032,3.57195
10000,13,0.0897573,3.5805
10000,13,0.089803,3.57189
10000,13,0.089748,3.58288
10000,13,0.0898038,3.53277
10000,13,0.0897535,3.58019
10000,13,0.089836,3.57653
10000,13,0.0897551,3.57378
10000,13,0.089805,3.58147
10000,13,0.0897348,3.53039
10000,13,0.0898176,3.53496
10000,13,0.0897343,3.58001
10000,13,0.0898209,3.57305
10000,13,0.0897755,3.57781
10000,13,0.0898215,3.57866
10000,13,0.089745,3.57592
10000,13,0.0898811,3.5396
10000,13,0.0897321,3.57885
10000,13,0.0898733,3.57757
10000,13,0.089772,3.57458
10000,13,0.0898445,3.57976
10000,13,0.0897402,3.57311
10000,13,0.0898343,3.53954
10000,13,0.0897424,3.57738
10000,13,0.089839,3.57763
10000,13,0.0897638,3.57506
10000,13,0.0898178,3.58318
10000,13,0.0897653,3.57348
10000,13,0.089799,3.53893
10000,13,0.0897964,3.57696
10000,13,0.0898064,3.57262
10000,13,0.0897322,3.58007
10000,13,0.0898183,3.57427
10000,13,0.0897473,3.53863
10000,13,0.0898163,3.58422
10000,13,0.0897976,3.57458
10000,13,0.0898437,3.57824
10000,13,0.0897489,3.57207
10000,13,0.089832,3.57964
10000,13,0.0897395,3.53972
10000,13,0.0898447,3.61626
10000,13,0.0897465,3.5407
10000,13,0.0898252,3.583
10000,13,0.0897562,3.57226
10000,13,0.0898365,3.58697
10000,13,0.0897358,3.58477
10000,13,0.0898352,3.54882
10000,13,0.089756,3.58678
10000,13,0.0898269,3.58086
10000,13,0.0898078,3.57891
10000,13,0.0898188,3.57915
10000,13,0.0897598,3.58343
10000,13,0.0898529,3.53704
10000,13,0.0897524,3.58086
10000,13,0.0898154,3.5772
10000,13,0.0897544,3.5772
10000,13,0.0898046,3.58635
10000,13,0.0897883,3.57714
10000,13,0.0898191,3.53557
10000,13,0.0897728,3.57512
10000,13,0.089817,3.58135
10000,13,0.0897585,3.57354
10000,13,0.0898308,3.5822
10000,13,0.0897725,3.57543
10000,13,0.0898299,3.57763
10000,13,0.0897604,3.54223
10000,13,0.089844,3.5819
10000,13,0.0897393,3.57378
10000,13,0.0898625,3.58233
10000,13,0.0897674,3.57409
10000,13,0.0898401,3.5819
10000,13,0.0897469,3.54021
10000,13,0.0898089,3.57604
10000,13,0.0897698,3.57781
10000,13,0.0898245,3.57812
10000,13,0.0897987,3.57811
10000,13,0.0898333,3.57836
10000,13,0.0897457,3.53808
10000,13,0.0898045,3.57958
10000,13,0.0897536,3.58275
10000,13,0.0898191,3.57232
10000,13,0.0897619,3.57885
10000,13,0.08984,3.5869
10000,13,0.0897762,3.53509
10000,13,0.0898074,3.58672
10000,13,0.0897382,3.5772
10000,13,0.0898421,3.58245
10000,14,0.107989,4.37273
10000,14,0.0835341,3.33697
10000,14,0.0834851,3.37798
10000,14,0.0835425,3.38402
10000,14,0.0834497,3.34136
10000,14,0.0835454,3.38695
10000,14,0.0834772,3.34087
10000,14,0.0835148,3.38262
10000,14,0.0835029,3.34386
10000,14,0.0835427,3.38274
10000,14,0.0834608,3.34252
10000,14,0.08354,3.38335
10000,14,0.083451,3.3438
10000,14,0.0835379,3.38054
10000,14,0.0834472,3.38384
10000,14,0.0835487,3.34435
10000,14,0.0834503,3.3438
10000,14,0.0835353,3.38238
10000,14,0.0834696,3.38933
10000,14,0.0835675,3.34215
10000,14,0.0834449,3.4143
10000,14,0.0836767,3.62664
10000,14,0.0835003,3.35839
10000,14,0.0835231,3.38518
10000,14,0.0834503,3.34454
10000,14,0.0835063,3.38482
10000,14,0.0834414,3.33929
10000,14,0.0835329,3.38537
10000,14,0.0834373,3.34563
10000,14,0.083521,3.37829
10000,14,0.0834647,3.34429
10000,14,0.0835528,3.37969
10000,14,0.08348,3.34417
10000,14,0.0835281,3.3836
10000,14,0.0834565,3.34789
10000,14,0.0835115,3.37932
10000,14,0.0834623,3.34454
10000,14,0.0835219,3.3864
10000,14,0.0834854,3.33727
10000,14,0.0835574,3.38311
10000,14,0.0838295,3.38671
10000,14,0.0835429,3.38183
10000,14,0.0835341,3.34911
10000,14,0.0835072,3.38024
10000,14,0.0834444,3.34594
10000,14,0.083536,3.38494
10000,14,0.0834797,3.33782
10000,14,0.0835221,3.38219
10000,14,0.0837573,3.3872
10000,14,0.0835291,3.34307
10000,14,0.0834791,3.38335
10000,14,0.0835251,3.34069
10000,14,0.0834353,3.38567
10000,14,0.0835127,3.34276
10000,14,0.0834485,3.38726
10000,14,0.0835523,3.34014
10000,14,0.0834635,3.38787
10000,14,0.083515,3.3391
10000,14,0.0834548,3.38592
10000,14,0.0835344,3.34569
10000,14,0.0834478,3.34594
10000,14,0.0835447,3.38323
10000,14,0.0834484,3.34222
10000,14,0.0835911,3.38683
10000,14,0.0834455,3.34191
10000,14,0.0835538,3.38116
10000,14,0.0834539,3.34582
10000,14,0.0835293,3.37865
10000,14,0.0834454,3.34295
10000,14,0.0835148,3.39117
10000,14,0.0834507,3.33568
10000,14,0.0835259,3.39153
10000,14,0.0834407,3.34447
10000,14,0.0835561,3.38647
10000,14,0.0834483,3.37731
10000,14,0.0835019,3.34478
10000,14,0.0834495,3.38451
10000,14,0.0835309,3.35009
10000,14,0.0834643,3.38213
10000,14,0.0835314,3.33697
10000,14,0.083475,3.3875
10000,14,0.0835281,3.34234
10000,14,0.0834599,3.38305
10000,14,0.083542,3.35033
10000,14,0.0834458,3.38366
10000,14,0.083529,3.34106
10000,14,0.08344,3.38445
10000,14,0.0835315,3.34771
10000,14,0.083441,3.37743
10000,14,0.0835247,3.34838
10000,14,0.0835088,3.37713
10000,14,0.0835602,3.38946
10000,14,0.0834321,3.34301
10000,14,0.0835266,3.38018
10000,14,0.0834713,3.34746
10000,14,0.083518,3.38592
10000,14,0.0834255,3.34154
10000,14,0.0835275,3.38878
10000,14,0.0834661,3.34417
10000,14,0.0835325,3.38744
10000,14,0.0837989,3.38299
10000,14,0.083513,3.34423
10000,14,0.0834644,3.38128
10000,14,0.0835413,3.34917
10000,14,0.0834512,3.38097
10000,14,0.083512,3.34881
10000,14,0.0834284,3.38402
10000,14,0.0835576,3.33996
10000,14,0.0834712,3.38689
10000,14,0.0835416,3.38372
10000,14,0.0834645,3.34429
10000,14,0.0835657,3.38555
10000,14,0.0834671,3.34704
10000,14,0.0835144,3.38964
10000,14,0.0834164,3.33642
10000,14,0.0835293,3.39361
10000,14,0.0834511,3.33996
10000,14,0.0835333,3.385
10000,14,0.0834629,3.3496
10000,14,0.0835305,3.38476
10000,14,0.0834592,3.34942
10000,14,0.0835358,3.38256
10000,14,0.0834594,3.34154
10000,14,0.0835157,3.38061
10000,14,0.0903969,3.60619
10000,14,0.091227,3.67711
10000,14,0.0848018,3.39257
10000,14,0.0835377,3.34282
10000,14,0.0834588,3.38463
10000,14,0.0835133,3.33977
10000,14,0.0834465,3.38524
10000,14,0.0835149,3.34606
10000,14,0.0834843,3.38836
10000,14,0.0835577,3.58776
10000,14,0.0873057,3.89019
10000,14,0.0978802,4.00127
10000,14,0.0984553,3.93004
10000,14,0.0982968,3.90215
10000,14,0.0969358,3.83263
10000,14,0.0967542,3.86236
10000,14,0.0959288,3.81627
10000,14,0.0956976,3.81731
10000,14,0.0966386,3.81676
10000,14,0.0953858,3.78124
10000,14,0.096617,3.85235
10000,14,0.0983688,3.88732
10000,14,0.0969508,3.85271
10000,14,0.0968613,3.85875
10000,14,0.0965523,3.81676
10000,14,0.0926175,3.71862
10000,14,0.0834457,3.39965
10000,14,0.0835145,3.34118
10000,14,0.0834398,3.40166
10000,14,0.0835204,3.34972
10000,14,0.0834641,3.38317
10000,14,0.083532,3.34484
10000,14,0.0834662,3.38842
10000,14,0.0835275,3.35021
10000,14,0.0834419,3.38628
10000,14,0.083859,3.38909
10000,14,0.083445,3.34276
10000,14,0.0835199,3.38421
10000,14,0.0834774,3.34563
10000,14,0.0835498,3.38872
10000,14,0.0834328,3.38415
10000,14,0.0835267,3.34795
10000,14,0.0834805,3.38769
10000,14,0.0835295,3.35332
10000,14,0.0834351,3.33947
10000,14,0.0836837,3.46868
10000,14,0.0840356,3.43072
10000,14,0.083493,3.38146
10000,14,0.0834518,3.35149
10000,14,0.0835413,3.3814
10000,14,0.0834548,3.35113
10000,14,0.0835391,3.38341
10000,14,0.0834618,3.34942
10000,14,0.0835275,3.39214
10000,14,0.0834721,3.38482
10000,14,0.0834999,3.34435
10000,14,0.083485,3.38811
10000,14,0.0835351,3.34283
10000,14,0.0834798,3.38848
10000,14,0.0835356,3.34728
10000,14,0.0834808,3.38311
10000,14,0.0835201,3.34093
10000,14,0.0834579,3.3872
10000,14,0.0835331,3.34533
10000,14,0.0834283,3.34319
10000,14,0.0835365,3.38366
10000,14,0.0835488,3.3695
10000,14,0.0835803,3.39306
10000,14,0.0834809,3.34643
10000,14,0.0835545,3.39111
10000,14,0.0834561,3.3463
10000,14,0.0835169,3.39483
10000,14,0.0834647,3.34441
10000,14,0.0835071,3.38891
10000,14,0.0834384,3.33654
10000,14,0.0835353,3.3471
10000,14,0.0834603,3.38146
10000,14,0.0835247,3.354
10000,14,0.0834562,3.38274
10000,14,0.0835309,3.34887
10000,14,0.0834609,3.38421
10000,14,0.0835313,3.33996
10000,14,0.0834394,3.39141
10000,14,0.0835474,3.34551
10000,14,0.0834951,3.38738
10000,14,0.0835292,3.34386
10000,14,0.0834565,3.38885
10000,14,0.0835414,3.39117
10000,14,0.0834524,3.34984
10000,14,0.0835393,3.38506
10000,14,0.0834433,3.34801
10000,14,0.0835484,3.3839
10000,14,0.0834455,3.34978
10000,14,0.0835347,3.37993
10000,14,0.0834519,3.35168
10000,14,0.0838673,3.38628
10000,14,0.0834513,3.3864
10000,14,0.0835212,3.34527
10000,14,0.0834408,3.38933
10000,14,0.083511,3.33922
10000,14,0.0834525,3.38598
10000,14,0.0835238,3.34856
10000,14,0.0834611,3.38836
10000,14,0.0835457,3.34759
10000,14,0.083459,3.38714
10000,14,0.0835214,3.34582
10000,14,0.0834703,3.38872
10000,14,0.0860719,3.49657
10000,14,0.0859929,3.56011
10000,14,0.0858228,3.44164
10000,14,0.0917858,3.70208
10000,14,0.0850212,3.42284
10000,14,0.083449,3.38482
10000,14,0.0838188,3.39135
10000,14,0.0834547,3.34075
10000,14,0.0835444,3.39458
10000,14,0.083488,3.33782
10000,14,0.0835469,3.39098
10000,14,0.0834575,3.34923
10000,14,0.0835094,3.38347
10000,14,0.0834409,3.34502
10000,14,0.08353,3.3839
10000,14,0.0834592,3.34716
10000,14,0.0835548,3.38439
10000,14,0.0834651,3.39049
10000,14,0.0835511,3.34734
10000,15,0.101046,4.43364
10000,15,0.0780569,3.41198
10000,15,0.0779727,3.42126
10000,15,0.0780397,3.42675
10000,15,0.0782625,3.46337
10000,15,0.0780546,3.42382
10000,15,0.0779759,3.42046
10000,15,0.0780459,3.41601
10000,15,0.0779476,3.43047
10000,15,0.0780166,3.41668
10000,15,0.0779503,3.42119
10000,15,0.0780308,3.42119
10000,15,0.0779586,3.4215
10000,15,0.0780292,3.42675
10000,15,0.0779493,3.42254
10000,15,0.0780513,3.42748
10000,15,0.0779453,3.42223
10000,15,0.0780496,3.41704
10000,15,0.0779322,3.42455
10000,15,0.0780069,3.41857
10000,15,0.083045,3.61852
10000,15,0.0882082,3.80053
10000,15,0.0884362,3.82885
10000,15,0.0892461,3.83062
10000,15,0.0885911,3.8297
10000,15,0.0890928,3.83086
10000,15,0.0889531,3.83556
10000,15,0.0889228,3.83385
10000,15,0.0889276,3.82573
10000,15,0.0888219,3.83489
10000,15,0.0889537,3.83263
10000,15,0.0888846,3.80346
10000,15,0.0887253,3.82952
10000,15,0.0889931,3.82909
10000,15,0.0887993,3.83227
10000,15,0.0887837,3.82799
10000,15,0.0887019,3.8344
10000,15,0.0887671,3.80517
10000,15,0.0870189,3.72387
10000,15,0.0861565,3.75786
10000,15,0.0779865,3.42272
10000,15,0.0779893,3.42303
10000,15,0.0779284,3.42162
10000,15,0.0780156,3.43133
10000,15,0.0779467,3.41698
10000,15,0.0780114,3.42412
10000,15,0.0779198,3.42742
10000,15,0.0780274,3.42559
10000,15,0.077931,3.42577
10000,15,0.0780374,3.42724
10000,15,0.077956,3.42211
10000,15,0.0780321,3.42333
10000,15,0.0779617,3.42266
10000,15,0.078026,3.42608
10000,15,0.0779394,3.46429
10000,15,0.0780132,3.43102
10000,15,0.0779743,3.41686
10000,15,0.0780314,3.42852
10000,15,0.0779343,3.42663
10000,15,0.0780089,3.42419
10000,15,0.0779168,3.41839
10000,15,0.0780218,3.42656
10000,15,0.0779385,3.4201
10000,15,0.0780179,3.42669
10000,15,0.0779373,3.42821
10000,15,0.0780275,3.41845
10000,15,0.0779634,3.42205
10000,15,0.078018,3.42773
10000,15,0.0779367,3.41643
10000,15,0.0780208,3.43035
10000,15,0.0779094,3.42596
10000,15,0.0780157,3.42113
10000,15,0.077932,3.41912
10000,15,0.0780177,3.4276
10000,15,0.0779587,3.42077
10000,15,0.0780293,3.43017
10000,15,0.0779805,3.42187
10000,15,0.0780118,3.42748
10000,15,0.0779868,3.41942
10000,15,0.0780172,3.42138
10000,15,0.077944,3.42431
10000,15,0.0780264,3.42815
10000,15,0.0779467,3.4265
10000,15,0.0780132,3.42162
10000,15,0.0782754,3.43114
10000,15,0.0780193,3.41698
10000,15,0.0779541,3.42968
10000,15,0.0780179,3.46337
10000,15,0.0779316,3.3825
10000,15,0.0780291,3.42577
10000,15,0.0779399,3.46581
10000,15,0.0780384,3.42962
10000,15,0.0779424,3.37597
10000,15,0.0780349,3.47137
10000,15,0.0779502,3.42968
10000,15,0.0783803,3.42241
10000,15,0.0779407,3.42297
10000,15,0.0780522,3.42687
10000,15,0.0779477,3.42583
10000,15,0.0779936,3.4287
10000,15,0.0779641,3.4287
10000,15,0.0780072,3.42199
10000,15,0.0779817,3.43218
10000,15,0.078042,3.42754
10000,15,0.0779588,3.42516
10000,15,0.0780177,3.42943
10000,15,0.0779621,3.42376
10000,15,0.0780383,3.42901
10000,15,0.0779424,3.43102
10000,15,0.0780112,3.42657
10000,15,0.0779546,3.41894
10000,15,0.0779966,3.42901
10000,15,0.0779501,3.42132
10000,15,0.0780269,3.42956
10000,15,0.077935,3.42779
10000,15,0.0780316,3.42669
10000,15,0.077943,3.42534
10000,15,0.0780229,3.42236
10000,15,0.0779342,3.43163
10000,15,0.0780475,3.42571
10000,15,0.0781022,3.42339
10000,15,0.0780099,3.43096
10000,15,0.0779489,3.42754
10000,15,0.0780184,3.47082
10000,15,0.0779468,3.42351
10000,15,0.0779884,3.38384
10000,15,0.0780048,3.4251
10000,15,0.0780195,3.42992
10000,15,0.0780141,3.42504
10000,15,0.0780198,3.43108
10000,15,0.0779662,3.4287
10000,15,0.0780618,3.47826
10000,15,0.115382,4.85918
10000,15,0.0781565,3.42345
10000,15,0.0782374,3.46337
10000,15,0.0780553,3.43401
10000,15,0.0779557,3.42693
10000,15,0.0780763,3.42602
10000,15,0.0779651,3.43365
10000,15,0.0780542,3.43297
10000,15,0.0779749,3.42577
10000,15,0.0780623,3.42766
10000,15,0.0780166,3.43133
10000,15,0.0780734,3.42315
10000,15,0.0779603,3.43285
10000,15,0.0780446,3.42473
10000,15,0.0779598,3.43438
10000,15,0.0780564,3.43163
10000,15,0.0779836,3.42565
10000,15,0.0780551,3.46886
10000,15,0.0779764,3.42943
10000,15,0.0781049,3.43548
10000,15,0.0779795,3.4215
10000,15,0.0780659,3.43426
10000,15,0.0780155,3.42266
10000,15,0.078117,3.42943
10000,15,0.077954,3.43188
10000,15,0.0780446,3.42742
10000,15,0.078307,3.43133
10000,15,0.0780588,3.47692
10000,15,0.0780378,3.4248
10000,15,0.0780416,3.43645
10000,15,0.0779887,3.42675
10000,15,0.0780317,3.42455
10000,15,0.0779866,3.42748
10000,15,0.0780187,3.47411
10000,15,0.0779852,3.43328
10000,15,0.0780413,3.42815
10000,15,0.0780091,3.42852
10000,15,0.0780279,3.43108
10000,15,0.0780059,3.42174
10000,15,0.0780336,3.43426
10000,15,0.0779835,3.42693
10000,15,0.0780179,3.43188
10000,15,0.0779921,3.42803
10000,15,0.0780128,3.42919
10000,15,0.0780033,3.43066
10000,15,0.0781111,3.47228
10000,15,0.0779881,3.43419
10000,15,0.0780415,3.43059
10000,15,0.07802,3.42846
10000,15,0.0780227,3.42919
10000,15,0.0779738,3.42882
10000,15,0.0780266,3.43297
10000,15,0.0779888,3.43102
10000,15,0.0780487,3.43456
10000,15,0.0782921,3.42669
10000,15,0.0780529,3.42949
10000,15,0.0779706,3.43517
10000,15,0.0780844,3.43523
10000,15,0.0779638,3.4312
10000,15,0.0780355,3.43303
10000,15,0.077961,3.42473
10000,15,0.0780948,3.43322
10000,15,0.0780008,3.43383
10000,15,0.0780566,3.43529
10000,15,0.0779504,3.43749
10000,15,0.078032,3.42931
10000,15,0.0779466,3.4359
10000,15,0.0780209,3.4312
10000,15,0.0779382,3.43151
10000,15,0.0780335,3.44134
10000,15,0.0779785,3.42986
10000,15,0.0780582,3.43853
10000,15,0.0779594,3.42858
10000,15,0.0780582,3.44073
10000,15,0.077994,3.42803
10000,15,0.0780522,3.44128
10000,15,0.0779695,3.43041
10000,15,0.0780428,3.43963
10000,15,0.077969,3.42943
10000,15,0.0780369,3.43639
10000,15,0.0779681,3.43554
10000,15,0.078083,3.43499
10000,15,0.0779943,3.42858
10000,15,0.0780526,3.43914
10000,15,0.0779694,3.43438
10000,15,0.0780668,3.43322
10000,15,0.0779716,3.43316
10000,15,0.0780537,3.43554
10000,15,0.0780173,3.43352
10000,15,0.0780219,3.43902
10000,15,0.0783138,3.47253
10000,15,0.0780689,3.43578
10000,15,0.0779775,3.43206
10000,15,0.0780276,3.43712
10000,15,0.0779886,3.43249
10000,15,0.078015,3.43706
10000,15,0.0779897,3.43688
10000,15,0.0780439,3.43072
10000,15,0.077987,3.43401
10000,15,0.0780213,3.47454
10000,15,0.0780055,3.39281
10000,15,0.0780348,3.43346
10000,15,0.0779574,3.43194
10000,15,0.0780328,3.44658
10000,15,0.0779702,3.42528
10000,15,0.0780192,3.44298
10000,15,0.0779965,3.42882
10000,15,0.0780275,3.43853
10000,15,0.0779935,3.43188
10000,15,0.0780115,3.43767
10000,15,0.0779658,3.43273
10000,15,0.0780488,3.44146
10000,15,0.0779915,3.43066
10000,15,0.0780525,3.44774
10000,15,0.0780113,3.42583
10000,15,0.0780498,3.44176
10000,15,0.0779869,3.42992
10000,15,0.0780312,3.43859
10000,16,0.0954149,4.24437
10000,16,0.0740091,3.30273
10000,16,0.0737139,3.30602
10000,16,0.0743011,3.31939
10000,16,0.0736823,3.30846
10000,16,0.0740554,3.3222
10000,16,0.0738094,3.30797
10000,16,0.0737606,3.31994
10000,16,0.0739948,3.30651
10000,16,0.0736771,3.2752
10000,16,0.0737036,3.31151
10000,16,0.0737889,3.30712
10000,16,0.0737393,3.31493
10000,16,0.0736859,3.3109
10000,16,0.0736939,3.26415
10000,16,0.0737444,3.31719
10000,16,0.0736377,3.31396
10000,16,0.0737408,3.32
10000,16,0.0736855,3.27117
10000,16,0.0737039,3.31762
10000,16,0.0736231,3.30883
10000,16,0.0737915,3.26861
10000,16,0.0736319,3.30645
10000,16,0.0779169,3.47814
10000,16,0.0813857,3.60735
10000,16,0.0849629,3.72002
10000,16,0.0770054,3.42577
10000,16,0.0747137,3.31322
10000,16,0.0736465,3.30602
10000,16,0.0738531,3.32702
10000,16,0.0740662,3.31499
10000,16,0.0737156,3.3128
10000,16,0.0735693,3.27202
10000,16,0.0738368,3.31329
10000,16,0.0737001,3.31261
10000,16,0.0737037,3.32012
10000,16,0.0736013,3.31335
10000,16,0.0736822,3.28161
10000,16,0.0736529,3.31792
10000,16,0.0742024,3.31817
10000,16,0.0736593,3.31383
10000,16,0.07422,3.32586
10000,16,0.0735987,3.30578
10000,16,0.0737595,3.27746
10000,16,0.0737312,3.31847
10000,16,0.0737477,3.32128
10000,16,0.0737026,3.31939
10000,16,0.07365,3.31927
10000,16,0.0735106,3.26903
10000,16,0.073782,3.31737
10000,16,0.0739602,3.31341
10000,16,0.0737896,3.31933
10000,16,0.0736738,3.27184
10000,16,0.0741123,3.37139
10000,16,0.0736382,3.26342
10000,16,0.0737589,3.33044
10000,16,0.0739184,3.30907
10000,16,0.073989,3.32775
10000,16,0.0736137,3.30657
10000,16,0.0736839,3.2799
10000,16,0.0736938,3.32098
10000,16,0.0737071,3.32989
10000,16,0.0735462,3.26385
10000,16,0.0737295,3.32506
10000,16,0.0736039,3.31518
10000,16,0.0736871,3.32866
10000,16,0.0736438,3.26861
10000,16,0.0741003,3.3651
10000,16,0.0735453,3.27843
10000,16,0.073626,3.32622
10000,16,0.073666,3.27257
10000,16,0.0736981,3.32445
10000,16,0.0736849,3.3222
10000,16,0.0737527,3.31994
10000,16,0.074092,3.31518
10000,16,0.0736635,3.32427
10000,16,0.0736472,3.27172
10000,16,0.0742344,3.32201
10000,16,0.073618,3.32177
10000,16,0.073663,3.32543
10000,16,0.0735946,3.26946
10000,16,0.0737006,3.32189
10000,16,0.0736148,3.31841
10000,16,0.0739155,3.32421
10000,16,0.0739347,3.32213
10000,16,0.0737107,3.31933
10000,16,0.0737255,3.27611
10000,16,0.073829,3.32097
10000,16,0.073743,3.32427
10000,16,0.0737369,3.32683
10000,16,0.0736335,3.27306
10000,16,0.07372,3.33276
10000,16,0.0736583,3.31487
10000,16,0.0737346,3.33056
10000,16,0.0736744,3.27026
10000,16,0.0736928,3.28704
10000,16,0.0736184,3.32232
10000,16,0.073701,3.32079
10000,16,0.0736333,3.27911
10000,16,0.0737152,3.32696
10000,16,0.0736383,3.31768
10000,16,0.0738499,3.32152
10000,16,0.0736527,3.28393
10000,16,0.0736332,3.31847
10000,16,0.0736326,3.31823
10000,16,0.0737751,3.28698
10000,16,0.0737644,3.31713
10000,16,0.0737409,3.31963
10000,16,0.0740509,3.32671
10000,16,0.0737925,3.32574
10000,16,0.0737153,3.3236
10000,16,0.073723,3.2788
10000,16,0.0739268,3.32293
10000,16,0.0738126,3.33178
10000,16,0.0747033,3.35326
10000,16,0.0737108,3.32415
10000,16,0.0736631,3.28551
10000,16,0.0736354,3.32158
10000,16,0.0736334,3.32275
10000,16,0.0741821,3.32964
10000,16,0.0736031,3.31756
10000,16,0.0737013,3.28796
10000,16,0.0735476,3.31939
10000,16,0.0737297,3.33294
10000,16,0.0737048,3.27379
10000,16,0.0737248,3.33282
10000,16,0.0740279,3.3203
10000,16,0.073715,3.33343
10000,16,0.0736544,3.32335
10000,16,0.0736384,3.27788
10000,16,0.0736317,3.32146
10000,16,0.0738259,3.32909
10000,16,0.073683,3.3203
10000,16,0.0737333,3.32189
10000,16,0.0735289,3.28112
10000,16,0.0736484,3.33544
10000,16,0.0739549,3.32403
10000,16,0.0737807,3.33208
10000,16,0.0736977,3.28026
10000,16,0.0742917,3.36516
10000,16,0.0737535,3.28045
10000,16,0.07413,3.37603
10000,16,0.0736268,3.2824
10000,16,0.0736523,3.32604
10000,16,0.0736654,3.32012
10000,16,0.0737485,3.32671
10000,16,0.073668,3.28374
10000,16,0.07415,3.32763
10000,16,0.0736411,3.31347
10000,16,0.0737173,3.3294
10000,16,0.0735529,3.27984
10000,16,0.0736791,3.33514
10000,16,0.0736878,3.32689
10000,16,0.0737343,3.32696
10000,16,0.0735832,3.27837
10000,16,0.0738013,3.33178
10000,16,0.0736144,3.32323
10000,16,0.0736963,3.27959
10000,16,0.0736074,3.32488
10000,16,0.0736697,3.33935
10000,16,0.0736397,3.31676
10000,16,0.0736122,3.28612
10000,16,0.0736105,3.32775
10000,16,0.0736934,3.28612
10000,16,0.0736218,3.32732
10000,16,0.0737365,3.33166
10000,16,0.0740647,3.32494
10000,16,0.0737022,3.32732
10000,16,0.0737074,3.32574
10000,16,0.0736162,3.29101
10000,16,0.0735935,3.31975
10000,16,0.0737217,3.33575
10000,16,0.0736716,3.28197
10000,16,0.0737775,3.3366
10000,16,0.0738077,3.31902
10000,16,0.0736552,3.33294
10000,16,0.0741748,3.32201
10000,16,0.0736342,3.33312
10000,16,0.0737542,3.28246
10000,16,0.0736152,3.3308
10000,16,0.073484,3.3283
10000,16,0.0737301,3.28564
10000,16,0.0735331,3.33367
10000,16,0.0736613,3.32659
10000,16,0.07369,3.28149
10000,16,0.0737094,3.33294
10000,16,0.0736134,3.31994
10000,16,0.0737815,3.33446
10000,16,0.0741145,3.31695
10000,16,0.0737472,3.32952
10000,16,0.0736228,3.28222
10000,16,0.07359,3.33983
10000,16,0.0737036,3.33019
10000,16,0.0736415,3.28295
10000,16,0.073887,3.33123
10000,16,0.0751428,3.37108
10000,16,0.0875121,3.8355
10000,16,0.0870145,3.79766
10000,16,0.0868332,3.79961
10000,16,0.0854258,3.72429
10000,16,0.0865456,3.79381
10000,16,0.0868055,3.80138
10000,16,0.0872267,3.80175
10000,16,0.0876481,3.83092
10000,16,0.0873409,3.79992
10000,16,0.0872089,3.80279
10000,16,0.087125,3.7907
10000,16,0.0877789,3.80541
10000,16,0.0875777,3.82836
10000,16,0.0872268,3.80089
10000,16,0.0874014,3.82897
10000,16,0.0876827,3.80559
10000,16,0.0874608,3.82738
10000,16,0.0873171,3.80877
10000,16,0.0866729,3.78759
10000,16,0.0858582,3.76677
10000,16,0.0854787,3.72466
10000,16,0.0740936,3.32769
10000,16,0.0736337,3.31823
10000,16,0.0738899,3.33068
10000,16,0.0736123,3.32317
10000,16,0.0737787,3.33221
10000,16,0.0736118,3.28863
10000,16,0.0737311,3.32903
10000,16,0.0736288,3.32928
10000,16,0.0736487,3.2824
10000,16,0.0736017,3.33269
10000,16,0.0736722,3.33568
10000,16,0.0735814,3.27642
10000,16,0.0737631,3.33776
10000,16,0.0736572,3.32873
10000,16,0.073687,3.32653
10000,16,0.0736342,3.32366
10000,16,0.0738269,3.28881
10000,16,0.0736918,3.32793
10000,16,0.0737911,3.32964
10000,16,0.073637,3.32983
10000,16,0.0737213,3.28265
10000,16,0.0737456,3.32769
10000,16,0.0737116,3.33782
10000,16,0.0742307,3.33562
10000,16,0.0736816,3.32232
10000,16,0.073737,3.33239
10000,16,0.074113,3.32958
10000,16,0.074284,3.32403
10000,16,0.0738986,3.32781
10000,16,0.0746964,3.37029
10000,16,0.0736867,3.32836
10000,16,0.0735677,3.28411
10000,16,0.0736772,3.3294
25000,1,4.91517,78.3766
25000,1,3.5168,60.2987
25000,1,3.5166,57.3197
25000,1,3.51669,56.349
25000,1,3.51642,56.2128
25000,1,3.51671,56.0668
25000,1,3.51649,56.287
25000,1,3.5169,58.0721
25000,1,3.51652,56.0428
25000,1,3.51665,55.9261
25000,1,3.51652,56.0425
25000,1,3.51657,55.9053
25000,1,3.51644,55.9543
25000,1,3.51663,55.9405
25000,1,3.5165,56.1196
25000,1,3.51664,55.811
25000,1,3.51654,57.9435
25000,1,3.51669,55.7452
25000,1,3.51644,55.8457
25000,1,3.51657,57.872
25000,1,3.51638,56.1557
25000,1,3.51654,55.6611
25000,1,3.51644,55.7813
25000,1,3.5168,55.648
25000,1,3.51658,56.1134
25000,1,3.5164,57.0008
25000,1,3.51641,55.8055
25000,1,3.51653,55.788
25000,1,3.51647,55.6399
25000,1,3.51658,55.5187
25000,1,3.51651,55.6587
25000,1,3.51671,55.4944
25000,1,3.51651,55.5984
25000,1,3.51674,56.013
25000,1,3.51661,55.9203
25000,1,3.5165,56.5381
25000,1,3.51652,56.1914
25000,1,3.51688,56.2324
25000,1,3.51642,55.6265
25000,1,3.51666,55.4864
25000,1,3.51642,55.7783
25000,1,3.51667,55.5054
25000,1,3.51667,55.9419
25000,1,3.5166,55.5375
25000,1,3.51656,60.6331
25000,1,3.51659,55.5035
25000,1,3.51645,55.6526
25000,1,3.51651,55.7699
25000,1,3.51644,55.6456
25000,1,3.51663,55.5631
25000,1,3.51671,55.9433
25000,1,3.51669,55.609
25000,1,3.51641,55.7198
25000,1,3.51662,57.4905
25000,1,3.51654,55.9241
25000,1,3.51659,55.7096
25000,1,3.51647,55.6369
25000,1,3.51666,55.5282
25000,1,3.51649,55.619
25000,1,3.51696,55.82
25000,1,3.51638,55.7143
25000,1,3.51662,55.4804
25000,1,3.51637,61.9193
25000,1,3.51748,58.626
25000,1,3.5165,55.5316
25000,1,3.51665,55.4305
25000,1,3.51651,55.4941
25000,1,3.54704,56.2591
25000,1,3.51661,57.5791
25000,1,3.52095,69.4022
25000,1,3.52368,69.0529
25000,1,3.51937,71.52
25000,1,3.51905,68.7581
25000,1,3.51876,69.6253
25000,1,3.51743,59.1281
25000,1,3.51654,55.4195
25000,1,3.51851,59.2401
25000,1,3.51796,58.0904
25000,1,3.5172,55.4976
25000,1,3.51661,55.3085
25000,1,3.51631,55.5427
25000,1,3.51633,56.8486
25000,1,3.51639,55.2881
25000,1,3.51669,55.1611
25000,1,3.51646,55.6156
25000,1,3.51655,55.1605
25000,1,3.51647,55.1908
25000,1,3.51663,60.6785
25000,1,3.51653,55.1191
25000,1,3.51664,54.9793
25000,1,3.51699,56.0453
25000,1,3.5164,55.7207
25000,1,3.51636,55.0633
25000,1,3.51685,55.4988
25000,1,3.51656,55.0049
25000,1,3.51662,54.8307
25000,1,3.51639,54.8834
25000,1,3.51653,54.8931
25000,1,3.51637,54.9076
25000,1,3.51662,54.8834
25000,1,3.51632,56.5866
25000,1,3.51737,55.113
25000,1,3.5164,54.8647
25000,1,3.51658,54.6546
25000,1,3.51648,55.2928
25000,1,3.51681,54.6067
25000,1,3.51639,54.7888
25000,1,3.51653,54.7947
25000,1,3.51647,54.8256
25000,1,3.51615,56.4878
25000,1,3.51673,55.026
25000,1,3.5166,54.6038
25000,1,3.51641,54.6295
25000,1,3.51658,54.7649
25000,1,3.51638,54.5968
25000,1,3.5166,55.1075
25000,1,3.51647,54.8736
25000,1,3.51663,54.3996
25000,1,3.52034,55.9775
25000,1,3.51636,55.4455
25000,1,3.51693,54.6557
25000,1,3.51649,56.1612
25000,1,3.51657,55.1156
25000,1,3.51653,54.4014
25000,1,3.5164,54.638
25000,1,3.5167,54.4762
25000,1,3.51649,54.5751
25000,1,3.54559,55.2663
25000,1,3.51706,56.0282
25000,1,3.51676,54.224
25000,1,3.51704,58.0354
25000,1,3.51666,54.2321
25000,1,3.51644,54.4431
25000,1,3.51656,54.5118
25000,1,3.5165,54.28
25000,1,3.51973,54.6252
25000,1,3.51652,54.1813
25000,1,3.51637,55.9208
25000,1,3.51652,54.7732
25000,1,3.5167,54.0614
25000,1,3.5164,54.3761
25000,1,3.51655,53.9117
25000,1,3.51643,54.0672
25000,1,3.51655,54.1595
25000,1,3.51672,55.2624
25000,1,3.51669,53.8476
25000,1,3.51636,55.3374
25000,1,3.51636,60.7536
25000,1,3.51743,57.1437
25000,1,3.5167,54.0129
25000,1,3.51639,54.152
25000,1,3.51658,53.9505
25000,1,3.51676,54.4728
25000,1,3.51667,54.145
25000,1,3.51651,53.9415
25000,1,3.51679,54.5444
25000,1,3.51644,55.8572
25000,1,3.51669,53.8149
25000,1,3.5164,53.8138
25000,1,3.51661,53.7292
25000,1,3.51638,54.0656
25000,1,3.5169,54.2143
25000,1,3.51646,53.749
25000,1,3.5166,53.6781
25000,1,3.51649,53.8382
25000,1,3.51636,55.5265
25000,1,3.51646,53.8091
25000,1,3.5167,53.8965
25000,1,3.51648,53.7444
25000,1,3.51679,54.0112
25000,1,3.51654,53.6745
25000,1,3.51668,53.7173
25000,1,3.51645,54.3227
25000,1,3.51691,57.8908
25000,1,3.51632,55.2234
25000,1,3.51659,54.2234
25000,1,3.51647,53.6576
25000,1,3.51668,53.638
25000,1,3.51658,54.2253
25000,1,3.51664,53.6544
25000,1,3.51648,53.9155
25000,1,3.51665,53.6066
25000,1,3.5165,53.5288
25000,1,3.51665,53.6547
25000,1,3.51626,55.1443
25000,1,3.51662,53.4406
25000,1,3.51643,53.5708
25000,1,3.51666,53.9678
25000,1,3.51643,53.576
25000,1,3.51659,53.4256
25000,1,3.51638,55.8494
25000,1,3.5166,53.542
25000,1,3.51646,53.6586
25000,1,3.51655,55.6039
25000,1,3.51654,53.6281
25000,1,3.51681,54.6442
25000,1,3.51652,53.8874
25000,1,3.51665,53.452
25000,1,3.51645,53.5615
25000,1,3.5166,53.453
25000,1,3.51639,53.8931
25000,1,3.51665,53.5113
25000,1,3.51624,55.2859
25000,1,3.51652,53.7619
25000,1,3.51868,53.8844
25000,1,3.51672,53.3362
25000,1,3.51654,53.5262
25000,1,3.51671,55.0289
25000,1,3.51663,53.4619
25000,1,3.51661,53.3555
25000,1,3.51648,53.6728
25000,1,3.51657,55.4129
25000,1,3.51647,55.5168
25000,1,3.51657,53.6221
25000,1,3.51651,53.8628
25000,1,3.51664,53.5229
25000,1,3.51688,57.4021
25000,1,3.51651,53.5838
25000,1,3.51641,53.5997
25000,1,3.51656,53.5892
25000,1,3.51633,53.9811
25000,1,3.51658,55.8321
25000,1,3.51642,53.5995
25000,1,3.51658,53.4853
25000,1,3.51629,55.8727
25000,1,3.51656,53.5144
25000,1,3.51641,53.545
25000,1,3.51643,53.7666
25000,1,3.51642,53.5473
25000,1,3.51674,53.7788
25000,1,3.51633,55.6075
25000,1,3.51664,53.6617
25000,1,3.51651,55.2953
25000,1,3.51707,61.1142
25000,1,3.51662,53.5758
25000,1,3.51666,53.4062
25000,1,3.51652,53.5377
25000,1,3.51666,53.4767
25000,1,3.54404,54.2104
25000,1,3.5166,54.0259
25000,1,3.51611,55.2377
25000,1,3.51683,54.0449
25000,1,3.51667,53.4457
25000,1,3.51657,53.3404
25000,1,3.51637,53.4049
25000,1,3.51655,53.3195
25000,1,3.53233,54.0553
25000,1,3.51666,53.4176
25000,1,3.51634,53.4347
25000,1,3.51628,55.686
25000,2,4.79302,74.7297
25000,2,3.86195,58.8198
25000,2,3.86204,59.352
25000,2,3.86188,58.9637
25000,2,3.86217,59.3777
25000,2,3.86197,58.9038
25000,2,3.86205,59.0995
25000,2,3.86232,76.5057
25000,2,3.86216,66.118
25000,2,3.86197,58.9491
25000,2,3.86215,59.0569
25000,2,3.86195,59.2435
25000,2,3.86214,59.106
25000,2,3.86186,58.9013
25000,2,3.8621,59.2831
25000,2,3.86177,60.9024
25000,2,3.862,59.2262
25000,2,3.86201,58.9308
25000,2,3.86212,59.0607
25000,2,3.86206,59.3263
25000,2,3.86228,59.2699
25000,2,3.86188,58.8963
25000,2,3.86221,59.569
25000,2,3.8621,58.868
25000,2,3.86212,61.1924
25000,2,3.8618,58.8291
25000,2,3.86207,59.2102
25000,2,3.86204,59.0789
25000,2,3.86206,58.9024
25000,2,3.86179,58.7365
25000,2,3.8621,58.8626
25000,2,3.86185,59.049
25000,2,3.8621,60.7451
25000,2,3.86196,58.9634
25000,2,3.86206,58.9668
25000,2,3.86206,59.19
25000,2,3.86199,59.0407
25000,2,3.862,59.0186
25000,2,3.86207,61.6513
25000,2,3.86206,59.2718
25000,2,3.86208,59.2522
25000,2,3.86191,61.1793
25000,2,3.86198,59.0999
25000,2,3.86193,59.1383
25000,2,3.86208,59.3063
25000,2,3.86211,59.1452
25000,2,3.8622,61.2654
25000,2,3.862,60.6786
25000,2,3.86196,59.034
25000,2,3.86177,61.1563
25000,2,3.86208,59.325
25000,2,3.86187,59.1125
25000,2,3.86185,58.9949
25000,2,3.86204,59.407
25000,2,3.86219,58.8772
25000,2,3.8619,58.869
25000,2,3.86183,59.0426
25000,2,3.86188,59.1513
25000,2,3.86193,61.4655
25000,2,3.86199,58.8536
25000,2,3.86195,58.933
25000,2,3.86209,65.3732
25000,2,3.86274,61.5745
25000,2,3.86199,59.3548
25000,2,3.86204,58.9668
25000,2,3.86189,58.8197
25000,2,3.86199,61.2224
25000,2,3.86189,58.8398
25000,2,3.862,58.9048
25000,2,3.86227,61.5072
25000,2,3.86227,58.9812
25000,2,3.86193,58.8376
25000,2,3.86291,69.7162
25000,2,3.86372,76.9264
25000,2,3.86363,75.8345
25000,2,3.86227,63.9923
25000,2,3.86214,59.1664
25000,2,3.86233,61.6386
25000,2,3.86234,59.2018
25000,2,3.86183,59.2329
25000,2,3.86206,59.1836
25000,2,3.86195,59.589
25000,2,3.86218,59.1339
25000,2,3.86196,60.9237
25000,2,3.86216,59.6593
25000,2,3.86211,59.432
25000,2,3.86247,62.4114
25000,2,3.86196,59.2635
25000,2,3.8621,59.0522
25000,2,3.86207,59.2978
25000,2,3.86212,58.9604
25000,2,3.86207,59.0358
25000,2,3.8619,61.2904
25000,2,3.862,59.206
25000,2,3.86212,58.9065
25000,2,3.8619,59.0535
25000,2,3.86207,58.9682
25000,2,3.86213,59.1337
25000,2,3.86212,58.8975
25000,2,3.86203,59.0954
25000,2,3.86222,61.7342
25000,2,3.86201,58.8138
25000,2,3.86202,58.9408
25000,2,3.86197,58.8031
25000,2,3.86206,58.9913
25000,2,3.86202,59.4431
25000,2,3.8621,58.9384
25000,2,3.86196,58.8276
25000,2,3.86188,59.3529
25000,2,3.86186,60.6485
25000,2,3.86203,58.9953
25000,2,3.86206,59.5294
25000,2,3.86209,59.4101
25000,2,3.86206,58.9287
25000,2,3.86195,59.0971
25000,2,3.86195,59.3737
25000,2,3.86235,59.9065
25000,2,3.86195,61.2504
25000,2,3.8621,59.0866
25000,2,3.86204,58.8839
25000,2,3.86212,59.318
25000,2,3.86201,58.9556
25000,2,3.8621,58.9915
25000,2,3.86206,59.1455
25000,2,3.86212,59.099
25000,2,3.86225,63.317
25000,2,3.86198,61.1119
25000,2,3.86214,59.1596
25000,2,3.86222,59.3607
25000,2,3.86204,59.1623
25000,2,3.86198,59.0493
25000,2,3.86207,61.2215
25000,2,3.86231,59.1047
25000,2,3.86188,58.9379
25000,2,3.86185,61.5241
25000,2,3.86206,59.0188
25000,2,3.86224,59.5259
25000,2,3.86203,58.8827
25000,2,3.86212,58.9256
25000,2,3.86219,65.1681
25000,2,3.86244,61.978
25000,2,3.86193,59.019
25000,2,3.86211,59.964
25000,2,3.86199,60.7642
25000,2,3.86212,59.0518
25000,2,3.86193,58.8553
25000,2,3.86204,59.1378
25000,2,3.86213,59.5758
25000,2,3.86231,59.4771
25000,2,3.86214,59.0063
25000,2,3.86203,59.035
25000,2,3.86181,61.5766
25000,2,3.86226,59.0337
25000,2,3.86197,58.9348
25000,2,3.86214,59.2918
25000,2,3.86206,58.875
25000,2,3.862,58.9612
25000,2,3.86203,58.8604
25000,2,3.8621,58.9934
25000,2,3.86188,60.2714
25000,2,3.86209,60.3212
25000,2,3.86197,58.937
25000,2,3.86208,61.1502
25000,2,3.86212,59.2245
25000,2,3.86248,62.9138
25000,2,3.86193,58.8867
25000,2,3.86211,59.2647
25000,2,3.86206,59.2339
25000,2,3.86205,61.0542
25000,2,3.862,58.8896
25000,2,3.86211,59.0218
25000,2,3.86196,59.0237
25000,2,3.86211,59.2598
25000,2,3.86196,58.9043
25000,2,3.86203,58.9642
25000,2,3.86215,59.4687
25000,2,3.86196,60.0337
25000,2,3.86189,60.0324
25000,2,3.8623,59.9973
25000,2,3.86209,58.9008
25000,2,3.8621,58.9997
25000,2,3.8621,58.8396
25000,2,3.86221,59.4204
25000,2,3.86207,58.8642
25000,2,3.86217,59.2516
25000,2,3.86202,60.9186
25000,2,3.86213,58.9355
25000,2,3.86196,58.9111
25000,2,3.86209,59.0291
25000,2,3.86205,58.8098
25000,2,3.86212,59.504
25000,2,3.86213,59.027
25000,2,3.86216,58.9019
25000,2,3.86204,60.8217
25000,2,3.86213,60.3053
25000,2,3.86192,58.9525
25000,2,3.8621,59.4423
25000,2,3.86212,58.9186
25000,2,3.86214,59.361
25000,2,3.86197,58.857
25000,2,3.86217,58.9177
25000,2,3.86192,58.8538
25000,2,3.86217,61.039
25000,2,3.86223,62.7418
25000,2,3.86213,59.0553
25000,2,3.86188,58.8742
25000,2,3.86216,59.4069
25000,2,3.86203,59.1062
25000,2,3.86202,59.2558
25000,2,3.86215,59.4628
25000,2,3.8621,60.3477
25000,2,3.86185,59.5742
25000,2,3.86217,59.0194
25000,2,3.86203,59.2257
25000,2,3.86211,59.2776
25000,2,3.86218,58.9092
25000,2,3.86224,60.8798
25000,2,3.8623,66.1043
25000,2,3.86232,59.0338
25000,2,3.86185,61.1146
25000,2,3.86208,59.2143
25000,2,3.86199,59.1961
25000,2,3.86212,58.9809
25000,2,3.86195,58.904
25000,2,3.86215,59.9605
25000,2,3.86214,60.2819
25000,2,3.86223,59.2466
25000,2,3.8619,60.412
25000,2,3.86204,59.6232
25000,2,3.86206,59.1978
25000,2,3.86215,59.0347
25000,2,3.86201,58.7918
25000,2,3.86205,59.2729
25000,2,3.8619,58.8421
25000,2,3.86204,58.9174
25000,2,3.86193,58.7759
25000,2,3.86197,61.055
25000,2,3.86219,59.179
25000,2,3.8621,59.1488
25000,2,3.86197,58.9565
25000,2,3.8622,59.7824
25000,2,3.86213,58.8459
25000,2,3.86238,62.8156
25000,2,3.86205,58.9188
25000,2,3.86188,60.9424
25000,2,3.86229,59.3523
25000,2,3.86209,59.0463
25000,2,3.862,58.9145
25000,2,3.86201,59.0605
25000,2,3.86206,58.8977
25000,3,3.21482,60.5136
25000,3,2.57616,48.3358
25000,3,2.57616,48.2635
25000,3,2.57625,48.5704
25000,3,2.57599,50.9357
25000,3,2.57611,48.2403
25000,3,2.57613,48.2892
25000,3,2.5762,48.2591
25000,3,2.57635,50.9824
25000,3,2.57618,48.2875
25000,3,2.57614,48.5764
25000,3,2.57617,48.2904
25000,3,2.57616,48.3318
25000,3,2.57608,48.2681
25000,3,2.57619,48.3166
25000,3,2.57626,48.6113
25000,3,2.57616,49.1594
25000,3,2.57601,49.8515
25000,3,2.5765,48.7849
25000,3,2.57613,48.5583
25000,3,2.57614,48.4032
25000,3,2.57614,48.3635
25000,3,2.57612,48.3757
25000,3,2.5761,48.3367
25000,3,2.57609,48.3558
25000,3,2.57602,48.3478
25000,3,2.57623,48.7008
25000,3,2.57617,48.308
25000,3,2.57612,48.6934
25000,3,2.57612,49.891
25000,3,2.57625,48.6558
25000,3,2.57618,49.6067
25000,3,2.57626,48.6299
25000,3,2.57616,48.3786
25000,3,2.57616,48.4239
25000,3,2.57616,48.3264
25000,3,2.57619,48.4033
25000,3,2.57598,48.6527
25000,3,2.57632,48.7802
25000,3,2.57616,48.3623
25000,3,2.57614,48.4496
25000,3,2.57627,48.3289
25000,3,2.57614,50.7102
25000,3,2.57602,48.4358
25000,3,2.57612,48.423
25000,3,2.57592,48.3564
25000,3,2.57665,52.4343
25000,3,2.57614,48.364
25000,3,2.57612,48.5399
25000,3,2.57609,48.6118
25000,3,2.57624,48.5389
25000,3,2.57616,48.3738
25000,3,2.57606,48.4951
25000,3,2.57611,48.4165
25000,3,2.57618,48.7608
25000,3,2.57665,50.8498
25000,3,2.57619,48.7554
25000,3,2.57613,48.3603
25000,3,2.57608,48.4535
25000,3,2.57609,48.3691
25000,3,2.57616,48.4673
25000,3,2.57627,48.6389
25000,3,2.57613,48.5007
25000,3,2.57614,48.4094
25000,3,2.57619,48.7427
25000,3,2.57621,48.8816
25000,3,2.57716,60.0918
25000,3,2.57753,62.2385
25000,3,2.57784,62.0238
25000,3,2.57752,59.7702
25000,3,2.57769,59.1725
25000,3,2.57611,48.653
25000,3,2.57618,48.7026
25000,3,2.57623,49.113
25000,3,2.57654,50.7649
25000,3,2.57619,48.5338
25000,3,2.57639,48.7517
25000,3,2.5761,48.5447
25000,3,2.57636,49.3671
25000,3,2.57632,48.7407
25000,3,2.57642,50.5517
25000,3,2.57611,48.9631
25000,3,2.57624,48.8827
25000,3,2.57613,48.6433
25000,3,2.57633,48.9559
25000,3,2.57612,48.642
25000,3,2.57622,48.7196
25000,3,2.57611,48.6213
25000,3,2.57629,48.6477
25000,3,2.57608,48.6824
25000,3,2.57615,48.7433
25000,3,2.57612,48.7642
25000,3,2.57627,48.8171
25000,3,2.576,50.9634
25000,3,2.57617,48.6974
25000,3,2.57606,48.6407
25000,3,2.57635,48.9842
25000,3,2.57624,48.6188
25000,3,2.57625,48.7063
25000,3,2.57614,48.62
25000,3,2.57629,48.6544
25000,3,2.57628,50.3958
25000,3,2.57648,49.6021
25000,3,2.57619,48.745
25000,3,2.57624,48.7508
25000,3,2.57665,53.379
25000,3,2.57628,50.07
25000,3,2.57618,48.5836
25000,3,2.57626,49.1244
25000,3,2.57615,48.6062
25000,3,2.57616,49.0283
25000,3,2.57627,48.5236
25000,3,2.57621,48.7025
25000,3,2.57626,48.6178
25000,3,2.5761,48.6584
25000,3,2.57617,48.6112
25000,3,2.57616,48.7729
25000,3,2.57619,48.5284
25000,3,2.57616,50.0676
25000,3,2.57627,49.7602
25000,3,2.57629,48.6132
25000,3,2.57609,48.6062
25000,3,2.5761,48.5992
25000,3,2.57604,48.5606
25000,3,2.57602,48.7079
25000,3,2.57635,49.1794
25000,3,2.57618,48.6935
25000,3,2.5762,48.6279
25000,3,2.57607,48.9685
25000,3,2.57619,48.9017
25000,3,2.57615,48.7383
25000,3,2.57631,50.8665
25000,3,2.57611,48.7134
25000,3,2.57624,48.6821
25000,3,2.5762,48.7151
25000,3,2.57615,48.6249
25000,3,2.57606,48.8126
25000,3,2.57615,48.9114
25000,3,2.57618,48.7461
25000,3,2.57602,48.6629
25000,3,2.5762,48.7463
25000,3,2.57599,48.6241
25000,3,2.5761,48.6911
25000,3,2.57622,49.1234
25000,3,2.57609,50.7622
25000,3,2.57613,48.6113
25000,3,2.57616,49.0401
25000,3,2.57602,48.6246
25000,3,2.5763,51.3283
25000,3,2.57615,48.6762
25000,3,2.57649,48.7715
25000,3,2.57608,48.9008
25000,3,2.57637,48.7775
25000,3,2.57617,48.8567
25000,3,2.5763,49.0201
25000,3,2.57617,48.8678
25000,3,2.5762,49.7727
25000,3,2.57608,49.6268
25000,3,2.57632,48.6797
25000,3,2.57611,48.7029
25000,3,2.57625,48.7308
25000,3,2.576,48.6559
25000,3,2.57617,48.7114
25000,3,2.5762,50.4995
25000,3,2.57649,51.0174
25000,3,2.57616,48.6677
25000,3,2.57627,49.079
25000,3,2.57615,49.542
25000,3,2.57623,48.7639
25000,3,2.57604,50.6027
25000,3,2.57611,48.8803
25000,3,2.57615,49.3018
25000,3,2.57632,48.7349
25000,3,2.57627,48.9628
25000,3,2.57611,48.738
25000,3,2.5761,48.6557
25000,3,2.57617,48.7472
25000,3,2.57613,48.8671
25000,3,2.57629,49.0595
25000,3,2.57625,48.6538
25000,3,2.5761,48.7518
25000,3,2.57628,48.7117
25000,3,2.57643,56.2304
25000,3,2.57677,52.0236
25000,3,2.57628,48.9116
25000,3,2.57617,48.7256
25000,3,2.57611,49.0944
25000,3,2.57611,48.6802
25000,3,2.57617,48.8203
25000,3,2.57616,48.99
25000,3,2.57611,48.7092
25000,3,2.57602,48.9606
25000,3,2.57601,48.7396
25000,3,2.5761,48.6607
25000,3,2.57606,49.2628
25000,3,2.57643,51.1766
25000,3,2.57627,48.753
25000,3,2.5762,48.7408
25000,3,2.57614,48.7895
25000,3,2.57618,48.6432
25000,3,2.57627,48.9623
25000,3,2.57616,49.3177
25000,3,2.57621,48.7545
25000,3,2.57607,49.1074
25000,3,2.57643,48.7247
25000,3,2.57614,48.6866
25000,3,2.57616,48.7925
25000,3,2.57616,49.9068
25000,3,2.57616,49.4154
25000,3,2.57624,48.7317
25000,3,2.57611,49.0765
25000,3,2.57618,48.873
25000,3,2.57616,48.8336
25000,3,2.57627,49.0632
25000,3,2.57613,48.7947
25000,3,2.57613,48.6624
25000,3,2.5761,48.7726
25000,3,2.57608,48.6223
25000,3,2.57633,49.4625
25000,3,2.57622,48.9372
25000,3,2.57623,50.7769
25000,3,2.5761,48.6284
25000,3,2.57667,52.3755
25000,3,2.57611,48.6685
25000,3,2.5763,49.0341
25000,3,2.57626,48.8734
25000,3,2.57624,48.718
25000,3,2.5762,48.6331
25000,3,2.57624,49.0221
25000,3,2.57616,48.6448
25000,3,2.57615,48.7492
25000,3,2.57608,48.6409
25000,3,2.57621,48.8134
25000,3,2.57618,50.7236
25000,3,2.5761,48.7983
25000,3,2.57616,48.6784
25000,3,2.57627,49.1532
25000,3,2.57612,48.978
25000,3,2.5762,48.7863
25000,3,2.57616,48.6927
25000,3,2.57609,48.8174
25000,3,2.57629,50.212
25000,3,2.57625,49.6349
25000,3,2.57613,48.7143
25000,3,2.57611,48.8179
25000,3,2.5762,49.4814
25000,3,2.57637,50.5204
25000,3,2.57623,49.0463
25000,3,2.57621,48.8115
25000,3,2.57623,48.9197
25000,4,2.42203,47.6036
25000,4,1.93319,37.3423
25000,4,1.93352,37.4836
25000,4,1.93314,37.3453
25000,4,1.9335,37.3918
25000,4,1.93306,37.4005
25000,4,1.93345,37.7069
25000,4,1.93311,37.3899
25000,4,1.93352,37.4071
25000,4,1.93309,37.3692
25000,4,1.93342,38.6934
25000,4,1.93303,38.3182
25000,4,1.93366,37.8188
25000,4,1.93316,37.3542
25000,4,1.93352,37.4098
25000,4,1.93303,37.3751
25000,4,1.93349,37.4
25000,4,1.93312,37.3352
25000,4,1.93355,38.62
25000,4,1.93333,37.9521
25000,4,1.93361,37.4464
25000,4,1.93321,37.4516
25000,4,1.93356,37.4762
25000,4,1.93302,37.3554
25000,4,1.93361,37.4514
25000,4,1.9331,37.3432
25000,4,1.93359,37.4408
25000,4,1.93313,38.9847
25000,4,1.93349,38.1473
25000,4,1.93315,37.3388
25000,4,1.93343,38.0142
25000,4,1.93321,37.3911
25000,4,1.93358,37.4148
25000,4,1.93311,37.3571
25000,4,1.9336,37.5384
25000,4,1.93308,37.3977
25000,4,1.93352,37.4849
25000,4,1.93311,37.3838
25000,4,1.93354,37.4644
25000,4,1.93309,37.3944
25000,4,1.93366,39.4332
25000,4,1.93337,39.5013
25000,4,1.93349,37.7371
25000,4,1.93323,37.7715
25000,4,1.93339,39.0872
25000,4,1.93303,38.1337
25000,4,1.93351,37.4829
25000,4,1.93316,37.4111
25000,4,1.93353,37.4304
25000,4,1.93313,37.479
25000,4,1.93357,39.7269
25000,4,1.9332,37.5806
25000,4,1.93361,37.4969
25000,4,1.93309,37.3968
25000,4,1.9335,37.568
25000,4,1.93307,37.5659
25000,4,1.93354,37.4627
25000,4,1.93306,37.4178
25000,4,1.93369,37.8262
25000,4,1.93314,37.404
25000,4,1.93358,37.4749
25000,4,1.93308,39.155
25000,4,1.93344,38.3031
25000,4,1.93309,37.3715
25000,4,1.9337,43.4138
25000,4,1.93365,40.9583
25000,4,1.93369,37.5168
25000,4,1.93314,37.706
25000,4,1.93368,37.4522
25000,4,1.93313,37.3478
25000,4,1.93354,37.4717
25000,4,1.93314,37.3975
25000,4,1.93358,37.447
25000,4,1.93313,37.3744
25000,4,1.93371,37.8025
25000,4,1.93316,37.4065
25000,4,1.93363,37.4448
25000,4,1.93299,37.3756
25000,4,1.93323,39.3332
25000,4,1.93319,38.0525
25000,4,1.9337,37.4787
25000,4,1.93339,38.2912
25000,4,1.93367,37.4427
25000,4,1.93331,37.4118
25000,4,1.93374,37.4845
25000,4,1.93318,37.3682
25000,4,1.93355,37.515
25000,4,1.93312,37.3527
25000,4,1.93361,37.4591
25000,4,1.93326,37.7198
25000,4,1.93362,37.4572
25000,4,1.93329,37.6305
25000,4,1.93376,37.4621
25000,4,1.93327,37.3637
25000,4,1.93366,37.5376
25000,4,1.93292,39.5493
25000,4,1.93356,37.7244
25000,4,1.9332,37.3535
25000,4,1.93359,37.4543
25000,4,1.93325,37.3835
25000,4,1.93363,37.4392
25000,4,1.93318,37.3638
25000,4,1.93359,37.4433
25000,4,1.9332,37.6585
25000,4,1.93354,37.4282
25000,4,1.93331,37.7096
25000,4,1.93366,37.4535
25000,4,1.93324,37.3539
25000,4,1.93359,37.4358
25000,4,1.93315,37.3844
25000,4,1.93363,37.4344
25000,4,1.93316,37.3627
25000,4,1.93337,40.1248
25000,4,1.9331,37.6338
25000,4,1.93365,37.4493
25000,4,1.93317,37.6632
25000,4,1.93366,37.4614
25000,4,1.93315,37.4344
25000,4,1.9336,37.7096
25000,4,1.93348,40.8245
25000,4,1.93378,37.7827
25000,4,1.93323,37.4051
25000,4,1.93362,37.4582
25000,4,1.93316,37.4287
25000,4,1.93364,37.4658
25000,4,1.93325,37.3982
25000,4,1.93363,37.4849
25000,4,1.9332,37.848
25000,4,1.93366,37.4555
25000,4,1.93289,39.6689
25000,4,1.93361,37.4532
25000,4,1.93306,37.3573
25000,4,1.93357,37.4355
25000,4,1.93312,37.3629
25000,4,1.93361,37.4181
25000,4,1.93316,37.371
25000,4,1.93371,37.7584
25000,4,1.93319,37.4246
25000,4,1.93368,37.4854
25000,4,1.93315,37.6815
25000,4,1.93355,37.5006
25000,4,1.93316,37.3519
25000,4,1.93362,37.5821
25000,4,1.93336,37.9969
25000,4,1.9337,37.4654
25000,4,1.93322,37.3822
25000,4,1.93321,39.8311
25000,4,1.93317,37.3721
25000,4,1.93359,37.4408
25000,4,1.93321,37.4633
25000,4,1.93358,37.4349
25000,4,1.93332,37.9462
25000,4,1.93359,37.4715
25000,4,1.93316,37.3398
25000,4,1.93365,37.4581
25000,4,1.93322,37.3402
25000,4,1.93368,37.4475
25000,4,1.93324,37.3658
25000,4,1.93355,37.4524
25000,4,1.93313,37.5756
25000,4,1.93358,37.4704
25000,4,1.93323,37.3609
25000,4,1.93359,37.4271
25000,4,1.93301,39.7775
25000,4,1.93367,37.5991
25000,4,1.93326,37.359
25000,4,1.9336,37.454
25000,4,1.93323,37.7002
25000,4,1.93364,37.4545
25000,4,1.93321,37.3589
25000,4,1.93361,37.487
25000,4,1.93311,37.3719
25000,4,1.93372,37.433
25000,4,1.93315,37.5929
25000,4,1.9336,38.8369
25000,4,1.93319,38.711
25000,4,1.9336,37.6516
25000,4,1.93327,37.386
25000,4,1.93359,37.6676
25000,4,1.93322,37.4376
25000,4,1.93322,39.6359
25000,4,1.93308,37.3834
25000,4,1.93375,37.7545
25000,4,1.93317,37.3919
25000,4,1.93362,37.4468
25000,4,1.93315,37.3759
25000,4,1.93361,37.4694
25000,4,1.93332,37.3965
25000,4,1.93363,37.7247
25000,4,1.93313,37.3852
25000,4,1.93369,37.4281
25000,4,1.93309,37.6219
25000,4,1.93356,37.4519
25000,4,1.93309,37.347
25000,4,1.9335,37.4557
25000,4,1.93316,37.3631
25000,4,1.93347,37.6297
25000,4,1.93356,42.9245
25000,4,1.9338,37.7719
25000,4,1.93327,37.3879
25000,4,1.93357,37.7354
25000,4,1.93316,37.3499
25000,4,1.9335,37.4875
25000,4,1.93316,37.3656
25000,4,1.93352,37.462
25000,4,1.93328,37.992
25000,4,1.93374,37.4596
25000,4,1.93318,37.4092
25000,4,1.93363,37.4846
25000,4,1.93311,37.3621
25000,4,1.93355,37.4514
25000,4,1.93314,37.3706
25000,4,1.93352,37.7918
25000,4,1.93336,38.0835
25000,4,1.93345,39.4285
25000,4,1.93309,37.3719
25000,4,1.93368,37.4842
25000,4,1.93327,37.4306
25000,4,1.93371,37.4894
25000,4,1.93325,37.3829
25000,4,1.93356,44.1311
25000,4,1.93373,40.4675
25000,4,1.93368,37.4877
25000,4,1.93327,37.6736
25000,4,1.93356,37.7301
25000,4,1.93314,37.3832
25000,4,1.93359,37.4622
25000,4,1.93322,37.3767
25000,4,1.93361,37.4939
25000,4,1.93321,37.7627
25000,4,1.93488,45.7422
25000,4,1.93436,48.2895
25000,4,1.93402,46.5024
25000,4,1.9343,46.0046
25000,4,1.93426,47.0481
25000,4,1.93516,46.9972
25000,4,1.9359,55.9019
25000,4,1.93491,49.8216
25000,4,1.93366,37.5705
25000,4,1.93325,37.4731
25000,4,1.93361,37.5198
25000,4,1.93306,37.6243
25000,4,1.93394,39.4781
25000,4,1.93329,37.4627
25000,4,1.93381,37.914
25000,4,1.93316,37.4504
25000,4,1.93357,37.5187
25000,4,1.93305,38.0716
25000,4,1.93345,39.1256
25000,4,1.93326,37.432
25000,5,1.94126,44.3018
25000,5,1.54733,35.4172
25000,5,1.54742,35.4554
25000,5,1.54726,35.423
25000,5,1.54739,35.4204
25000,5,1.54741,35.4419
25000,5,1.54743,35.6363
25000,5,1.54727,35.4089
25000,5,1.54741,35.4496
25000,5,1.54727,35.4405
25000,5,1.54745,35.428
25000,5,1.54736,35.4436
25000,5,1.54755,36.2836
25000,5,1.54808,42.7016
25000,5,1.5481,42.7119
25000,5,1.54748,37.9094
25000,5,1.54753,35.4722
25000,5,1.54743,36.1441
25000,5,1.54752,36.4336
25000,5,1.54742,35.4616
25000,5,1.54747,35.4657
25000,5,1.54749,36.1832
25000,5,1.54747,35.4642
25000,5,1.5474,35.4261
25000,5,1.5475,35.4762
25000,5,1.54746,35.444
25000,5,1.54746,35.4628
25000,5,1.54736,35.6375
25000,5,1.54746,35.4496
25000,5,1.54742,35.4516
25000,5,1.54776,37.6723
25000,5,1.54768,37.4959
25000,5,1.54754,35.5669
25000,5,1.54747,35.4576
25000,5,1.54743,35.4892
25000,5,1.54737,35.4485
25000,5,1.5475,35.4796
25000,5,1.54766,35.4655
25000,5,1.5475,35.9106
25000,5,1.54743,36.8166
25000,5,1.5474,35.4626
25000,5,1.5474,35.4516
25000,5,1.54735,35.7169
25000,5,1.54736,35.4435
25000,5,1.54764,35.4888
25000,5,1.5474,35.4602
25000,5,1.54752,35.6773
25000,5,1.54729,35.4387
25000,5,1.54749,35.4899
25000,5,1.54745,35.4599
25000,5,1.54754,35.7909
25000,5,1.54742,35.4582
25000,5,1.54762,35.484
25000,5,1.54733,35.4518
25000,5,1.54747,35.5266
25000,5,1.54739,35.4905
25000,5,1.5475,35.4709
25000,5,1.54748,35.583
25000,5,1.54747,35.65
25000,5,1.54742,35.5799
25000,5,1.54759,37.7534
25000,5,1.54746,35.477
25000,5,1.54753,35.4901
25000,5,1.5474,35.4621
25000,5,1.54745,35.4946
25000,5,1.54737,35.4709
25000,5,1.54755,35.4826
25000,5,1.54732,35.4607
25000,5,1.54753,35.4964
25000,5,1.54741,35.4798
25000,5,1.54761,35.826
25000,5,1.54738,35.4745
25000,5,1.54757,35.4898
25000,5,1.54742,35.7231
25000,5,1.54752,35.4975
25000,5,1.5474,35.4815
25000,5,1.54749,35.4765
25000,5,1.54747,35.4525
25000,5,1.54744,35.4997
25000,5,1.54733,35.5132
25000,5,1.54738,35.6328
25000,5,1.5474,37.0989
25000,5,1.54754,36.0613
25000,5,1.54746,35.4913
25000,5,1.54744,35.4843
25000,5,1.54737,35.4626
25000,5,1.54746,35.6992
25000,5,1.54739,35.477
25000,5,1.54745,35.7627
25000,5,1.54744,35.7763
25000,5,1.54753,35.5173
25000,5,1.54738,35.4764
25000,5,1.54741,35.536
25000,5,1.54735,35.4919
25000,5,1.54745,35.5262
25000,5,1.54739,35.4741
25000,5,1.54752,35.5134
25000,5,1.54741,35.6338
25000,5,1.5474,36.2997
25000,5,1.5475,36.0789
25000,5,1.54753,35.5337
25000,5,1.54744,35.5066
25000,5,1.54741,36.6927
25000,5,1.54763,36.3407
25000,5,1.5474,35.5388
25000,5,1.54747,35.4789
25000,5,1.5475,35.5094
25000,5,1.54738,35.5204
25000,5,1.54748,35.6225
25000,5,1.54746,35.6951
25000,5,1.54749,35.538
25000,5,1.54733,35.5166
25000,5,1.54751,35.5361
25000,5,1.54743,35.5229
25000,5,1.54755,35.494
25000,5,1.54745,35.4807
25000,5,1.54747,35.4956
25000,5,1.54749,35.5451
25000,5,1.54747,35.7349
25000,5,1.54738,35.5041
25000,5,1.54743,35.5213
25000,5,1.54743,35.6039
25000,5,1.54741,35.6693
25000,5,1.54744,36.5217
25000,5,1.54743,36.3712
25000,5,1.54734,35.5117
25000,5,1.54745,35.7144
25000,5,1.54738,35.5493
25000,5,1.54797,39.7771
25000,5,1.54745,35.5496
25000,5,1.54753,35.5379
25000,5,1.54737,35.5524
25000,5,1.54742,35.4957
25000,5,1.54746,35.7576
25000,5,1.54749,35.4958
25000,5,1.54742,35.5268
25000,5,1.54753,35.5121
25000,5,1.54724,35.495
25000,5,1.5474,37.6563
25000,5,1.54744,35.7068
25000,5,1.54751,35.5178
25000,5,1.54752,35.5178
25000,5,1.54741,35.4857
25000,5,1.54733,35.5203
25000,5,1.54749,36.1339
25000,5,1.54748,36.5525
25000,5,1.54744,35.5519
25000,5,1.5475,35.8017
25000,5,1.54745,35.7821
25000,5,1.54738,35.5076
25000,5,1.54752,35.5443
25000,5,1.54742,35.5124
25000,5,1.54755,35.5476
25000,5,1.5474,35.5157
25000,5,1.54746,35.6811
25000,5,1.54772,40.9884
25000,5,1.54781,37.7574
25000,5,1.5475,36.662
25000,5,1.5477,35.5895
25000,5,1.54739,35.5525
25000,5,1.54745,35.5295
25000,5,1.54728,35.5342
25000,5,1.54742,35.5434
25000,5,1.5473,35.8278
25000,5,1.54741,35.5341
25000,5,1.5474,35.871
25000,5,1.54757,36.8461
25000,5,1.54746,35.839
25000,5,1.54747,35.5595
25000,5,1.54739,35.5629
25000,5,1.54746,35.5737
25000,5,1.5473,35.5217
25000,5,1.54749,35.5542
25000,5,1.54736,35.5417
25000,5,1.54745,35.5517
25000,5,1.54734,35.5318
25000,5,1.54749,35.7658
25000,5,1.5475,36.0219
25000,5,1.54754,35.6048
25000,5,1.54738,35.7339
25000,5,1.54756,35.5589
25000,5,1.5473,35.5024
25000,5,1.54736,35.5315
25000,5,1.54738,35.5655
25000,5,1.54738,35.5119
25000,5,1.54748,35.5432
25000,5,1.54745,35.894
25000,5,1.54747,37.2467
25000,5,1.54748,35.6337
25000,5,1.54738,35.618
25000,5,1.54733,35.7804
25000,5,1.5475,35.5492
25000,5,1.54747,35.5856
25000,5,1.54751,35.524
25000,5,1.5474,35.7984
25000,5,1.54734,35.5105
25000,5,1.54746,35.5616
25000,5,1.54737,35.5038
25000,5,1.54747,35.5659
25000,5,1.54741,35.5409
25000,5,1.54735,35.5253
25000,5,1.54736,35.5376
25000,5,1.54741,35.5857
25000,5,1.54739,35.5355
25000,5,1.54747,35.5346
25000,5,1.54745,35.8503
25000,5,1.54757,35.7434
25000,5,1.54734,35.5529
25000,5,1.54739,36.9839
25000,5,1.5475,36.1824
25000,5,1.54746,35.5497
25000,5,1.54743,35.5436
25000,5,1.54743,35.5582
25000,5,1.54734,35.5432
25000,5,1.54743,35.5527
25000,5,1.54745,36.3548
25000,5,1.54728,37.0232
25000,5,1.54745,35.5415
25000,5,1.54742,35.5412
25000,5,1.54734,35.5495
25000,5,1.5474,35.5196
25000,5,1.54729,35.578
25000,5,1.54743,35.5594
25000,5,1.54739,35.569
25000,5,1.54744,35.7898
25000,5,1.54744,35.9685
25000,5,1.54764,39.4606
25000,5,1.54739,35.5359
25000,5,1.54743,35.5677
25000,5,1.54739,36.7271
25000,5,1.54747,36.2632
25000,5,1.54745,35.5399
25000,5,1.54752,35.5799
25000,5,1.5473,35.5357
25000,5,1.54747,35.5652
25000,5,1.54732,35.5583
25000,5,1.54738,35.5678
25000,5,1.54737,35.5459
25000,5,1.54747,35.5753
25000,5,1.54732,35.7823
25000,5,1.54751,35.5547
25000,5,1.54738,35.5553
25000,5,1.54744,35.5728
25000,5,1.54736,35.5779
25000,5,1.5474,35.8285
25000,5,1.54746,35.5769
25000,5,1.54737,35.7404
25000,5,1.54733,35.538
25000,5,1.5474,35.5632
25000,5,1.54728,35.5274
25000,6,1.6109,40.0049
25000,6,1.29072,30.5179
25000,6,1.29071,30.4191
25000,6,1.29064,30.3708
25000,6,1.29076,31.4337
25000,6,1.29071,30.4411
25000,6,1.29075,30.3982
25000,6,1.29082,30.3892
25000,6,1.29075,30.4503
25000,6,1.29063,30.4308
25000,6,1.29069,30.3976
25000,6,1.29063,30.4006
25000,6,1.29074,30.414
25000,6,1.29069,30.4187
25000,6,1.29058,30.404
25000,6,1.29073,30.3995
25000,6,1.2908,30.7505
25000,6,1.29063,30.4488
25000,6,1.29068,30.4366
25000,6,1.29065,30.4292
25000,6,1.29066,30.4769
25000,6,1.29073,30.395
25000,6,1.29065,30.7056
25000,6,1.29072,30.3907
25000,6,1.29073,30.4089
25000,6,1.29044,31.6069
25000,6,1.29053,31.0705
25000,6,1.29069,30.3849
25000,6,1.2906,30.4138
25000,6,1.29065,30.4305
25000,6,1.29064,30.4399
25000,6,1.29063,30.444
25000,6,1.29073,30.4625
25000,6,1.29059,30.3892
25000,6,1.29063,30.4223
25000,6,1.29071,30.3876
25000,6,1.29059,30.4252
25000,6,1.29063,30.4331
25000,6,1.29076,30.4368
25000,6,1.29084,30.7703
25000,6,1.29071,30.6858
25000,6,1.29073,30.4112
25000,6,1.29065,30.443
25000,6,1.29082,30.6407
25000,6,1.29058,30.4285
25000,6,1.29066,30.4165
25000,6,1.29078,30.4637
25000,6,1.29069,30.391
25000,6,1.29058,30.4647
25000,6,1.29069,30.6264
25000,6,1.29061,31.1275
25000,6,1.29044,32.3031
25000,6,1.29077,30.4713
25000,6,1.29084,30.4133
25000,6,1.29063,30.4103
25000,6,1.29079,30.6247
25000,6,1.29058,30.461
25000,6,1.2907,30.4309
25000,6,1.2907,30.5074
25000,6,1.29059,30.5772
25000,6,1.29069,30.4532
25000,6,1.29065,30.4353
25000,6,1.29073,30.7579
25000,6,1.29076,30.423
25000,6,1.29065,30.4497
25000,6,1.29062,30.4367
25000,6,1.29072,30.4599
25000,6,1.29069,30.4389
25000,6,1.29068,30.4654
25000,6,1.29087,30.4452
25000,6,1.29074,30.4623
25000,6,1.2907,30.4283
25000,6,1.29069,30.4559
25000,6,1.29065,30.4366
25000,6,1.29073,30.4707
25000,6,1.29061,30.5254
25000,6,1.29039,31.8917
25000,6,1.29093,30.7753
25000,6,1.29066,30.4527
25000,6,1.29059,30.4623
25000,6,1.29074,30.504
25000,6,1.29066,30.4592
25000,6,1.2906,30.4581
25000,6,1.29065,30.4348
25000,6,1.29064,30.49
25000,6,1.29073,30.7833
25000,6,1.2908,30.4958
25000,6,1.29066,32.0305
25000,6,1.2908,32.9526
25000,6,1.29068,30.4401
25000,6,1.29064,30.5062
25000,6,1.29068,30.6968
25000,6,1.29066,30.5005
25000,6,1.29067,30.457
25000,6,1.29069,30.4907
25000,6,1.29081,30.754
25000,6,1.29065,30.5351
25000,6,1.29072,31.0634
25000,6,1.29073,30.5326
25000,6,1.29076,30.4935
25000,6,1.29076,30.516
25000,6,1.29059,31.4601
25000,6,1.29054,31.2729
25000,6,1.29066,30.4253
25000,6,1.29064,30.5224
25000,6,1.29071,30.4603
25000,6,1.2906,30.462
25000,6,1.29067,30.5268
25000,6,1.29081,30.5559
25000,6,1.29079,30.6823
25000,6,1.29069,30.4377
25000,6,1.29072,30.4982
25000,6,1.2907,30.4675
25000,6,1.29063,30.7137
25000,6,1.2907,30.4713
25000,6,1.29069,30.5122
25000,6,1.29077,30.4595
25000,6,1.29071,32.7301
25000,6,1.29066,33.9967
25000,6,1.29078,31.6189
25000,6,1.29087,32.8268
25000,6,1.29069,30.5253
25000,6,1.29079,30.5256
25000,6,1.2907,30.4885
25000,6,1.29063,30.5092
25000,6,1.29064,30.4596
25000,6,1.29057,30.9371
25000,6,1.29044,31.8962
25000,6,1.29066,30.6057
25000,6,1.29065,30.4943
25000,6,1.2907,30.5498
25000,6,1.29067,30.7291
25000,6,1.29068,30.8305
25000,6,1.29073,30.4788
25000,6,1.29067,30.5309
25000,6,1.29066,30.4873
25000,6,1.29073,30.5284
25000,6,1.29059,30.5154
25000,6,1.29064,30.5301
25000,6,1.29074,30.6819
25000,6,1.29067,30.5638
25000,6,1.29065,30.4724
25000,6,1.2907,30.6943
25000,6,1.2908,30.6025
25000,6,1.29064,31.9066
25000,6,1.2905,31.4252
25000,6,1.29081,30.618
25000,6,1.29082,30.5668
25000,6,1.29078,30.5585
25000,6,1.29072,30.7427
25000,6,1.29072,30.5478
25000,6,1.29087,30.5516
25000,6,1.29053,31.81
25000,6,1.2907,30.9438
25000,6,1.29085,30.6435
25000,6,1.29087,30.8572
25000,6,1.29086,30.5531
25000,6,1.29082,30.5255
25000,6,1.29081,30.5388
25000,6,1.2908,30.5599
25000,6,1.29085,30.5429
25000,6,1.29086,30.5113
25000,6,1.29078,30.6407
25000,6,1.29084,30.542
25000,6,1.29081,30.5688
25000,6,1.29077,30.5436
25000,6,1.29079,30.6092
25000,6,1.29078,30.7466
25000,6,1.29074,30.567
25000,6,1.29081,30.5534
25000,6,1.29088,30.6063
25000,6,1.29079,30.5368
25000,6,1.2907,30.5638
25000,6,1.29082,30.5467
25000,6,1.29072,30.6161
25000,6,1.29077,30.605
25000,6,1.29076,30.5699
25000,6,1.29065,31.2682
25000,6,1.29059,32.2335
25000,6,1.29088,30.6341
25000,6,1.29078,30.6091
25000,6,1.29078,30.5429
25000,6,1.29078,30.5912
25000,6,1.29074,30.5887
25000,6,1.29082,30.5772
25000,6,1.29077,30.7763
25000,6,1.29076,30.5809
25000,6,1.29081,30.7384
25000,6,1.2908,30.593
25000,6,1.29078,30.5568
25000,6,1.29074,30.6049
25000,6,1.29077,31.1299
25000,6,1.29087,30.5748
25000,6,1.29079,30.5199
25000,6,1.29081,30.6225
25000,6,1.29082,30.532
25000,6,1.29075,30.5489
25000,6,1.29074,30.5392
25000,6,1.2908,30.6119
25000,6,1.29072,30.5603
25000,6,1.29079,30.6083
25000,6,1.29083,30.725
25000,6,1.29079,30.8802
25000,6,1.29059,31.8426
25000,6,1.29084,31.5779
25000,6,1.29075,33.6839
25000,6,1.29087,30.6516
25000,6,1.29081,30.5613
25000,6,1.29078,30.5728
25000,6,1.29091,30.5272
25000,6,1.29082,30.5583
25000,6,1.29072,30.4773
25000,6,1.29094,30.5721
25000,6,1.29066,30.5193
25000,6,1.29074,30.5943
25000,6,1.29081,30.5716
25000,6,1.29076,30.628
25000,6,1.29076,30.5384
25000,6,1.29085,30.6021
25000,6,1.29081,30.5317
25000,6,1.29074,30.5708
25000,6,1.29069,30.5088
25000,6,1.29073,30.8313
25000,6,1.29077,30.5429
25000,6,1.29077,30.5533
25000,6,1.2909,30.891
25000,6,1.2908,30.5827
25000,6,1.29073,30.511
25000,6,1.29055,31.55
25000,6,1.29053,31.5671
25000,6,1.29078,30.6025
25000,6,1.29073,30.5417
25000,6,1.29086,30.5807
25000,6,1.29076,30.5453
25000,6,1.2908,30.604
25000,6,1.29081,30.7157
25000,6,1.29076,30.5738
25000,6,1.29069,31.8152
25000,6,1.29042,31.8248
25000,6,1.29088,30.532
25000,6,1.29078,30.8019
25000,6,1.29082,30.5326
25000,6,1.29079,30.6385
25000,6,1.2908,30.5614
25000,6,1.29081,30.5515
25000,6,1.29074,30.5348
25000,6,1.29083,30.5608
25000,6,1.29081,30.51
25000,6,1.29075,30.9031
25000,6,1.29083,30.5915
25000,7,1.38431,37.4574
25000,7,1.10633,29.9476
25000,7,1.10649,29.9491
25000,7,1.1063,30.7518
25000,7,1.10642,30.931
25000,7,1.10637,29.9468
25000,7,1.10655,30.0065
25000,7,1.10644,29.9645
25000,7,1.10645,30.1342
25000,7,1.10638,30.0472
25000,7,1.10645,29.9818
25000,7,1.10641,29.9547
25000,7,1.10634,29.9924
25000,7,1.10642,29.9734
25000,7,1.10649,29.9869
25000,7,1.10633,29.9552
25000,7,1.10651,29.962
25000,7,1.10639,29.9807
25000,7,1.10644,29.971
25000,7,1.10637,29.9833
25000,7,1.10643,29.9822
25000,7,1.10637,30.0049
25000,7,1.10648,30.018
25000,7,1.10643,30.005
25000,7,1.10651,30.2977
25000,7,1.10658,29.9956
25000,7,1.10649,29.9911
25000,7,1.10643,29.9981
25000,7,1.10649,30.011
25000,7,1.10642,30.0633
25000,7,1.10644,30.1755
25000,7,1.10647,30.0357
25000,7,1.10649,30.07
25000,7,1.10633,31.2928
25000,7,1.10647,30.5323
25000,7,1.10643,30.1868
25000,7,1.10658,30.5698
25000,7,1.1064,30.0242
25000,7,1.10657,30.3733
25000,7,1.10648,30.4327
25000,7,1.10665,30.0711
25000,7,1.10647,29.9767
25000,7,1.10651,30.0418
25000,7,1.1064,29.9891
25000,7,1.10645,30.0605
25000,7,1.10634,29.9899
25000,7,1.10655,30.0361
25000,7,1.10641,30.0202
25000,7,1.10643,30.0544
25000,7,1.1064,30.0518
25000,7,1.10658,30.0533
25000,7,1.10651,30.5837
25000,7,1.10649,30.045
25000,7,1.10645,30.0184
25000,7,1.10651,30.0768
25000,7,1.10642,30.0141
25000,7,1.10659,30.0591
25000,7,1.10641,30.0173
25000,7,1.10648,30.0925
25000,7,1.10645,30.0037
25000,7,1.10667,30.0473
25000,7,1.10639,30.0161
25000,7,1.10646,30.613
25000,7,1.10626,31.3666
25000,7,1.10654,30.3475
25000,7,1.10648,30.0314
25000,7,1.10648,30.0943
25000,7,1.10643,30.0763
25000,7,1.10655,30.0537
25000,7,1.10648,30.0269
25000,7,1.10647,30.0587
25000,7,1.10644,30.0297
25000,7,1.10648,30.3305
25000,7,1.10642,30.0196
25000,7,1.10656,30.0621
25000,7,1.10646,30.0172
25000,7,1.10652,30.0787
25000,7,1.1064,30.0533
25000,7,1.1066,30.3484
25000,7,1.10655,30.0468
25000,7,1.1066,30.0404
25000,7,1.10637,30.0574
25000,7,1.10655,30.04
25000,7,1.10667,33.9929
25000,7,1.10656,30.089
25000,7,1.10643,30.0671
25000,7,1.10657,30.0643
25000,7,1.10655,30.0689
25000,7,1.10653,30.0778
25000,7,1.1065,30.1495
25000,7,1.10652,30.1022
25000,7,1.10647,30.0242
25000,7,1.1064,31.1549
25000,7,1.10691,31.844
25000,7,1.10662,30.3282
25000,7,1.10646,30.0859
25000,7,1.10658,30.1064
25000,7,1.10639,30.0508
25000,7,1.10659,30.0964
25000,7,1.10643,30.0873
25000,7,1.10658,30.1078
25000,7,1.10642,30.0528
25000,7,1.10648,30.0709
25000,7,1.10638,30.0482
25000,7,1.10659,30.1246
25000,7,1.10648,30.3623
25000,7,1.10653,30.0957
25000,7,1.10646,30.0672
25000,7,1.10654,30.0796
25000,7,1.10643,30.0998
25000,7,1.10647,30.0586
25000,7,1.10647,30.035
25000,7,1.10655,30.0686
25000,7,1.10644,30.0791
25000,7,1.1066,30.3191
25000,7,1.10647,30.0588
25000,7,1.10669,33.5885
25000,7,1.10662,32.6965
25000,7,1.10677,30.7415
25000,7,1.10671,32.4585
25000,7,1.10654,30.2326
25000,7,1.10649,30.4035
25000,7,1.10648,31.4142
25000,7,1.10659,30.4886
25000,7,1.10655,30.1276
25000,7,1.10644,30.0881
25000,7,1.10652,30.1415
25000,7,1.10657,30.1205
25000,7,1.10653,30.1368
25000,7,1.10647,30.0999
25000,7,1.10652,30.1288
25000,7,1.10649,30.1212
25000,7,1.10661,30.4523
25000,7,1.10655,30.1164
25000,7,1.10659,30.0937
25000,7,1.10646,30.3542
25000,7,1.10655,30.129
25000,7,1.10648,30.1173
25000,7,1.10659,30.0748
25000,7,1.10641,30.0866
25000,7,1.1066,30.1224
25000,7,1.10656,30.0891
25000,7,1.10654,30.1234
25000,7,1.10646,30.081
25000,7,1.10654,30.1307
25000,7,1.10649,30.1016
25000,7,1.10655,30.1548
25000,7,1.10651,30.6674
25000,7,1.10651,30.0824
25000,7,1.10653,30.1047
25000,7,1.10653,30.2859
25000,7,1.10631,30.892
25000,7,1.10636,31.24
25000,7,1.10641,30.0898
25000,7,1.10674,31.484
25000,7,1.10676,35.1915
25000,7,1.10695,35.0354
25000,7,1.112,34.3622
25000,7,1.10699,35.3076
25000,7,1.10692,35.4655
25000,7,1.10702,36.0075
25000,7,1.10705,34.2003
25000,7,1.10808,35.1469
25000,7,1.10763,35.1305
25000,7,1.10788,35.1743
25000,7,1.10721,33.0902
25000,7,1.10648,30.1907
25000,7,1.10638,30.1568
25000,7,1.10655,30.2009
25000,7,1.10664,30.1803
25000,7,1.10656,30.2106
25000,7,1.10638,30.1444
25000,7,1.10647,30.2004
25000,7,1.10652,32.0406
25000,7,1.10648,30.2247
25000,7,1.10656,30.1858
25000,7,1.10652,30.1908
25000,7,1.10647,30.3521
25000,7,1.10651,30.3455
25000,7,1.10641,30.1964
25000,7,1.10643,30.1663
25000,7,1.10617,31.4378
25000,7,1.1064,30.8226
25000,7,1.1064,30.1338
25000,7,1.10662,30.2353
25000,7,1.10639,30.1468
25000,7,1.10662,30.17
25000,7,1.10659,30.4819
25000,7,1.1066,30.1887
25000,7,1.10663,30.1654
25000,7,1.10649,30.1494
25000,7,1.10641,30.152
25000,7,1.10643,30.1557
25000,7,1.10639,30.161
25000,7,1.10654,30.1556
25000,7,1.10644,30.1487
25000,7,1.10648,30.1599
25000,7,1.1064,30.1557
25000,7,1.10652,30.2519
25000,7,1.10641,30.2941
25000,7,1.1065,30.1485
25000,7,1.10648,30.4993
25000,7,1.10651,31.6818
25000,7,1.10654,30.4864
25000,7,1.10651,30.1158
25000,7,1.10657,30.1329
25000,7,1.10648,30.3208
25000,7,1.10636,30.1439
25000,7,1.1065,30.177
25000,7,1.10642,30.0976
25000,7,1.10637,30.6591
25000,7,1.10623,31.4189
25000,7,1.10646,30.2785
25000,7,1.10653,30.1552
25000,7,1.10674,30.515
25000,7,1.10648,30.1179
25000,7,1.10656,30.1694
25000,7,1.10639,30.1174
25000,7,1.10647,30.1579
25000,7,1.10654,32.1523
25000,7,1.10674,32.354
25000,7,1.10647,30.1725
25000,7,1.10654,30.1708
25000,7,1.10656,30.1617
25000,7,1.10655,30.142
25000,7,1.10647,30.1535
25000,7,1.10647,30.121
25000,7,1.10641,30.15
25000,7,1.10646,30.1477
25000,7,1.10636,30.1498
25000,7,1.10653,30.1433
25000,7,1.10643,30.1272
25000,7,1.10657,30.1128
25000,7,1.10639,30.1365
25000,7,1.10655,30.1653
25000,7,1.1064,30.1531
25000,7,1.10657,30.1565
25000,7,1.10642,30.1439
25000,7,1.10652,30.246
25000,7,1.10642,30.1517
25000,7,1.10639,31.1539
25000,7,1.10671,31.11
25000,7,1.10662,30.1705
25000,7,1.1065,30.1222
25000,7,1.1065,30.1641
25000,7,1.10645,30.1143
25000,7,1.10651,30.1576
25000,7,1.10638,30.1213
25000,7,1.10654,30.1475
25000,7,1.10642,30.1239
25000,8,1.21673,34.1989
25000,8,0.968433,26.908
25000,8,0.968633,26.9665
25000,8,0.968467,26.9993
25000,8,0.968651,26.9824
25000,8,0.968406,26.9921
25000,8,0.968707,27.5948
25000,8,0.968498,26.9654
25000,8,0.968721,27.0159
25000,8,0.968543,27.0004
25000,8,0.968581,26.9775
25000,8,0.968426,27.0236
25000,8,0.968635,26.9734
25000,8,0.968354,27.4831
25000,8,0.968697,27.0208
25000,8,0.968477,26.9634
25000,8,0.968653,27.0547
25000,8,0.968469,27.0374
25000,8,0.968693,27.0161
25000,8,0.96853,27.0185
25000,8,0.968712,27.3826
25000,8,0.968313,27.3865
25000,8,0.968312,28.1714
25000,8,0.968314,27.4174
25000,8,0.968728,27.047
25000,8,0.968455,27.0398
25000,8,0.96871,27.0123
25000,8,0.968525,27.0746
25000,8,0.968672,27.0292
25000,8,0.968486,27.0123
25000,8,0.968757,27.059
25000,8,0.968499,27.0366
25000,8,0.968777,27.0388
25000,8,0.968447,27.0326
25000,8,0.96865,27.0314
25000,8,0.968471,27.0146
25000,8,0.968615,27.0591
25000,8,0.968402,27.2377
25000,8,0.968672,27.0427
25000,8,0.968509,27.0088
25000,8,0.968728,27.0569
25000,8,0.968472,27.0343
25000,8,0.968597,27.0104
25000,8,0.968455,27.0373
25000,8,0.968601,27.0081
25000,8,0.968441,27.0319
25000,8,0.968618,27.0516
25000,8,0.968485,27.0216
25000,8,0.9686,27.0492
25000,8,0.968489,27.0427
25000,8,0.968681,27.0731
25000,8,0.968532,27.3846
25000,8,0.968662,27.042
25000,8,0.968488,27.0849
25000,8,0.968598,27.0172
25000,8,0.968236,27.5928
25000,8,0.968269,28.1731
25000,8,0.968355,27.4374
25000,8,0.968602,27.0826
25000,8,0.968478,27.0758
25000,8,0.968649,27.0767
25000,8,0.968506,27.349
25000,8,0.968579,27.0743
25000,8,0.968544,27.1375
25000,8,0.968702,27.2821
25000,8,0.968516,27.0475
25000,8,0.968663,27.0733
25000,8,0.968555,27.0417
25000,8,0.968628,28.5258
25000,8,0.968382,27.9814
25000,8,0.968758,27.06
25000,8,0.968481,27.0525
25000,8,0.968692,27.2977
25000,8,0.968472,27.0311
25000,8,0.968644,27.1049
25000,8,0.96852,27.1498
25000,8,0.968706,27.072
25000,8,0.968403,27.2897
25000,8,0.968622,27.0926
25000,8,0.968489,27.092
25000,8,0.968683,27.1207
25000,8,0.968565,27.1626
25000,8,0.968736,27.3505
25000,8,0.968433,27.0664
25000,8,0.968687,27.1232
25000,8,0.96843,27.2439
25000,8,0.968734,27.2135
25000,8,0.968422,27.0451
25000,8,0.968783,27.0942
25000,8,0.968231,27.7797
25000,8,0.968325,28.167
25000,8,0.968394,27.404
25000,8,0.968758,27.1043
25000,8,0.968441,27.0962
25000,8,0.96872,27.1328
25000,8,0.968443,27.118
25000,8,0.968676,27.1219
25000,8,0.96845,27.1184
25000,8,0.968707,27.1056
25000,8,0.968458,27.1448
25000,8,0.968676,27.1652
25000,8,0.968515,27.1006
25000,8,0.968687,27.1456
25000,8,0.968461,27.0883
25000,8,0.968576,27.1195
25000,8,0.968456,27.0989
25000,8,0.968641,27.1218
25000,8,0.968455,27.1355
25000,8,0.968579,27.0772
25000,8,0.968441,27.1265
25000,8,0.968655,27.2942
25000,8,0.968446,27.1442
25000,8,0.96866,27.2504
25000,8,0.968578,27.3179
25000,8,0.968608,27.146
25000,8,0.96854,27.147
25000,8,0.968638,27.1045
25000,8,0.968402,27.1067
25000,8,0.968627,27.0939
25000,8,0.968456,27.1384
25000,8,0.968541,29.8792
25000,8,0.968479,28.3851
25000,8,0.968689,27.1758
25000,8,0.968113,27.9937
25000,8,0.968337,28.0012
25000,8,0.968655,27.1956
25000,8,0.96869,27.168
25000,8,0.968587,27.1439
25000,8,0.968686,27.1526
25000,8,0.968478,27.1532
25000,8,0.968737,27.7693
25000,8,0.968469,27.2443
25000,8,0.968681,27.1391
25000,8,0.968483,27.1828
25000,8,0.968684,27.4284
25000,8,0.968456,27.0846
25000,8,0.968674,27.1905
25000,8,0.968502,27.2156
25000,8,0.968674,27.1146
25000,8,0.968494,27.1136
25000,8,0.968627,27.1246
25000,8,0.968473,27.323
25000,8,0.968789,27.1428
25000,8,0.968487,27.2634
25000,8,0.968798,27.3724
25000,8,0.968452,27.1522
25000,8,0.968715,27.1661
25000,8,0.968465,27.1933
25000,8,0.968682,27.1738
25000,8,0.968449,27.1338
25000,8,0.968621,27.1363
25000,8,0.968479,27.1269
25000,8,0.968742,27.1432
25000,8,0.968523,27.1511
25000,8,0.968767,27.1494
25000,8,0.96847,28.9649
25000,8,0.968612,31.323
25000,8,0.968429,28.6069
25000,8,0.968654,28.1929
25000,8,0.968824,29.3591
25000,8,0.968723,27.266
25000,8,0.968559,27.1425
25000,8,0.968764,27.1391
25000,8,0.968498,27.0913
25000,8,0.968738,27.1598
25000,8,0.968463,27.1667
25000,8,0.968644,27.1418
25000,8,0.968481,27.1797
25000,8,0.968637,27.0956
25000,8,0.968461,27.1419
25000,8,0.968663,27.1608
25000,8,0.96849,27.1639
25000,8,0.968668,27.1952
25000,8,0.968499,27.1223
25000,8,0.968733,27.4024
25000,8,0.968523,27.1644
25000,8,0.968673,27.1191
25000,8,0.968502,27.1416
25000,8,0.968623,27.1572
25000,8,0.968465,27.1396
25000,8,0.968569,27.1523
25000,8,0.968466,27.1857
25000,8,0.968559,27.4338
25000,8,0.968517,27.1219
25000,8,0.968771,27.1329
25000,8,0.968527,27.1482
25000,8,0.96873,27.161
25000,8,0.968446,27.1354
25000,8,0.968719,27.1363
25000,8,0.968458,27.1468
25000,8,0.96867,27.368
25000,8,0.968125,28.1263
25000,8,0.968679,28.2199
25000,8,0.96851,27.1872
25000,8,0.968736,27.1614
25000,8,0.968522,27.1697
25000,8,0.968776,27.1612
25000,8,0.968498,27.1446
25000,8,0.968733,27.1949
25000,8,0.968526,27.1716
25000,8,0.96875,27.1472
25000,8,0.968477,27.1717
25000,8,0.968675,27.1448
25000,8,0.968465,27.1023
25000,8,0.968651,27.1333
25000,8,0.968579,27.6582
25000,8,0.968694,27.3046
25000,8,0.968488,27.2549
25000,8,0.968753,27.1606
25000,8,0.968473,27.1226
25000,8,0.968721,27.1603
25000,8,0.968435,27.0976
25000,8,0.968747,27.1258
25000,8,0.96852,27.1699
25000,8,0.96876,27.15
25000,8,0.968535,27.1631
25000,8,0.968757,27.1714
25000,8,0.968593,27.1268
25000,8,0.968729,27.1514
25000,8,0.968417,27.1396
25000,8,0.968647,27.1144
25000,8,0.968531,27.1459
25000,8,0.968701,27.1511
25000,8,0.968444,27.1064
25000,8,0.968551,27.5532
25000,8,0.968029,28.1691
25000,8,0.968703,27.4369
25000,8,0.968486,27.1348
25000,8,0.968739,27.1423
25000,8,0.968515,27.1189
25000,8,0.968663,27.2748
25000,8,0.968449,27.3216
25000,8,0.968692,27.1705
25000,8,0.96853,27.165
25000,8,0.968675,27.1781
25000,8,0.968502,27.1487
25000,8,0.968813,27.4972
25000,8,0.968584,27.1631
25000,8,0.96873,27.1429
25000,8,0.968505,27.1584
25000,8,0.968633,27.1544
25000,8,0.968529,27.1476
25000,8,0.968641,27.2074
25000,8,0.968485,27.1522
25000,8,0.968695,27.2167
25000,8,0.968454,27.1808
25000,8,0.968739,27.1435
25000,8,0.968587,27.1525
25000,8,0.968651,27.144
25000,8,0.968475,27.128
25000,9,1.08163,34.246
25000,9,0.860809,27.1247
25000,9,0.860969,27.2005
25000,9,0.860711,27.3389
25000,9,0.861076,27.8169
25000,9,0.860732,27.191
25000,9,0.860971,27.2482
25000,9,0.860715,27.1797
25000,9,0.860974,27.5452
25000,9,0.86069,28.0419
25000,9,0.860944,27.6868
25000,9,0.860692,27.1983
25000,9,0.860898,27.2034
25000,9,0.860735,27.2269
25000,9,0.860952,27.2443
25000,9,0.860776,27.207
25000,9,0.861035,27.2488
25000,9,0.860789,27.2527
25000,9,0.86095,27.2372
25000,9,0.861035,27.5653
25000,9,0.861012,27.2877
25000,9,0.860784,27.4665
25000,9,0.860998,27.2751
25000,9,0.860746,27.3001
25000,9,0.860941,27.2651
25000,9,0.860714,27.2782
25000,9,0.860955,27.2764
25000,9,0.860769,27.2851
25000,9,0.861088,28.3783
25000,9,0.861148,30.1531
25000,9,0.860963,27.319
25000,9,0.860741,27.3943
25000,9,0.86092,27.4273
25000,9,0.860716,27.2499
25000,9,0.860972,27.2961
25000,9,0.860751,27.311
25000,9,0.860927,27.305
25000,9,0.860738,27.3066
25000,9,0.860914,27.3137
25000,9,0.86076,27.3429
25000,9,0.860998,27.3246
25000,9,0.860724,27.3003
25000,9,0.860964,27.371
25000,9,0.860724,27.2902
25000,9,0.860926,27.3222
25000,9,0.860791,27.3302
25000,9,0.860999,27.5898
25000,9,0.860736,28.0696
25000,9,0.860935,27.6779
25000,9,0.860758,27.3557
25000,9,0.860977,27.3326
25000,9,0.860789,27.3174
25000,9,0.860946,27.3376
25000,9,0.860921,27.554
25000,9,0.860993,27.3677
25000,9,0.860745,27.3668
25000,9,0.860981,27.3711
25000,9,0.860805,27.3656
25000,9,0.860925,27.3768
25000,9,0.860762,27.5944
25000,9,0.860996,27.3965
25000,9,0.860701,27.3797
25000,9,0.860997,27.3802
25000,9,0.860773,27.3657
25000,9,0.860968,27.4302
25000,9,0.860709,27.3757
25000,9,0.861097,27.4106
25000,9,0.860768,27.4067
25000,9,0.860971,27.4028
25000,9,0.860784,27.4048
25000,9,0.860982,27.3888
25000,9,0.86073,27.3923
25000,9,0.860959,27.3815
25000,9,0.860792,28.0481
25000,9,0.861062,28.2052
25000,9,0.860785,27.8719
25000,9,0.860927,27.3655
25000,9,0.860736,27.368
25000,9,0.860968,27.4049
25000,9,0.86079,27.4244
25000,9,0.861003,27.4274
25000,9,0.860752,27.4106
25000,9,0.86091,27.4113
25000,9,0.860742,27.4075
25000,9,0.860952,27.651
25000,9,0.860794,28.1414
25000,9,0.861137,27.8287
25000,9,0.860753,27.4382
25000,9,0.861192,27.7071
25000,9,0.860776,27.4129
25000,9,0.860947,27.4313
25000,9,0.86077,27.4379
25000,9,0.860929,27.381
25000,9,0.860796,27.5795
25000,9,0.861,27.4313
25000,9,0.860839,27.4573
25000,9,0.861001,27.4344
25000,9,0.860821,27.46
25000,9,0.861052,27.4246
25000,9,0.860742,27.4389
25000,9,0.861043,27.4281
25000,9,0.860768,27.422
25000,9,0.860984,27.424
25000,9,0.860751,27.4435
25000,9,0.860951,27.4216
25000,9,0.860773,27.3865
25000,9,0.860928,27.4029
25000,9,0.860758,27.4314
25000,9,0.861003,27.4264
25000,9,0.860834,27.452
25000,9,0.860979,27.4275
25000,9,0.860754,27.4322
25000,9,0.861038,27.4256
25000,9,0.860763,27.5987
25000,9,0.860945,27.4535
25000,9,0.86073,27.4133
25000,9,0.861009,27.4545
25000,9,0.860797,27.4715
25000,9,0.860968,27.4617
25000,9,0.860753,27.4525
25000,9,0.860969,27.4885
25000,9,0.86077,27.4611
25000,9,0.861004,27.6469
25000,9,0.860946,28.4603
25000,9,0.861003,27.9693
25000,9,0.860723,27.4767
25000,9,0.86095,27.4725
25000,9,0.860757,27.4638
25000,9,0.860948,27.4764
25000,9,0.860791,27.4831
25000,9,0.86098,27.4424
25000,9,0.860761,27.4482
25000,9,0.860951,27.4879
25000,9,0.860781,27.4886
25000,9,0.861057,27.4863
25000,9,0.860775,27.4908
25000,9,0.860971,27.4976
25000,9,0.860753,27.501
25000,9,0.86112,28.1968
25000,9,0.860777,27.4802
25000,9,0.861042,27.6648
25000,9,0.860735,27.5152
25000,9,0.860927,27.5044
25000,9,0.860851,28.0617
25000,9,0.86123,27.5353
25000,9,0.860782,27.5148
25000,9,0.860966,27.4954
25000,9,0.860727,27.4593
25000,9,0.860972,27.5204
25000,9,0.86074,27.4794
25000,9,0.861005,27.4927
25000,9,0.860757,27.5004
25000,9,0.860978,27.4755
25000,9,0.860756,27.5051
25000,9,0.860957,27.5034
25000,9,0.860781,27.5032
25000,9,0.861005,27.5141
25000,9,0.860748,27.5132
25000,9,0.861232,27.8171
25000,9,0.860767,27.5218
25000,9,0.860995,27.6652
25000,9,0.860783,28.1983
25000,9,0.861009,27.9942
25000,9,0.860797,27.4625
25000,9,0.861002,27.5571
25000,9,0.8608,27.6183
25000,9,0.860939,27.5002
25000,9,0.86076,27.5389
25000,9,0.861016,27.698
25000,9,0.860747,27.5153
25000,9,0.860935,27.4994
25000,9,0.860728,27.525
25000,9,0.861101,27.5044
25000,9,0.860725,27.5157
25000,9,0.861034,27.5281
25000,9,0.860968,27.5189
25000,9,0.861006,27.5197
25000,9,0.860736,27.5189
25000,9,0.861075,27.5327
25000,9,0.860841,27.5039
25000,9,0.860998,27.5204
25000,9,0.860927,27.4982
25000,9,0.861081,27.5218
25000,9,0.86079,27.4768
25000,9,0.860982,27.5256
25000,9,0.860773,27.4927
25000,9,0.860987,27.5206
25000,9,0.860716,27.505
25000,9,0.861003,27.5127
25000,9,0.860785,27.5112
25000,9,0.860994,27.5166
25000,9,0.860729,27.5156
25000,9,0.861005,27.5172
25000,9,0.861102,27.8144
25000,9,0.860995,27.5221
25000,9,0.860871,27.7211
25000,9,0.861251,27.5084
25000,9,0.86106,27.5183
25000,9,0.861403,27.6719
25000,9,0.861073,28.2151
25000,9,0.861162,28.1776
25000,9,0.86096,27.5302
25000,9,0.861064,27.5499
25000,9,0.860974,27.5416
25000,9,0.861352,30.5031
25000,9,0.861149,28.3712
25000,9,0.861281,27.5361
25000,9,0.86099,27.5309
25000,9,0.861088,27.5351
25000,9,0.860758,27.5524
25000,9,0.861031,27.541
25000,9,0.860759,27.5547
25000,9,0.861033,27.5286
25000,9,0.861039,28.5934
25000,9,0.861155,28.3107
25000,9,0.86087,27.7629
25000,9,0.861135,27.5621
25000,9,0.860734,27.5628
25000,9,0.861049,27.5427
25000,9,0.860765,27.5611
25000,9,0.861042,27.5438
25000,9,0.860748,27.5463
25000,9,0.861221,27.7231
25000,9,0.860769,27.5447
25000,9,0.861054,27.5558
25000,9,0.860825,27.5444
25000,9,0.860994,27.5149
25000,9,0.860829,27.5412
25000,9,0.86137,27.8433
25000,9,0.860767,27.5292
25000,9,0.861234,27.5608
25000,9,0.86084,27.5482
25000,9,0.861079,27.5652
25000,9,0.860989,27.5493
25000,9,0.860997,27.526
25000,9,0.860742,27.5015
25000,9,0.860961,27.6008
25000,9,0.860794,28.214
25000,9,0.861068,28.1257
25000,9,0.86078,27.5033
25000,9,0.861006,27.4898
25000,9,0.860898,29.3163
25000,9,0.861122,31.1733
25000,9,0.860989,28.5083
25000,9,0.861047,27.5809
25000,9,0.861109,29.1887
25000,9,0.861668,28.0967
25000,9,0.86076,27.5442
25000,9,0.860964,27.5355
25000,9,0.860773,27.6114
25000,10,0.97754,31.6564
25000,10,0.775323,25.0076
25000,10,0.775535,25.0499
25000,10,0.775282,25.0369
25000,10,0.775596,25.0465
25000,10,0.775294,25.0319
25000,10,0.775515,25.075
25000,10,0.775317,25.085
25000,10,0.775472,25.0858
25000,10,0.775287,25.093
25000,10,0.775526,25.0873
25000,10,0.775307,25.0928
25000,10,0.775447,25.1124
25000,10,0.775598,25.3984
25000,10,0.775575,25.0416
25000,10,0.775383,25.0934
25000,10,0.775452,25.0989
25000,10,0.775298,25.0837
25000,10,0.775452,25.0763
25000,10,0.775343,25.0835
25000,10,0.77549,25.1136
25000,10,0.77519,25.0795
25000,10,0.775419,25.1318
25000,10,0.775226,25.1179
25000,10,0.775443,25.0796
25000,10,0.77523,25.118
25000,10,0.775421,25.3714
25000,10,0.775185,25.799
25000,10,0.775601,25.7765
25000,10,0.775293,25.1765
25000,10,0.775502,25.1407
25000,10,0.77527,25.1136
25000,10,0.775501,25.1794
25000,10,0.775473,25.1858
25000,10,0.775523,25.1327
25000,10,0.775567,25.5254
25000,10,0.775653,25.1818
25000,10,0.775374,25.0278
25000,10,0.775581,25.076
25000,10,0.775246,25.0299
25000,10,0.775642,25.0916
25000,10,0.775371,24.9669
25000,10,0.775493,25.0135
25000,10,0.775284,25.016
25000,10,0.775485,25.0342
25000,10,0.775314,25.0075
25000,10,0.775576,25.1035
25000,10,0.77533,24.972
25000,10,0.775454,25.0566
25000,10,0.775401,25.0552
25000,10,0.775539,25.0234
25000,10,0.775366,25.1078
25000,10,0.775631,25.2546
25000,10,0.775336,24.9632
25000,10,0.775565,24.9831
25000,10,0.775366,24.9259
25000,10,0.775508,24.9871
25000,10,0.775226,25.0403
25000,10,0.775504,25.1092
25000,10,0.775352,25.1563
25000,10,0.775527,24.9414
25000,10,0.775317,24.9876
25000,10,0.77552,24.9866
25000,10,0.775308,24.9445
25000,10,0.775559,24.9607
25000,10,0.775299,25.1933
25000,10,0.775529,25.0442
25000,10,0.775237,25.0089
25000,10,0.775545,25.1157
25000,10,0.775131,25.8116
25000,10,0.775343,25.8569
25000,10,0.775267,25.11
25000,10,0.775555,25.0549
25000,10,0.775295,24.9669
25000,10,0.775473,24.9579
25000,10,0.775292,25.0511
25000,10,0.77553,25.015
25000,10,0.775404,25.0383
25000,10,0.775557,25.0318
25000,10,0.775276,25.0223
25000,10,0.775549,24.9714
25000,10,0.77533,24.9767
25000,10,0.775559,24.9346
25000,10,0.77527,24.9952
25000,10,0.775574,25.0199
25000,10,0.775394,25.052
25000,10,0.775496,25.0316
25000,10,0.77539,25.0861
25000,10,0.775446,25.0374
25000,10,0.775331,25.2734
25000,10,0.775621,25.3693
25000,10,0.775366,25.0078
25000,10,0.7756,25.0269
25000,10,0.775306,25.011
25000,10,0.775523,25.0781
25000,10,0.775269,24.9821
25000,10,0.775452,25.0162
25000,10,0.775349,24.9514
25000,10,0.775506,25.013
25000,10,0.775335,24.9866
25000,10,0.775536,25.0176
25000,10,0.775259,25.0508
25000,10,0.775573,25.0441
25000,10,0.775347,24.9994
25000,10,0.77546,25.0659
25000,10,0.775283,25.0115
25000,10,0.775585,25.0251
25000,10,0.775407,25.0378
25000,10,0.775558,24.9958
25000,10,0.775373,24.9969
25000,10,0.775483,25.0099
25000,10,0.775304,26.1705
25000,10,0.77546,28.9971
25000,10,0.775418,29.1169
25000,10,0.775381,28.4312
25000,10,0.775342,28.4485
25000,10,0.775508,28.4024
25000,10,0.775309,28.0431
25000,10,0.775577,25.063
25000,10,0.775271,25.2598
25000,10,0.775499,25.0879
25000,10,0.775319,25.0435
25000,10,0.775507,25.0754
25000,10,0.775308,25.0157
25000,10,0.775597,25.1177
25000,10,0.775258,25.0662
25000,10,0.775513,25.1487
25000,10,0.775319,25.0446
25000,10,0.775464,25.1028
25000,10,0.775439,25.3644
25000,10,0.775557,25.0685
25000,10,0.77535,25.0861
25000,10,0.775444,25.079
25000,10,0.775356,25.0916
25000,10,0.775574,25.0743
25000,10,0.775281,25.0768
25000,10,0.775518,25.072
25000,10,0.775331,25.0856
25000,10,0.775523,25.0808
25000,10,0.775505,25.0829
25000,10,0.775539,25.019
25000,10,0.775258,25.0341
25000,10,0.775618,25.0628
25000,10,0.775648,28.41
25000,10,0.775707,25.8552
25000,10,0.775351,25.2391
25000,10,0.77549,25.105
25000,10,0.775338,25.0405
25000,10,0.775564,25.0704
25000,10,0.77535,25.2677
25000,10,0.775452,25.0719
25000,10,0.775298,25.07
25000,10,0.775638,25.1148
25000,10,0.775253,25.5344
25000,10,0.775361,25.8669
25000,10,0.77527,25.4915
25000,10,0.775528,25.0217
25000,10,0.775356,25.1015
25000,10,0.775485,25.0521
25000,10,0.775323,25.0367
25000,10,0.775487,25.0749
25000,10,0.775305,25.0596
25000,10,0.77546,25.0588
25000,10,0.775234,25.0454
25000,10,0.775587,25.1013
25000,10,0.775406,25.0542
25000,10,0.775476,25.0807
25000,10,0.775334,25.0784
25000,10,0.775595,25.4081
25000,10,0.775483,25.057
25000,10,0.775597,25.1081
25000,10,0.775277,25.0636
25000,10,0.775531,25.1001
25000,10,0.775382,25.0488
25000,10,0.775537,25.0752
25000,10,0.775364,25.0407
25000,10,0.775542,25.1035
25000,10,0.775306,25.0576
25000,10,0.775555,25.1097
25000,10,0.775299,25.2259
25000,10,0.7756,25.1529
25000,10,0.775259,25.0425
25000,10,0.775463,25.056
25000,10,0.775392,25.0599
25000,10,0.775554,25.0417
25000,10,0.775333,25.0646
25000,10,0.775584,25.0424
25000,10,0.775348,25.0486
25000,10,0.775434,25.1127
25000,10,0.7753,25.0807
25000,10,0.775458,25.3812
25000,10,0.775389,25.4647
25000,10,0.775491,25.0615
25000,10,0.775449,25.0957
25000,10,0.77544,25.0842
25000,10,0.77533,25.3881
25000,10,0.775454,25.9554
25000,10,0.775147,25.8685
25000,10,0.775494,25.1431
25000,10,0.77532,25.0839
25000,10,0.775618,25.175
25000,10,0.775373,25.1212
25000,10,0.775413,25.1732
25000,10,0.77519,25.1612
25000,10,0.775509,25.1533
25000,10,0.775354,25.1664
25000,10,0.77573,25.4772
25000,10,0.775361,25.1508
25000,10,0.775507,25.1979
25000,10,0.775407,25.3639
25000,10,0.775533,25.2443
25000,10,0.775294,25.1689
25000,10,0.775533,25.2065
25000,10,0.775385,25.1253
25000,10,0.775596,25.1965
25000,10,0.775339,25.1404
25000,10,0.775564,25.1822
25000,10,0.775345,25.1529
25000,10,0.77549,25.1187
25000,10,0.775445,25.159
25000,10,0.775561,25.147
25000,10,0.775414,25.1182
25000,10,0.775539,25.1233
25000,10,0.775324,25.1043
25000,10,0.77543,25.1177
25000,10,0.775371,25.3044
25000,10,0.775544,25.1042
25000,10,0.775369,25.1453
25000,10,0.77542,25.0939
25000,10,0.775322,25.1463
25000,10,0.775554,25.106
25000,10,0.775362,25.1464
25000,10,0.775582,25.1215
25000,10,0.775363,25.1327
25000,10,0.775495,25.0993
25000,10,0.77536,25.1254
25000,10,0.775511,25.1111
25000,10,0.775329,25.1275
25000,10,0.775366,26.0044
25000,10,0.775155,25.971
25000,10,0.775507,25.3889
25000,10,0.775398,25.0621
25000,10,0.77551,25.1493
25000,10,0.775282,25.1688
25000,10,0.775442,25.1491
25000,10,0.775487,25.4106
25000,10,0.775609,25.1242
25000,10,0.775383,25.079
25000,10,0.775454,25.1065
25000,10,0.77524,25.0773
25000,11,0.891971,32.1511
25000,11,0.70484,25.3885
25000,11,0.705012,25.445
25000,11,0.704791,25.5196
25000,11,0.704949,25.5291
25000,11,0.704871,25.501
25000,11,0.70499,25.4466
25000,11,0.704948,25.4511
25000,11,0.704988,25.4707
25000,11,0.704831,25.4706
25000,11,0.704973,25.4597
25000,11,0.704807,25.478
25000,11,0.705246,25.6408
25000,11,0.704919,25.4638
25000,11,0.704987,25.4782
25000,11,0.704863,25.4778
25000,11,0.704991,25.4811
25000,11,0.704801,25.4739
25000,11,0.704931,25.4899
25000,11,0.705193,26.4815
25000,11,0.704956,26.0697
25000,11,0.705087,25.7996
25000,11,0.705105,25.513
25000,11,0.704863,25.7076
25000,11,0.704994,25.4872
25000,11,0.704798,25.4844
25000,11,0.705017,25.5256
25000,11,0.704838,25.5207
25000,11,0.704994,25.5041
25000,11,0.704901,25.4867
25000,11,0.704968,25.5115
25000,11,0.704784,25.5066
25000,11,0.705015,26.1226
25000,11,0.704913,26.1233
25000,11,0.70501,25.653
25000,11,0.704829,25.5132
25000,11,0.705068,25.7885
25000,11,0.704825,25.5248
25000,11,0.704968,25.5073
25000,11,0.704876,25.5265
25000,11,0.704959,25.5309
25000,11,0.704944,25.5397
25000,11,0.704971,25.5333
25000,11,0.704866,25.5279
25000,11,0.704931,25.541
25000,11,0.70485,25.5155
25000,11,0.704923,25.4966
25000,11,0.704893,25.5254
25000,11,0.70501,25.5347
25000,11,0.70481,25.5099
25000,11,0.705049,25.5087
25000,11,0.704892,25.497
25000,11,0.704955,25.5015
25000,11,0.704844,25.459
25000,11,0.704999,25.7178
25000,11,0.704834,25.4952
25000,11,0.704975,25.4847
25000,11,0.704847,25.4817
25000,11,0.704952,25.4811
25000,11,0.704793,25.5059
25000,11,0.704975,25.6607
25000,11,0.704754,25.4861
25000,11,0.704991,25.5189
25000,11,0.704818,25.4618
25000,11,0.705015,25.5477
25000,11,0.704829,25.444
25000,11,0.704902,25.493
25000,11,0.704821,25.4683
25000,11,0.704935,25.5008
25000,11,0.704786,25.4819
25000,11,0.705008,25.5527
25000,11,0.704787,25.5189
25000,11,0.704946,25.5309
25000,11,0.704853,25.532
25000,11,0.704959,25.5304
25000,11,0.704873,25.5075
25000,11,0.705014,25.4886
25000,11,0.704873,25.4768
25000,11,0.705024,25.9855
25000,11,0.704914,26.3411
25000,11,0.705093,25.9753
25000,11,0.704899,25.511
25000,11,0.704994,25.487
25000,11,0.704826,25.4891
25000,11,0.705022,25.4993
25000,11,0.704821,25.4481
25000,11,0.70492,25.4526
25000,11,0.704973,25.7128
25000,11,0.704905,25.464
25000,11,0.70481,25.5134
25000,11,0.705008,25.487
25000,11,0.704836,25.4966
25000,11,0.704957,25.5378
25000,11,0.704865,25.5045
25000,11,0.704897,25.4775
25000,11,0.704974,25.982
25000,11,0.705388,28.1586
25000,11,0.705085,25.7873
25000,11,0.705044,25.4786
25000,11,0.704826,25.5117
25000,11,0.70499,25.4882
25000,11,0.704824,25.4452
25000,11,0.704978,25.4536
25000,11,0.704847,25.4168
25000,11,0.705186,26.1913
25000,11,0.704871,25.4535
25000,11,0.704941,25.4848
25000,11,0.704877,25.4499
25000,11,0.70499,25.4921
25000,11,0.704819,25.4396
25000,11,0.704998,25.508
25000,11,0.704976,25.4622
25000,11,0.704935,25.4595
25000,11,0.704837,25.4719
25000,11,0.704979,25.4568
25000,11,0.704832,25.4521
25000,11,0.704974,25.4866
25000,11,0.704848,25.4776
25000,11,0.704988,25.486
25000,11,0.704885,25.4722
25000,11,0.704973,25.6363
25000,11,0.705045,25.834
25000,11,0.704959,25.4698
25000,11,0.704785,25.4629
25000,11,0.704986,25.4891
25000,11,0.704856,26.2617
25000,11,0.704932,26.2797
25000,11,0.704856,25.7718
25000,11,0.704986,25.5201
25000,11,0.70481,25.4741
25000,11,0.705016,25.5018
25000,11,0.704867,25.4789
25000,11,0.705095,25.4479
25000,11,0.70489,25.4561
25000,11,0.705018,25.4702
25000,11,0.704874,25.4618
25000,11,0.704972,25.4469
25000,11,0.705059,26.4641
25000,11,0.70544,27.5176
25000,11,0.705039,27.4159
25000,11,0.712317,27.5688
25000,11,0.70531,27.8733
25000,11,0.705029,25.6071
25000,11,0.705859,29.6434
25000,11,0.705566,28.4424
25000,11,0.705252,28.3516
25000,11,0.70553,28.4667
25000,11,0.705361,29.7825
25000,11,0.705667,30.448
25000,11,0.705249,29.8114
25000,11,0.70589,30.2718
25000,11,0.709696,30.2333
25000,11,0.707522,29.8918
25000,11,0.705232,30.3376
25000,11,0.70535,28.5425
25000,11,0.705201,28.3243
25000,11,0.705216,26.8923
25000,11,0.705357,27.5768
25000,11,0.708364,28.1788
25000,11,0.707515,28.3006
25000,11,0.708449,28.4247
25000,11,0.707883,28.3893
25000,11,0.708368,28.4463
25000,11,0.707002,28.443
25000,11,0.7088,28.6438
25000,11,0.707061,28.325
25000,11,0.708889,28.4753
25000,11,0.70635,26.1403
25000,11,0.70497,25.5208
25000,11,0.704906,25.513
25000,11,0.705061,25.5065
25000,11,0.704827,26.0863
25000,11,0.705033,26.4313
25000,11,0.704906,26.4138
25000,11,0.704909,25.7453
25000,11,0.704845,25.4716
25000,11,0.704969,25.5063
25000,11,0.704784,25.5146
25000,11,0.704972,25.5243
25000,11,0.707669,26.6387
25000,11,0.705183,27.8759
25000,11,0.705223,27.7464
25000,11,0.707019,27.4237
25000,11,0.704891,25.5092
25000,11,0.704946,25.4816
25000,11,0.704871,25.5621
25000,11,0.705108,25.5998
25000,11,0.705292,25.7484
25000,11,0.704948,25.5115
25000,11,0.704917,26.2861
25000,11,0.705031,26.3863
25000,11,0.704814,26.0549
25000,11,0.705064,25.5213
25000,11,0.704813,25.5206
25000,11,0.704959,25.4977
25000,11,0.704794,25.4991
25000,11,0.704957,25.5071
25000,11,0.70485,25.4498
25000,11,0.704936,25.5073
25000,11,0.704788,25.498
25000,11,0.704975,25.5132
25000,11,0.704841,25.4894
25000,11,0.705087,25.5134
25000,11,0.704841,25.5167
25000,11,0.704996,25.512
25000,11,0.704788,25.4998
25000,11,0.705044,25.6939
25000,11,0.704899,25.5232
25000,11,0.704959,25.4999
25000,11,0.704816,25.4935
25000,11,0.704954,25.5046
25000,11,0.704841,25.4953
25000,11,0.705021,25.5055
25000,11,0.704816,25.4961
25000,11,0.704955,25.5305
25000,11,0.704824,25.5008
25000,11,0.704918,25.5008
25000,11,0.704839,25.5986
25000,11,0.705007,26.4098
25000,11,0.704857,26.408
25000,11,0.705193,25.9438
25000,11,0.704817,25.4833
25000,11,0.704954,25.5118
25000,11,0.704759,25.5024
25000,11,0.70495,25.5152
25000,11,0.705226,27.9782
25000,11,0.705381,28.5814
25000,11,0.705297,28.2951
25000,11,0.705365,28.4449
25000,11,0.705241,28.4704
25000,11,0.70532,28.3512
25000,11,0.704816,25.5549
25000,11,0.704928,25.5179
25000,11,0.704947,25.498
25000,11,0.705051,25.5131
25000,11,0.704876,25.4994
25000,11,0.704974,25.7194
25000,11,0.704831,25.5175
25000,11,0.704929,25.5441
25000,11,0.704766,25.5047
25000,11,0.704956,25.5126
25000,11,0.704852,25.5183
25000,11,0.704892,25.5027
25000,11,0.704836,25.5009
25000,11,0.704937,25.5401
25000,11,0.704807,25.4722
25000,11,0.705035,25.5154
25000,11,0.704796,25.5072
25000,11,0.704925,25.5336
25000,11,0.704969,25.7974
25000,12,0.820752,30.3314
25000,12,0.646787,23.6609
25000,12,0.646982,23.9769
25000,12,0.646784,23.7126
25000,12,0.647002,23.7217
25000,12,0.646892,23.7158
25000,12,0.64702,23.7095
25000,12,0.646956,23.7663
25000,12,0.646979,23.7169
25000,12,0.646832,23.7295
25000,12,0.647036,23.7328
25000,12,0.646843,23.7122
25000,12,0.646935,23.7208
25000,12,0.646912,23.7202
25000,12,0.646807,24.1393
25000,12,0.646678,24.5173
25000,12,0.646911,24.3586
25000,12,0.646924,23.7219
25000,12,0.647033,23.7433
25000,12,0.646871,23.7084
25000,12,0.647005,23.7146
25000,12,0.64686,23.7117
25000,12,0.646953,23.7318
25000,12,0.646942,23.7285
25000,12,0.646941,23.7281
25000,12,0.646904,23.8205
25000,12,0.647039,24.2304
25000,12,0.646791,23.6949
25000,12,0.647168,23.73
25000,12,0.646844,23.7184
25000,12,0.646962,23.7455
25000,12,0.646945,23.7141
25000,12,0.647046,23.735
25000,12,0.646795,23.7153
25000,12,0.646923,23.7348
25000,12,0.646916,23.7158
25000,12,0.646953,23.7247
25000,12,0.646856,23.7125
25000,12,0.647029,23.9899
25000,12,0.646819,23.7468
25000,12,0.646985,23.7214
25000,12,0.646846,23.6825
25000,12,0.647067,23.7958
25000,12,0.646985,23.7183
25000,12,0.6472,24.0405
25000,12,0.646835,23.722
25000,12,0.646886,23.7605
25000,12,0.646904,23.7239
25000,12,0.646965,23.7316
25000,12,0.646823,23.6754
25000,12,0.646934,23.7289
25000,12,0.646865,23.7179
25000,12,0.646949,23.7267
25000,12,0.646884,23.7246
25000,12,0.647114,23.756
25000,12,0.646823,23.7202
25000,12,0.647082,23.7254
25000,12,0.646934,23.718
25000,12,0.646931,23.7201
25000,12,0.646951,23.7329
25000,12,0.646994,23.7294
25000,12,0.646901,23.7209
25000,12,0.646927,23.7661
25000,12,0.646914,23.7249
25000,12,0.647077,25.3293
25000,12,0.646988,26.2328
25000,12,0.646916,24.619
25000,12,0.646784,24.2804
25000,12,0.647042,23.7496
25000,12,0.646917,23.7567
25000,12,0.64702,23.7696
25000,12,0.646852,23.7427
25000,12,0.646978,23.7493
25000,12,0.646811,23.7296
25000,12,0.646933,23.8845
25000,12,0.646901,23.8344
25000,12,0.646941,23.7396
25000,12,0.646825,23.731
25000,12,0.646916,23.7808
25000,12,0.646855,23.9359
25000,12,0.646907,23.7595
25000,12,0.647008,23.7471
25000,12,0.647015,23.7491
25000,12,0.646822,23.7231
25000,12,0.646998,23.7537
25000,12,0.646824,23.7176
25000,12,0.646927,23.7245
25000,12,0.646892,23.7331
25000,12,0.647026,23.748
25000,12,0.646826,23.7302
25000,12,0.647192,24.09
25000,12,0.646999,23.767
25000,12,0.646911,23.7431
25000,12,0.646916,23.7188
25000,12,0.647039,23.7778
25000,12,0.646851,23.6992
25000,12,0.646927,23.7128
25000,12,0.646831,23.7244
25000,12,0.64691,23.7314
25000,12,0.646959,23.733
25000,12,0.64699,23.7692
25000,12,0.646805,23.7598
25000,12,0.647005,23.7559
25000,12,0.646896,23.727
25000,12,0.646938,23.7529
25000,12,0.646894,23.7189
25000,12,0.64704,23.7476
25000,12,0.646773,23.7221
25000,12,0.646995,23.751
25000,12,0.646851,23.7549
25000,12,0.646976,23.8405
25000,12,0.646942,23.8782
25000,12,0.646962,23.7572
25000,12,0.64687,23.7335
25000,12,0.64703,23.7378
25000,12,0.646739,23.9297
25000,12,0.646897,24.4528
25000,12,0.646724,24.4269
25000,12,0.646954,24.4525
25000,12,0.646952,24.0957
25000,12,0.646854,23.7416
25000,12,0.646949,23.7522
25000,12,0.647018,23.7283
25000,12,0.6468,23.7278
25000,12,0.646898,23.7451
25000,12,0.646924,23.7521
25000,12,0.64688,23.736
25000,12,0.646855,23.7393
25000,12,0.646969,23.7372
25000,12,0.646831,23.7293
25000,12,0.647008,23.7506
25000,12,0.646858,23.7568
25000,12,0.647023,23.767
25000,12,0.646886,23.7648
25000,12,0.646931,23.7539
25000,12,0.646834,23.7258
25000,12,0.647134,24.0666
25000,12,0.64701,23.7507
25000,12,0.646951,23.7371
25000,12,0.64683,23.7198
25000,12,0.647108,23.7784
25000,12,0.64681,23.6969
25000,12,0.646932,23.7405
25000,12,0.646834,23.7376
25000,12,0.647012,23.7532
25000,12,0.646857,23.7372
25000,12,0.646875,23.8661
25000,12,0.646949,24.0043
25000,12,0.646949,23.8044
25000,12,0.646966,23.763
25000,12,0.647037,23.7568
25000,12,0.646774,23.7657
25000,12,0.647028,23.7488
25000,12,0.646845,23.7296
25000,12,0.646919,23.7424
25000,12,0.646784,23.7247
25000,12,0.646962,23.79
25000,12,0.646791,23.7365
25000,12,0.646899,23.7673
25000,12,0.646909,23.7487
25000,12,0.646894,23.7152
25000,12,0.646823,23.7649
25000,12,0.646999,23.753
25000,12,0.646851,23.7443
25000,12,0.646907,23.7877
25000,12,0.646809,23.7385
25000,12,0.646882,24.2169
25000,12,0.646831,24.4716
25000,12,0.646909,24.4388
25000,12,0.646781,23.7531
25000,12,0.646951,23.7591
25000,12,0.64686,23.749
25000,12,0.646903,23.7858
25000,12,0.646783,23.7039
25000,12,0.647016,23.7537
25000,12,0.646839,23.9631
25000,12,0.646882,23.7581
25000,12,0.64681,23.7354
25000,12,0.646906,23.7622
25000,12,0.646817,23.7491
25000,12,0.646919,23.7893
25000,12,0.646967,23.752
25000,12,0.646924,23.7552
25000,12,0.647025,24.3103
25000,12,0.647108,23.7628
25000,12,0.646772,23.7375
25000,12,0.647081,23.7592
25000,12,0.646844,23.7539
25000,12,0.64687,23.7841
25000,12,0.646825,23.7484
25000,12,0.647061,23.7685
25000,12,0.646769,23.752
25000,12,0.646924,23.7242
25000,12,0.646954,23.747
25000,12,0.646906,23.7244
25000,12,0.646885,23.7639
25000,12,0.646969,23.7545
25000,12,0.646828,23.7489
25000,12,0.647027,23.757
25000,12,0.646856,23.7597
25000,12,0.64696,23.7798
25000,12,0.646898,23.8663
25000,12,0.647021,23.7653
25000,12,0.646987,24.472
25000,12,0.647016,23.7629
25000,12,0.646898,23.7418
25000,12,0.646891,23.7808
25000,12,0.646829,23.7451
25000,12,0.646955,23.7569
25000,12,0.64691,23.7518
25000,12,0.646958,23.791
25000,12,0.646904,24.1702
25000,12,0.64703,23.9522
25000,12,0.646809,23.7473
25000,12,0.647009,23.7568
25000,12,0.646922,23.7473
25000,12,0.646902,23.7515
25000,12,0.646778,24.4539
25000,12,0.646888,24.5275
25000,12,0.647049,24.384
25000,12,0.647006,23.7797
25000,12,0.646928,23.748
25000,12,0.646908,23.7608
25000,12,0.646934,23.7502
25000,12,0.647087,23.7778
25000,12,0.646788,23.7523
25000,12,0.646915,23.7418
25000,12,0.646975,23.779
25000,12,0.646926,23.7276
25000,12,0.646993,24.0951
25000,12,0.647126,23.7766
25000,12,0.646822,23.723
25000,12,0.646988,23.8035
25000,12,0.646822,23.7147
25000,12,0.646928,23.7635
25000,12,0.646813,23.7645
25000,12,0.64698,23.7716
25000,12,0.646845,23.7632
25000,12,0.646951,23.7671
25000,12,0.646835,23.7427
25000,12,0.647028,23.7557
25000,12,0.646896,23.7635
25000,12,0.646969,23.7604
25000,12,0.646855,23.7698
25000,12,0.646942,23.7579
25000,12,0.646847,23.7643
25000,12,0.647078,23.7649
25000,12,0.646856,23.7478
25000,12,0.646931,23.7557
25000,12,0.646904,23.7555
25000,13,0.760044,30.1772
25000,13,0.597418,23.4876
25000,13,0.597469,23.5593
25000,13,0.597307,23.5406
25000,13,0.597439,23.6187
25000,13,0.597372,23.6013
25000,13,0.597453,23.5966
25000,13,0.597269,23.5279
25000,13,0.597387,23.5444
25000,13,0.59733,23.5865
25000,13,0.597379,23.5589
25000,13,0.597376,23.5403
25000,13,0.597349,23.5803
25000,13,0.597293,23.5284
25000,13,0.59737,23.5742
25000,13,0.597243,23.5723
25000,13,0.597344,23.5569
25000,13,0.597333,23.6121
25000,13,0.597328,23.6219
25000,13,0.597213,23.529
25000,13,0.597397,23.598
25000,13,0.597278,23.5863
25000,13,0.597413,23.6111
25000,13,0.597303,23.599
25000,13,0.597458,23.6007
25000,13,0.597284,23.6097
25000,13,0.597594,23.8942
25000,13,0.59736,23.6276
25000,13,0.597427,23.5946
25000,13,0.597256,23.5864
25000,13,0.59743,23.6472
25000,13,0.597387,23.6045
25000,13,0.597424,23.6338
25000,13,0.597297,23.5869
25000,13,0.597447,23.6307
25000,13,0.597302,23.5826
25000,13,0.597414,23.6235
25000,13,0.597274,23.5817
25000,13,0.597334,23.597
25000,13,0.597345,23.6444
25000,13,0.597447,23.6157
25000,13,0.597319,23.6015
25000,13,0.597349,23.6102
25000,13,0.597307,23.6065
25000,13,0.597492,23.6843
25000,13,0.597289,23.5951
25000,13,0.597362,23.6043
25000,13,0.597301,23.6389
25000,13,0.597416,23.6036
25000,13,0.597347,23.6468
25000,13,0.597495,24.0773
25000,13,0.601977,26.1985
25000,13,0.604355,25.7195
25000,13,0.597338,23.7037
25000,13,0.59859,23.9219
25000,13,0.597374,23.6092
25000,13,0.597384,23.6315
25000,13,0.597323,23.6755
25000,13,0.600874,24.653
25000,13,0.597312,23.613
25000,13,0.597581,23.7068
25000,13,0.597325,23.6409
25000,13,0.597418,23.6336
25000,13,0.59735,23.6719
25000,13,0.597517,23.6348
25000,13,0.597324,23.6702
25000,13,0.597398,23.6322
25000,13,0.597349,23.6674
25000,13,0.597412,23.6318
25000,13,0.597438,23.6146
25000,13,0.597469,23.6736
25000,13,0.597363,23.6353
25000,13,0.597432,23.6611
25000,13,0.597322,23.5978
25000,13,0.597456,23.6198
25000,13,0.597307,23.5995
25000,13,0.59744,23.7985
25000,13,0.597896,23.9072
25000,13,0.597414,23.6905
25000,13,0.59737,23.6477
25000,13,0.597514,23.6751
25000,13,0.597298,23.6353
25000,13,0.597441,23.6898
25000,13,0.597453,23.6819
25000,13,0.597473,23.6776
25000,13,0.597329,23.6627
25000,13,0.597436,23.6993
25000,13,0.597369,23.6575
25000,13,0.597458,23.6494
25000,13,0.597339,23.6772
25000,13,0.597441,23.6454
25000,13,0.597364,23.6823
25000,13,0.597429,23.6544
25000,13,0.59732,23.6851
25000,13,0.597453,23.6492
25000,13,0.598026,25.0039
25000,13,0.598181,26.2343
25000,13,0.597912,26.2894
25000,13,0.599283,24.61
25000,13,0.597667,24.1973
25000,13,0.597892,24.3005
25000,13,0.601383,25.6996
25000,13,0.598342,23.8993
25000,13,0.59755,23.7094
25000,13,0.597754,23.7357
25000,13,0.597457,23.7294
25000,13,0.597408,23.6553
25000,13,0.597384,23.702
25000,13,0.597404,23.6541
25000,13,0.597354,23.6976
25000,13,0.59744,23.6611
25000,13,0.597314,23.6993
25000,13,0.597484,23.6796
25000,13,0.597398,23.6694
25000,13,0.597517,23.6707
25000,13,0.597364,23.6532
25000,13,0.597387,23.716
25000,13,0.597329,23.6561
25000,13,0.597426,23.7132
25000,13,0.597383,23.664
25000,13,0.597447,23.7028
25000,13,0.597316,23.6654
25000,13,0.597447,23.6918
25000,13,0.597416,23.6591
25000,13,0.597415,23.6667
25000,13,0.597387,23.701
25000,13,0.597434,23.6726
25000,13,0.597965,24.0344
25000,13,0.597455,23.6492
25000,13,0.597283,23.6064
25000,13,0.597408,23.7003
25000,13,0.597327,23.649
25000,13,0.597398,23.6589
25000,13,0.597349,23.7039
25000,13,0.597514,23.6735
25000,13,0.597304,23.7211
25000,13,0.597391,23.6735
25000,13,0.597316,23.6941
25000,13,0.597458,23.6681
25000,13,0.597301,23.6717
25000,13,0.597423,23.7173
25000,13,0.597423,23.6649
25000,13,0.597416,23.7305
25000,13,0.597337,23.663
25000,13,0.597446,23.6761
25000,13,0.597363,23.6952
25000,13,0.59734,23.6711
25000,13,0.597291,23.7045
25000,13,0.59751,23.6841
25000,13,0.597272,23.7121
25000,13,0.597476,23.679
25000,13,0.597446,23.7396
25000,13,0.59742,23.6829
25000,13,0.597316,23.6677
25000,13,0.597417,23.7248
25000,13,0.597422,23.6628
25000,13,0.597439,23.7139
25000,13,0.59737,23.6796
25000,13,0.597482,24.3228
25000,13,0.597543,23.788
25000,13,0.597513,23.7391
25000,13,0.597404,23.7136
25000,13,0.597392,23.7283
25000,13,0.597242,23.674
25000,13,0.597414,23.6839
25000,13,0.597355,23.7077
25000,13,0.597422,23.6751
25000,13,0.597297,23.7139
25000,13,0.59737,23.6813
25000,13,0.597375,23.7145
25000,13,0.597518,23.6815
25000,13,0.597316,23.6801
25000,13,0.597452,23.7224
25000,13,0.597346,23.6741
25000,13,0.597439,23.7264
25000,13,0.597356,23.6797
25000,13,0.597423,23.7147
25000,13,0.597651,24.0208
25000,13,0.597445,23.7285
25000,13,0.597341,23.7061
25000,13,0.597478,23.7479
25000,13,0.597381,23.6849
25000,13,0.597443,23.6982
25000,13,0.597251,23.6412
25000,13,0.597363,23.651
25000,13,0.597373,23.682
25000,13,0.597457,23.6919
25000,13,0.597373,23.7222
25000,13,0.597446,23.6859
25000,13,0.597257,23.6851
25000,13,0.597465,23.7316
25000,13,0.597325,23.6755
25000,13,0.597426,23.7369
25000,13,0.597304,23.6841
25000,13,0.597416,23.7365
25000,13,0.597314,23.6853
25000,13,0.59746,23.6964
25000,13,0.597392,23.722
25000,13,0.597413,23.7056
25000,13,0.597364,23.7365
25000,13,0.597438,23.7331
25000,13,0.597332,23.7404
25000,13,0.597412,23.6948
25000,13,0.597321,23.6998
25000,13,0.597367,23.7301
25000,13,0.597349,23.6874
25000,13,0.597498,23.7354
25000,13,0.59734,23.702
25000,13,0.597469,23.7307
25000,13,0.59732,23.6963
25000,13,0.597447,23.6951
25000,13,0.59739,23.7338
25000,13,0.597404,23.7074
25000,13,0.597319,23.7336
25000,13,0.597394,23.7074
25000,13,0.597378,23.6876
25000,13,0.597374,23.744
25000,13,0.597294,23.6927
25000,13,0.597358,23.7415
25000,13,0.597334,23.6956
25000,13,0.597395,23.7476
25000,13,0.597379,23.7071
25000,13,0.59744,23.6953
25000,13,0.597353,23.7248
25000,13,0.597404,23.7147
25000,13,0.597444,23.732
25000,13,0.597434,23.7045
25000,13,0.597539,24.0306
25000,13,0.597388,23.6971
25000,13,0.597309,23.763
25000,13,0.597367,23.7061
25000,13,0.597307,23.7117
25000,13,0.597416,23.7383
25000,13,0.597314,23.7049
25000,13,0.59756,23.7484
25000,13,0.597369,23.6956
25000,13,0.597463,23.7557
25000,13,0.59732,23.6776
25000,13,0.597365,23.6681
25000,13,0.597394,23.7357
25000,13,0.597487,23.7342
25000,13,0.597364,23.7477
25000,13,0.597452,23.7079
25000,13,0.597287,23.7369
25000,13,0.597499,23.723
25000,13,0.597314,23.7364
25000,13,0.597404,23.7135
25000,13,0.597344,23.7033
25000,13,0.597409,23.7538
25000,13,0.597412,23.7076
25000,14,0.708875,28.8528
25000,14,0.555779,22.3815
25000,14,0.558687,22.6203
25000,14,0.555622,22.3636
25000,14,0.55884,22.6541
25000,14,0.555689,22.4007
25000,14,0.558291,22.5955
25000,14,0.555654,22.4097
25000,14,0.566566,23.5082
25000,14,0.653418,26.652
25000,14,0.656256,26.1484
25000,14,0.571298,23.0521
25000,14,0.558751,22.6161
25000,14,0.55577,22.4237
25000,14,0.558146,22.5992
25000,14,0.555907,22.4185
25000,14,0.558166,22.6109
25000,14,0.555688,22.4003
25000,14,0.558377,22.6465
25000,14,0.555559,22.372
25000,14,0.558085,22.5917
25000,14,0.556005,22.4146
25000,14,0.558038,22.5977
25000,14,0.555661,22.3781
25000,14,0.558494,22.6521
25000,14,0.555708,22.3656
25000,14,0.558045,22.5906
25000,14,0.555752,22.4177
25000,14,0.563136,23.3545
25000,14,0.573727,23.1463
25000,14,0.558181,22.5976
25000,14,0.556022,22.4524
25000,14,0.558137,22.6027
25000,14,0.55592,22.4061
25000,14,0.558372,22.607
25000,14,0.555711,22.4272
25000,14,0.5582,22.6063
25000,14,0.555711,22.4116
25000,14,0.558082,22.6104
25000,14,0.556256,22.4543
25000,14,0.558713,22.6497
25000,14,0.555702,22.4129
25000,14,0.55825,22.6141
25000,14,0.610099,24.4501
25000,14,0.634018,25.4331
25000,14,0.628696,25.1691
25000,14,0.570602,23.088
25000,14,0.555941,22.4416
25000,14,0.558558,22.6165
25000,14,0.555717,22.4324
25000,14,0.558468,22.6224
25000,14,0.555696,22.4203
25000,14,0.558117,22.6288
25000,14,0.555942,22.4346
25000,14,0.558159,22.6287
25000,14,0.555653,22.4359
25000,14,0.558283,22.6684
25000,14,0.569122,24.8149
25000,14,0.591753,26.2994
25000,14,0.590212,26.1901
25000,14,0.569233,24.1295
25000,14,0.555753,22.4773
25000,14,0.558087,22.66
25000,14,0.555718,22.4791
25000,14,0.55831,22.6527
25000,14,0.555715,22.4586
25000,14,0.558922,22.7239
25000,14,0.556154,22.4783
25000,14,0.558123,22.6533
25000,14,0.555736,22.4577
25000,14,0.578943,23.4765
25000,14,0.555825,22.4624
25000,14,0.55808,22.645
25000,14,0.555756,22.4516
25000,14,0.558256,22.6391
25000,14,0.555728,22.4395
25000,14,0.558737,22.661
25000,14,0.555733,22.457
25000,14,0.558301,22.7016
25000,14,0.555975,22.4573
25000,14,0.558339,22.6587
25000,14,0.557589,22.9926
25000,14,0.558327,22.6555
25000,14,0.555693,22.4673
25000,14,0.558254,22.6791
25000,14,0.556092,22.4921
25000,14,0.558319,22.718
25000,14,0.57243,23.1143
25000,14,0.558204,22.6722
25000,14,0.555571,22.4794
25000,14,0.558191,22.679
25000,14,0.555614,22.4644
25000,14,0.557904,22.6661
25000,14,0.55581,22.4365
25000,14,0.558585,22.7048
25000,14,0.556029,22.4873
25000,14,0.558208,22.68
25000,14,0.555599,22.4822
25000,14,0.558089,22.6724
25000,14,0.555829,22.4866
25000,14,0.55819,22.6777
25000,14,0.594411,23.976
25000,14,0.632787,25.471
25000,14,0.624281,25.0587
25000,14,0.561387,23.049
25000,14,0.555655,22.4609
25000,14,0.558131,22.6761
25000,14,0.555805,22.5032
25000,14,0.557954,22.6863
25000,14,0.55568,22.4901
25000,14,0.558374,22.689
25000,14,0.555682,22.5007
25000,14,0.57677,23.4328
25000,14,0.555811,22.533
25000,14,0.558047,22.6879
25000,14,0.568756,24.0422
25000,14,0.559683,22.8542
25000,14,0.555686,22.5086
25000,14,0.558121,22.6723
25000,14,0.555701,22.4874
25000,14,0.5582,22.6796
25000,14,0.555975,22.4744
25000,14,0.558031,22.6783
25000,14,0.555763,22.5073
25000,14,0.558328,22.692
25000,14,0.555675,22.4963
25000,14,0.55812,22.6959
25000,14,0.555606,22.4871
25000,14,0.558255,22.6713
25000,14,0.555863,22.5001
25000,14,0.55857,22.7471
25000,14,0.555738,22.4594
25000,14,0.558562,22.7466
25000,14,0.555615,22.5107
25000,14,0.562151,23.3205
25000,14,0.555826,22.5128
25000,14,0.558243,22.7208
25000,14,0.555577,22.5192
25000,14,0.558337,22.713
25000,14,0.555949,22.5232
25000,14,0.558209,22.6978
25000,14,0.555687,22.4948
25000,14,0.558061,22.6963
25000,14,0.555752,22.5262
25000,14,0.558359,22.7042
25000,14,0.55575,22.5104
25000,14,0.558253,22.7098
25000,14,0.555834,22.5168
25000,14,0.558655,22.7598
25000,14,0.555696,22.5157
25000,14,0.558135,22.7064
25000,14,0.555683,22.4721
25000,14,0.558403,22.7408
25000,14,0.556292,22.5207
25000,14,0.576258,23.4581
25000,14,0.555805,22.5294
25000,14,0.558298,22.7311
25000,14,0.555764,22.5507
25000,14,0.558657,22.7172
25000,14,0.565408,22.8824
25000,14,0.631142,25.4335
25000,14,0.63071,25.3443
25000,14,0.622405,25.1071
25000,14,0.555943,22.5416
25000,14,0.558301,22.7175
25000,14,0.555579,22.5248
25000,14,0.559266,22.7583
25000,14,0.555695,22.5326
25000,14,0.558245,22.7219
25000,14,0.555631,22.5182
25000,14,0.558264,22.7213
25000,14,0.55562,22.5346
25000,14,0.558113,22.7194
25000,14,0.555662,22.5276
25000,14,0.558008,22.7143
25000,14,0.556051,22.5237
25000,14,0.558381,22.7335
25000,14,0.555624,22.5239
25000,14,0.558033,22.7168
25000,14,0.555757,22.5354
25000,14,0.5582,22.7237
25000,14,0.555926,22.5453
25000,14,0.558297,22.7657
25000,14,0.55569,22.5208
25000,14,0.558601,22.7623
25000,14,0.5557,22.5332
25000,14,0.558114,22.71
25000,14,0.555654,22.5297
25000,14,0.563258,23.474
25000,14,0.555646,22.4992
25000,14,0.558063,22.8047
25000,14,0.555927,22.5631
25000,14,0.558506,22.7604
25000,14,0.555958,22.5538
25000,14,0.558002,22.7437
25000,14,0.574355,23.3387
25000,14,0.558299,22.7431
25000,14,0.5684,23.0441
25000,14,0.562168,22.8932
25000,14,0.55572,22.5535
25000,14,0.558152,22.7887
25000,14,0.555889,22.5311
25000,14,0.558322,22.8098
25000,14,0.555993,22.5654
25000,14,0.558178,22.7448
25000,14,0.555749,22.5628
25000,14,0.558216,22.7421
25000,14,0.555762,22.554
25000,14,0.558465,22.7637
25000,14,0.558721,22.9153
25000,14,0.558461,22.7758
25000,14,0.555936,22.5479
25000,14,0.559116,22.7667
25000,14,0.555726,22.5279
25000,14,0.558229,22.7142
25000,14,0.555733,22.5063
25000,14,0.557919,22.6811
25000,14,0.555701,22.5317
25000,14,0.617338,24.9492
25000,14,0.632782,25.5226
25000,14,0.613647,24.7728
25000,14,0.556228,22.572
25000,14,0.562704,23.2466
25000,14,0.569257,23.9273
25000,14,0.558379,22.7748
25000,14,0.556717,22.9172
25000,14,0.558492,22.7442
25000,14,0.55571,22.5556
25000,14,0.558295,22.7479
25000,14,0.55574,22.576
25000,14,0.558539,22.7854
25000,14,0.555712,22.5265
25000,14,0.558235,22.7874
25000,14,0.555749,22.5281
25000,14,0.557998,22.7308
25000,14,0.555926,22.5779
25000,14,0.558476,22.8083
25000,14,0.573938,23.3133
25000,14,0.558471,22.7495
25000,14,0.556027,22.5987
25000,14,0.558174,22.7733
25000,14,0.557776,23.0707
25000,14,0.558271,22.7695
25000,14,0.555922,22.5738
25000,14,0.558261,22.7681
25000,14,0.55569,22.5659
25000,14,0.557982,22.7581
25000,14,0.555753,22.5792
25000,14,0.55867,22.7668
25000,14,0.555825,22.5772
25000,15,0.663597,29.3236
25000,15,0.570143,24.8537
25000,15,0.572579,25.0075
25000,15,0.569342,24.8492
25000,15,0.571879,24.94
25000,15,0.570138,24.9437
25000,15,0.571724,24.9467
25000,15,0.571874,24.9936
25000,15,0.57279,25.0328
25000,15,0.572162,24.9961
25000,15,0.572376,25.0273
25000,15,0.570071,24.9199
25000,15,0.571566,24.9626
25000,15,0.569606,24.9068
25000,15,0.571289,24.9548
25000,15,0.571641,24.999
25000,15,0.572207,25.0754
25000,15,0.570021,24.9182
25000,15,0.572246,25.0724
25000,15,0.568223,24.8532
25000,15,0.572169,25.0151
25000,15,0.569794,24.9273
25000,15,0.572524,25.0016
25000,15,0.568704,24.8509
25000,15,0.585951,25.5337
25000,15,0.655503,28.1858
25000,15,0.658875,28.3113
25000,15,0.601482,26.1258
25000,15,0.571561,25.0231
25000,15,0.568046,24.8668
25000,15,0.573156,25.0657
25000,15,0.570129,24.9407
25000,15,0.573114,25.0671
25000,15,0.569766,24.9521
25000,15,0.57172,25.0209
25000,15,0.571535,25.0561
25000,15,0.572654,25.0294
25000,15,0.571566,25.01
25000,15,0.57375,25.1002
25000,15,0.569325,24.8939
25000,15,0.572822,25.0724
25000,15,0.571677,25.0275
25000,15,0.575059,25.4238
25000,15,0.571915,25.0748
25000,15,0.572833,25.0657
25000,15,0.57007,24.9384
25000,15,0.573157,25.071
25000,15,0.570054,24.9468
25000,15,0.57154,25.0404
25000,15,0.568801,24.8701
25000,15,0.572058,25.0854
25000,15,0.570651,24.9674
25000,15,0.573804,25.1061
25000,15,0.57016,24.9503
25000,15,0.573612,25.1187
25000,15,0.580823,25.4062
25000,15,0.574695,25.1461
25000,15,0.569389,24.969
25000,15,0.57384,25.1329
25000,15,0.568707,24.9202
25000,15,0.571761,25.0274
25000,15,0.57083,24.9828
25000,15,0.571979,25.0568
25000,15,0.570797,25.0266
25000,15,0.573326,25.1338
25000,15,0.572023,25.0524
25000,15,0.572559,25.073
25000,15,0.570108,24.9737
25000,15,0.594297,25.9815
25000,15,0.571017,25.0237
25000,15,0.57191,25.0579
25000,15,0.571274,25.0174
25000,15,0.572254,25.0668
25000,15,0.569447,24.99
25000,15,0.573449,25.1073
25000,15,0.591885,26.7469
25000,15,0.601794,26.921
25000,15,0.616137,27.7251
25000,15,0.598165,26.9309
25000,15,0.604078,27.0486
25000,15,0.591052,26.2952
25000,15,0.620801,26.9047
25000,15,0.656012,28.2455
25000,15,0.641353,27.684
25000,15,0.572936,25.1037
25000,15,0.570303,25.0126
25000,15,0.572222,25.1059
25000,15,0.568877,24.9218
25000,15,0.571356,25.0411
25000,15,0.570382,24.9879
25000,15,0.572682,25.1324
25000,15,0.569596,25.0009
25000,15,0.57206,25.0787
25000,15,0.57082,25.0471
25000,15,0.585998,25.9947
25000,15,0.570451,25.0097
25000,15,0.57262,25.1306
25000,15,0.569326,24.9704
25000,15,0.571973,25.1034
25000,15,0.569469,25.0174
25000,15,0.572312,25.1079
25000,15,0.571528,25.0905
25000,15,0.573296,25.1401
25000,15,0.570444,25.0378
25000,15,0.573188,25.1784
25000,15,0.570394,25.0331
25000,15,0.57177,25.0966
25000,15,0.569077,24.9584
25000,15,0.589825,25.8411
25000,15,0.570428,25.0378
25000,15,0.572466,25.1553
25000,15,0.570464,25.03
25000,15,0.573004,25.1609
25000,15,0.577717,25.8276
25000,15,0.590834,26.6159
25000,15,0.583669,26.4336
25000,15,0.587427,26.5472
25000,15,0.584548,26.4982
25000,15,0.58817,26.5925
25000,15,0.588739,26.6844
25000,15,0.591252,26.2213
25000,15,0.578913,25.6183
25000,15,0.575273,25.2745
25000,15,0.570726,25.2073
25000,15,0.584938,26.1442
25000,15,0.604023,27.1818
25000,15,0.592976,26.463
25000,15,0.584167,25.6406
25000,15,0.572272,25.1725
25000,15,0.570106,25.032
25000,15,0.571601,25.0973
25000,15,0.571397,25.1223
25000,15,0.572708,25.1782
25000,15,0.570995,25.1123
25000,15,0.572375,25.1522
25000,15,0.571404,25.1435
25000,15,0.571595,25.108
25000,15,0.573549,25.1989
25000,15,0.657237,28.3543
25000,15,0.657738,28.4055
25000,15,0.634045,27.4731
25000,15,0.569158,24.9936
25000,15,0.572635,25.1767
25000,15,0.571602,25.1326
25000,15,0.572426,25.1443
25000,15,0.572011,25.148
25000,15,0.582882,25.8212
25000,15,0.569689,25.051
25000,15,0.588603,25.7872
25000,15,0.572876,25.1805
25000,15,0.571877,25.1672
25000,15,0.5718,25.1542
25000,15,0.571348,25.0994
25000,15,0.569379,25.0663
25000,15,0.572299,25.1493
25000,15,0.572311,25.14
25000,15,0.571925,25.0977
25000,15,0.572097,25.1685
25000,15,0.571646,25.1158
25000,15,0.572291,25.1216
25000,15,0.571959,25.1844
25000,15,0.572539,25.1238
25000,15,0.572094,25.1426
25000,15,0.593506,25.9823
25000,15,0.571849,25.1344
25000,15,0.57295,25.15
25000,15,0.572081,25.1332
25000,15,0.571875,25.1362
25000,15,0.572083,25.1486
25000,15,0.573283,25.1808
25000,15,0.571587,25.1446
25000,15,0.570759,25.1176
25000,15,0.572117,25.1463
25000,15,0.568713,25.0377
25000,15,0.571823,25.1138
25000,15,0.57183,25.1472
25000,15,0.573251,25.1927
25000,15,0.574056,25.3114
25000,15,0.573753,25.2022
25000,15,0.569608,25.0691
25000,15,0.5718,25.1447
25000,15,0.573667,25.582
25000,15,0.672977,29.4449
25000,15,0.682642,29.3891
25000,15,0.613171,26.7462
25000,15,0.57138,25.1478
25000,15,0.573015,25.1887
25000,15,0.568932,25.0339
25000,15,0.571678,25.1677
25000,15,0.595402,26.0682
25000,15,0.57249,25.1869
25000,15,0.569234,25.0316
25000,15,0.572198,25.1471
25000,15,0.572411,25.1821
25000,15,0.635861,27.5795
25000,15,0.659718,28.444
25000,15,0.637088,27.6508
25000,15,0.581476,25.7609
25000,15,0.572855,25.1924
25000,15,0.57067,25.101
25000,15,0.571741,25.1279
25000,15,0.571523,25.1366
25000,15,0.572011,25.156
25000,15,0.570083,25.0829
25000,15,0.572172,25.1738
25000,15,0.569193,25.0743
25000,15,0.572298,25.1758
25000,15,0.572624,25.2113
25000,15,0.573305,25.2165
25000,15,0.56866,24.9922
25000,15,0.572571,25.1625
25000,15,0.57158,25.1536
25000,15,0.573451,25.2094
25000,15,0.569505,25.0794
25000,15,0.571854,25.1567
25000,15,0.572829,25.2069
25000,15,0.571502,25.1333
25000,15,0.571272,25.1271
25000,15,0.571414,25.192
25000,15,0.572099,25.1888
25000,15,0.572661,25.2238
25000,15,0.572407,25.1765
25000,15,0.57365,25.2624
25000,15,0.570067,25.1008
25000,15,0.571966,25.1665
25000,15,0.572137,25.184
25000,15,0.572248,25.1782
25000,15,0.56995,25.1246
25000,15,0.571658,25.1462
25000,15,0.586204,25.742
25000,15,0.573504,25.2272
25000,15,0.571358,25.1566
25000,15,0.572321,25.2175
25000,15,0.571867,25.1865
25000,15,0.572023,25.1931
25000,15,0.570988,25.1802
25000,15,0.571506,25.1594
25000,15,0.57227,25.2312
25000,15,0.572182,25.1877
25000,15,0.571014,25.1506
25000,15,0.57179,25.1824
25000,15,0.571881,25.169
25000,15,0.571502,25.1326
25000,15,0.572304,25.176
25000,15,0.572324,25.2261
25000,15,0.571573,25.2126
25000,15,0.571833,25.157
25000,15,0.570539,25.1528
25000,15,0.572456,25.1923
25000,15,0.569517,25.0983
25000,16,0.717927,31.803
25000,16,0.752416,32.0533
25000,16,0.659221,28.5149
25000,16,0.612392,26.7868
25000,16,0.61547,26.9127
25000,16,0.613648,26.8664
25000,16,0.617906,26.9827
25000,16,0.616439,26.9393
25000,16,0.616105,26.9777
25000,16,0.613885,26.864
25000,16,0.617553,26.9867
25000,16,0.616161,26.9394
25000,16,0.616333,26.9113
25000,16,0.61446,26.8951
25000,16,0.618893,27.0112
25000,16,0.61302,26.8325
25000,16,0.618213,27.001
25000,16,0.649144,28.2297
25000,16,0.640172,27.8563
25000,16,0.614915,26.9062
25000,16,0.617677,26.9986
25000,16,0.612783,26.8332
25000,16,0.617507,26.9542
25000,16,0.613671,26.8759
25000,16,0.615486,26.9335
25000,16,0.615028,26.9239
25000,16,0.617533,26.9564
25000,16,0.614201,26.907
25000,16,0.616796,26.9254
25000,16,0.614903,26.9206
25000,16,0.616058,26.9274
25000,16,0.613906,26.8793
25000,16,0.651927,28.6152
25000,16,0.692529,30.2276
25000,16,0.763559,32.6134
25000,16,0.622201,27.2566
25000,16,0.61674,26.9513
25000,16,0.614719,26.9043
25000,16,0.616663,26.9782
25000,16,0.613165,26.8623
25000,16,0.619307,27.0871
25000,16,0.616839,26.9693
25000,16,0.61617,26.9836
25000,16,0.614843,26.9333
25000,16,0.616774,26.9463
25000,16,0.615843,26.9819
25000,16,0.647142,28.2884
25000,16,0.634233,27.7378
25000,16,0.618591,27.0093
25000,16,0.617789,27.0226
25000,16,0.619793,27.0812
25000,16,0.617801,27.0272
25000,16,0.714524,30.7066
25000,16,0.74739,32.0255
25000,16,0.681748,29.4512
25000,16,0.621824,27.1926
25000,16,0.616482,26.9686
25000,16,0.612517,26.8191
25000,16,0.618565,27.0616
25000,16,0.615942,26.9527
25000,16,0.618939,27.0556
25000,16,0.612949,26.8453
25000,16,0.618653,27.0623
25000,16,0.612976,26.8519
25000,16,0.61836,27.0113
25000,16,0.614414,27.0303
25000,16,0.61722,26.9946
25000,16,0.614298,26.8884
25000,16,0.617807,27.019
25000,16,0.612078,26.818
25000,16,0.617391,26.9838
25000,16,0.613674,26.871
25000,16,0.619343,27.0392
25000,16,0.613461,26.9005
25000,16,0.617128,26.9965
25000,16,0.614805,26.9289
25000,16,0.617381,26.9686
25000,16,0.616022,26.97
25000,16,0.61821,27.0463
25000,16,0.613918,26.9129
25000,16,0.618374,27.0281
25000,16,0.61841,27.0842
25000,16,0.787324,34.4055
25000,16,0.628536,27.8014
25000,16,0.649157,28.7256
25000,16,0.623171,27.6189
25000,16,0.620681,27.5035
25000,16,0.656167,28.9664
25000,16,0.635967,28.0745
25000,16,0.614854,26.951
25000,16,0.615276,26.9316
25000,16,0.616972,27.0196
25000,16,0.661774,28.7711
25000,16,0.617509,27.012
25000,16,0.638767,28.1211
25000,16,0.612866,26.8617
25000,16,0.617022,26.9756
25000,16,0.617811,27.0543
25000,16,0.615293,26.9143
25000,16,0.615702,26.965
25000,16,0.616076,26.9487
25000,16,0.619638,27.1197
25000,16,0.615111,26.9084
25000,16,0.616472,26.9621
25000,16,0.703498,30.3367
25000,16,0.750012,32.1486
25000,16,0.701736,30.2709
25000,16,0.61771,27.0392
25000,16,0.618525,27.0239
25000,16,0.617152,27.0029
25000,16,0.61626,26.973
25000,16,0.612571,26.8088
25000,16,0.616955,26.9879
25000,16,0.616719,27.1288
25000,16,0.616625,26.9797
25000,16,0.614247,26.8973
25000,16,0.646275,28.1155
25000,16,0.612835,26.8468
25000,16,0.616365,26.9842
25000,16,0.61717,27.0153
25000,16,0.616183,26.9504
25000,16,0.618787,27.0824
25000,16,0.615967,26.9747
25000,16,0.615854,26.9715
25000,16,0.618099,27.0314
25000,16,0.616302,26.9777
25000,16,0.616495,26.9974
25000,16,0.614791,26.8906
25000,16,0.661412,28.8743
25000,16,0.648106,28.5124
25000,16,0.617627,27.0409
25000,16,0.612003,26.836
25000,16,0.617034,27.0016
25000,16,0.616878,27.0276
25000,16,0.617754,27.0316
25000,16,0.619568,27.0773
25000,16,0.620933,27.1232
25000,16,0.619193,27.0722
25000,16,0.617103,26.9797
25000,16,0.616019,27.0121
25000,16,0.616201,26.96
25000,16,0.612703,26.8274
25000,16,0.679321,29.6518
25000,16,0.615679,26.9792
25000,16,0.617321,26.9931
25000,16,0.614317,26.9031
25000,16,0.616946,27.0093
25000,16,0.613999,26.9181
25000,16,0.617548,27.0362
25000,16,0.618197,27.0607
25000,16,0.616837,26.9991
25000,16,0.616233,26.9945
25000,16,0.617418,27.0041
25000,16,0.614501,26.903
25000,16,0.617436,27.0297
25000,16,0.61365,26.8754
25000,16,0.650309,28.3078
25000,16,0.748602,32.0774
25000,16,0.723727,31.1192
25000,16,0.614558,26.9001
25000,16,0.616629,26.9422
25000,16,0.614685,26.9439
25000,16,0.61933,27.0745
25000,16,0.614829,26.9425
25000,16,0.616532,27.0078
25000,16,0.615415,26.9565
25000,16,0.644695,28.0972
25000,16,0.620856,27.1767
25000,16,0.617018,26.9995
25000,16,0.615642,26.9391
25000,16,0.618643,27.0757
25000,16,0.613823,26.9181
25000,16,0.61653,27.0004
25000,16,0.616489,26.9874
25000,16,0.61559,26.9648
25000,16,0.614044,26.9056
25000,16,0.619111,27.0775
25000,16,0.616877,27.0172
25000,16,0.617132,26.9965
25000,16,0.616828,27.0246
25000,16,0.616771,26.9947
25000,16,0.615992,26.9915
25000,16,0.616697,26.9535
25000,16,0.61659,27.0151
25000,16,0.617824,27.0392
25000,16,0.613889,26.9087
25000,16,0.617867,27.0211
25000,16,0.614804,26.9408
25000,16,0.617595,27.0106
25000,16,0.61385,26.9208
25000,16,0.651509,28.6561
25000,16,0.6125,26.8328
25000,16,0.614262,26.8774
25000,16,0.617222,27.0677
25000,16,0.61565,26.9062
25000,16,0.618257,27.1003
25000,16,0.61791,27.0508
25000,16,0.61515,26.9611
25000,16,0.617966,27.07
25000,16,0.614447,26.935
25000,16,0.617771,27.0461
25000,16,0.613907,26.9286
25000,16,0.61589,26.9725
25000,16,0.613948,26.9289
25000,16,0.655125,28.5199
25000,16,0.615836,26.9893
25000,16,0.616643,27.0174
25000,16,0.615956,26.9952
25000,16,0.617649,27.0163
25000,16,0.705983,30.5671
25000,16,0.734207,31.5622
25000,16,0.710214,31.0054
25000,16,0.633447,27.649
25000,16,0.615929,26.9991
25000,16,0.617321,27.0594
25000,16,0.618003,27.0821
25000,16,0.633197,27.659
25000,16,0.612224,26.8616
25000,16,0.617451,27.0524
25000,16,0.614505,26.9255
25000,16,0.617462,27.0419
25000,16,0.61583,26.997
25000,16,0.617178,27.0142
25000,16,0.614128,26.9123
25000,16,0.616863,27.0195
25000,16,0.682664,29.8443
25000,16,0.62044,27.2635
25000,16,0.614693,26.9568
25000,16,0.618688,27.0692
25000,16,0.615485,26.9432
25000,16,0.617802,27.0465
25000,16,0.617332,27.0356
25000,16,0.61873,27.0995
25000,16,0.614597,26.9623
25000,16,0.61581,26.9885
25000,16,0.615597,26.9556
25000,16,0.618317,27.1117
25000,16,0.615963,27.0069
25000,16,0.639665,28.1033
25000,16,0.615424,26.9988
25000,16,0.618613,27.0392
25000,16,0.615,26.9896
25000,16,0.655286,28.4509
25000,16,0.612153,26.8392
25000,16,0.615898,26.965
25000,16,0.613724,26.9231
25000,16,0.616258,26.9906
25000,16,0.61516,26.9693
25000,16,0.617335,27.0507
25000,16,0.613544,26.8906
40000,1,11.7052,195.524
40000,1,8.02723,130.867
40000,1,8.00427,128.36
40000,1,8.00408,129.683
40000,1,8.00433,130.499
40000,1,8.03797,133.836
40000,1,8.00498,133.733
40000,1,8.00685,133.371
40000,1,8.00395,129.611
40000,1,8.0219,128.751
40000,1,8.02001,162.929
40000,1,8.06596,174.439
40000,1,8.03433,131.591
40000,1,8.00746,130.579
40000,1,8.00511,127.51
40000,1,8.00645,127.758
40000,1,8.00475,129.554
40000,1,8.01289,144.308
40000,1,8.00385,127.494
40000,1,8.00471,130.724
40000,1,8.00399,130.698
40000,1,8.00415,127.292
40000,1,8.00399,126.832
40000,1,8.00429,127.31
40000,1,8.0063,132.342
40000,1,8.00419,126.795
40000,1,8.00399,126.641
40000,1,8.00493,128.146
40000,1,8.00384,128.353
40000,1,8.00401,127.145
40000,1,8.00391,127.34
40000,1,8.00454,127.609
40000,1,8.00412,128.639
40000,1,8.00446,127.683
40000,1,8.00439,127.956
40000,1,8.00437,127.318
40000,1,8.00433,128.549
40000,1,8.00413,126.899
40000,1,8.00388,126.792
40000,1,8.00448,127.32
40000,1,8.00382,128.011
40000,1,8.0041,126.767
40000,1,8.00615,131.309
40000,1,8.00414,126.586
40000,1,8.00985,136.285
40000,1,8.0041,126.716
40000,1,8.00409,126.753
40000,1,8.00391,126.623
40000,1,8.0042,127.259
40000,1,8.01126,127.635
40000,1,8.00466,126.954
40000,1,8.00407,126.315
40000,1,8.00388,126.453
40000,1,8.00381,127.524
40000,1,8.00423,126.526
40000,1,8.00402,126.243
40000,1,8.0039,126.388
40000,1,8.00458,128.572
40000,1,8.00391,126.346
40000,1,8.0041,126.373
40000,1,8.00386,126.224
40000,1,8.00849,131.588
40000,1,8.00394,126.346
40000,1,8.00413,126.204
40000,1,8.00449,128.164
40000,1,8.00385,129.34
40000,1,8.00404,126.362
40000,1,8.00413,126.21
40000,1,8.00388,126.366
40000,1,8.02008,128.263
40000,1,8.00452,127.466
40000,1,8.00399,126.445
40000,1,8.00455,127.085
40000,1,8.00415,127.745
40000,1,8.00501,126.451
40000,1,8.00514,126.261
40000,1,8.00554,126.558
40000,1,8.00489,128.219
40000,1,8.00483,126.3
40000,1,8.00551,126.733
40000,1,8.0076,130.158
40000,1,8.00585,129.336
40000,1,8.00929,132.768
40000,1,8.00413,126.288
40000,1,8.00424,126.464
40000,1,8.0038,127.772
40000,1,8.00422,126.189
40000,1,8.00478,127.001
40000,1,8.00421,126.308
40000,1,8.00383,127.642
40000,1,8.0039,126.221
40000,1,8.00426,126.564
40000,1,8.00401,126.012
40000,1,8.00397,126.792
40000,1,8.00437,127.659
40000,1,8.0044,126.378
40000,1,8.00407,126.115
40000,1,8.00402,126.254
40000,1,8.00358,127.426
40000,1,8.03641,129.931
40000,1,8.00403,126.328
40000,1,8.00382,126.08
40000,1,8.00829,128.438
40000,1,8.00379,126.247
40000,1,8.00358,126.171
40000,1,8.00377,126.037
40000,1,8.00349,127.747
40000,1,8.00372,126.049
40000,1,8.00387,126.219
40000,1,8.00408,128.225
40000,1,8.0035,129.011
40000,1,8.01213,126.121
40000,1,8.0034,126.323
40000,1,8.00383,126.016
40000,1,8.00372,127.759
40000,1,8.00388,126.133
40000,1,8.0038,125.934
40000,1,8.00478,126.861
40000,1,8.00541,131.01
40000,1,8.00799,134.111
40000,1,8.00383,126.189
40000,1,8.00434,126.352
40000,1,8.00337,127.486
40000,1,8.00407,126.296
40000,1,8.00397,126.637
40000,1,8.04374,150.332
40000,1,8.02529,175.435
40000,1,8.0058,129.814
40000,1,8.00512,127.887
40000,1,8.00879,126.619
40000,1,8.00438,127.463
40000,1,8.00432,126.022
40000,1,8.00924,136.2
40000,1,8.0078,132.921
40000,1,8.00338,127.304
40000,1,8.00423,126.702
40000,1,8.00421,126.296
40000,1,8.00588,129.612
40000,1,8.00367,126.755
40000,1,8.00442,127.684
40000,1,8.00486,126.391
40000,1,8.00421,126.16
40000,1,8.00392,125.931
40000,1,8.00368,127.499
40000,1,8.03573,126.775
40000,1,8.005,127.109
40000,1,8.00401,125.924
40000,1,8.00574,128.344
40000,1,8.0042,125.924
40000,1,8.00418,125.85
40000,1,8.0038,126.034
40000,1,8.00481,127.457
40000,1,8.00399,125.803
40000,1,8.00386,126.053
40000,1,8.00438,127.59
40000,1,8.00419,129.032
40000,1,8.00914,135.457
40000,1,8.00645,128.825
40000,1,8.00389,125.879
40000,1,8.0041,127.787
40000,1,8.00411,125.972
40000,1,8.00406,126.1
40000,1,8.00505,126.717
40000,1,8.00457,127.309
40000,1,8.0043,126.06
40000,1,8.00435,125.89
40000,1,8.00444,126.246
40000,1,8.00419,127.367
40000,1,8.00415,125.824
40000,1,8.00494,126.401
40000,1,8.00487,126.293
40000,1,8.00426,127.206
40000,1,8.00416,125.857
40000,1,8.00445,126.14
40000,1,8.00736,129.835
40000,1,8.00373,127.187
40000,1,8.00376,126.061
40000,1,8.00508,126.906
40000,1,8.00402,125.789
40000,1,8.0039,126.89
40000,1,8.00378,126.174
40000,1,8.0051,126.161
40000,1,8.00382,126.052
40000,1,8.00432,126.305
40000,1,8.00423,127.456
40000,1,8.00765,126.378
40000,1,8.00418,125.719
40000,1,8.00415,125.815
40000,1,8.00377,127.186
40000,1,8.00437,126.027
40000,1,8.00389,125.874
40000,1,8.00416,125.908
40000,1,8.01375,128.312
40000,1,8.00636,129.277
40000,1,8.01228,134.141
40000,1,8.00444,125.839
40000,1,8.0041,127.609
40000,1,8.00399,126.122
40000,1,8.00447,126.016
40000,1,8.00443,127.8
40000,1,8.00385,129.139
40000,1,8.00411,125.874
40000,1,8.0038,125.96
40000,1,8.00395,125.809
40000,1,8.01667,127.668
40000,1,8.00391,126.092
40000,1,8.00392,125.729
40000,1,8.01964,126.813
40000,1,8.00373,127.31
40000,1,8.0041,125.724
40000,1,8.00411,125.696
40000,1,8.00424,126.222
40000,1,8.00618,130.67
40000,1,8.00405,125.83
40000,1,8.00429,126.39
40000,1,8.02267,126.236
40000,1,8.00374,126.99
40000,1,8.00408,125.915
40000,1,8.00441,125.637
40000,1,8.00428,126.342
40000,1,8.00405,128.145
40000,1,8.00553,125.989
40000,1,8.00498,126.694
40000,1,8.00427,125.937
40000,1,8.00377,126.487
40000,1,8.00404,126.349
40000,1,8.00454,126.068
40000,1,8.00415,125.69
40000,1,8.00406,126.104
40000,1,8.00447,127.573
40000,1,8.00424,126.016
40000,1,8.00858,135.07
40000,1,8.00665,128.34
40000,1,8.01732,159.992
40000,1,8.00847,139.319
40000,1,8.01077,128.095
40000,1,8.00395,125.984
40000,1,8.00499,128.419
40000,1,8.00435,125.819
40000,1,8.00398,125.84
40000,1,8.00385,126.047
40000,1,8.00452,127.796
40000,1,8.00393,125.829
40000,1,8.0038,126.038
40000,1,8.00404,127.778
40000,1,8.00376,129.03
40000,1,8.00378,126.005
40000,1,8.00407,125.796
40000,1,8.00379,125.731
40000,1,8.00397,127.729
40000,2,11.5976,181.951
40000,2,9.26629,144.329
40000,2,9.26612,145.048
40000,2,9.26581,143.368
40000,2,9.26618,143.451
40000,2,9.26578,143.789
40000,2,9.2668,144.858
40000,2,9.26601,144.211
40000,2,9.26623,143.247
40000,2,9.26607,145.177
40000,2,9.26597,142.897
40000,2,9.26589,143.416
40000,2,9.26596,142.848
40000,2,9.26581,145.462
40000,2,9.26638,144.668
40000,2,9.26642,150.364
40000,2,9.26745,150.08
40000,2,9.26597,143.403
40000,2,9.26618,142.845
40000,2,9.26602,143.298
40000,2,9.26642,145.536
40000,2,9.26601,143.667
40000,2,9.2664,142.823
40000,2,9.26565,145.064
40000,2,9.2664,143.253
40000,2,9.26597,142.973
40000,2,9.26603,143.394
40000,2,9.26619,146.047
40000,2,9.26628,142.698
40000,2,9.26591,142.868
40000,2,9.26601,145.152
40000,2,9.266,143.207
40000,2,9.26683,146.729
40000,2,9.26636,145.391
40000,2,9.26664,146.779
40000,2,9.2661,142.879
40000,2,9.26611,143.326
40000,2,9.26602,145.435
40000,2,9.26633,143.739
40000,2,9.26594,142.954
40000,2,9.26665,143.633
40000,2,9.26612,145.007
40000,2,9.26621,142.862
40000,2,9.26597,143.487
40000,2,9.26614,145.329
40000,2,9.26569,143.24
40000,2,9.26622,143.729
40000,2,9.26605,143.679
40000,2,9.26834,157.53
40000,2,9.26603,143.815
40000,2,9.26628,143.643
40000,2,9.26595,144.516
40000,2,9.26656,144.244
40000,2,9.26677,144.146
40000,2,9.26637,143.023
40000,2,9.26581,144.755
40000,2,9.26632,142.881
40000,2,9.26588,142.906
40000,2,9.26607,143.093
40000,2,9.26583,144.982
40000,2,9.26635,142.737
40000,2,9.26578,142.722
40000,2,9.26603,144.989
40000,2,9.2659,143.202
40000,2,9.26623,144.773
40000,2,9.2661,145.091
40000,2,9.26668,146.085
40000,2,9.2659,143.238
40000,2,9.26618,143.239
40000,2,9.26609,145.432
40000,2,9.2662,142.608
40000,2,9.26596,143.257
40000,2,9.26634,145.892
40000,2,9.26611,146.062
40000,2,9.26631,143.135
40000,2,9.26599,142.94
40000,2,9.26625,144.713
40000,2,9.26584,143.44
40000,2,9.26616,143.368
40000,2,9.26619,144.51
40000,2,9.26689,153.776
40000,2,9.26667,147.247
40000,2,9.2661,143.837
40000,2,9.26646,152.067
40000,2,9.27192,181.134
40000,2,9.2665,147.48
40000,2,9.26737,145.919
40000,2,9.26614,145.673
40000,2,9.26861,143.745
40000,2,9.26622,144.264
40000,2,9.26599,145.761
40000,2,9.2659,143.625
40000,2,9.2665,144.412
40000,2,9.2662,143.632
40000,2,9.26618,145.381
40000,2,9.26607,144.062
40000,2,9.26632,143.11
40000,2,9.26646,148.764
40000,2,9.2668,144.859
40000,2,9.26604,143.335
40000,2,9.26618,143.123
40000,2,9.26576,145.482
40000,2,9.26636,143.545
40000,2,9.26602,144.26
40000,2,9.26604,143.792
40000,2,9.26647,145.658
40000,2,9.26612,142.786
40000,2,9.2658,143.058
40000,2,9.2662,145.218
40000,2,9.26594,143.176
40000,2,9.26616,142.86
40000,2,9.26593,146.117
40000,2,9.26644,145.055
40000,2,9.26824,155.849
40000,2,9.26714,143.093
40000,2,9.26623,145.593
40000,2,9.26664,143.234
40000,2,9.26605,143.341
40000,2,9.26655,143.711
40000,2,9.26622,144.59
40000,2,9.26613,142.896
40000,2,9.26602,143.393
40000,2,9.26624,144.751
40000,2,9.26593,143.024
40000,2,9.26652,144.368
40000,2,9.2661,143.372
40000,2,9.26633,144.478
40000,2,9.26585,143.958
40000,2,9.26635,143.183
40000,2,9.26584,145.059
40000,2,9.26675,147.024
40000,2,9.26637,144.074
40000,2,9.26617,143.246
40000,2,9.26592,144.678
40000,2,9.26669,143.27
40000,2,9.26599,143.954
40000,2,9.26619,145.14
40000,2,9.26615,144.432
40000,2,9.26637,143.228
40000,2,9.26584,143.403
40000,2,9.26621,145.232
40000,2,9.26602,143.845
40000,2,9.26621,143.523
40000,2,9.26576,145.326
40000,2,9.26641,144.415
40000,2,9.26698,152.345
40000,2,9.26688,147.522
40000,2,9.26604,146.082
40000,2,9.26631,144.44
40000,2,9.26603,144.07
40000,2,9.26656,148.459
40000,2,9.26598,144.392
40000,2,9.26627,143.611
40000,2,9.26595,144.369
40000,2,9.26614,145.301
40000,2,9.2658,143.958
40000,2,9.26618,143.708
40000,2,9.26614,144.134
40000,2,9.26635,145.21
40000,2,9.26581,143.718
40000,2,9.26622,144.126
40000,2,9.26597,144.891
40000,2,9.26686,147.103
40000,2,9.26641,144.455
40000,2,9.26632,143.161
40000,2,9.26591,145.088
40000,2,9.26636,143.454
40000,2,9.26597,143.013
40000,2,9.26641,145.972
40000,2,9.2661,143.867
40000,2,9.26637,143.799
40000,2,9.26593,143.295
40000,2,9.26611,144.687
40000,2,9.26605,144.242
40000,2,9.26606,143.521
40000,2,9.26574,145.669
40000,2,9.26655,144.434
40000,2,9.26627,149.523
40000,2,9.26688,146.772
40000,2,9.26655,149.35
40000,2,9.26683,144.325
40000,2,9.26613,144.101
40000,2,9.26631,145.967
40000,2,9.27126,183.582
40000,2,9.26749,151.616
40000,2,9.26789,150.52
40000,2,9.2662,145.585
40000,2,9.26604,143.434
40000,2,9.26703,143.855
40000,2,9.26622,148.619
40000,2,9.26638,143.635
40000,2,9.26578,143.826
40000,2,9.26647,144.067
40000,2,9.26625,145.912
40000,2,9.26613,143.815
40000,2,9.26682,149.111
40000,2,9.26643,145.502
40000,2,9.26597,144.445
40000,2,9.26634,143.738
40000,2,9.26598,143.858
40000,2,9.26632,145.37
40000,2,9.26626,144.438
40000,2,9.26658,145.113
40000,2,9.26623,144.692
40000,2,9.26624,144.873
40000,2,9.26615,143.731
40000,2,9.26636,143.206
40000,2,9.26576,145.073
40000,2,9.26628,144.656
40000,2,9.26633,143.334
40000,2,9.26733,152.149
40000,2,9.26636,149.199
40000,2,9.26631,143.184
40000,2,9.26632,143.42
40000,2,9.2663,144.944
40000,2,9.26613,144.407
40000,2,9.26645,143.713
40000,2,9.26609,143.25
40000,2,9.26621,145.835
40000,2,9.26609,143.666
40000,2,9.26635,143.665
40000,2,9.26602,146.56
40000,2,9.26644,143.505
40000,2,9.26593,143.937
40000,2,9.26609,143.367
40000,2,9.26575,145.74
40000,2,9.26597,143.646
40000,2,9.26609,145.869
40000,2,9.26708,150.172
40000,2,9.26593,143.245
40000,2,9.26604,142.898
40000,2,9.26586,143.924
40000,2,9.2665,148.197
40000,2,9.26636,144.332
40000,2,9.26702,144.515
40000,2,9.26608,145.681
40000,2,9.26632,143.985
40000,2,9.26596,143.478
40000,2,9.2664,143.638
40000,2,9.26601,145.379
40000,2,9.26625,143.153
40000,2,9.26641,144.54
40000,2,9.26716,154.916
40000,2,9.26619,144.008
40000,2,9.26723,147.815
40000,2,9.26634,143.899
40000,2,9.26656,145.391
40000,2,9.26603,144.393
40000,2,9.26631,143.065
40000,2,9.26599,144.307
40000,3,7.8416,149.081
40000,3,6.18135,116.926
40000,3,6.18148,116.568
40000,3,6.18125,116.631
40000,3,6.18142,118.359
40000,3,6.18154,118.322
40000,3,6.1815,116.674
40000,3,6.18142,117.128
40000,3,6.18159,116.94
40000,3,6.18134,119.171
40000,3,6.18155,117.983
40000,3,6.18134,117.646
40000,3,6.18149,117.631
40000,3,6.18151,118.006
40000,3,6.18143,117.668
40000,3,6.18205,123.943
40000,3,6.1815,118.059
40000,3,6.18149,118.038
40000,3,6.18139,118.019
40000,3,6.1813,118.401
40000,3,6.18158,120.135
40000,3,6.1814,118.177
40000,3,6.18147,118.254
40000,3,6.18133,118.31
40000,3,6.18139,118.007
40000,3,6.1818,123.028
40000,3,6.18159,118.222
40000,3,6.18142,118.324
40000,3,6.18138,118.554
40000,3,6.18144,118.393
40000,3,6.18153,118.719
40000,3,6.18131,120.005
40000,3,6.18152,118.398
40000,3,6.18143,118.523
40000,3,6.1816,119.034
40000,3,6.18148,118.72
40000,3,6.182,126.704
40000,3,6.18274,126.436
40000,3,6.18509,144.872
40000,3,6.18562,140.853
40000,3,6.18147,118.926
40000,3,6.18186,123.547
40000,3,6.18164,118.936
40000,3,6.1816,119.453
40000,3,6.18159,119.852
40000,3,6.18205,119.17
40000,3,6.18139,119.843
40000,3,6.18151,120.326
40000,3,6.18118,118.997
40000,3,6.18137,119.237
40000,3,6.18173,119.01
40000,3,6.1813,118.804
40000,3,6.18119,120.684
40000,3,6.18126,119.073
40000,3,6.1817,120.08
40000,3,6.18143,119.021
40000,3,6.18132,118.844
40000,3,6.18135,121.093
40000,3,6.18146,119.014
40000,3,6.18161,119.253
40000,3,6.1814,118.797
40000,3,6.18133,119.013
40000,3,6.18141,120.758
40000,3,6.1816,120.854
40000,3,6.18188,122.302
40000,3,6.18139,119.044
40000,3,6.18146,119.391
40000,3,6.18134,119.402
40000,3,6.18131,121.86
40000,3,6.18139,119.576
40000,3,6.18174,120.099
40000,3,6.1815,119.259
40000,3,6.18143,119.159
40000,3,6.18162,122.048
40000,3,6.1817,118.999
40000,3,6.18162,119.397
40000,3,6.18155,119.293
40000,3,6.18147,119.759
40000,3,6.18165,121.265
40000,3,6.18152,119.39
40000,3,6.1816,119.372
40000,3,6.18138,119.802
40000,3,6.18129,119.699
40000,3,6.18165,122.003
40000,3,6.18171,121.784
40000,3,6.18261,128.028
40000,3,6.18134,119.467
40000,3,6.18142,119.585
40000,3,6.18207,123.819
40000,3,6.18141,121.242
40000,3,6.18184,119.547
40000,3,6.18154,119.69
40000,3,6.18144,119.724
40000,3,6.18159,120.474
40000,3,6.18154,120.781
40000,3,6.18142,119.723
40000,3,6.18152,119.723
40000,3,6.18161,120.052
40000,3,6.18161,119.681
40000,3,6.18145,120.271
40000,3,6.18162,120.409
40000,3,6.18154,119.796
40000,3,6.18164,120.428
40000,3,6.1816,119.725
40000,3,6.18167,119.344
40000,3,6.18151,120.871
40000,3,6.18145,119.291
40000,3,6.18152,119.834
40000,3,6.18149,119.3
40000,3,6.18161,119.295
40000,3,6.18156,120.771
40000,3,6.18147,119.348
40000,3,6.18185,121.574
40000,3,6.18172,121.456
40000,3,6.18162,119.674
40000,3,6.18132,120.741
40000,3,6.18137,119.43
40000,3,6.1815,119.712
40000,3,6.18149,119.586
40000,3,6.18153,119.812
40000,3,6.18136,119.467
40000,3,6.18138,121.12
40000,3,6.18163,120.405
40000,3,6.18144,119.638
40000,3,6.18135,119.253
40000,3,6.1814,119.325
40000,3,6.1817,121.035
40000,3,6.18153,119.238
40000,3,6.18122,119.855
40000,3,6.18134,119.304
40000,3,6.18144,119.284
40000,3,6.18144,120.884
40000,3,6.18165,119.811
40000,3,6.18201,124.82
40000,3,6.18241,122.001
40000,3,6.18137,119.092
40000,3,6.18147,119.389
40000,3,6.18204,124.212
40000,3,6.18153,119.426
40000,3,6.18169,119.173
40000,3,6.18146,118.942
40000,3,6.18169,121.229
40000,3,6.1818,122.096
40000,3,6.18171,119.186
40000,3,6.18159,119.122
40000,3,6.18151,119.477
40000,3,6.18167,119.505
40000,3,6.18158,120.475
40000,3,6.18155,119.285
40000,3,6.18146,119.651
40000,3,6.18137,119.148
40000,3,6.1818,120.256
40000,3,6.18153,119.86
40000,3,6.18192,120.361
40000,3,6.18143,119.038
40000,3,6.18148,119.314
40000,3,6.18168,119.715
40000,3,6.18161,119.201
40000,3,6.18167,120.797
40000,3,6.18147,119.245
40000,3,6.18158,119.688
40000,3,6.18214,123.874
40000,3,6.18165,119.194
40000,3,6.18144,120.36
40000,3,6.18143,119.293
40000,3,6.18156,119.556
40000,3,6.18164,119.319
40000,3,6.18154,120.129
40000,3,6.18165,120.834
40000,3,6.18144,119.265
40000,3,6.18148,119.305
40000,3,6.18172,119.92
40000,3,6.18176,119.22
40000,3,6.18149,118.965
40000,3,6.18142,120.544
40000,3,6.18168,119.625
40000,3,6.18134,118.897
40000,3,6.18151,119.373
40000,3,6.18163,119.19
40000,3,6.18138,120.654
40000,3,6.18166,119.801
40000,3,6.18158,119.09
40000,3,6.18258,127.735
40000,3,6.18208,119.524
40000,3,6.18144,120.864
40000,3,6.18163,119.75
40000,3,6.18341,136.146
40000,3,6.18506,146.432
40000,3,6.18328,127.665
40000,3,6.18177,121.493
40000,3,6.18211,121.915
40000,3,6.1817,119.692
40000,3,6.18136,119.342
40000,3,6.18145,119.396
40000,3,6.18149,119.718
40000,3,6.18138,120.813
40000,3,6.18144,119.271
40000,3,6.18139,119.326
40000,3,6.1814,119.72
40000,3,6.18143,119.652
40000,3,6.18146,123.505
40000,3,6.18152,119.638
40000,3,6.18143,119.623
40000,3,6.1813,119.338
40000,3,6.18148,119.321
40000,3,6.18136,119.879
40000,3,6.18178,120.42
40000,3,6.18132,119.508
40000,3,6.1814,119.235
40000,3,6.18163,120.429
40000,3,6.18207,122.845
40000,3,6.18173,120.906
40000,3,6.18136,119.22
40000,3,6.18133,119.462
40000,3,6.18145,119.377
40000,3,6.18155,119.173
40000,3,6.18142,120.549
40000,3,6.18151,119.645
40000,3,6.18143,119.542
40000,3,6.18171,119.973
40000,3,6.18165,119.077
40000,3,6.18152,120.868
40000,3,6.18148,119.668
40000,3,6.18129,119.357
40000,3,6.18152,119.53
40000,3,6.1814,119.483
40000,3,6.18136,119.25
40000,3,6.18139,121.031
40000,3,6.18145,119.878
40000,3,6.1815,120.018
40000,3,6.18183,124.867
40000,3,6.18214,122.388
40000,3,6.18152,120.794
40000,3,6.1816,119.522
40000,3,6.18152,119.066
40000,3,6.18191,123.161
40000,3,6.18179,119.542
40000,3,6.18157,120.631
40000,3,6.18173,119.437
40000,3,6.18178,120.017
40000,3,6.18163,119.18
40000,3,6.18152,119.165
40000,3,6.18138,119.118
40000,3,6.18155,121.087
40000,3,6.18156,119.388
40000,3,6.18157,119.169
40000,3,6.18155,119.089
40000,3,6.18124,119.468
40000,3,6.18161,122.013
40000,3,6.18154,119.148
40000,4,5.89784,116.753
40000,4,4.64027,90.5429
40000,4,4.64065,90.3748
40000,4,4.64062,90.7669
40000,4,4.64038,92.4965
40000,4,4.64038,90.3629
40000,4,4.64071,90.625
40000,4,4.64042,90.4202
40000,4,4.6407,90.5186
40000,4,4.64038,90.788
40000,4,4.6403,93.149
40000,4,4.64043,95.2123
40000,4,4.641,93.2596
40000,4,4.64036,90.5114
40000,4,4.64065,90.4974
40000,4,4.64034,90.4179
40000,4,4.6408,91.1124
40000,4,4.6403,90.4055
40000,4,4.64041,92.4936
40000,4,4.64042,91.5867
40000,4,4.64071,90.4936
40000,4,4.6404,90.8782
40000,4,4.64061,90.8902
40000,4,4.64051,91.2135
40000,4,4.64083,90.7626
40000,4,4.64025,92.4024
40000,4,4.6408,90.8045
40000,4,4.64067,90.5717
40000,4,4.64068,90.3831
40000,4,4.64057,90.8059
40000,4,4.64081,90.4729
40000,4,4.64045,90.7564
40000,4,4.64058,92.5652
40000,4,4.64035,90.4224
40000,4,4.64081,90.5773
40000,4,4.64045,91.0095
40000,4,4.64094,91.5037
40000,4,4.64071,90.8956
40000,4,4.64114,100.097
40000,4,4.64047,92.5352
40000,4,4.64132,90.6695
40000,4,4.64047,90.8435
40000,4,4.641,91.0242
40000,4,4.64047,90.6953
40000,4,4.64101,94.5975
40000,4,4.64061,90.591
40000,4,4.6409,92.8203
40000,4,4.64053,90.4527
40000,4,4.64087,90.8666
40000,4,4.6408,91.2691
40000,4,4.64091,90.5369
40000,4,4.64069,90.9782
40000,4,4.64089,90.4542
40000,4,4.64034,92.5194
40000,4,4.64069,90.5122
40000,4,4.64082,90.8126
40000,4,4.64091,90.768
40000,4,4.64069,90.507
40000,4,4.64096,90.4775
40000,4,4.6405,97.2938
40000,4,4.64028,105.835
40000,4,4.6406,91.0892
40000,4,4.64111,91.3318
40000,4,4.64053,90.437
40000,4,4.64104,90.6422
40000,4,4.64069,90.4369
40000,4,4.6408,90.6925
40000,4,4.64035,92.3515
40000,4,4.64106,90.8134
40000,4,4.64052,90.4198
40000,4,4.64085,90.5222
40000,4,4.64042,90.8464
40000,4,4.64104,90.6715
40000,4,4.64034,90.6358
40000,4,4.64086,92.8676
40000,4,4.64073,91.2055
40000,4,4.641,90.7285
40000,4,4.64087,95.0164
40000,4,4.64091,90.6371
40000,4,4.64043,90.6895
40000,4,4.64077,90.9827
40000,4,4.64045,92.4532
40000,4,4.6408,90.9863
40000,4,4.64063,90.9443
40000,4,4.64103,90.5928
40000,4,4.6405,90.6871
40000,4,4.64077,90.4745
40000,4,4.64067,90.9721
40000,4,4.64043,94.5656
40000,4,4.64068,92.253
40000,4,4.64081,90.4435
40000,4,4.64077,90.6283
40000,4,4.64071,90.6835
40000,4,4.64042,90.8363
40000,4,4.641,90.5795
40000,4,4.64013,91.8183
40000,4,4.64075,91.3623
40000,4,4.64038,90.8357
40000,4,4.64076,90.5416
40000,4,4.64049,90.4172
40000,4,4.6409,90.9429
40000,4,4.64051,91.2614
40000,4,4.64086,96.0467
40000,4,4.64103,96.376
40000,4,4.6408,90.8586
40000,4,4.64051,90.78
40000,4,4.64085,90.9975
40000,4,4.64042,90.7324
40000,4,4.64081,90.4755
40000,4,4.64059,95.0707
40000,4,4.64048,92.6185
40000,4,4.64044,90.5051
40000,4,4.64076,98.3013
40000,4,4.64486,112.75
40000,4,4.64535,112.007
40000,4,4.64049,91.9943
40000,4,4.64177,92.0978
40000,4,4.64035,93.2679
40000,4,4.64084,90.7934
40000,4,4.64051,90.9915
40000,4,4.64079,90.6751
40000,4,4.64052,90.7313
40000,4,4.6408,91.0191
40000,4,4.64035,90.6677
40000,4,4.64012,92.7924
40000,4,4.64051,90.7927
40000,4,4.64104,90.9202
40000,4,4.64066,91.3901
40000,4,4.64088,90.515
40000,4,4.64049,90.6761
40000,4,4.64078,90.7266
40000,4,4.64009,93.1442
40000,4,4.64095,91.3577
40000,4,4.64058,90.6529
40000,4,4.64077,90.7469
40000,4,4.64057,90.5812
40000,4,4.64085,90.643
40000,4,4.6405,90.9006
40000,4,4.6405,93.214
40000,4,4.64071,90.9833
40000,4,4.64116,91.4553
40000,4,4.64093,90.5247
40000,4,4.64096,94.9172
40000,4,4.64063,90.6475
40000,4,4.64092,90.7717
40000,4,4.64013,93.1419
40000,4,4.64086,90.5288
40000,4,4.64051,90.8552
40000,4,4.64081,91.6492
40000,4,4.6406,90.6383
40000,4,4.64074,90.6394
40000,4,4.64056,90.6392
40000,4,4.64059,93.106
40000,4,4.64064,91.1625
40000,4,4.64097,90.5837
40000,4,4.64054,90.6409
40000,4,4.64077,90.6077
40000,4,4.64048,90.8961
40000,4,4.64087,91.252
40000,4,4.64012,92.6834
40000,4,4.64077,90.6906
40000,4,4.64035,90.7071
40000,4,4.64071,90.9039
40000,4,4.64056,90.5354
40000,4,4.64087,90.6126
40000,4,4.64072,91.2411
40000,4,4.63975,96.4698
40000,4,4.64083,98.2483
40000,4,4.64131,93.0433
40000,4,4.64078,90.6607
40000,4,4.64078,90.6649
40000,4,4.64067,91.1325
40000,4,4.64094,91.0377
40000,4,4.64053,92.8345
40000,4,4.64107,94.9705
40000,4,4.64053,90.8891
40000,4,4.64038,90.733
40000,4,4.64028,91.3977
40000,4,4.64057,91.4356
40000,4,4.64053,90.8083
40000,4,4.6401,92.8298
40000,4,4.64014,90.7521
40000,4,4.64059,91.104
40000,4,4.64029,90.8243
40000,4,4.64062,91.29
40000,4,4.64019,90.7305
40000,4,4.64061,90.8041
40000,4,4.64011,92.8039
40000,4,4.64069,90.6043
40000,4,4.64015,90.5761
40000,4,4.64064,90.9416
40000,4,4.6404,91.2089
40000,4,4.64072,90.9024
40000,4,4.64039,90.7191
40000,4,4.64003,93.018
40000,4,4.64039,90.8665
40000,4,4.6405,90.6822
40000,4,4.64028,91.2355
40000,4,4.64059,90.7671
40000,4,4.64024,90.6311
40000,4,4.64075,90.8649
40000,4,4.63972,92.6212
40000,4,4.64038,91.0874
40000,4,4.64032,91.0039
40000,4,4.64053,91.1712
40000,4,4.64054,90.5246
40000,4,4.64058,90.6566
40000,4,4.64059,94.548
40000,4,4.64022,92.3458
40000,4,4.64002,91.3184
40000,4,4.64066,91.1627
40000,4,4.64036,90.9212
40000,4,4.64051,90.9125
40000,4,4.64026,90.9413
40000,4,4.64056,90.8264
40000,4,4.63999,91.6983
40000,4,4.64043,91.8022
40000,4,4.64028,91.5103
40000,4,4.64067,90.787
40000,4,4.64033,90.5885
40000,4,4.6404,90.6525
40000,4,4.64014,90.6234
40000,4,4.64026,91.2667
40000,4,4.64047,92.121
40000,4,4.64047,90.7286
40000,4,4.64022,90.5788
40000,4,4.64049,90.576
40000,4,4.64023,90.5131
40000,4,4.64049,90.9155
40000,4,4.64008,91.117
40000,4,4.64021,92.9883
40000,4,4.64034,90.6654
40000,4,4.64115,100.002
40000,4,4.64103,90.913
40000,4,4.64081,90.6795
40000,4,4.64049,90.6361
40000,4,4.64099,90.9708
40000,4,4.64017,92.6523
40000,4,4.64078,91.1707
40000,4,4.64102,94.5981
40000,4,4.64083,90.8751
40000,4,4.64051,90.6406
40000,4,4.64089,91.0105
40000,4,4.64071,93.196
40000,4,4.64023,94.8116
40000,4,4.64076,90.5836
40000,4,4.64097,90.7078
40000,4,4.64053,90.5485
40000,4,4.64065,90.7836
40000,4,4.64079,90.9
40000,5,4.72974,110.379
40000,5,3.71362,85.8025
40000,5,3.71344,85.4029
40000,5,3.71371,85.6617
40000,5,3.71342,85.4046
40000,5,3.71359,85.525
40000,5,3.71374,85.9083
40000,5,3.71364,86.2061
40000,5,3.71364,85.5473
40000,5,3.71374,87.4391
40000,5,3.71343,85.6186
40000,5,3.71364,85.5977
40000,5,3.71331,85.6031
40000,5,3.71341,85.6932
40000,5,3.71356,85.9771
40000,5,3.71357,85.7103
40000,5,3.7135,85.9444
40000,5,3.71359,85.8953
40000,5,3.71318,87.8603
40000,5,3.71347,85.8585
40000,5,3.71334,85.8208
40000,5,3.71353,85.8222
40000,5,3.71355,86.3663
40000,5,3.71373,86.3757
40000,5,3.71342,85.882
40000,5,3.71345,85.81
40000,5,3.71336,85.8183
40000,5,3.71406,91.2305
40000,5,3.71344,86.0828
40000,5,3.71353,86.0123
40000,5,3.71366,86.2446
40000,5,3.71361,85.9479
40000,5,3.71344,85.9953
40000,5,3.71369,86.9328
40000,5,3.7137,86.2192
40000,5,3.71376,86.7697
40000,5,3.71389,86.9331
40000,5,3.7139,85.9629
40000,5,3.71393,86.3184
40000,5,3.71409,86.5818
40000,5,3.71383,85.9424
40000,5,3.7141,86.2018
40000,5,3.71393,86.0328
40000,5,3.71387,85.999
40000,5,3.71394,87.232
40000,5,3.7138,86.2664
40000,5,3.71383,86.1714
40000,5,3.71389,86.1635
40000,5,3.71376,85.9331
40000,5,3.71387,86.0299
40000,5,3.71359,86.0397
40000,5,3.71376,86.2349
40000,5,3.71361,86.0147
40000,5,3.71398,87.8132
40000,5,3.71369,86.3498
40000,5,3.71387,86.097
40000,5,3.71398,86.7951
40000,5,3.71407,89.7628
40000,5,3.71447,93.4518
40000,5,3.71518,99.6359
40000,5,3.71634,102.388
40000,5,3.71794,102.072
40000,5,3.71391,90.1264
40000,5,3.71387,86.2716
40000,5,3.71456,88.1155
40000,5,3.71386,86.1532
40000,5,3.71377,86.5075
40000,5,3.71429,89.3932
40000,5,3.71398,87.0651
40000,5,3.71383,86.1384
40000,5,3.71373,86.4482
40000,5,3.71398,87.5396
40000,5,3.71386,86.9641
40000,5,3.71391,86.198
40000,5,3.71376,86.2185
40000,5,3.71369,86.1815
40000,5,3.71383,86.2341
40000,5,3.71378,86.264
40000,5,3.71373,86.3957
40000,5,3.7137,86.5059
40000,5,3.71374,87.3743
40000,5,3.71389,86.1483
40000,5,3.71371,86.1773
40000,5,3.71371,86.2063
40000,5,3.71383,86.3743
40000,5,3.71373,86.3628
40000,5,3.71379,86.463
40000,5,3.71386,86.1815
40000,5,3.71366,89.3007
40000,5,3.714,88.1834
40000,5,3.71377,86.1244
40000,5,3.71383,86.4502
40000,5,3.71379,86.1685
40000,5,3.71371,86.1623
40000,5,3.71376,86.4133
40000,5,3.71403,86.1621
40000,5,3.71371,86.1253
40000,5,3.71377,87.6746
40000,5,3.71399,86.315
40000,5,3.71372,86.1867
40000,5,3.71382,86.1106
40000,5,3.7137,86.37
40000,5,3.71373,86.1222
40000,5,3.71397,86.4398
40000,5,3.71371,86.8802
40000,5,3.71391,86.1818
40000,5,3.71385,88.2332
40000,5,3.71386,86.2607
40000,5,3.71411,89.9788
40000,5,3.71377,86.1272
40000,5,3.71374,86.3121
40000,5,3.71392,86.4245
40000,5,3.71373,86.0664
40000,5,3.7137,86.2404
40000,5,3.71379,86.2925
40000,5,3.71393,87.7211
40000,5,3.71368,86.5525
40000,5,3.71383,86.1853
40000,5,3.71371,86.3141
40000,5,3.71387,86.5315
40000,5,3.71362,86.6955
40000,5,3.71399,86.243
40000,5,3.71373,86.1157
40000,5,3.71384,86.3688
40000,5,3.7137,87.6662
40000,5,3.71383,86.2343
40000,5,3.7137,86.1884
40000,5,3.71393,86.4712
40000,5,3.71369,86.1765
40000,5,3.71386,86.4925
40000,5,3.71381,86.1284
40000,5,3.71391,86.2401
40000,5,3.71375,86.5439
40000,5,3.71388,87.124
40000,5,3.71376,86.1165
40000,5,3.714,86.8471
40000,5,3.71389,86.8222
40000,5,3.71392,86.2573
40000,5,3.71435,92.8952
40000,5,3.7146,89.1672
40000,5,3.71396,86.1616
40000,5,3.71389,87.2315
40000,5,3.71403,86.763
40000,5,3.71407,86.4005
40000,5,3.71384,86.0953
40000,5,3.71392,86.1926
40000,5,3.71399,86.0916
40000,5,3.71398,86.2927
40000,5,3.71359,86.378
40000,5,3.71426,89.8884
40000,5,3.71378,87.9532
40000,5,3.71384,86.9469
40000,5,3.71378,86.1577
40000,5,3.71391,86.7669
40000,5,3.7137,86.3563
40000,5,3.71379,86.2072
40000,5,3.7136,86.2015
40000,5,3.7137,86.2327
40000,5,3.7136,86.068
40000,5,3.71372,88.241
40000,5,3.71361,86.1696
40000,5,3.71374,86.3497
40000,5,3.71364,86.1684
40000,5,3.7138,86.1889
40000,5,3.71358,86.1392
40000,5,3.71375,86.189
40000,5,3.71354,86.1581
40000,5,3.71375,86.6798
40000,5,3.71386,87.7864
40000,5,3.71381,86.7962
40000,5,3.71374,86.0944
40000,5,3.71367,86.1943
40000,5,3.71374,86.1651
40000,5,3.71371,86.3964
40000,5,3.71366,86.1829
40000,5,3.7139,86.997
40000,5,3.71367,86.2247
40000,5,3.71381,87.8496
40000,5,3.71373,86.1893
40000,5,3.71377,86.2462
40000,5,3.71365,86.344
40000,5,3.7137,86.1956
40000,5,3.71368,86.1228
40000,5,3.71378,86.4849
40000,5,3.71365,86.136
40000,5,3.71388,89.0297
40000,5,3.71419,88.558
40000,5,3.71398,86.2211
40000,5,3.71353,86.1635
40000,5,3.71368,86.2475
40000,5,3.71398,89.9085
40000,5,3.7138,86.5286
40000,5,3.71376,86.3415
40000,5,3.71393,86.1701
40000,5,3.71377,87.4956
40000,5,3.71384,87.7735
40000,5,3.71362,86.1981
40000,5,3.71389,86.2332
40000,5,3.71368,86.2559
40000,5,3.71401,86.6496
40000,5,3.71399,86.249
40000,5,3.71388,86.9004
40000,5,3.71377,86.361
40000,5,3.71404,87.9785
40000,5,3.71371,86.4795
40000,5,3.71388,86.4862
40000,5,3.71369,86.25
40000,5,3.7137,86.3658
40000,5,3.71388,86.4839
40000,5,3.71372,86.3211
40000,5,3.71348,86.2085
40000,5,3.71389,86.5453
40000,5,3.71378,88.0089
40000,5,3.71387,86.2583
40000,5,3.71362,86.1817
40000,5,3.71368,86.148
40000,5,3.71381,86.4709
40000,5,3.71363,87.0047
40000,5,3.71377,86.3261
40000,5,3.71454,94.7388
40000,5,3.71424,86.5295
40000,5,3.71393,87.8309
40000,5,3.71362,86.1796
40000,5,3.71384,86.179
40000,5,3.71391,86.6941
40000,5,3.71383,86.3102
40000,5,3.71383,86.1569
40000,5,3.71389,86.2918
40000,5,3.71394,86.2934
40000,5,3.71369,86.3849
40000,5,3.714,90.9961
40000,5,3.71369,86.4786
40000,5,3.71375,86.5604
40000,5,3.71387,86.2202
40000,5,3.71375,86.9412
40000,5,3.71368,86.3654
40000,5,3.7137,86.4417
40000,5,3.71384,86.2381
40000,5,3.71373,86.9879
40000,5,3.71363,86.787
40000,5,3.71373,86.4538
40000,5,3.71385,86.2328
40000,5,3.7138,86.1504
40000,5,3.7138,86.4041
40000,5,3.71371,86.1706
40000,5,3.71376,86.2643
40000,5,3.71366,86.1898
40000,5,3.71379,87.7305
40000,5,3.71386,86.5407
40000,5,3.71375,86.4155
40000,6,3.93427,94.5065
40000,6,3.09698,73.9602
40000,6,3.09697,73.7501
40000,6,3.09694,73.6826
40000,6,3.09698,73.8867
40000,6,3.09699,73.8675
40000,6,3.0968,74.7683
40000,6,3.09675,74.7903
40000,6,3.09696,73.6374
40000,6,3.09712,73.8049
40000,6,3.09699,73.8209
40000,6,3.09714,73.9177
40000,6,3.09693,73.874
40000,6,3.09709,74.1536
40000,6,3.09692,73.9548
40000,6,3.09705,73.9664
40000,6,3.09694,74.1919
40000,6,3.09657,75.511
40000,6,3.09691,74.4637
40000,6,3.09721,73.8543
40000,6,3.09692,73.855
40000,6,3.09711,74.1691
40000,6,3.09704,73.8304
40000,6,3.09703,73.9313
40000,6,3.09694,75.4286
40000,6,3.09706,75.9621
40000,6,3.09719,74.2871
40000,6,3.09702,73.9174
40000,6,3.09631,75.9236
40000,6,3.09714,73.934
40000,6,3.09709,74.0424
40000,6,3.09702,73.909
40000,6,3.09687,73.8615
40000,6,3.0972,74.0403
40000,6,3.09691,73.9251
40000,6,3.09716,74.3606
40000,6,3.09694,74.1246
40000,6,3.09716,73.9523
40000,6,3.09653,77.0226
40000,6,3.09672,76.0004
40000,6,3.09708,74.0277
40000,6,3.09725,74.1951
40000,6,3.09704,73.9017
40000,6,3.09719,74.1096
40000,6,3.09705,73.9121
40000,6,3.09722,74.316
40000,6,3.09706,73.9418
40000,6,3.09704,73.9852
40000,6,3.09694,73.9581
40000,6,3.09662,75.4096
40000,6,3.09695,74.036
40000,6,3.09702,74.1877
40000,6,3.09705,74.0588
40000,6,3.09717,74.1925
40000,6,3.09692,73.9885
40000,6,3.09719,74.466
40000,6,3.09701,74.1797
40000,6,3.09711,74.8787
40000,6,3.09699,75.106
40000,6,3.09728,80.8132
40000,6,3.09752,77.019
40000,6,3.09753,74.2969
40000,6,3.09721,74.0238
40000,6,3.09738,73.998
40000,6,3.09711,74.1511
40000,6,3.09752,74.1932
40000,6,3.09737,79.5885
40000,6,3.09932,86.5661
40000,6,3.10011,88.638
40000,6,3.1003,87.8004
40000,6,3.09946,83.1585
40000,6,3.09751,74.3729
40000,6,3.09726,74.3237
40000,6,3.10015,84.8989
40000,6,3.09726,75.5707
40000,6,3.09777,74.4645
40000,6,3.09713,74.3685
40000,6,3.09766,74.9376
40000,6,3.09734,74.3298
40000,6,3.0976,74.3248
40000,6,3.09706,74.6169
40000,6,3.09713,75.7862
40000,6,3.09722,74.2275
40000,6,3.09742,74.2814
40000,6,3.09731,74.6064
40000,6,3.09754,74.2154
40000,6,3.09719,74.2564
40000,6,3.09745,74.2568
40000,6,3.09724,74.163
40000,6,3.09735,74.4238
40000,6,3.09724,74.1792
40000,6,3.09695,75.511
40000,6,3.09727,74.1509
40000,6,3.09735,74.2405
40000,6,3.09731,74.5416
40000,6,3.09728,74.2057
40000,6,3.09726,75.2397
40000,6,3.09755,74.2474
40000,6,3.09718,74.1714
40000,6,3.0974,74.2417
40000,6,3.09725,74.1676
40000,6,3.09738,74.3613
40000,6,3.09667,75.6268
40000,6,3.09745,74.5996
40000,6,3.09736,74.4186
40000,6,3.09755,74.2267
40000,6,3.09719,74.1857
40000,6,3.09742,74.1929
40000,6,3.09734,74.2487
40000,6,3.09724,74.2304
40000,6,3.09721,74.1639
40000,6,3.09725,74.4442
40000,6,3.09695,75.193
40000,6,3.09715,75.1606
40000,6,3.0974,74.1506
40000,6,3.0974,74.9
40000,6,3.09743,74.2336
40000,6,3.09744,74.2272
40000,6,3.09734,74.2607
40000,6,3.09749,74.4919
40000,6,3.09718,74.3458
40000,6,3.09732,74.4505
40000,6,3.09716,78.0726
40000,6,3.09726,75.981
40000,6,3.09719,74.3452
40000,6,3.0976,74.2499
40000,6,3.09729,74.5542
40000,6,3.09752,75.2515
40000,6,3.09718,74.2886
40000,6,3.09746,74.188
40000,6,3.09728,74.2091
40000,6,3.09743,74.2319
40000,6,3.09737,74.4798
40000,6,3.09741,74.785
40000,6,3.0969,75.3108
40000,6,3.09771,74.9081
40000,6,3.09738,74.2147
40000,6,3.09731,74.2457
40000,6,3.09717,74.1778
40000,6,3.09737,74.1285
40000,6,3.09715,74.1271
40000,6,3.09731,74.4322
40000,6,3.09711,74.8873
40000,6,3.09744,74.2801
40000,6,3.09692,75.5466
40000,6,3.09756,74.4385
40000,6,3.09714,74.3838
40000,6,3.09732,74.3337
40000,6,3.09706,74.1952
40000,6,3.09729,74.4106
40000,6,3.09714,74.2093
40000,6,3.09729,74.2668
40000,6,3.09726,74.5959
40000,6,3.09732,74.1988
40000,6,3.09689,75.8341
40000,6,3.09675,80.4576
40000,6,3.09758,79.3882
40000,6,3.09739,74.8619
40000,6,3.09723,74.3761
40000,6,3.0974,74.397
40000,6,3.09702,74.4042
40000,6,3.09713,74.8102
40000,6,3.09723,74.516
40000,6,3.09736,74.3504
40000,6,3.09708,74.5578
40000,6,3.09693,75.5596
40000,6,3.09726,74.5739
40000,6,3.09763,74.2875
40000,6,3.09719,74.3061
40000,6,3.09751,74.2452
40000,6,3.09715,74.3212
40000,6,3.09764,78.5154
40000,6,3.0974,74.5346
40000,6,3.09733,74.3418
40000,6,3.09749,74.9737
40000,6,3.09744,74.3774
40000,6,3.09688,75.7513
40000,6,3.0975,74.2612
40000,6,3.09736,74.3807
40000,6,3.09743,74.4505
40000,6,3.09732,74.2415
40000,6,3.09738,74.636
40000,6,3.09719,74.5174
40000,6,3.09745,74.4009
40000,6,3.0973,74.348
40000,6,3.0974,74.3783
40000,6,3.09685,75.0922
40000,6,3.09733,75.0892
40000,6,3.09712,74.2819
40000,6,3.09737,74.2162
40000,6,3.09729,74.5984
40000,6,3.0974,74.3512
40000,6,3.09713,74.3252
40000,6,3.09748,75.1723
40000,6,3.0974,74.7062
40000,6,3.09749,74.4047
40000,6,3.09722,74.4313
40000,6,3.09709,75.6221
40000,6,3.09737,74.4365
40000,6,3.09739,74.4141
40000,6,3.09734,74.6929
40000,6,3.09757,74.3994
40000,6,3.09719,74.7189
40000,6,3.09748,74.3864
40000,6,3.09733,74.3857
40000,6,3.09742,74.3801
40000,6,3.09734,74.3075
40000,6,3.09748,74.7427
40000,6,3.09686,75.4503
40000,6,3.09741,74.6108
40000,6,3.09746,74.816
40000,6,3.09747,74.4094
40000,6,3.09728,74.9985
40000,6,3.09761,74.4441
40000,6,3.09723,74.3168
40000,6,3.0974,74.4051
40000,6,3.09728,74.3687
40000,6,3.09738,74.6236
40000,6,3.09684,75.7165
40000,6,3.09736,74.6249
40000,6,3.0976,78.2858
40000,6,3.09751,74.4559
40000,6,3.09723,74.5347
40000,6,3.09745,74.6106
40000,6,3.09747,74.3894
40000,6,3.0975,74.5695
40000,6,3.09731,74.4965
40000,6,3.09731,74.3373
40000,6,3.09728,74.3486
40000,6,3.09704,75.9542
40000,6,3.09726,74.3567
40000,6,3.09743,74.3571
40000,6,3.09745,75.0503
40000,6,3.09764,74.3499
40000,6,3.0972,74.3704
40000,6,3.09739,74.4556
40000,6,3.09716,74.4315
40000,6,3.09739,74.3884
40000,6,3.09718,74.3128
40000,6,3.09717,75.7463
40000,6,3.09729,74.6907
40000,6,3.09742,74.2452
40000,6,3.09722,74.3227
40000,6,3.09742,74.212
40000,6,3.09723,74.1731
40000,6,3.09744,74.3419
40000,6,3.09724,74.3092
40000,6,3.09733,74.5758
40000,6,3.09722,74.3653
40000,6,3.09749,74.6836
40000,7,3.38164,93.8082
40000,7,2.65529,73.7351
40000,7,2.65583,79.6661
40000,7,2.65579,75.7808
40000,7,2.65536,73.3201
40000,7,2.65519,73.5129
40000,7,2.65481,73.2378
40000,7,2.65494,73.3115
40000,7,2.65482,73.3107
40000,7,2.65508,73.6446
40000,7,2.65487,73.3245
40000,7,2.65495,74.2455
40000,7,2.65491,74.1298
40000,7,2.65488,73.9208
40000,7,2.65521,73.6299
40000,7,2.65513,73.6259
40000,7,2.65486,73.5619
40000,7,2.65506,73.5319
40000,7,2.65503,73.5088
40000,7,2.655,73.5414
40000,7,2.65517,74.6244
40000,7,2.65578,76.5958
40000,7,2.65494,73.639
40000,7,2.65526,74.7305
40000,7,2.65519,75.0831
40000,7,2.6551,74.6514
40000,7,2.65505,73.6598
40000,7,2.65525,73.7009
40000,7,2.65494,73.6099
40000,7,2.65511,73.6398
40000,7,2.65483,73.5923
40000,7,2.65517,74.1078
40000,7,2.65523,73.6087
40000,7,2.65502,73.6721
40000,7,2.65507,73.6002
40000,7,2.65497,73.6263
40000,7,2.65512,74.7778
40000,7,2.65505,73.6843
40000,7,2.65478,73.6126
40000,7,2.65512,73.7172
40000,7,2.65488,73.8881
40000,7,2.65502,73.6547
40000,7,2.65488,73.6801
40000,7,2.65508,74.0532
40000,7,2.65511,73.6855
40000,7,2.65487,73.8345
40000,7,2.65507,74.4136
40000,7,2.65514,73.7974
40000,7,2.655,74.5527
40000,7,2.65523,74.5762
40000,7,2.6553,74.1844
40000,7,2.65502,73.866
40000,7,2.65527,73.9098
40000,7,2.65501,73.8633
40000,7,2.6551,74.1982
40000,7,2.65509,73.9115
40000,7,2.65491,73.8882
40000,7,2.65495,73.8964
40000,7,2.65508,74.0362
40000,7,2.65507,73.8992
40000,7,2.65495,74.1612
40000,7,2.65512,74.947
40000,7,2.6549,73.8795
40000,7,2.65499,73.8874
40000,7,2.65507,73.8686
40000,7,2.65503,74.1702
40000,7,2.65499,74.0161
40000,7,2.65506,73.9574
40000,7,2.65495,74.3044
40000,7,2.65536,74.337
40000,7,2.65511,73.9576
40000,7,2.65523,73.9546
40000,7,2.65492,73.9433
40000,7,2.65509,75.2372
40000,7,2.65493,73.975
40000,7,2.65498,74.1816
40000,7,2.655,74.0555
40000,7,2.65537,75.806
40000,7,2.65554,76.373
40000,7,2.65496,74.0391
40000,7,2.65506,73.9636
40000,7,2.6552,74.9122
40000,7,2.65504,74.0793
40000,7,2.65503,74.2046
40000,7,2.65492,74.2194
40000,7,2.65505,74.7504
40000,7,2.65486,74.4437
40000,7,2.65495,74.0796
40000,7,2.65503,74.3588
40000,7,2.65503,74.081
40000,7,2.65484,74.0604
40000,7,2.65518,74.6177
40000,7,2.65498,74.0663
40000,7,2.65492,74.2136
40000,7,2.65483,74.0612
40000,7,2.65504,74.0378
40000,7,2.65487,74.0375
40000,7,2.65491,74.1036
40000,7,2.65495,75.2513
40000,7,2.65511,74.3837
40000,7,2.65496,74.0732
40000,7,2.65502,74.1039
40000,7,2.65482,74.272
40000,7,2.65514,74.1658
40000,7,2.65508,74.2259
40000,7,2.65514,74.0939
40000,7,2.65477,74.2684
40000,7,2.65509,74.0644
40000,7,2.655,74.0812
40000,7,2.65504,74.0804
40000,7,2.65498,75.5453
40000,7,2.65527,74.3108
40000,7,2.65517,74.1151
40000,7,2.65516,74.1389
40000,7,2.65514,74.6897
40000,7,2.65582,80.2658
40000,7,2.65594,76.5351
40000,7,2.65535,74.1518
40000,7,2.655,74.1141
40000,7,2.65514,74.3115
40000,7,2.65482,74.1261
40000,7,2.65507,74.1119
40000,7,2.65525,75.0207
40000,7,2.65519,74.7143
40000,7,2.65502,74.1408
40000,7,2.6551,74.1219
40000,7,2.65496,74.1445
40000,7,2.65527,74.1733
40000,7,2.65513,74.2566
40000,7,2.65503,74.1309
40000,7,2.65494,74.2284
40000,7,2.65602,82.4809
40000,7,2.65624,84.6157
40000,7,2.6567,86.2613
40000,7,2.65655,89.385
40000,7,2.65626,85.7829
40000,7,2.6558,81.9211
40000,7,2.67953,85.8691
40000,7,2.6594,85.8085
40000,7,2.65624,76.7281
40000,7,2.65492,74.2715
40000,7,2.65491,74.2315
40000,7,2.65544,76.7952
40000,7,2.65509,74.2397
40000,7,2.65521,74.4845
40000,7,2.65506,74.1898
40000,7,2.65504,74.411
40000,7,2.65502,75.4455
40000,7,2.65487,74.239
40000,7,2.65508,74.2447
40000,7,2.65498,74.2056
40000,7,2.65496,74.2578
40000,7,2.65488,74.2395
40000,7,2.65495,74.3189
40000,7,2.65485,74.2029
40000,7,2.65513,74.3776
40000,7,2.65504,74.5183
40000,7,2.65497,74.1871
40000,7,2.65484,74.189
40000,7,2.65519,75.7408
40000,7,2.65512,75.7896
40000,7,2.65515,74.7972
40000,7,2.65483,74.2022
40000,7,2.6549,74.3513
40000,7,2.65487,74.1545
40000,7,2.65493,74.1987
40000,7,2.65488,74.2093
40000,7,2.65513,74.5364
40000,7,2.65501,74.191
40000,7,2.65507,74.1521
40000,7,2.65493,74.1648
40000,7,2.65498,74.1731
40000,7,2.6551,75.5456
40000,7,2.65487,74.1513
40000,7,2.65498,74.1612
40000,7,2.65483,74.1564
40000,7,2.6549,74.3403
40000,7,2.6551,74.1624
40000,7,2.65496,74.479
40000,7,2.65502,74.1751
40000,7,2.65488,74.198
40000,7,2.65491,74.304
40000,7,2.65521,74.7714
40000,7,2.65522,74.1355
40000,7,2.65495,75.3113
40000,7,2.6549,74.1598
40000,7,2.65484,74.1713
40000,7,2.65505,74.1768
40000,7,2.65477,74.1798
40000,7,2.65499,74.4047
40000,7,2.65496,74.4755
40000,7,2.65531,77.1521
40000,7,2.65508,75.0348
40000,7,2.65488,74.1896
40000,7,2.65489,74.3766
40000,7,2.655,74.203
40000,7,2.65479,74.7813
40000,7,2.65501,75.0915
40000,7,2.65497,74.1885
40000,7,2.65509,74.4106
40000,7,2.65485,74.3316
40000,7,2.65513,74.5254
40000,7,2.65499,74.2022
40000,7,2.65501,74.2234
40000,7,2.65509,74.9288
40000,7,2.65526,74.2237
40000,7,2.65501,74.2108
40000,7,2.65507,74.3803
40000,7,2.65507,74.2042
40000,7,2.65507,75.3276
40000,7,2.65482,74.1982
40000,7,2.65508,74.2239
40000,7,2.65501,74.3893
40000,7,2.65506,74.1872
40000,7,2.65498,74.1742
40000,7,2.6549,74.1917
40000,7,2.65491,74.3311
40000,7,2.65505,74.1807
40000,7,2.65484,74.1678
40000,7,2.65487,74.1283
40000,7,2.65497,74.1921
40000,7,2.65502,75.4141
40000,7,2.65479,74.1511
40000,7,2.65502,74.5568
40000,7,2.65488,74.1492
40000,7,2.65499,74.3097
40000,7,2.65488,74.1533
40000,7,2.65529,74.7539
40000,7,2.65587,80.4733
40000,7,2.65576,76.6746
40000,7,2.65512,74.2142
40000,7,2.655,74.2039
40000,7,2.65494,74.1603
40000,7,2.65506,74.7386
40000,7,2.65487,74.9208
40000,7,2.65491,74.4083
40000,7,2.65498,74.1835
40000,7,2.65483,74.1767
40000,7,2.65485,74.1886
40000,7,2.65497,74.1914
40000,7,2.65497,74.2455
40000,7,2.65496,74.183
40000,7,2.65486,74.1726
40000,7,2.655,74.3185
40000,7,2.65485,74.1357
40000,7,2.65492,74.1603
40000,7,2.65508,75.7088
40000,7,2.6551,74.193
40000,7,2.65521,77.6376
40000,7,2.65532,74.5181
40000,8,2.98219,84.3778
40000,8,2.32457,66.1673
40000,8,2.32497,66.1571
40000,8,2.32485,66.0964
40000,8,2.32464,66.1552
40000,8,2.32463,66.1092
40000,8,2.32466,66.1143
40000,8,2.32455,66.4259
40000,8,2.32457,66.8598
40000,8,2.32465,66.5021
40000,8,2.32465,66.1378
40000,8,2.32462,66.3012
40000,8,2.32484,66.1485
40000,8,2.32466,66.17
40000,8,2.32471,66.1986
40000,8,2.32466,66.1482
40000,8,2.32463,66.1758
40000,8,2.32456,66.1427
40000,8,2.3248,66.1635
40000,8,2.32457,66.0977
40000,8,2.32476,66.4338
40000,8,2.32475,66.286
40000,8,2.32454,66.8128
40000,8,2.3243,66.7457
40000,8,2.32468,66.6473
40000,8,2.32492,66.1577
40000,8,2.32472,66.1711
40000,8,2.32464,66.1444
40000,8,2.32477,66.1855
40000,8,2.32471,66.1286
40000,8,2.32476,66.1576
40000,8,2.32464,66.3403
40000,8,2.32473,66.1719
40000,8,2.3247,66.5103
40000,8,2.32497,66.2301
40000,8,2.32469,66.1658
40000,8,2.3245,66.6195
40000,8,2.32448,66.939
40000,8,2.32474,66.2145
40000,8,2.3247,66.2222
40000,8,2.32485,66.1918
40000,8,2.32454,66.3282
40000,8,2.32474,66.2185
40000,8,2.32466,66.1376
40000,8,2.32466,66.1947
40000,8,2.32467,66.1997
40000,8,2.32492,66.5286
40000,8,2.32475,66.1554
40000,8,2.32474,66.315
40000,8,2.32456,66.1323
40000,8,2.32476,67.1817
40000,8,2.32454,67.8821
40000,8,2.32458,67.5092
40000,8,2.32473,66.2503
40000,8,2.3247,66.2091
40000,8,2.32476,66.2017
40000,8,2.32471,66.2125
40000,8,2.32466,66.2231
40000,8,2.32476,66.2133
40000,8,2.32482,66.5392
40000,8,2.32465,66.1966
40000,8,2.32464,66.3865
40000,8,2.32493,70.0122
40000,8,2.32479,66.375
40000,8,2.32468,66.4846
40000,8,2.32451,68.1054
40000,8,2.32462,66.2434
40000,8,2.32454,66.1785
40000,8,2.32477,66.2329
40000,8,2.32466,66.1918
40000,8,2.3247,66.2125
40000,8,2.32483,66.416
40000,8,2.3247,66.5374
40000,8,2.32478,66.2131
40000,8,2.32475,66.3035
40000,8,2.32464,66.2802
40000,8,2.32484,67.0411
40000,8,2.32486,66.226
40000,8,2.32485,66.2532
40000,8,2.32437,67.3877
40000,8,2.3247,66.2268
40000,8,2.32462,66.4187
40000,8,2.32487,66.2658
40000,8,2.32468,66.2462
40000,8,2.32484,66.2131
40000,8,2.32483,66.5467
40000,8,2.3249,66.2633
40000,8,2.32477,66.2713
40000,8,2.32468,66.2393
40000,8,2.32479,66.1963
40000,8,2.3249,66.2361
40000,8,2.32469,66.3995
40000,8,2.32472,66.2516
40000,8,2.32426,67.5426
40000,8,2.32476,66.2479
40000,8,2.32472,66.2536
40000,8,2.32477,66.3139
40000,8,2.32484,66.2907
40000,8,2.32482,66.6538
40000,8,2.32485,66.2045
40000,8,2.32461,66.2552
40000,8,2.3247,66.3964
40000,8,2.32502,67.1662
40000,8,2.32466,72.3983
40000,8,2.32502,68.6245
40000,8,2.32489,66.2689
40000,8,2.32493,66.1953
40000,8,2.32421,67.4125
40000,8,2.32485,66.2459
40000,8,2.32471,66.1886
40000,8,2.32471,66.2585
40000,8,2.32483,66.7039
40000,8,2.32477,66.2787
40000,8,2.3248,66.2901
40000,8,2.32487,66.3061
40000,8,2.32471,66.2393
40000,8,2.32481,66.3162
40000,8,2.32491,66.2875
40000,8,2.32483,66.2457
40000,8,2.32467,66.2185
40000,8,2.32485,66.2079
40000,8,2.32452,67.288
40000,8,2.32486,66.3809
40000,8,2.32479,66.3826
40000,8,2.32481,66.376
40000,8,2.32486,66.2557
40000,8,2.32473,66.2163
40000,8,2.32464,67.9787
40000,8,2.32519,69.0779
40000,8,2.32482,66.2838
40000,8,2.3248,66.2383
40000,8,2.32462,66.241
40000,8,2.32494,66.4285
40000,8,2.32472,66.1771
40000,8,2.32475,66.2272
40000,8,2.32432,67.2037
40000,8,2.32469,66.6555
40000,8,2.32484,66.2341
40000,8,2.32471,66.2725
40000,8,2.32485,66.2528
40000,8,2.32486,66.2465
40000,8,2.32473,66.2446
40000,8,2.32487,66.4331
40000,8,2.32465,66.2393
40000,8,2.32469,66.26
40000,8,2.3248,66.2382
40000,8,2.32469,66.2382
40000,8,2.32485,66.2393
40000,8,2.32477,66.2377
40000,8,2.32439,67.4035
40000,8,2.32467,66.5429
40000,8,2.32471,66.2073
40000,8,2.32475,66.4633
40000,8,2.32475,66.2337
40000,8,2.32487,66.8787
40000,8,2.32488,66.3914
40000,8,2.3248,66.217
40000,8,2.3247,66.2215
40000,8,2.32483,66.276
40000,8,2.32475,66.2403
40000,8,2.32472,66.2132
40000,8,2.32461,66.2338
40000,8,2.32466,66.7521
40000,8,2.32462,66.8641
40000,8,2.32465,66.8072
40000,8,2.32469,66.2109
40000,8,2.32482,66.2797
40000,8,2.32462,66.2125
40000,8,2.32477,66.2694
40000,8,2.32466,66.2564
40000,8,2.32468,66.2353
40000,8,2.32477,66.2144
40000,8,2.32474,66.4251
40000,8,2.32469,66.25
40000,8,2.32473,66.2628
40000,8,2.32472,66.5288
40000,8,2.32482,66.2743
40000,8,2.32456,66.7628
40000,8,2.32454,66.9334
40000,8,2.32467,66.2343
40000,8,2.32497,66.89
40000,8,2.3247,66.2133
40000,8,2.3248,66.5963
40000,8,2.32497,66.2774
40000,8,2.32477,66.221
40000,8,2.32474,66.2359
40000,8,2.32465,66.2666
40000,8,2.32465,66.2594
40000,8,2.32474,66.5331
40000,8,2.32476,66.2713
40000,8,2.3248,66.2713
40000,8,2.32452,66.5639
40000,8,2.32455,68.4675
40000,8,2.32488,69.0044
40000,8,2.32492,66.2483
40000,8,2.32466,66.2622
40000,8,2.32467,66.2571
40000,8,2.3248,66.4677
40000,8,2.32472,66.2774
40000,8,2.3247,66.2128
40000,8,2.3247,66.2604
40000,8,2.32474,66.5499
40000,8,2.32484,66.4064
40000,8,2.32473,66.2436
40000,8,2.32458,66.2944
40000,8,2.32471,66.972
40000,8,2.32435,68.142
40000,8,2.32441,67.4933
40000,8,2.3249,66.274
40000,8,2.32478,66.3825
40000,8,2.32477,66.2546
40000,8,2.3247,66.2338
40000,8,2.32477,66.4483
40000,8,2.32472,66.2492
40000,8,2.32492,66.5852
40000,8,2.32475,66.2389
40000,8,2.32482,66.2553
40000,8,2.32466,66.2204
40000,8,2.32474,66.2445
40000,8,2.32467,66.252
40000,8,2.32426,67.5194
40000,8,2.32462,66.201
40000,8,2.32472,66.4041
40000,8,2.32468,66.1864
40000,8,2.3246,66.2318
40000,8,2.32473,66.2066
40000,8,2.32475,66.2485
40000,8,2.32469,66.5068
40000,8,2.32493,66.2313
40000,8,2.32455,66.2106
40000,8,2.3247,66.2519
40000,8,2.32482,66.9698
40000,8,2.32487,72.989
40000,8,2.3255,76.6288
40000,8,2.3273,76.6144
40000,8,2.32506,76.7275
40000,8,2.32907,76.3448
40000,8,2.32727,76.371
40000,8,2.32788,72.7955
40000,8,2.32467,66.2922
40000,8,2.32477,66.632
40000,8,2.32481,66.2955
40000,8,2.32772,68.6474
40000,8,2.3247,66.272
40000,8,2.32471,66.3008
40000,8,2.32474,66.297
40000,8,2.32487,66.3466
40000,8,2.32472,66.251
40000,8,2.32406,67.6848
40000,8,2.32465,66.2792
40000,9,2.64957,84.7653
40000,9,2.06603,66.3685
40000,9,2.06628,66.874
40000,9,2.06608,66.46
40000,9,2.06609,66.3593
40000,9,2.06603,66.342
40000,9,2.06605,66.3704
40000,9,2.0664,68.8625
40000,9,2.06662,68.5726
40000,9,2.06611,66.3706
40000,9,2.06607,66.4124
40000,9,2.06606,66.38
40000,9,2.06608,66.8968
40000,9,2.06614,67.3604
40000,9,2.06606,66.4222
40000,9,2.06603,66.4053
40000,9,2.06609,66.7427
40000,9,2.06613,66.4085
40000,9,2.06613,66.4427
40000,9,2.06613,66.4717
40000,9,2.06605,66.4791
40000,9,2.06604,66.4345
40000,9,2.06607,66.4508
40000,9,2.06604,66.4599
40000,9,2.06612,66.6135
40000,9,2.06602,66.467
40000,9,2.06606,66.4271
40000,9,2.06598,66.4299
40000,9,2.06601,67.2039
40000,9,2.06596,67.4479
40000,9,2.06608,66.4647
40000,9,2.066,66.7545
40000,9,2.06613,66.4698
40000,9,2.06601,66.4588
40000,9,2.06605,66.4614
40000,9,2.06605,66.4927
40000,9,2.0663,67.3019
40000,9,2.0661,66.4755
40000,9,2.06613,66.5226
40000,9,2.06597,66.4946
40000,9,2.06611,66.5117
40000,9,2.06598,66.4776
40000,9,2.06604,66.5077
40000,9,2.06604,66.6013
40000,9,2.06604,67.6345
40000,9,2.0661,67.2996
40000,9,2.06612,66.5119
40000,9,2.06606,66.7142
40000,9,2.06611,66.5238
40000,9,2.06601,66.4664
40000,9,2.0661,66.4813
40000,9,2.066,66.4629
40000,9,2.06616,66.4604
40000,9,2.066,66.4441
40000,9,2.06607,66.4834
40000,9,2.06645,66.5103
40000,9,2.06638,66.4961
40000,9,2.06642,66.5255
40000,9,2.06659,66.7018
40000,9,2.06647,66.4876
40000,9,2.06658,68.1247
40000,9,2.06651,66.5137
40000,9,2.06646,66.4721
40000,9,2.0665,66.4834
40000,9,2.06648,66.489
40000,9,2.06665,67.072
40000,9,2.06656,66.5408
40000,9,2.06657,66.5019
40000,9,2.06648,66.5112
40000,9,2.06647,66.4859
40000,9,2.06665,66.7206
40000,9,2.06644,66.4664
40000,9,2.06654,66.4944
40000,9,2.06645,66.5986
40000,9,2.06647,66.6971
40000,9,2.06653,66.4519
40000,9,2.06636,68.1217
40000,9,2.06656,66.4894
40000,9,2.06645,66.4064
40000,9,2.06647,66.4315
40000,9,2.06656,67.1739
40000,9,2.06747,71.1272
40000,9,2.06656,66.4129
40000,9,2.06645,66.4639
40000,9,2.06644,66.4162
40000,9,2.06645,66.4266
40000,9,2.06643,66.3935
40000,9,2.06636,66.4303
40000,9,2.06641,66.3989
40000,9,2.06655,66.7189
40000,9,2.06648,66.403
40000,9,2.06643,66.4141
40000,9,2.06644,68.2585
40000,9,2.0665,66.3885
40000,9,2.0667,67.0544
40000,9,2.06648,66.4602
40000,9,2.06655,66.4274
40000,9,2.06645,66.3574
40000,9,2.06652,66.4583
40000,9,2.06642,66.379
40000,9,2.06639,66.3916
40000,9,2.0664,66.3545
40000,9,2.06644,66.4067
40000,9,2.06639,66.8493
40000,9,2.06667,66.6558
40000,9,2.06652,66.3864
40000,9,2.06651,66.3795
40000,9,2.0664,66.6649
40000,9,2.06641,68.0687
40000,9,2.06643,66.3609
40000,9,2.0666,66.4023
40000,9,2.06636,66.3641
40000,9,2.0664,66.342
40000,9,2.06648,66.367
40000,9,2.06648,66.4218
40000,9,2.06636,66.6055
40000,9,2.06653,66.3833
40000,9,2.06646,66.4406
40000,9,2.06653,66.7077
40000,9,2.06651,66.432
40000,9,2.06647,66.4407
40000,9,2.06646,66.4151
40000,9,2.06648,66.4522
40000,9,2.06658,67.9608
40000,9,2.06746,74.5054
40000,9,2.06736,70.2731
40000,9,2.06674,66.9489
40000,9,2.06651,66.3722
40000,9,2.0665,66.3569
40000,9,2.06643,66.4185
40000,9,2.06648,66.358
40000,9,2.0665,66.4044
40000,9,2.06651,66.4677
40000,9,2.06659,66.7088
40000,9,2.0666,66.3752
40000,9,2.06641,66.3703
40000,9,2.06646,66.4102
40000,9,2.06664,66.4105
40000,9,2.06662,66.708
40000,9,2.06653,67.4149
40000,9,2.06669,67.2478
40000,9,2.0667,66.4024
40000,9,2.06666,66.3842
40000,9,2.06644,66.3781
40000,9,2.06648,66.4005
40000,9,2.0665,66.3964
40000,9,2.06648,66.4075
40000,9,2.06665,66.661
40000,9,2.06652,66.4495
40000,9,2.06649,66.6489
40000,9,2.06652,66.4218
40000,9,2.06652,66.4279
40000,9,2.06662,66.4375
40000,9,2.06678,67.2429
40000,9,2.06735,70.7007
40000,9,2.06659,67.6466
40000,9,2.06668,67.1416
40000,9,2.06649,66.3848
40000,9,2.06646,66.4456
40000,9,2.06656,66.3921
40000,9,2.06662,66.7017
40000,9,2.06636,66.4179
40000,9,2.0667,66.7827
40000,9,2.06652,66.5972
40000,9,2.06661,66.3798
40000,9,2.06649,66.4177
40000,9,2.06666,66.5021
40000,9,2.06651,66.3823
40000,9,2.0666,66.4654
40000,9,2.06656,66.4037
40000,9,2.06649,66.4693
40000,9,2.06669,68.018
40000,9,2.06668,66.8971
40000,9,2.06661,66.4102
40000,9,2.06646,66.3736
40000,9,2.06656,66.4229
40000,9,2.06661,66.7388
40000,9,2.06661,66.3735
40000,9,2.06651,66.4683
40000,9,2.06636,66.379
40000,9,2.06647,66.4357
40000,9,2.06658,66.3741
40000,9,2.06675,67.0398
40000,9,2.06654,66.7028
40000,9,2.06649,66.4078
40000,9,2.06654,66.469
40000,9,2.06659,66.3904
40000,9,2.06657,68.2075
40000,9,2.06643,66.4357
40000,9,2.06656,66.3503
40000,9,2.06633,66.4472
40000,9,2.06668,66.6798
40000,9,2.06658,66.4335
40000,9,2.0666,66.6132
40000,9,2.06652,66.6892
40000,9,2.06665,66.4112
40000,9,2.06646,66.5255
40000,9,2.06651,66.4077
40000,9,2.06656,66.4401
40000,9,2.06644,66.3486
40000,9,2.06643,66.4092
40000,9,2.06637,66.3837
40000,9,2.06648,66.3882
40000,9,2.06665,68.4618
40000,9,2.06662,66.4155
40000,9,2.06665,66.6681
40000,9,2.06675,66.6775
40000,9,2.0666,66.3924
40000,9,2.06651,66.4157
40000,9,2.0665,66.4203
40000,9,2.0666,66.4412
40000,9,2.06672,67.0274
40000,9,2.06657,66.4313
40000,9,2.06649,66.4822
40000,9,2.06665,66.468
40000,9,2.06649,66.437
40000,9,2.06653,66.389
40000,9,2.06652,66.6381
40000,9,2.06647,66.7155
40000,9,2.06658,68.2065
40000,9,2.06668,66.7362
40000,9,2.06668,66.4235
40000,9,2.06663,66.4818
40000,9,2.06655,66.6152
40000,9,2.06661,66.4099
40000,9,2.06651,66.5794
40000,9,2.06668,66.4718
40000,9,2.0671,70.6538
40000,9,2.06656,66.6534
40000,9,2.06663,66.4135
40000,9,2.0665,66.6297
40000,9,2.06658,66.4229
40000,9,2.0665,66.4362
40000,9,2.06643,66.3956
40000,9,2.06654,67.4979
40000,9,2.06655,67.8069
40000,9,2.06658,66.4606
40000,9,2.0665,66.4118
40000,9,2.06652,66.4085
40000,9,2.06653,66.3761
40000,9,2.06668,67.246
40000,9,2.06653,66.4124
40000,9,2.06653,66.4082
40000,9,2.06649,66.3612
40000,9,2.06658,66.4171
40000,9,2.06648,66.4279
40000,9,2.06645,66.4533
40000,9,2.06646,66.359
40000,9,2.06646,66.3866
40000,9,2.06662,66.685
40000,10,2.39756,80.2412
40000,10,1.86092,60.7724
40000,10,1.86119,61.02
40000,10,1.86102,60.7544
40000,10,1.86114,60.7965
40000,10,1.86098,60.776
40000,10,1.86099,60.8018
40000,10,1.86091,60.8513
40000,10,1.86115,60.8614
40000,10,1.86093,60.8193
40000,10,1.86112,60.8591
40000,10,1.86107,60.7884
40000,10,1.86109,60.914
40000,10,1.861,60.9857
40000,10,1.86123,61.1778
40000,10,1.86109,60.8048
40000,10,1.86115,60.866
40000,10,1.86068,62.7895
40000,10,1.86114,60.9851
40000,10,1.86114,60.8096
40000,10,1.86151,68.164
40000,10,1.86172,64.1103
40000,10,1.8614,61.0225
40000,10,1.86122,60.8142
40000,10,1.86133,60.9191
40000,10,1.86107,61.1043
40000,10,1.86116,60.8583
40000,10,1.86098,60.875
40000,10,1.86106,60.8927
40000,10,1.861,60.8661
40000,10,1.86124,61.1891
40000,10,1.86114,60.8702
40000,10,1.86113,60.8513
40000,10,1.86103,60.8025
40000,10,1.86096,61.487
40000,10,1.86082,62.5885
40000,10,1.86118,60.947
40000,10,1.86116,60.8474
40000,10,1.8613,61.0743
40000,10,1.86108,60.8159
40000,10,1.86119,60.841
40000,10,1.86098,60.7896
40000,10,1.86109,60.8634
40000,10,1.861,60.7755
40000,10,1.86122,60.8437
40000,10,1.86105,60.8032
40000,10,1.8613,61.1849
40000,10,1.86115,60.7991
40000,10,1.86115,60.8806
40000,10,1.86106,60.7924
40000,10,1.86116,61.1031
40000,10,1.86109,60.7965
40000,10,1.86116,62.6403
40000,10,1.86103,63.2736
40000,10,1.86124,62.7135
40000,10,1.8616,64.6069
40000,10,1.86122,60.822
40000,10,1.86103,60.7961
40000,10,1.86113,60.835
40000,10,1.86099,60.7725
40000,10,1.86116,60.9177
40000,10,1.86103,60.884
40000,10,1.86122,61.2079
40000,10,1.86109,61.0697
40000,10,1.86126,60.886
40000,10,1.86113,60.8291
40000,10,1.86121,60.9096
40000,10,1.86115,60.8058
40000,10,1.86104,60.8504
40000,10,1.86102,61.2215
40000,10,1.86092,62.6842
40000,10,1.861,60.8235
40000,10,1.86116,60.8481
40000,10,1.86108,60.7979
40000,10,1.86116,60.8952
40000,10,1.8611,60.9232
40000,10,1.8611,60.9652
40000,10,1.86123,60.8136
40000,10,1.86119,61.1519
40000,10,1.861,60.8111
40000,10,1.86129,60.8704
40000,10,1.86095,60.8036
40000,10,1.86115,60.8452
40000,10,1.86115,60.8129
40000,10,1.8612,60.8125
40000,10,1.86119,61.457
40000,10,1.8613,60.8337
40000,10,1.86091,61.896
40000,10,1.86105,61.9386
40000,10,1.86121,60.7608
40000,10,1.86117,60.8149
40000,10,1.86107,60.7913
40000,10,1.86117,60.8614
40000,10,1.86097,60.7787
40000,10,1.86117,61.1873
40000,10,1.86115,60.7977
40000,10,1.86128,60.8448
40000,10,1.8611,60.8679
40000,10,1.86117,60.9385
40000,10,1.86104,60.8243
40000,10,1.8612,60.9934
40000,10,1.86109,61.0535
40000,10,1.86135,61.1615
40000,10,1.86104,60.8344
40000,10,1.86105,60.8746
40000,10,1.86076,62.7526
40000,10,1.86105,61.107
40000,10,1.86103,60.8042
40000,10,1.86124,60.8612
40000,10,1.86112,60.8297
40000,10,1.86133,61.1692
40000,10,1.86101,60.8022
40000,10,1.86119,60.9187
40000,10,1.86105,61.0803
40000,10,1.86118,60.861
40000,10,1.86109,60.8189
40000,10,1.86137,60.9077
40000,10,1.86122,61.533
40000,10,1.86109,60.8449
40000,10,1.86118,60.8314
40000,10,1.86136,60.9076
40000,10,1.86116,60.8009
40000,10,1.86106,61.3269
40000,10,1.86091,62.8416
40000,10,1.86109,60.989
40000,10,1.861,60.7981
40000,10,1.86132,61.4127
40000,10,1.86115,60.814
40000,10,1.86117,60.8269
40000,10,1.86106,60.779
40000,10,1.86111,60.8912
40000,10,1.86102,60.8076
40000,10,1.86113,60.8692
40000,10,1.86118,61.9055
40000,10,1.86136,60.8717
40000,10,1.861,60.8324
40000,10,1.86189,65.551
40000,10,1.86116,60.8183
40000,10,1.86118,61.1803
40000,10,1.86098,60.8866
40000,10,1.86104,62.2216
40000,10,1.8611,61.3463
40000,10,1.86124,61.1135
40000,10,1.86108,60.9809
40000,10,1.86128,60.8486
40000,10,1.86112,60.8971
40000,10,1.8612,60.9219
40000,10,1.86112,60.9167
40000,10,1.86122,60.9783
40000,10,1.8612,61.5547
40000,10,1.86123,61.0011
40000,10,1.86124,61.1319
40000,10,1.86117,60.9615
40000,10,1.86116,60.9016
40000,10,1.86121,60.973
40000,10,1.86099,60.8777
40000,10,1.86126,60.8788
40000,10,1.86104,60.9606
40000,10,1.86097,62.6251
40000,10,1.86124,61.1969
40000,10,1.86115,60.9195
40000,10,1.86112,60.8934
40000,10,1.86107,60.9282
40000,10,1.86103,61.08
40000,10,1.86126,60.9478
40000,10,1.86098,60.8809
40000,10,1.86122,60.9181
40000,10,1.86096,60.8356
40000,10,1.86123,60.9366
40000,10,1.86103,61.0349
40000,10,1.86118,60.8479
40000,10,1.86099,60.8225
40000,10,1.86122,60.8711
40000,10,1.86107,60.8311
40000,10,1.86117,60.887
40000,10,1.86101,62.0827
40000,10,1.86115,62.0537
40000,10,1.86107,60.8381
40000,10,1.86122,60.8935
40000,10,1.86107,60.8381
40000,10,1.86118,60.8122
40000,10,1.86113,65.2425
40000,10,1.86233,64.9364
40000,10,1.86163,63.2766
40000,10,1.86144,61.0399
40000,10,1.86121,60.8837
40000,10,1.86117,60.943
40000,10,1.86107,60.8767
40000,10,1.86108,60.9167
40000,10,1.86119,61.1447
40000,10,1.86118,60.9582
40000,10,1.86119,61.2307
40000,10,1.86198,62.3437
40000,10,1.8618,69.9271
40000,10,1.87215,68.3489
40000,10,1.86176,69.5324
40000,10,1.86299,69.6816
40000,10,1.89795,69.5299
40000,10,1.92502,71.522
40000,10,1.93158,71.6005
40000,10,1.89549,66.072
40000,10,1.86124,61.1676
40000,10,1.86133,61.1501
40000,10,1.86106,60.9282
40000,10,1.86123,60.9517
40000,10,1.87125,63.6861
40000,10,1.86136,60.9076
40000,10,1.86114,61.2548
40000,10,1.86138,60.8951
40000,10,1.86126,60.8807
40000,10,1.86103,61.6589
40000,10,1.86106,62.1169
40000,10,1.86129,60.9536
40000,10,1.86111,60.881
40000,10,1.86149,62.0784
40000,10,1.86119,60.9286
40000,10,1.86121,60.9149
40000,10,1.86175,65.3544
40000,10,1.86118,60.9347
40000,10,1.86115,60.8913
40000,10,1.86117,60.9421
40000,10,1.86107,60.839
40000,10,1.86123,60.9044
40000,10,1.86113,61.1649
40000,10,1.86125,60.9274
40000,10,1.86113,60.9355
40000,10,1.86127,61.1997
40000,10,1.86119,60.8783
40000,10,1.86103,62.5164
40000,10,1.86107,61.2842
40000,10,1.86124,61.0281
40000,10,1.8611,60.9763
40000,10,1.86119,60.9718
40000,10,1.86108,60.9085
40000,10,1.86117,60.9143
40000,10,1.86106,61.1092
40000,10,1.86125,60.9204
40000,10,1.86107,60.8583
40000,10,1.86121,60.9114
40000,10,1.86111,61.451
40000,10,1.86125,60.9119
40000,10,1.86121,60.8787
40000,10,1.86111,60.8816
40000,10,1.86111,60.888
40000,10,1.86137,60.8966
40000,10,1.86111,61.1375
40000,10,1.86093,63.6884
40000,10,1.86109,62.0919
40000,10,1.861,62.3921
40000,10,1.86112,61.1356
40000,11,2.18443,79.5503
40000,11,1.69192,61.6156
40000,11,1.69352,61.7869
40000,11,1.69191,61.6451
40000,11,1.69361,61.8037
40000,11,1.69423,62.0725
40000,11,1.69395,61.8504
40000,11,1.69214,61.6999
40000,11,1.69315,61.8283
40000,11,1.692,61.714
40000,11,1.69336,61.8143
40000,11,1.69196,61.6687
40000,11,1.69318,61.7917
40000,11,1.6921,62.4055
40000,11,1.69537,63.1342
40000,11,1.69207,61.7119
40000,11,1.69349,61.804
40000,11,1.69199,61.697
40000,11,1.69324,61.8253
40000,11,1.69207,61.6737
40000,11,1.69358,61.9337
40000,11,1.69199,61.6585
40000,11,1.69512,62.1351
40000,11,1.69204,61.6699
40000,11,1.69343,61.7463
40000,11,1.69204,61.6468
40000,11,1.69332,61.8528
40000,11,1.69202,61.6746
40000,11,1.69369,61.9864
40000,11,1.69213,61.6843
40000,11,1.69364,62.3785
40000,11,1.69212,61.6548
40000,11,1.69353,61.9535
40000,11,1.6924,63.549
40000,11,1.69342,61.7945
40000,11,1.69205,61.6431
40000,11,1.69364,61.724
40000,11,1.69196,61.549
40000,11,1.69328,61.6301
40000,11,1.69185,61.4946
40000,11,1.69359,61.859
40000,11,1.69329,61.7174
40000,11,1.69385,61.9194
40000,11,1.69198,61.5623
40000,11,1.693,61.6493
40000,11,1.69203,61.5809
40000,11,1.6933,61.6769
40000,11,1.692,61.8116
40000,11,1.6935,61.7224
40000,11,1.69191,61.5763
40000,11,1.69344,61.7711
40000,11,1.692,61.6126
40000,11,1.7183,67.849
40000,11,1.69236,62.0692
40000,11,1.69334,61.6789
40000,11,1.69207,61.5865
40000,11,1.69376,62.125
40000,11,1.69205,61.5706
40000,11,1.69586,62.0493
40000,11,1.69192,61.5918
40000,11,1.69317,61.6582
40000,11,1.69201,61.5608
40000,11,1.69345,61.7328
40000,11,1.69192,61.5656
40000,11,1.69344,61.6704
40000,11,1.69194,61.5974
40000,11,1.70497,62.8327
40000,11,1.692,61.575
40000,11,1.69325,61.7763
40000,11,1.6921,61.7666
40000,11,1.69316,61.7617
40000,11,1.69216,62.2391
40000,11,1.69376,62.6895
40000,11,1.69191,61.5241
40000,11,1.69336,61.6726
40000,11,1.69199,61.8065
40000,11,1.69318,61.5871
40000,11,1.69211,61.5793
40000,11,1.69311,61.6271
40000,11,1.69182,61.5353
40000,11,1.69447,61.6727
40000,11,1.69198,61.4887
40000,11,1.69306,61.594
40000,11,1.69192,61.8006
40000,11,1.69315,61.6116
40000,11,1.69187,61.4734
40000,11,1.69314,61.6917
40000,11,1.69194,61.5287
40000,11,1.69327,61.6237
40000,11,1.69169,61.5732
40000,11,1.6934,61.6601
40000,11,1.69219,63.3277
40000,11,1.69328,61.7295
40000,11,1.69217,62.0247
40000,11,1.69319,61.5991
40000,11,1.69186,61.5088
40000,11,1.69299,61.6132
40000,11,1.69198,61.7703
40000,11,1.6935,61.6627
40000,11,1.69193,61.5209
40000,11,1.70492,66.2327
40000,11,1.7066,65.6148
40000,11,1.69712,64.0137
40000,11,1.69791,62.1978
40000,11,1.69349,61.6687
40000,11,1.692,61.5117
40000,11,1.69314,61.646
40000,11,1.69186,61.5524
40000,11,1.69331,61.6547
40000,11,1.69186,61.53
40000,11,1.69353,62.9713
40000,11,1.69461,62.7796
40000,11,1.69364,61.7702
40000,11,1.69198,61.6063
40000,11,1.69353,61.7152
40000,11,1.69184,61.5072
40000,11,1.69333,61.6757
40000,11,1.692,61.5241
40000,11,1.69328,61.6111
40000,11,1.69208,61.5662
40000,11,1.69328,61.6753
40000,11,1.69215,61.5088
40000,11,1.69334,61.6396
40000,11,1.69206,61.5303
40000,11,1.69315,61.6244
40000,11,1.69204,61.7992
40000,11,1.69345,61.5984
40000,11,1.69186,61.5037
40000,11,1.69326,61.6195
40000,11,1.69444,62.6345
40000,11,1.69511,63.2655
40000,11,1.69211,61.5861
40000,11,1.69321,61.6272
40000,11,1.6921,61.5583
40000,11,1.69362,61.65
40000,11,1.69206,61.5328
40000,11,1.69343,61.6305
40000,11,1.7048,62.9566
40000,11,1.69538,61.7204
40000,11,1.69222,61.7824
40000,11,1.6934,61.7069
40000,11,1.69241,64.0157
40000,11,1.71959,64.4702
40000,11,1.69204,61.5665
40000,11,1.69351,61.624
40000,11,1.69182,61.484
40000,11,1.69331,62.0063
40000,11,1.69201,61.5053
40000,11,1.69353,61.6003
40000,11,1.69234,63.46
40000,11,1.69334,61.6038
40000,11,1.69203,61.5093
40000,11,1.69372,61.8735
40000,11,1.69197,61.5637
40000,11,1.69343,61.6234
40000,11,1.69193,61.5222
40000,11,1.69314,61.6067
40000,11,1.69197,61.5509
40000,11,1.69313,61.7162
40000,11,1.69194,61.5137
40000,11,1.69339,61.6203
40000,11,1.69194,61.5428
40000,11,1.69337,61.6048
40000,11,1.69204,61.5218
40000,11,1.69359,62.0273
40000,11,1.69202,61.5107
40000,11,1.69373,62.0977
40000,11,1.69194,61.559
40000,11,1.69362,62.8994
40000,11,1.69215,62.2366
40000,11,1.69325,61.6393
40000,11,1.69197,61.5182
40000,11,1.69357,62.263
40000,11,1.69208,61.5536
40000,11,1.69334,61.6507
40000,11,1.69196,61.51
40000,11,1.69356,61.6767
40000,11,1.69195,61.507
40000,11,1.69362,61.5882
40000,11,1.69189,61.5192
40000,11,1.69348,61.9242
40000,11,1.69195,61.5215
40000,11,1.69513,62.0025
40000,11,1.69193,61.5078
40000,11,1.69322,61.6086
40000,11,1.69195,61.5498
40000,11,1.69349,61.6757
40000,11,1.69196,62.0926
40000,11,1.69484,63.2598
40000,11,1.6919,61.5172
40000,11,1.69364,61.6306
40000,11,1.6919,61.5495
40000,11,1.69347,61.6638
40000,11,1.69188,61.5174
40000,11,1.69347,61.9254
40000,11,1.69193,61.5234
40000,11,1.69448,61.7488
40000,11,1.69191,61.5342
40000,11,1.69324,61.6668
40000,11,1.69208,61.8201
40000,11,1.69337,61.6265
40000,11,1.69201,61.5732
40000,11,1.69317,61.6208
40000,11,1.69199,61.74
40000,11,1.69322,61.6091
40000,11,1.6918,61.5301
40000,11,1.69325,61.6642
40000,11,1.69223,63.5933
40000,11,1.70798,64.7896
40000,11,1.69247,62.0422
40000,11,1.69408,63.4696
40000,11,1.69209,61.5368
40000,11,1.69334,61.6739
40000,11,1.69207,61.5736
40000,11,1.69319,61.6206
40000,11,1.69198,61.5966
40000,11,1.69321,61.6333
40000,11,1.69193,61.7763
40000,11,1.69354,61.6878
40000,11,1.69191,61.5308
40000,11,1.69329,61.6371
40000,11,1.69189,61.5418
40000,11,1.6937,61.954
40000,11,1.692,61.5217
40000,11,1.69343,61.8515
40000,11,1.6999,62.845
40000,11,1.69333,62.9417
40000,11,1.69206,62.6642
40000,11,1.69342,61.6914
40000,11,1.69195,61.5448
40000,11,1.69323,61.7198
40000,11,1.72488,67.1592
40000,11,1.69321,61.6479
40000,11,1.69188,61.5131
40000,11,1.69343,61.7362
40000,11,1.69333,62.1447
40000,11,1.69305,61.6335
40000,11,1.69206,61.5507
40000,11,1.69334,61.6786
40000,11,1.6917,61.5619
40000,11,1.69351,61.876
40000,11,1.69193,61.5247
40000,11,1.69332,61.6625
40000,11,1.69216,62.1696
40000,11,1.6938,61.698
40000,11,1.69214,62.0487
40000,11,1.69464,63.7725
40000,11,1.69213,61.5531
40000,11,1.6935,61.7298
40000,11,1.6922,61.8046
40000,12,2.01499,74.9476
40000,12,1.61426,59.7425
40000,12,1.62705,60.6252
40000,12,1.61344,59.7997
40000,12,1.62308,60.1126
40000,12,1.61149,59.6687
40000,12,1.62156,60.0246
40000,12,1.61562,59.7903
40000,12,1.62343,60.0724
40000,12,1.61732,59.9389
40000,12,1.62278,60.0558
40000,12,1.61451,59.7231
40000,12,1.62446,60.3382
40000,12,1.6143,59.9087
40000,12,1.6257,60.8649
40000,12,1.62132,61.7034
40000,12,1.62236,60.0737
40000,12,1.6132,59.6932
40000,12,1.6225,60.0271
40000,12,1.61485,59.7971
40000,12,1.6282,60.6951
40000,12,1.61702,59.8335
40000,12,1.6236,60.1497
40000,12,1.61682,59.8634
40000,12,1.62279,60.0904
40000,12,1.61491,59.779
40000,12,1.62229,60.2496
40000,12,1.63723,63.2556
40000,12,1.65552,66.8027
40000,12,1.64026,62.6323
40000,12,1.6745,64.9295
40000,12,1.61422,59.7426
40000,12,1.62231,60.0352
40000,12,1.61626,59.8376
40000,12,1.62375,60.4342
40000,12,1.62152,61.6558
40000,12,1.62181,59.9911
40000,12,1.61438,59.7056
40000,12,1.62364,60.193
40000,12,1.6153,59.9817
40000,12,1.62282,60.0297
40000,12,1.61409,60.0776
40000,12,1.62243,60.0333
40000,12,1.61795,59.8516
40000,12,1.62282,60.0722
40000,12,1.61414,59.7084
40000,12,1.62307,60.0426
40000,12,1.61426,59.7108
40000,12,1.62389,60.0997
40000,12,1.61481,59.6925
40000,12,1.62386,60.0876
40000,12,1.61408,59.6593
40000,12,1.62158,59.9565
40000,12,1.6132,59.6811
40000,12,1.62328,60.0105
40000,12,1.62148,61.8405
40000,12,1.62451,60.6346
40000,12,1.61971,60.3043
40000,12,1.62237,59.966
40000,12,1.61582,59.7295
40000,12,1.62313,60.0039
40000,12,1.61244,59.6271
40000,12,1.62223,59.9763
40000,12,1.61435,59.7578
40000,12,1.62222,60.1559
40000,12,1.61399,59.779
40000,12,1.63944,61.4724
40000,12,1.61536,59.781
40000,12,1.62167,59.9926
40000,12,1.61418,59.7482
40000,12,1.62423,60.3435
40000,12,1.6134,59.6602
40000,12,1.69932,66.8834
40000,12,1.63063,61.3562
40000,12,1.62219,60.0328
40000,12,1.61514,61.2363
40000,12,1.62763,60.8318
40000,12,1.61329,59.6767
40000,12,1.62243,60.0368
40000,12,1.61406,59.7166
40000,12,1.62318,60.1404
40000,12,1.61352,59.7182
40000,12,1.62311,60.0871
40000,12,1.6154,59.7984
40000,12,1.62535,60.3289
40000,12,1.61577,59.9829
40000,12,1.62338,60.0723
40000,12,1.61567,59.7857
40000,12,1.62267,60.0882
40000,12,1.61568,59.7453
40000,12,1.6221,60.0921
40000,12,1.61309,59.6984
40000,12,1.62218,60.0417
40000,12,1.61488,59.7661
40000,12,1.62754,60.6543
40000,12,1.61254,60.6465
40000,12,1.62521,61.2473
40000,12,1.61301,59.7032
40000,12,1.62208,60.0119
40000,12,1.61479,60.0766
40000,12,1.62249,60.0914
40000,12,1.61298,59.6765
40000,12,1.62217,60.0257
40000,12,1.63605,61.7506
40000,12,1.62428,60.1967
40000,12,1.61485,59.7751
40000,12,1.62254,60.1066
40000,12,1.60974,59.6332
40000,12,1.62164,60.0498
40000,12,1.61139,59.6744
40000,12,1.62132,60.0634
40000,12,1.61497,59.7982
40000,12,1.62191,60.0732
40000,12,1.62129,60.765
40000,12,1.62312,60.2138
40000,12,1.61538,60.3423
40000,12,1.62653,61.6272
40000,12,1.6146,59.7624
40000,12,1.62165,60.0713
40000,12,1.61309,59.7109
40000,12,1.62445,60.2957
40000,12,1.6146,59.7986
40000,12,1.62111,60.0556
40000,12,1.61302,59.7151
40000,12,1.62384,60.2032
40000,12,1.61583,59.8789
40000,12,1.62267,60.1415
40000,12,1.61688,59.9261
40000,12,1.62437,60.5324
40000,12,1.61498,59.8012
40000,12,1.62266,60.1346
40000,12,1.61666,60.2933
40000,12,1.62229,60.1087
40000,12,1.61491,59.7959
40000,12,1.62203,60.1033
40000,12,1.61343,59.9154
40000,12,1.62812,62.1906
40000,12,1.61596,60.1634
40000,12,1.62247,60.1313
40000,12,1.61381,59.7923
40000,12,1.63591,61.2239
40000,12,1.62186,60.492
40000,12,1.62338,60.4231
40000,12,1.61482,59.8871
40000,12,1.62415,60.2494
40000,12,1.61577,59.8564
40000,12,1.62264,60.1381
40000,12,1.61568,59.874
40000,12,1.62242,60.1181
40000,12,1.6117,59.7093
40000,12,1.62833,60.7299
40000,12,1.61207,59.7597
40000,12,1.62265,60.1637
40000,12,1.61221,59.7204
40000,12,1.62229,60.1935
40000,12,1.61516,59.8364
40000,12,1.6302,62.2019
40000,12,1.62023,60.942
40000,12,1.62352,60.205
40000,12,1.61466,59.8353
40000,12,1.62299,60.2523
40000,12,1.61036,59.6745
40000,12,1.62287,60.1535
40000,12,1.61893,60.2653
40000,12,1.6238,60.2348
40000,12,1.61696,59.9934
40000,12,1.70893,67.8598
40000,12,1.61078,59.6786
40000,12,1.62721,60.722
40000,12,1.61464,59.8541
40000,12,1.62372,60.2152
40000,12,1.61581,60.1814
40000,12,1.62244,60.1569
40000,12,1.61315,59.7918
40000,12,1.62297,60.1928
40000,12,1.61259,59.7461
40000,12,1.62606,61.675
40000,12,1.61818,60.9066
40000,12,1.64952,63.7786
40000,12,1.61458,60.3003
40000,12,1.62608,62.0401
40000,12,1.61485,59.9123
40000,12,1.62375,60.2689
40000,12,1.61348,59.8186
40000,12,1.62128,60.1448
40000,12,1.61677,59.9654
40000,12,1.62363,60.518
40000,12,1.61941,60.4554
40000,12,1.62124,60.1438
40000,12,1.61511,59.8581
40000,12,1.62275,60.1913
40000,12,1.61551,59.8993
40000,12,1.62294,60.1945
40000,12,1.6148,59.8751
40000,12,1.62268,60.255
40000,12,1.61461,59.8789
40000,12,1.62618,61.2691
40000,12,1.62172,61.3828
40000,12,1.62234,60.1984
40000,12,1.61506,59.87
40000,12,1.62383,60.5817
40000,12,1.61232,59.7877
40000,12,1.62279,60.1961
40000,12,1.61193,59.7848
40000,12,1.62313,60.2219
40000,12,1.62159,60.6327
40000,12,1.622,60.2008
40000,12,1.6164,59.9611
40000,12,1.62223,60.182
40000,12,1.6146,59.9116
40000,12,1.6225,60.2504
40000,12,1.61535,59.8934
40000,12,1.64572,63.4811
40000,12,1.65873,66.7985
40000,12,1.66059,64.6619
40000,12,1.65702,63.1253
40000,12,1.62577,60.9338
40000,12,1.62015,61.6608
40000,12,1.62292,60.492
40000,12,1.61306,59.8655
40000,12,1.62263,60.2533
40000,12,1.61467,59.9105
40000,12,1.62301,60.2423
40000,12,1.61239,59.7956
40000,12,1.62635,60.7832
40000,12,1.61784,60.0617
40000,12,1.62221,60.2177
40000,12,1.61505,59.8753
40000,12,1.62315,60.2331
40000,12,1.61413,60.2751
40000,12,1.62247,60.2438
40000,12,1.61226,59.7934
40000,12,1.62277,60.2741
40000,12,1.61591,60.0305
40000,12,1.62385,60.2415
40000,12,1.61505,59.9398
40000,12,1.62455,60.4154
40000,12,1.71967,70.0766
40000,12,1.68328,68.3923
40000,12,1.68799,68.1466
40000,12,1.77653,70.6746
40000,12,1.74725,71.2646
40000,12,1.74824,71.254
40000,12,1.74245,70.8608
40000,12,1.83503,73.068
40000,12,1.95157,77.0262
40000,12,1.95635,77.1037
40000,12,1.93028,76.3306
40000,12,1.95868,77.4833
40000,12,1.83587,71.491
40000,13,1.86748,75.45
40000,13,1.64787,65.1824
40000,13,1.6486,65.119
40000,13,1.66078,66.0662
40000,13,1.7601,72.4452
40000,13,1.65421,65.586
40000,13,1.68027,68.9551
40000,13,1.70316,70.1394
40000,13,1.65398,65.8898
40000,13,1.64633,65.2264
40000,13,1.64896,65.3527
40000,13,1.64451,65.1852
40000,13,1.64823,65.2821
40000,13,1.64383,65.2255
40000,13,1.64796,65.2791
40000,13,1.64371,65.1743
40000,13,1.64747,65.2896
40000,13,1.64374,65.2083
40000,13,1.64573,65.2447
40000,13,1.64473,65.2287
40000,13,1.64873,65.3693
40000,13,1.64293,65.1416
40000,13,1.64846,65.3533
40000,13,1.64627,65.2612
40000,13,1.6603,66.0301
40000,13,1.64855,65.3874
40000,13,1.65392,65.9252
40000,13,1.64387,65.2003
40000,13,1.6472,65.3032
40000,13,1.64622,65.2804
40000,13,1.64558,65.2399
40000,13,1.64573,65.2993
40000,13,1.64743,65.2816
40000,13,1.64786,65.368
40000,13,1.6479,65.3354
40000,13,1.64087,65.1157
40000,13,1.67181,67.1576
40000,13,1.63955,65.064
40000,13,1.64689,65.3538
40000,13,1.64617,65.3715
40000,13,1.64696,65.3931
40000,13,1.64959,65.5513
40000,13,1.64762,65.4216
40000,13,1.64396,65.3289
40000,13,1.65996,66.2481
40000,13,1.64598,65.4086
40000,13,1.64666,65.3799
40000,13,1.64542,65.3765
40000,13,1.64968,65.5531
40000,13,1.64177,65.2307
40000,13,1.64714,65.4285
40000,13,1.64763,65.4315
40000,13,1.64799,65.4355
40000,13,1.64738,65.4495
40000,13,1.64518,65.3343
40000,13,1.64351,65.3058
40000,13,1.64741,65.4256
40000,13,1.64727,65.4669
40000,13,1.64829,65.5023
40000,13,1.64652,65.4421
40000,13,1.64729,65.4733
40000,13,1.64533,65.4613
40000,13,1.65456,66.1794
40000,13,1.64303,65.3972
40000,13,1.66181,66.1392
40000,13,1.64521,65.4824
40000,13,1.6452,65.3859
40000,13,1.64197,65.3164
40000,13,1.64848,65.5129
40000,13,1.6473,65.5306
40000,13,1.64891,65.5411
40000,13,1.64368,65.3611
40000,13,1.67013,67.2283
40000,13,1.64212,65.3526
40000,13,1.64821,65.5214
40000,13,1.64244,65.3994
40000,13,1.64958,65.6634
40000,13,1.64539,65.4929
40000,13,1.64876,65.631
40000,13,1.64797,65.6054
40000,13,1.64834,65.6698
40000,13,1.65066,65.9763
40000,13,1.64757,65.5373
40000,13,1.64633,65.4599
40000,13,1.6584,65.827
40000,13,1.64543,65.477
40000,13,1.64596,65.4882
40000,13,1.64706,65.5589
40000,13,1.65989,66.7846
40000,13,1.66867,67.272
40000,13,1.648,65.6305
40000,13,1.64733,65.6085
40000,13,1.64842,65.6586
40000,13,1.64613,65.5623
40000,13,1.64754,65.5666
40000,13,1.64167,65.3365
40000,13,1.64774,65.5324
40000,13,1.64386,65.4573
40000,13,1.67364,68.5344
40000,13,1.74273,72.0145
40000,13,1.64829,65.2339
40000,13,1.64799,65.2451
40000,13,1.64838,65.2185
40000,13,1.6537,65.4327
40000,13,1.65881,65.6523
40000,13,1.64583,65.1544
40000,13,1.64865,65.1801
40000,13,1.648,65.2261
40000,13,1.64559,65.1261
40000,13,1.6723,66.8738
40000,13,1.64713,65.2003
40000,13,1.6485,65.2192
40000,13,1.65037,65.3207
40000,13,1.64693,65.1772
40000,13,1.64683,65.1628
40000,13,1.64594,65.1454
40000,13,1.64872,65.2957
40000,13,1.65652,65.9717
40000,13,1.6486,65.2882
40000,13,1.65027,65.4186
40000,13,1.64661,65.141
40000,13,1.64693,65.2113
40000,13,1.64744,65.2359
40000,13,1.6519,65.3961
40000,13,1.66062,65.8145
40000,13,1.64935,65.3284
40000,13,1.64787,65.2365
40000,13,1.65042,65.3427
40000,13,1.64687,65.2345
40000,13,1.64858,65.3599
40000,13,1.649,65.2898
40000,13,1.64642,65.2223
40000,13,1.64921,65.3075
40000,13,1.65175,65.4451
40000,13,1.64538,65.1409
40000,13,1.65264,65.8463
40000,13,1.64827,65.2553
40000,13,1.6498,65.3368
40000,13,1.64646,65.22
40000,13,1.64554,65.1959
40000,13,1.64792,65.2705
40000,13,1.6485,65.3118
40000,13,1.67953,70.8254
40000,13,1.69701,71.5933
40000,13,1.70703,70.481
40000,13,1.67846,67.6081
40000,13,1.65551,65.7025
40000,13,1.65842,65.9747
40000,13,1.65438,65.6701
40000,13,1.64896,65.3081
40000,13,1.64827,65.2811
40000,13,1.65069,65.4622
40000,13,1.64544,65.1698
40000,13,1.65205,65.8699
40000,13,1.64772,65.3013
40000,13,1.65219,65.4506
40000,13,1.64606,65.1983
40000,13,1.64952,65.3582
40000,13,1.64729,65.2555
40000,13,1.64994,65.3703
40000,13,1.6484,65.2934
40000,13,1.65278,65.5581
40000,13,1.64861,65.3731
40000,13,1.66179,66.2098
40000,13,1.64939,65.3617
40000,13,1.65013,65.3788
40000,13,1.64723,65.2877
40000,13,1.64937,65.3234
40000,13,1.64718,65.2318
40000,13,1.6493,65.3615
40000,13,1.64606,65.1848
40000,13,1.65724,66.0255
40000,13,1.64834,65.3126
40000,13,1.64934,65.3284
40000,13,1.64827,65.3055
40000,13,1.64983,65.4924
40000,13,1.64687,65.26
40000,13,1.64696,65.2725
40000,13,1.64705,65.2564
40000,13,1.64716,65.3053
40000,13,1.64791,65.3164
40000,13,1.65404,65.7469
40000,13,1.66078,66.2865
40000,13,1.6677,66.4581
40000,13,1.64584,65.2284
40000,13,1.64819,65.2904
40000,13,1.64578,65.1683
40000,13,1.64761,65.2357
40000,13,1.64752,65.275
40000,13,1.65471,65.9467
40000,13,1.6966,70.26
40000,13,1.69436,69.1639
40000,13,1.64555,65.1822
40000,13,1.64735,65.2876
40000,13,1.64779,65.2857
40000,13,1.64918,65.3301
40000,13,1.64634,65.1911
40000,13,1.64801,65.3133
40000,13,1.64774,65.2804
40000,13,1.65056,65.3958
40000,13,1.64606,65.2153
40000,13,1.64805,65.2998
40000,13,1.64896,65.3833
40000,13,1.66263,66.2484
40000,13,1.64846,65.3551
40000,13,1.64924,65.3355
40000,13,1.64641,65.2771
40000,13,1.65,65.3661
40000,13,1.65239,65.7752
40000,13,1.64621,65.2348
40000,13,1.64763,65.2738
40000,13,1.65403,65.5658
40000,13,1.64775,65.2652
40000,13,1.64929,65.341
40000,13,1.64791,65.2709
40000,13,1.65013,65.3612
40000,13,1.64698,65.2345
40000,13,1.64886,65.3436
40000,13,1.67316,67.2609
40000,13,1.64726,65.3223
40000,13,1.64669,65.2498
40000,13,1.6496,65.424
40000,13,1.65167,65.5826
40000,13,1.66286,66.2373
40000,13,1.6447,65.1361
40000,13,1.65123,65.4237
40000,13,1.6547,65.89
40000,13,1.6492,65.3288
40000,13,1.64624,65.1651
40000,13,1.65116,65.3432
40000,13,1.64568,65.1001
40000,13,1.64826,65.2141
40000,13,1.65124,65.3039
40000,13,1.64582,65.0708
40000,13,1.64596,65.0919
40000,13,1.64923,65.2653
40000,13,1.64894,65.2038
40000,13,1.64956,65.2154
40000,13,1.64776,65.1854
40000,13,1.64975,65.2977
40000,13,1.64739,65.159
40000,13,1.65176,65.4153
40000,13,1.6513,65.5947
40000,13,1.65822,65.7245
40000,13,1.65399,65.8116
40000,13,1.65066,65.3065
40000,13,1.65035,65.4065
40000,13,1.6461,65.185
40000,13,1.64619,65.1496
40000,13,1.64864,65.2955
40000,14,1.74448,72.0798
40000,14,1.78075,69.6408
40000,14,1.78833,69.9161
40000,14,1.80378,71.3132
40000,14,1.79019,69.9597
40000,14,1.78435,69.7682
40000,14,1.7856,69.8425
40000,14,1.78753,69.9169
40000,14,1.79083,70.0795
40000,14,1.78329,69.8591
40000,14,1.85018,72.6506
40000,14,1.86598,73.0356
40000,14,1.78712,69.9102
40000,14,1.78809,69.8942
40000,14,1.791,70.014
40000,14,1.78382,69.7125
40000,14,1.78795,69.7711
40000,14,1.7922,70.1343
40000,14,1.78613,69.7116
40000,14,1.79077,69.9513
40000,14,1.78914,69.8403
40000,14,1.78576,69.7382
40000,14,1.79173,70.283
40000,14,1.79521,70.0311
40000,14,1.78477,69.6624
40000,14,1.78971,69.8232
40000,14,1.78487,69.7245
40000,14,1.79551,70.5537
40000,14,1.79112,69.9631
40000,14,2.00379,83.0178
40000,14,1.78849,69.9154
40000,14,1.78204,69.6733
40000,14,1.7866,69.7362
40000,14,1.78148,69.6025
40000,14,1.78441,69.6885
40000,14,1.78378,69.7227
40000,14,1.78731,69.8073
40000,14,1.81092,71.5294
40000,14,1.78583,69.71
40000,14,1.7866,69.8192
40000,14,1.78512,69.6838
40000,14,1.78209,69.6343
40000,14,1.78941,69.8334
40000,14,1.78909,69.8816
40000,14,1.79971,70.7021
40000,14,1.78165,69.6907
40000,14,1.78865,69.917
40000,14,1.91762,75.0293
40000,14,1.78858,69.9597
40000,14,1.77976,69.7253
40000,14,1.78759,69.8078
40000,14,1.78305,69.6649
40000,14,1.78566,69.7049
40000,14,1.78319,69.6324
40000,14,1.78422,69.6112
40000,14,1.7817,69.5502
40000,14,1.78895,69.8076
40000,14,1.78502,69.6037
40000,14,1.78399,69.5344
40000,14,1.79032,69.7914
40000,14,1.80097,70.4542
40000,14,1.78588,69.7353
40000,14,1.78673,69.5974
40000,14,1.78533,69.6613
40000,14,1.79334,69.8839
40000,14,1.88248,73.5085
40000,14,1.80695,70.4642
40000,14,1.85032,78.1581
40000,14,1.83696,74.8982
40000,14,1.84489,74.8857
40000,14,1.80431,71.133
40000,14,1.78799,69.759
40000,14,1.78798,69.7134
40000,14,1.79021,69.85
40000,14,1.79161,69.9998
40000,14,1.78534,69.6481
40000,14,1.79042,69.8613
40000,14,1.79233,70.3297
40000,14,1.78564,69.6577
40000,14,1.78192,69.603
40000,14,1.78848,69.7531
40000,14,1.79283,70.004
40000,14,1.78902,69.8452
40000,14,1.83086,71.6509
40000,14,1.83274,71.8546
40000,14,1.78042,69.5793
40000,14,1.78838,69.9851
40000,14,1.79491,70.1968
40000,14,1.78727,69.7484
40000,14,1.78994,69.8723
40000,14,1.79071,69.8458
40000,14,1.7864,69.678
40000,14,1.78967,69.8436
40000,14,1.78863,69.7305
40000,14,1.7934,70.3265
40000,14,1.78863,69.7408
40000,14,1.79068,69.7465
40000,14,1.7921,69.8137
40000,14,1.79129,69.7368
40000,14,1.78711,69.6178
40000,14,1.79133,69.8351
40000,14,1.80451,70.4036
40000,14,1.88961,73.7284
40000,14,1.78984,69.7863
40000,14,1.93156,75.9702
40000,14,1.80331,70.3019
40000,14,1.91573,74.7058
40000,14,1.79235,69.8431
40000,14,1.7851,69.5552
40000,14,1.78083,69.4744
40000,14,1.79616,70.4496
40000,14,1.78516,69.6672
40000,14,1.79014,69.8019
40000,14,1.86691,76.4829
40000,14,1.81854,72.1646
40000,14,1.78986,69.8624
40000,14,1.78759,69.756
40000,14,1.7841,69.6319
40000,14,1.78966,69.9274
40000,14,1.78814,69.932
40000,14,1.88073,73.5425
40000,14,1.78843,69.845
40000,14,1.79236,69.8946
40000,14,1.78279,69.6174
40000,14,1.78593,69.6984
40000,14,1.78475,69.6588
40000,14,1.79265,70.0057
40000,14,1.79473,70.3716
40000,14,1.79012,69.8286
40000,14,1.7935,69.9377
40000,14,1.78397,69.5488
40000,14,1.78016,69.4195
40000,14,1.78835,69.6925
40000,14,1.78682,69.6225
40000,14,1.78982,69.6953
40000,14,1.78612,69.6496
40000,14,1.7867,69.5558
40000,14,1.80837,71.3643
40000,14,1.93252,75.3693
40000,14,1.79593,70.0825
40000,14,1.78104,69.4174
40000,14,1.78649,69.642
40000,14,1.78912,69.7134
40000,14,1.78323,69.5794
40000,14,1.79712,70.3876
40000,14,1.78149,69.5099
40000,14,1.78684,69.6827
40000,14,1.79286,69.9258
40000,14,1.7889,69.7792
40000,14,1.79646,70.0348
40000,14,1.78385,69.6342
40000,14,1.78218,69.5638
40000,14,1.80187,70.3938
40000,14,1.79202,69.9318
40000,14,1.79124,69.8723
40000,14,1.79008,69.8837
40000,14,1.89964,74.1856
40000,14,1.81307,70.8093
40000,14,1.7882,69.7892
40000,14,1.7837,69.6914
40000,14,1.80056,70.6236
40000,14,1.78818,69.8132
40000,14,1.78747,69.7054
40000,14,1.78597,69.718
40000,14,1.78994,69.7969
40000,14,1.78747,69.9174
40000,14,1.78859,69.6997
40000,14,1.78255,69.5734
40000,14,1.79057,69.8582
40000,14,1.7826,69.5046
40000,14,1.78935,69.775
40000,14,1.80434,71.113
40000,14,1.78939,69.7128
40000,14,1.78456,69.5706
40000,14,1.85237,72.2424
40000,14,1.85026,72.2488
40000,14,1.78787,69.7178
40000,14,1.79318,70.3478
40000,14,1.79075,69.8947
40000,14,1.78724,69.7033
40000,14,1.79055,69.7678
40000,14,1.78432,69.6089
40000,14,1.78802,69.6837
40000,14,1.79869,70.1779
40000,14,1.8122,71.7541
40000,14,1.79364,70.4774
40000,14,1.78818,69.713
40000,14,1.79101,70.0374
40000,14,1.78973,69.7837
40000,14,1.78991,69.8609
40000,14,1.79022,69.8814
40000,14,1.78934,69.9634
40000,14,1.80877,70.6592
40000,14,1.87315,73.299
40000,14,1.79538,70.4774
40000,14,1.78413,69.6896
40000,14,1.78516,69.72
40000,14,1.79432,71.1715
40000,14,1.87373,77.0307
40000,14,1.78932,69.8403
40000,14,1.78777,69.756
40000,14,1.79236,69.947
40000,14,1.78794,69.7521
40000,14,1.78546,69.7093
40000,14,1.81431,71.5589
40000,14,1.7891,69.7822
40000,14,1.78434,69.6012
40000,14,1.7807,69.4598
40000,14,1.7889,69.7243
40000,14,1.78904,69.7676
40000,14,1.79259,70.2919
40000,14,1.91625,74.8729
40000,14,1.78463,69.5948
40000,14,1.78896,69.7791
40000,14,1.78914,69.7222
40000,14,1.78554,69.6729
40000,14,1.78587,69.6245
40000,14,1.78983,70.1144
40000,14,1.78989,69.7878
40000,14,1.78488,69.6544
40000,14,1.79078,69.9413
40000,14,1.78365,69.7241
40000,14,1.79049,69.8318
40000,14,1.78254,69.6444
40000,14,1.78801,69.7924
40000,14,1.78295,69.6434
40000,14,1.78787,69.7845
40000,14,1.79109,70.2967
40000,14,1.78881,69.8597
40000,14,1.90061,74.3036
40000,14,1.80968,70.7594
40000,14,1.78773,69.8507
40000,14,1.78685,69.7904
40000,14,1.86789,77.254
40000,14,1.89579,81.2228
40000,14,1.8898,80.8235
40000,14,1.905,80.6432
40000,14,1.94481,81.0431
40000,14,1.9381,80.9687
40000,14,1.90836,80.3258
40000,14,1.91403,80.3975
40000,14,1.96378,81.8053
40000,14,2.02843,84.5052
40000,14,2.06768,85.6646
40000,14,2.07126,85.6216
40000,14,2.04674,84.8308
40000,14,2.21319,91.5917
40000,14,2.10704,87.34
40000,14,1.83923,73.0757
40000,14,1.78797,69.9234
40000,15,1.63611,73.1783
40000,15,1.80493,75.0387
40000,15,1.86696,78.5817
40000,15,1.85414,78.7106
40000,15,1.87423,78.7358
40000,15,1.87128,78.8081
40000,15,1.89747,79.4889
40000,15,1.80883,74.9134
40000,15,1.8005,74.9358
40000,15,1.80125,74.7251
40000,15,1.79368,74.5445
40000,15,1.80223,74.7674
40000,15,1.79011,74.4228
40000,15,1.95701,80.6523
40000,15,1.79082,74.4551
40000,15,1.807,74.9863
40000,15,1.80242,74.9466
40000,15,1.80638,74.9338
40000,15,1.79478,74.5833
40000,15,1.82582,76.147
40000,15,1.79323,74.5055
40000,15,1.80233,74.7613
40000,15,1.79382,74.4564
40000,15,1.80513,74.8293
40000,15,1.78994,74.3635
40000,15,1.81656,75.4908
40000,15,1.79629,74.5902
40000,15,1.80502,74.7942
40000,15,1.7934,74.4362
40000,15,1.83982,76.9514
40000,15,1.88121,79.5025
40000,15,1.9684,81.2602
40000,15,1.79118,74.4006
40000,15,1.80256,74.7476
40000,15,1.79176,74.4349
40000,15,1.80107,74.7121
40000,15,1.79087,74.4021
40000,15,1.80367,74.824
40000,15,1.79123,74.4365
40000,15,1.80214,74.7755
40000,15,1.79551,74.6054
40000,15,1.80952,75.266
40000,15,1.79932,74.8332
40000,15,1.80202,74.8514
40000,15,1.79182,74.5129
40000,15,1.80111,74.8063
40000,15,1.79151,74.5013
40000,15,1.80538,75.0266
40000,15,1.79381,74.6289
40000,15,1.91782,79.3005
40000,15,1.79048,74.5674
40000,15,1.8009,74.8633
40000,15,1.83847,76.9711
40000,15,1.90623,79.0464
40000,15,1.94352,80.3273
40000,15,1.83035,76.0298
40000,15,1.79062,74.4811
40000,15,1.80166,74.9275
40000,15,1.79829,74.9141
40000,15,1.79986,74.7569
40000,15,1.79072,74.4666
40000,15,1.80177,74.8151
40000,15,1.79241,74.52
40000,15,1.79952,74.725
40000,15,1.79136,74.4486
40000,15,1.80179,74.7577
40000,15,1.79383,74.5334
40000,15,1.91958,79.2422
40000,15,1.805,74.9932
40000,15,1.80479,74.8444
40000,15,1.79219,74.4475
40000,15,1.80423,74.8487
40000,15,1.79123,74.4771
40000,15,1.80166,74.7901
40000,15,1.79989,75.0321
40000,15,1.80518,75.2476
40000,15,1.79424,74.943
40000,15,1.80637,75.3594
40000,15,1.79213,74.8911
40000,15,1.80371,75.298
40000,15,1.79422,74.9993
40000,15,1.81158,75.6455
40000,15,1.78977,74.8043
40000,15,1.80757,75.4546
40000,15,1.79168,74.9296
40000,15,1.89195,78.7138
40000,15,1.88523,78.5757
40000,15,1.80536,75.0489
40000,15,1.79131,74.6032
40000,15,1.79991,74.8438
40000,15,1.79404,74.6706
40000,15,1.80952,75.3515
40000,15,1.79446,74.6884
40000,15,1.80208,74.8998
40000,15,1.79574,74.7468
40000,15,1.80001,74.8043
40000,15,1.79105,74.5012
40000,15,1.80594,74.9979
40000,15,1.7895,74.8921
40000,15,1.80544,75.3606
40000,15,1.79036,74.828
40000,15,1.80273,75.2571
40000,15,1.79296,75.0726
40000,15,1.89471,78.768
40000,15,1.83835,76.666
40000,15,1.8028,75.2151
40000,15,1.79209,74.9291
40000,15,1.8159,75.9758
40000,15,1.79511,75.0136
40000,15,1.80139,75.2023
40000,15,1.78929,74.8163
40000,15,1.80108,75.1827
40000,15,1.79351,75.0293
40000,15,1.80339,75.3296
40000,15,1.86408,79.1803
40000,15,1.86863,78.9546
40000,15,1.79168,74.9562
40000,15,1.8036,75.334
40000,15,1.79537,75.1299
40000,15,1.82047,76.4131
40000,15,1.79501,74.8132
40000,15,1.86509,77.3639
40000,15,1.8492,76.8985
40000,15,1.80301,75.0054
40000,15,1.76633,74.0447
40000,15,1.80012,74.9557
40000,15,1.79073,74.6539
40000,15,1.8002,74.9293
40000,15,1.79235,74.7001
40000,15,1.80313,74.9995
40000,15,1.79234,74.6511
40000,15,1.80198,74.9661
40000,15,1.79096,74.5958
40000,15,1.81471,75.498
40000,15,1.79338,74.686
40000,15,1.80354,75.0182
40000,15,1.79337,74.6611
40000,15,1.80604,75.0596
40000,15,1.79324,74.6717
40000,15,1.83821,76.2731
40000,15,1.87535,77.9157
40000,15,1.81034,75.2736
40000,15,1.79318,74.6036
40000,15,1.80437,74.9689
40000,15,1.78916,74.4885
40000,15,1.80486,74.9816
40000,15,1.79861,74.9268
40000,15,1.83363,77.3409
40000,15,1.83891,78.9746
40000,15,1.85577,78.4881
40000,15,1.84786,78.0121
40000,15,1.8269,76.3453
40000,15,1.81149,75.8917
40000,15,1.80347,75.0732
40000,15,1.79036,74.6506
40000,15,1.81038,75.2693
40000,15,1.78985,74.5906
40000,15,1.83423,76.4651
40000,15,1.87792,78.0842
40000,15,1.80742,75.2955
40000,15,1.78963,74.6353
40000,15,1.79904,74.8885
40000,15,1.7895,74.6429
40000,15,1.80586,75.1548
40000,15,1.79216,74.7045
40000,15,1.80356,75.0575
40000,15,1.7937,74.7267
40000,15,1.80075,74.9192
40000,15,1.79471,74.7809
40000,15,1.80183,74.9984
40000,15,1.79034,74.5993
40000,15,1.80806,75.2223
40000,15,1.79149,74.6745
40000,15,1.80029,74.8945
40000,15,1.79953,75.1955
40000,15,1.8164,75.5407
40000,15,1.94215,80.5704
40000,15,1.80141,74.9353
40000,15,1.79241,74.6353
40000,15,1.80067,74.8821
40000,15,1.78991,74.5168
40000,15,1.80296,74.9697
40000,15,1.79347,74.6874
40000,15,1.80261,74.9513
40000,15,1.78826,74.5095
40000,15,1.80874,75.2526
40000,15,1.77769,75.0271
40000,15,1.80185,75.356
40000,15,1.79256,75.0662
40000,15,1.80093,75.3202
40000,15,1.79188,75.2642
40000,15,1.80537,75.5223
40000,15,1.78865,74.893
40000,15,1.80085,75.261
40000,15,1.91983,80.0185
40000,15,1.80302,75.364
40000,15,1.79068,75.0201
40000,15,1.80197,75.3795
40000,15,1.80643,76.1567
40000,15,1.87931,79.9433
40000,15,1.81222,75.9061
40000,15,1.80106,74.9416
40000,15,1.79109,74.6169
40000,15,1.80012,74.8943
40000,15,1.78963,74.595
40000,15,1.80297,75.0288
40000,15,1.79145,74.6627
40000,15,1.81102,75.5397
40000,15,1.78945,74.5337
40000,15,1.80667,75.1749
40000,15,1.7927,74.6821
40000,15,1.80574,75.0707
40000,15,1.91534,79.4585
40000,15,1.8024,74.9238
40000,15,1.79007,74.5331
40000,15,1.80007,74.8719
40000,15,1.79948,74.83
40000,15,1.80535,75.0302
40000,15,1.79121,74.6312
40000,15,1.84172,77.069
40000,15,1.89703,79.3733
40000,15,1.80253,75.3011
40000,15,1.79078,74.9866
40000,15,1.82877,76.5701
40000,15,1.79095,75.0204
40000,15,1.80473,75.454
40000,15,1.79112,75.0431
40000,15,1.80165,75.3211
40000,15,1.78973,74.9399
40000,15,1.80834,75.5461
40000,15,1.90207,79.3695
40000,15,1.83264,76.5704
40000,15,1.79404,75.1785
40000,15,1.79994,75.3282
40000,15,1.79541,75.2182
40000,15,1.80133,75.3296
40000,15,1.80703,75.6733
40000,15,1.80522,75.5134
40000,15,1.79307,75.1382
40000,15,1.80308,75.4054
40000,15,1.79864,75.4718
40000,15,1.80382,75.4483
40000,15,1.79213,75.0511
40000,15,1.80319,75.4249
40000,15,1.79455,75.1639
40000,15,1.80144,75.3569
40000,15,1.79194,75.0405
40000,15,1.80063,75.31
40000,15,1.8828,78.5921
40000,15,1.84756,77.1833
40000,16,1.54399,70.517
40000,16,1.93554,78.6435
40000,16,1.99736,82.034
40000,16,1.98432,80.6736
40000,16,1.91094,77.9474
40000,16,1.93823,78.9377
40000,16,1.91186,78.0983
40000,16,1.93841,78.7967
40000,16,1.91158,78.0945
40000,16,1.9317,78.6297
40000,16,1.91947,78.28
40000,16,1.95138,79.3379
40000,16,2.01838,82.7074
40000,16,1.93253,78.7629
40000,16,1.95688,79.5652
40000,16,2.00842,81.6729
40000,16,1.92029,78.2132
40000,16,1.93282,78.5906
40000,16,1.91736,78.1211
40000,16,1.93464,78.6134
40000,16,1.92069,78.2618
40000,16,1.95956,79.8174
40000,16,1.91665,78.052
40000,16,1.94784,79.1896
40000,16,1.91323,77.9718
40000,16,1.93252,78.5461
40000,16,1.92433,78.4026
40000,16,1.93676,78.674
40000,16,1.91994,78.1972
40000,16,1.93282,78.5673
40000,16,1.9463,80.6661
40000,16,1.95997,81.1879
40000,16,1.93249,80.2432
40000,16,1.93684,79.4111
40000,16,1.91506,78.0489
40000,16,1.95414,79.4186
40000,16,1.95181,79.6676
40000,16,1.93189,78.5264
40000,16,1.91603,78.0824
40000,16,1.93458,78.6411
40000,16,1.91964,78.2877
40000,16,1.93227,78.6018
40000,16,1.91531,78.1249
40000,16,1.93155,78.5805
40000,16,1.91672,78.1936
40000,16,1.93399,78.6659
40000,16,1.91776,78.237
40000,16,1.95083,79.3556
40000,16,1.97704,80.4779
40000,16,1.99963,81.3635
40000,16,1.91461,78.0821
40000,16,1.93808,78.8351
40000,16,1.91477,78.4688
40000,16,1.93182,78.5743
40000,16,1.91762,78.2052
40000,16,1.93433,78.6825
40000,16,1.91593,78.0799
40000,16,1.93126,78.5484
40000,16,2.03653,84.323
40000,16,2.01019,85.6034
40000,16,1.96138,81.0942
40000,16,2.00035,82.927
40000,16,1.92337,78.7467
40000,16,1.93305,78.5926
40000,16,1.98036,80.9921
40000,16,2.04162,82.755
40000,16,1.94252,79.0788
40000,16,1.94179,79.2016
40000,16,1.91135,77.8645
40000,16,1.93092,78.4765
40000,16,1.91379,77.9838
40000,16,1.95184,79.2912
40000,16,1.91315,77.9515
40000,16,1.93153,78.5362
40000,16,1.91593,78.0995
40000,16,1.93001,78.5119
40000,16,1.91503,78.105
40000,16,1.93917,78.8567
40000,16,1.91286,78.0267
40000,16,1.93734,78.7649
40000,16,1.91745,78.2222
40000,16,1.92912,78.4808
40000,16,2.02335,82.3639
40000,16,1.99676,81.5602
40000,16,1.91214,77.9863
40000,16,1.93079,78.5337
40000,16,1.916,78.1658
40000,16,1.93312,78.661
40000,16,1.91468,78.1199
40000,16,1.9304,78.554
40000,16,1.92085,78.4034
40000,16,1.93235,78.5945
40000,16,1.91302,78.0507
40000,16,1.9327,78.5831
40000,16,1.91543,78.0759
40000,16,1.95965,79.7086
40000,16,1.93904,79.6125
40000,16,1.93441,78.6734
40000,16,1.92713,78.8804
40000,16,2.05944,83.5604
40000,16,1.92741,78.583
40000,16,1.93491,78.6528
40000,16,1.91303,77.9299
40000,16,1.9301,78.4428
40000,16,1.91416,78.0079
40000,16,1.93695,78.7156
40000,16,1.91504,78.0398
40000,16,1.95039,79.2702
40000,16,1.91276,77.9371
40000,16,1.93182,78.5476
40000,16,1.93794,81.1991
40000,16,1.94867,80.7903
40000,16,1.92376,79.5113
40000,16,1.93431,78.7001
40000,16,1.93283,79.1619
40000,16,1.92914,78.5107
40000,16,2.05529,83.7907
40000,16,1.94435,79.1004
40000,16,1.91427,78.1164
40000,16,1.95461,79.563
40000,16,1.91512,78.1764
40000,16,1.93812,78.9194
40000,16,1.9284,78.7558
40000,16,1.93258,78.686
40000,16,1.91628,78.288
40000,16,1.9337,78.6549
40000,16,1.91423,78.0957
40000,16,1.96529,80.9032
40000,16,1.95396,79.6935
40000,16,1.94332,79.2984
40000,16,1.91768,78.1868
40000,16,1.93706,78.7517
40000,16,1.93415,78.8527
40000,16,2.05713,83.6153
40000,16,1.9167,78.1
40000,16,1.93808,78.7625
40000,16,1.9141,78.0523
40000,16,1.93447,78.6406
40000,16,1.91411,78.0306
40000,16,1.93466,78.6394
40000,16,1.91708,78.1169
40000,16,1.93369,78.6537
40000,16,1.91614,78.0909
40000,16,1.93978,78.8163
40000,16,1.93588,78.9221
40000,16,1.95245,79.7691
40000,16,1.91236,78.0331
40000,16,1.9361,78.7302
40000,16,1.91468,78.0551
40000,16,1.93604,78.7395
40000,16,2.0067,81.7825
40000,16,1.93418,78.643
40000,16,1.91292,77.9576
40000,16,1.93467,78.6377
40000,16,1.92603,78.5872
40000,16,1.93562,78.7189
40000,16,1.93467,78.8998
40000,16,1.93403,78.6574
40000,16,1.94998,80.1614
40000,16,2.00306,81.6409
40000,16,1.9328,79.0598
40000,16,1.93717,78.7708
40000,16,1.91514,78.118
40000,16,1.93387,78.7363
40000,16,1.91521,78.1067
40000,16,1.93203,78.5463
40000,16,1.92515,78.5545
40000,16,2.03287,82.9309
40000,16,1.93881,79.0033
40000,16,1.93274,78.6811
40000,16,1.91396,78.0891
40000,16,1.96017,79.8957
40000,16,1.91611,78.171
40000,16,1.93727,78.7738
40000,16,1.91749,78.1744
40000,16,1.92826,78.5415
40000,16,1.93636,79.1854
40000,16,1.93914,78.8256
40000,16,1.91752,78.2792
40000,16,1.93364,78.6675
40000,16,1.93365,78.9408
40000,16,1.93394,78.6811
40000,16,1.91592,78.1901
40000,16,1.97147,80.106
40000,16,1.98167,80.8556
40000,16,1.93725,78.838
40000,16,1.92832,78.6412
40000,16,1.93562,78.7185
40000,16,1.91763,78.2095
40000,16,1.97509,80.5179
40000,16,1.96709,83.2417
40000,16,1.96077,81.6707
40000,16,1.93813,79.2648
40000,16,1.93743,78.8262
40000,16,1.91583,78.1856
40000,16,1.93563,78.7747
40000,16,1.91817,78.2588
40000,16,1.93678,78.8185
40000,16,1.91635,78.1451
40000,16,1.92837,78.4765
40000,16,1.97581,80.378
40000,16,2.00406,81.5399
40000,16,1.91656,78.1543
40000,16,1.93291,78.6669
40000,16,1.93415,78.9117
40000,16,1.93761,78.8533
40000,16,1.91462,78.1243
40000,16,1.95657,79.894
40000,16,1.91437,78.1041
40000,16,1.93289,78.6319
40000,16,1.91653,78.1623
40000,16,1.9297,78.5812
40000,16,1.92301,78.5538
40000,16,1.95821,83.2187
40000,16,1.92692,82.7897
40000,16,2.045,83.9171
40000,16,1.93843,80.8045
40000,16,2.01675,81.9287
40000,16,1.96771,80.3235
40000,16,1.93549,78.7163
40000,16,1.91367,78.0899
40000,16,1.98114,81.2956
40000,16,2.03956,85.6882
40000,16,1.93762,80.4476
40000,16,1.94897,82.0445
40000,16,2.032,86.2353
40000,16,1.9466,83.1405
40000,16,1.9934,84.517
40000,16,2.0032,84.6261
40000,16,1.94804,80.943
40000,16,1.91944,80.2236
40000,16,1.93713,80.6944
40000,16,1.94235,82.0157
40000,16,1.96439,81.437
40000,16,2.04754,85.4109
40000,16,1.94395,81.1025
40000,16,1.95573,81.8994
40000,16,2.10132,87.9281
40000,16,2.00294,84.9762
40000,16,2.13447,89.3223
40000,16,2.15204,90.238
40000,16,2.11307,88.6266
40000,16,2.1028,88.6038
40000,16,2.11997,88.7393
40000,16,2.13598,89.474
40000,16,2.12787,89.1059
40000,16,1.91854,78.583
40000,16,1.93135,78.7264
40000,16,1.9134,78.1472
40000,16,1.95207,79.5205
