size,threads,runtime,energy
10000,1,0.104981,1.65045
10000,1,0.104382,1.64556
10000,1,0.104048,1.63745
10000,1,0.103845,1.63421
10000,1,0.103453,1.60089
10000,1,0.104117,1.64886
10000,1,0.104041,1.6795
10000,1,0.103459,1.60406
10000,1,0.103469,1.61566
10000,1,0.104155,1.61645
10000,1,0.103731,1.62036
10000,1,0.103433,1.59472
10000,1,0.103874,1.6303
10000,1,0.104205,1.70337
10000,1,0.104524,1.62036
10000,1,0.103745,1.61523
10000,1,0.103983,1.61285
10000,1,0.1043,1.61706
10000,1,0.10374,1.61431
10000,1,0.103863,1.63433
10000,1,0.103711,1.62133
10000,1,0.104634,1.63043
10000,1,0.103843,1.62121
10000,1,0.103966,1.61779
10000,1,0.10344,1.61621
10000,1,0.104599,1.63348
10000,1,0.103852,1.61639
10000,1,0.103953,1.62494
10000,1,0.103463,1.61376
10000,1,0.104364,1.63049
10000,1,0.104024,1.61584
10000,1,0.103813,1.6134
10000,1,0.103456,1.61364
10000,1,0.104134,1.61712
10000,1,0.104037,1.65106
10000,1,0.103441,1.60394
10000,1,0.103442,1.61669
10000,1,0.104047,1.61505
10000,1,0.103743,1.62622
10000,1,0.103423,1.60546
10000,1,0.103845,1.62005
10000,1,0.104241,1.66894
10000,1,0.104517,1.62231
10000,1,0.103766,1.62176
10000,1,0.103993,1.61608
10000,1,0.104318,1.63824
10000,1,0.103722,1.60626
10000,1,0.103849,1.64587
10000,1,0.103722,1.6195
10000,1,0.104632,1.64294
10000,1,0.103841,1.62304
10000,1,0.103973,1.64959
10000,1,0.103447,1.61596
10000,1,0.104591,1.6173
10000,1,0.103843,1.62316
10000,1,0.103915,1.64636
10000,1,0.10344,1.61377
10000,1,0.104374,1.6513
10000,1,0.104054,1.61315
10000,1,0.103812,1.61334
10000,1,0.103451,1.61425
10000,1,0.104131,1.62323
10000,1,0.104025,1.65258
10000,1,0.103443,1.61572
10000,1,0.103444,1.60186
10000,1,0.104059,1.61456
10000,1,0.103717,1.61505
10000,1,0.103432,1.61608
10000,1,0.103861,1.62536
10000,1,0.104189,1.65417
10000,1,0.104512,1.6137
10000,1,0.103739,1.60461
10000,1,0.103995,1.61468
10000,1,0.104305,1.62957
10000,1,0.10372,1.61364
10000,1,0.103841,1.66082
10000,1,0.103714,1.60162
10000,1,0.104662,1.62768
10000,1,0.103833,1.61657
10000,1,0.103968,1.61669
10000,1,0.103452,1.61291
10000,1,0.104595,1.62817
10000,1,0.103848,1.60595
10000,1,0.103953,1.64855
10000,1,0.103455,1.62176
10000,1,0.104378,1.65832
10000,1,0.104026,1.61895
10000,1,0.103831,1.59997
10000,1,0.103445,1.61608
10000,1,0.104117,1.62365
10000,1,0.104017,1.67346
10000,1,0.103446,1.62341
10000,1,0.10344,1.60607
10000,1,0.104065,1.61547
10000,1,0.10372,1.60424
10000,1,0.103417,1.61499
10000,1,0.103845,1.62762
10000,1,0.104212,1.66046
10000,1,0.104512,1.64788
10000,1,0.103899,1.68469
10000,1,0.104478,1.69702
10000,1,0.104776,1.7091
10000,1,0.104078,1.6939
10000,1,0.103832,1.66009
10000,1,0.103708,1.61755
10000,1,0.104639,1.64831
10000,1,0.103829,1.61657
10000,1,0.103985,1.61706
10000,1,0.103441,1.61163
10000,1,0.104617,1.63781
10000,1,0.103846,1.62103
10000,1,0.10398,1.65179
10000,1,0.103442,1.62097
10000,1,0.104349,1.65344
10000,1,0.104031,1.61621
10000,1,0.103826,1.61413
10000,1,0.103445,1.61761
10000,1,0.104138,1.61846
10000,1,0.104031,1.65979
10000,1,0.10345,1.61285
10000,1,0.103436,1.59832
10000,1,0.104063,1.61633
10000,1,0.103735,1.69311
10000,1,0.10342,1.74688
10000,1,0.103857,1.75128
10000,1,0.104224,1.76776
10000,1,0.104514,1.7622
10000,1,0.103776,1.76922
10000,1,0.103995,1.76477
10000,1,0.104309,1.78546
10000,1,0.103722,1.76849
10000,1,0.103818,1.76049
10000,1,0.103701,1.76635
10000,1,0.104643,1.78356
10000,1,0.10384,1.77081
10000,1,0.103974,1.76074
10000,1,0.103466,1.763
10000,1,0.104591,1.75476
10000,1,0.10386,1.77227
10000,1,0.103954,1.65203
10000,1,0.103441,1.61218
10000,1,0.104366,1.65856
10000,1,0.104036,1.61462
10000,1,0.10381,1.60052
10000,1,0.103443,1.61718
10000,1,0.104121,1.62304
10000,1,0.104037,1.65118
10000,1,0.103449,1.62109
10000,1,0.103436,1.59936
10000,1,0.104072,1.61712
10000,1,0.103718,1.61749
10000,1,0.103417,1.61706
10000,1,0.103853,1.64794
10000,1,0.104204,1.66363
10000,1,0.104514,1.63214
10000,1,0.103747,1.60211
10000,1,0.103998,1.61566
10000,1,0.104312,1.63079
10000,1,0.103718,1.61554
10000,1,0.103833,1.66137
10000,1,0.103696,1.61224
10000,1,0.104649,1.62506
10000,1,0.103834,1.61602
10000,1,0.103953,1.61798
10000,1,0.10344,1.61303
10000,1,0.104591,1.62139
10000,1,0.103875,1.62292
10000,1,0.103932,1.63
10000,1,0.103447,1.61187
10000,1,0.104361,1.65094
10000,1,0.104036,1.59808
10000,1,0.103818,1.60009
10000,1,0.103449,1.60009
10000,1,0.104128,1.62017
10000,1,0.104018,1.6596
10000,1,0.103441,1.61358
10000,1,0.103466,1.6029
10000,1,0.104109,1.62347
10000,1,0.103725,1.60522
10000,1,0.103417,1.61511
10000,1,0.103845,1.63275
10000,1,0.104201,1.64849
10000,1,0.104507,1.62878
10000,1,0.103746,1.62176
10000,1,0.10398,1.6137
10000,1,0.104303,1.62494
10000,1,0.103744,1.61749
10000,1,0.103856,1.65966
10000,1,0.103713,1.61621
10000,1,0.10465,1.64892
10000,1,0.103838,1.6018
10000,1,0.103964,1.6145
10000,1,0.10345,1.61492
10000,1,0.104597,1.63067
10000,1,0.103843,1.62597
10000,1,0.103983,1.64141
10000,1,0.103455,1.59869
10000,1,0.104381,1.66778
10000,1,0.104032,1.63336
10000,1,0.103829,1.62457
10000,1,0.103445,1.60705
10000,1,0.104124,1.61615
10000,1,0.104022,1.64495
10000,1,0.10344,1.59533
10000,1,0.103441,1.61669
10000,1,0.104077,1.61798
10000,1,0.113009,2.04571
10000,1,0.103434,1.60131
10000,1,0.103872,1.63592
10000,1,0.104203,1.66143
10000,1,0.104506,1.622
10000,1,0.10375,1.63055
10000,1,0.104004,1.61303
10000,1,0.104296,1.63751
10000,1,0.103741,1.61804
10000,1,0.103856,1.65557
10000,1,0.103704,1.60235
10000,1,0.104632,1.64245
10000,1,0.103834,1.61499
10000,1,0.103973,1.61816
10000,1,0.103461,1.61102
10000,1,0.104593,1.68707
10000,1,0.103838,1.6817
10000,1,0.103936,1.69085
10000,1,0.103457,1.62634
10000,1,0.10438,1.69342
10000,1,0.104051,1.64239
10000,1,0.103825,1.61712
10000,1,0.103445,1.61523
10000,1,0.10412,1.62078
10000,1,0.104027,1.6546
10000,1,0.103447,1.61608
10000,1,0.103438,1.5979
10000,1,0.104043,1.6137
10000,1,0.103739,1.61425
10000,1,0.103437,1.61529
10000,1,0.103854,1.62854
10000,1,0.104207,1.65966
10000,1,0.104527,1.63568
10000,1,0.103747,1.60156
10000,1,0.104011,1.61425
10000,1,0.104292,1.61645
10000,1,0.103716,1.61535
10000,1,0.10388,1.66729
10000,1,0.10372,1.60382
10000,1,0.104671,1.62475
10000,1,0.103843,1.63421
10000,1,0.103963,1.62799
10000,1,0.103439,1.61065
10000,1,0.10459,1.62854
10000,2,0.102905,1.622
10000,2,0.102629,1.66821
10000,2,0.102951,1.64379
10000,2,0.102974,1.66125
10000,2,0.10431,1.66833
10000,2,0.10302,1.62896
10000,2,0.102746,1.65313
10000,2,0.102741,1.63311
10000,2,0.102789,1.65582
10000,2,0.103021,1.61816
10000,2,0.102952,1.66943
10000,2,0.102736,1.64355
10000,2,0.102988,1.65722
10000,2,0.102685,1.63531
10000,2,0.103006,1.65051
10000,2,0.104102,1.62902
10000,2,0.102901,1.66381
10000,2,0.103203,1.65783
10000,2,0.102657,1.66406
10000,2,0.102752,1.67248
10000,2,0.102701,1.6206
10000,2,0.102711,1.63879
10000,2,0.102695,1.6643
10000,2,0.103183,1.6585
10000,2,0.102972,1.66619
10000,2,0.102675,1.6474
10000,2,0.102598,1.66687
10000,2,0.102779,1.64984
10000,2,0.102707,1.66595
10000,2,0.102734,1.65301
10000,2,0.102915,1.64892
10000,2,0.102916,1.65917
10000,2,0.103894,1.63824
10000,2,0.103032,1.63311
10000,2,0.10263,1.64337
10000,2,0.102648,1.63049
10000,2,0.102835,1.65808
10000,2,0.103028,1.63128
10000,2,0.102831,1.66015
10000,2,0.102724,1.66705
10000,2,0.103122,1.67419
10000,2,0.102752,1.65649
10000,2,0.102944,1.65277
10000,2,0.104123,1.65698
10000,2,0.10295,1.66918
10000,2,0.102979,1.67462
10000,2,0.102712,1.65515
10000,2,0.102818,1.65557
10000,2,0.1027,1.62072
10000,2,0.102742,1.63629
10000,2,0.102744,1.67858
10000,2,0.103015,1.65118
10000,2,0.102953,1.67816
10000,2,0.102758,1.65582
10000,2,0.102618,1.67565
10000,2,0.102701,1.6502
10000,2,0.102697,1.65667
10000,2,0.102623,1.67504
10000,2,0.102963,1.65118
10000,2,0.102992,1.67834
10000,2,0.104018,1.6654
10000,2,0.103116,1.63415
10000,2,0.102673,1.66912
10000,2,0.102674,1.6383
10000,2,0.102777,1.66217
10000,2,0.102952,1.63714
10000,2,0.103185,2.05712
10000,2,0.102815,2.02239
10000,2,0.103064,2.1087
10000,2,0.102767,2.07769
10000,2,0.103074,2.07751
10000,2,0.103765,2.0808
10000,2,0.102926,2.07842
10000,2,0.103101,2.07885
10000,2,0.102693,2.11987
10000,2,0.102805,2.15075
10000,2,0.102728,2.22998
10000,2,0.102919,2.17718
10000,2,0.102718,1.75079
10000,2,0.103062,1.74444
10000,2,0.103076,1.70166
10000,2,0.102631,1.69995
10000,2,0.10275,1.67236
10000,2,0.102698,1.64178
10000,2,0.102735,1.67938
10000,2,0.102697,1.66418
10000,2,0.102976,1.64392
10000,2,0.103002,1.6734
10000,2,0.104165,1.70037
10000,2,0.10311,1.72674
10000,2,0.102709,1.76837
10000,2,0.102786,1.70324
10000,2,0.102846,1.72216
10000,2,0.102962,1.71209
10000,2,0.102949,1.78546
10000,2,0.102724,1.7069
10000,2,0.103031,1.74517
10000,2,0.102737,1.69531
10000,2,0.103036,1.71014
10000,2,0.103907,1.70312
10000,2,0.102925,1.71887
10000,2,0.103515,2.20434
10000,2,0.102961,2.24963
10000,2,0.102829,1.98254
10000,2,0.102915,1.93853
10000,2,0.102684,1.69049
10000,2,0.102689,1.66607
10000,2,0.103001,1.65368
10000,2,0.102983,1.68048
10000,2,0.102698,1.64807
10000,2,0.102672,1.67047
10000,2,0.102762,1.63385
10000,2,0.102797,1.6585
10000,2,0.102673,1.6679
10000,2,0.102928,1.65313
10000,2,0.103064,1.68334
10000,2,0.10391,1.65478
10000,2,0.103093,1.66033
10000,2,0.102658,1.68225
10000,2,0.10272,1.65014
10000,2,0.10275,1.64111
10000,2,0.102964,1.6394
10000,2,0.102987,1.67486
10000,2,0.102703,1.65661
10000,2,0.102994,1.66235
10000,2,0.102698,1.67065
10000,2,0.103053,1.66534
10000,2,0.104033,1.65423
10000,2,0.102923,1.66357
10000,2,0.102863,1.64087
10000,2,0.102712,1.65429
10000,2,0.10275,1.67834
10000,2,0.102839,1.64587
10000,2,0.102721,1.65325
10000,2,0.102769,1.67584
10000,2,0.103106,1.73626
10000,2,0.103012,1.70861
10000,2,0.102727,1.66174
10000,2,0.102633,1.67663
10000,2,0.102803,1.6477
10000,2,0.102756,1.67102
10000,2,0.102718,1.66473
10000,2,0.102966,1.64239
10000,2,0.10293,1.65765
10000,2,0.104175,1.66967
10000,2,0.102998,1.64685
10000,2,0.102671,1.6809
10000,2,0.10273,1.66589
10000,2,0.102832,1.64331
10000,2,0.102915,1.64288
10000,2,0.103034,1.67993
10000,2,0.102686,1.65612
10000,2,0.103026,1.67144
10000,2,0.102751,1.67486
10000,2,0.103066,1.66552
10000,2,0.104024,1.65094
10000,2,0.102931,1.67767
10000,2,0.102976,1.65161
10000,2,0.102683,1.67315
10000,2,0.102748,1.67822
10000,2,0.102758,1.63336
10000,2,0.102701,1.63256
10000,2,0.102724,1.66839
10000,2,0.103149,1.66003
10000,2,0.103032,1.6781
10000,2,0.102737,1.64636
10000,2,0.102757,1.66583
10000,2,0.102639,1.64813
10000,2,0.102744,1.68011
10000,2,0.102674,1.68261
10000,2,0.10293,1.66796
10000,2,0.103054,1.67413
10000,2,0.104011,1.66644
10000,2,0.103033,1.65155
10000,2,0.102553,1.66778
10000,2,0.102723,1.65423
10000,2,0.10277,1.65405
10000,2,0.102889,1.63592
10000,2,0.102932,1.67187
10000,2,0.102659,1.6444
10000,2,0.103016,1.66949
10000,2,0.102747,1.65277
10000,2,0.103002,1.67303
10000,2,0.103934,1.64709
10000,2,0.102799,1.64703
10000,2,0.10294,1.65551
10000,2,0.102791,1.65899
10000,2,0.10269,1.65966
10000,2,0.10281,1.64294
10000,2,0.102691,1.74902
10000,2,0.102671,1.7586
10000,2,0.102953,1.75286
10000,2,0.103105,1.75671
10000,2,0.102762,1.76165
10000,2,0.102749,1.75708
10000,2,0.102764,1.75634
10000,2,0.102703,1.74414
10000,2,0.102597,1.73785
10000,2,0.102861,1.75824
10000,2,0.102981,1.7561
10000,2,0.104131,1.79669
10000,2,0.103116,1.75659
10000,2,0.102757,1.76074
10000,2,0.102685,1.74755
10000,2,0.102728,1.74114
10000,2,0.102932,1.64947
10000,2,0.102952,1.67437
10000,2,0.102715,1.64978
10000,2,0.103014,1.67407
10000,2,0.102806,1.6538
10000,2,0.103081,1.67456
10000,2,0.10383,1.6336
10000,2,0.102826,1.66937
10000,2,0.103032,1.66687
10000,2,0.102694,1.66552
10000,2,0.102735,1.66699
10000,2,0.102763,1.65142
10000,2,0.102744,1.65881
10000,2,0.102751,1.67822
10000,2,0.103037,1.65893
10000,2,0.103022,1.68072
10000,2,0.102669,1.66473
10000,2,0.102759,1.67266
10000,2,0.102757,1.6538
10000,2,0.10272,1.67565
10000,2,0.102675,1.65643
10000,2,0.102992,1.6701
10000,2,0.102993,1.69061
10000,2,0.103965,1.65551
10000,2,0.103083,1.6397
10000,2,0.102673,1.66687
10000,2,0.102696,1.64685
10000,2,0.102661,1.66162
10000,2,0.102905,1.63879
10000,2,0.103011,1.68188
10000,2,0.102709,1.65161
10000,2,0.102989,1.66821
10000,2,0.102723,1.64843
10000,2,0.102956,1.64563
10000,2,0.10405,1.64593
10000,2,0.102824,1.64733
10000,2,0.102963,1.65875
10000,2,0.102647,1.67334
10000,2,0.102719,1.68847
10000,2,0.10276,1.65405
10000,2,0.102734,1.65112
10000,2,0.102673,1.78411
10000,2,0.103083,1.83947
10000,2,0.102894,1.67724
10000,2,0.102643,1.64691
10000,3,0.068635,1.36035
10000,3,0.0685168,1.36792
10000,3,0.0686816,1.35479
10000,3,0.0686588,1.33947
10000,3,0.0694041,1.362
10000,3,0.0687433,1.35772
10000,3,0.0685405,1.37555
10000,3,0.0685191,1.36364
10000,3,0.06856,1.36975
10000,3,0.0686931,1.35931
10000,3,0.0686665,1.35449
10000,3,0.0685322,1.3385
10000,3,0.0687356,1.36004
10000,3,0.0685673,1.3584
10000,3,0.0688045,1.38665
10000,3,0.0692539,1.36016
10000,3,0.0686671,1.35492
10000,3,0.0686515,1.35846
10000,3,0.0684976,1.34149
10000,3,0.0686294,1.41796
10000,3,0.0687938,1.70337
10000,3,0.0685536,1.5841
10000,3,0.0685394,1.43097
10000,3,0.0688075,1.41504
10000,3,0.0686668,1.41638
10000,3,0.068456,1.42743
10000,3,0.0685616,1.43499
10000,3,0.0685672,1.4223
10000,3,0.0686181,1.45239
10000,3,0.0685244,1.44311
10000,3,0.0685859,1.40502
10000,3,0.0686879,1.43554
10000,3,0.0692697,1.44732
10000,3,0.0687892,1.41485
10000,3,0.0685305,1.42712
10000,3,0.0686031,1.46209
10000,3,0.0685548,1.43957
10000,3,0.0686741,1.41876
10000,3,0.0686214,1.41937
10000,3,0.0685198,1.43212
10000,3,0.0687114,1.3612
10000,3,0.0685179,1.35339
10000,3,0.0688272,1.37982
10000,3,0.069335,1.38098
10000,3,0.0686287,1.33764
10000,3,0.0686941,1.33624
10000,3,0.068486,1.36279
10000,3,0.0685258,1.36474
10000,3,0.0686269,1.34924
10000,3,0.0685391,1.37451
10000,3,0.0686494,1.36847
10000,3,0.0687667,1.35894
10000,3,0.0684837,1.33679
10000,3,0.0684874,1.35522
10000,3,0.0684913,1.36603
10000,3,0.0685644,1.35827
10000,3,0.0685018,1.36322
10000,3,0.0684548,1.37005
10000,3,0.0687224,1.34094
10000,3,0.068772,1.34051
10000,3,0.0692878,1.38037
10000,3,0.0687611,1.36077
10000,3,0.0684786,1.37512
10000,3,0.0685816,1.38299
10000,3,0.0685617,1.36096
10000,3,0.0686114,1.33953
10000,3,0.0687238,1.33874
10000,3,0.0685263,1.36023
10000,3,0.0687385,1.35723
10000,3,0.0684948,1.34423
10000,3,0.068839,1.36023
10000,3,0.0693784,1.36071
10000,3,0.068659,1.35864
10000,3,0.0686865,1.35546
10000,3,0.0684905,1.34661
10000,3,0.0685271,1.36523
10000,3,0.0685799,1.3764
10000,3,0.0686178,1.41064
10000,3,0.0684982,1.3681
10000,3,0.0688177,1.41272
10000,3,0.0687152,1.40234
10000,3,0.0685267,1.38879
10000,3,0.0685282,1.33917
10000,3,0.0685962,1.38037
10000,3,0.0685437,1.35931
10000,3,0.068495,1.3479
10000,3,0.0686422,1.35406
10000,3,0.0687295,1.36145
10000,3,0.0691801,1.35766
10000,3,0.0688296,1.38647
10000,3,0.0684959,1.38525
10000,3,0.0685843,1.38196
10000,3,0.0685796,1.35778
10000,3,0.0686866,1.3612
10000,3,0.0686165,1.36267
10000,3,0.068555,1.33679
10000,3,0.0687082,1.3424
10000,3,0.06856,1.3645
10000,3,0.0687655,1.38159
10000,3,0.0691629,1.36547
10000,3,0.0686082,1.3573
10000,3,0.0686417,1.35888
10000,3,0.0684817,1.34924
10000,3,0.0686013,1.36328
10000,3,0.0684983,1.37201
10000,3,0.0685026,1.35296
10000,3,0.0685412,1.36627
10000,3,0.0687409,1.36047
10000,3,0.0687303,1.35742
10000,3,0.0684817,1.34008
10000,3,0.0685736,1.36248
10000,3,0.0686246,1.37103
10000,3,0.0685532,1.38214
10000,3,0.0686078,1.35931
10000,3,0.0686609,1.35485
10000,3,0.0687558,1.35919
10000,3,0.0693611,1.3789
10000,3,0.0687687,1.33844
10000,3,0.0685132,1.35919
10000,3,0.0685631,1.38232
10000,3,0.0685825,1.33911
10000,3,0.0686764,1.33642
10000,3,0.0686764,1.36059
10000,3,0.0685555,1.35485
10000,3,0.0686963,1.33892
10000,3,0.0685432,1.33978
10000,3,0.068765,1.38549
10000,3,0.0693088,1.38263
10000,3,0.0686631,1.33539
10000,3,0.0686153,1.35913
10000,3,0.0684495,1.36889
10000,3,0.0685741,1.35516
10000,3,0.0686025,1.36853
10000,3,0.0685086,1.38214
10000,3,0.0685668,1.36468
10000,3,0.0687642,1.35656
10000,3,0.0687197,1.34472
10000,3,0.0685301,1.34057
10000,3,0.0685731,1.36285
10000,3,0.0686067,1.37518
10000,3,0.0686002,1.38543
10000,3,0.0685096,1.37616
10000,3,0.0687095,1.35675
10000,3,0.0686692,1.33722
10000,3,0.0693693,1.362
10000,3,0.0688266,1.35736
10000,3,0.068564,1.37756
10000,3,0.0686749,1.36187
10000,3,0.0685156,1.34051
10000,3,0.0686812,1.3587
10000,3,0.0686275,1.35766
10000,3,0.0684138,1.3352
10000,3,0.0687134,1.38
10000,3,0.0685547,1.37103
10000,3,0.06878,1.38122
10000,3,0.0691509,1.36267
10000,3,0.0686518,1.35821
10000,3,0.0686386,1.37255
10000,3,0.0684688,1.34674
10000,3,0.0685962,1.3695
10000,3,0.0686114,1.37542
10000,3,0.0686087,1.35785
10000,3,0.0684912,1.36285
10000,3,0.068726,1.35718
10000,3,0.0686292,1.35919
10000,3,0.0684982,1.34991
10000,3,0.0685599,1.36132
10000,3,0.0685853,1.37335
10000,3,0.0686186,1.36633
10000,3,0.0685089,1.35723
10000,3,0.0686195,1.36071
10000,3,0.0687126,1.36132
10000,3,0.0693269,1.36608
10000,3,0.0687794,1.3601
10000,3,0.0685495,1.38165
10000,3,0.0686132,1.38128
10000,3,0.0685705,1.3421
10000,3,0.0686044,1.35534
10000,3,0.068579,1.36108
10000,3,0.0685332,1.33575
10000,3,0.0687244,1.36169
10000,3,0.0685324,1.36798
10000,3,0.0688008,1.38592
10000,3,0.0692638,1.36169
10000,3,0.0686749,1.36303
10000,3,0.0687361,1.35675
10000,3,0.0684427,1.34753
10000,3,0.0685366,1.3634
10000,3,0.0686047,1.36572
10000,3,0.0685738,1.36316
10000,3,0.0685434,1.34765
10000,3,0.0687179,1.35974
10000,3,0.0686628,1.35461
10000,3,0.0684202,1.33868
10000,3,0.0685192,1.34661
10000,3,0.0684752,1.37548
10000,3,0.0685537,1.36407
10000,3,0.0685599,1.37573
10000,3,0.0686964,1.35626
10000,3,0.068683,1.35894
10000,3,0.0695101,1.3598
10000,3,0.0688437,1.35858
10000,3,0.0685468,1.3637
10000,3,0.0685649,1.38073
10000,3,0.0686087,1.33783
10000,3,0.0686542,1.33789
10000,3,0.0686982,1.3554
10000,3,0.0685476,1.35864
10000,3,0.068738,1.35998
10000,3,0.0685307,1.34942
10000,3,0.0687639,1.38501
10000,3,0.0695152,1.38122
10000,3,0.0685926,1.38165
10000,3,0.068681,1.33734
10000,3,0.068479,1.34826
10000,3,0.0686728,1.43151
10000,3,0.0685494,1.37408
10000,3,0.0684655,1.3609
10000,3,0.0686271,1.42352
10000,3,0.0687677,1.36309
10000,3,0.0686604,1.36139
10000,3,0.0684781,1.33917
10000,3,0.0685587,1.362
10000,3,0.068497,1.37536
10000,3,0.0685543,1.36334
10000,3,0.0685261,1.38623
10000,3,0.0686795,1.35424
10000,3,0.068728,1.35821
10000,3,0.0692525,1.36322
10000,3,0.0688605,1.36346
10000,3,0.0685479,1.37841
10000,3,0.0686206,1.36138
10000,3,0.0686325,1.33978
10000,3,0.0686385,1.35846
10000,3,0.0686494,1.35607
10000,3,0.0685248,1.33911
10000,3,0.0687044,1.34216
10000,3,0.0685667,1.36908
10000,3,0.0687424,1.38208
10000,3,0.0693168,1.362
10000,3,0.0686379,1.36071
10000,3,0.0687392,1.35968
10000,3,0.0685294,1.37121
10000,3,0.0685167,1.35528
10000,3,0.0686297,1.36908
10000,3,0.0685985,1.37359
10000,3,0.0685087,1.35089
10000,3,0.0687334,1.34997
10000,3,0.0686702,1.36004
10000,3,0.068538,1.35534
10000,4,0.0514915,1.07013
10000,4,0.0514251,1.08734
10000,4,0.0515548,1.09796
10000,4,0.0515559,1.1026
10000,4,0.052248,1.09753
10000,4,0.0515908,1.09161
10000,4,0.0513859,1.07654
10000,4,0.0514173,1.09289
10000,4,0.0514186,1.07983
10000,4,0.051512,1.09125
10000,4,0.0515218,1.0614
10000,4,0.0514402,1.09497
10000,4,0.0516143,1.08398
10000,4,0.051382,1.06872
10000,4,0.051557,1.08111
10000,4,0.0519606,1.09576
10000,4,0.0514542,1.08203
10000,4,0.0514903,1.07739
10000,4,0.0513622,1.08038
10000,4,0.0513949,1.0946
10000,4,0.0514381,1.07849
10000,4,0.0513821,1.08069
10000,4,0.0513736,1.08184
10000,4,0.0515902,1.10974
10000,4,0.0515372,1.1037
10000,4,0.0513844,1.16735
10000,4,0.0514012,1.32391
10000,4,0.0513898,1.12964
10000,4,0.0514472,1.13171
10000,4,0.051392,1.18823
10000,4,0.0515064,1.16961
10000,4,0.0515868,1.14825
10000,4,0.0520578,1.19793
10000,4,0.0515893,1.19372
10000,4,0.0514027,1.31585
10000,4,0.051374,1.28607
10000,4,0.0514301,1.3125
10000,4,0.0515429,1.28466
10000,4,0.0515686,1.31176
10000,4,0.0514117,1.27942
10000,4,0.0516263,1.31439
10000,4,0.0514932,1.32068
10000,4,0.051605,1.27978
10000,4,0.0519681,1.26294
10000,4,0.0515618,1.28454
10000,4,0.0516726,1.35107
10000,4,0.0514259,1.37951
10000,4,0.0514024,1.36706
10000,4,0.0514774,1.30218
10000,4,0.0513897,1.35015
10000,4,0.051432,1.26526
10000,4,0.051603,1.23266
10000,4,0.0515641,1.23901
10000,4,0.0514737,1.33624
10000,4,0.0515226,1.35748
10000,4,0.0514454,1.37988
10000,4,0.0514227,1.37042
10000,4,0.0513988,1.37982
10000,4,0.0515427,1.2976
10000,4,0.0515757,1.32397
10000,4,0.0519186,1.3092
10000,4,0.0516301,1.30737
10000,4,0.0514477,1.27862
10000,4,0.0514191,1.30517
10000,4,0.0514633,1.31744
10000,4,0.0516036,1.28833
10000,4,0.0516231,1.31536
10000,4,0.0515181,1.30499
10000,4,0.051529,1.2221
10000,4,0.0515265,1.31793
10000,4,0.0516447,1.35504
10000,4,0.0520103,1.38519
10000,4,0.0515281,1.36786
10000,4,0.0515751,1.28649
10000,4,0.051429,1.36145
10000,4,0.0514659,1.25683
10000,4,0.0514556,1.29144
10000,4,0.0513567,1.20459
10000,4,0.0515506,1.36731
10000,4,0.051684,1.39672
10000,4,0.0515699,1.36273
10000,4,0.0514034,1.3916
10000,4,0.0514613,1.32068
10000,4,0.0514634,1.35052
10000,4,0.0514171,1.2857
10000,4,0.0514026,1.3305
10000,4,0.0515798,1.30828
10000,4,0.0515655,1.28704
10000,4,0.0520526,1.29889
10000,4,0.0516196,1.30944
10000,4,0.0514691,1.33813
10000,4,0.0514769,1.24725
10000,4,0.0514223,1.23822
10000,4,0.0515919,1.35626
10000,4,0.0515994,1.34674
10000,4,0.0514764,1.38891
10000,4,0.0515746,1.37793
10000,4,0.0514314,1.26104
10000,4,0.0515463,1.29766
10000,4,0.0519469,1.33539
10000,4,0.0515554,1.29687
10000,4,0.0514929,1.31744
10000,4,0.0514361,1.3222
10000,4,0.0514066,1.29766
10000,4,0.051508,1.31451
10000,4,0.051504,1.28143
10000,4,0.0514764,1.33093
10000,4,0.0516886,1.2846
10000,4,0.051501,1.27368
10000,4,0.0514345,1.31433
10000,4,0.0514072,1.2901
10000,4,0.0515258,1.31652
10000,4,0.051585,1.28625
10000,4,0.0514771,1.30261
10000,4,0.0516311,1.33239
10000,4,0.0515835,1.31964
10000,4,0.0520233,1.31683
10000,4,0.0516539,1.30157
10000,4,0.0515077,1.29766
10000,4,0.0514278,1.32098
10000,4,0.0514312,1.29675
10000,4,0.0515894,1.32183
10000,4,0.051518,1.28131
10000,4,0.0514271,1.2918
10000,4,0.0515898,1.34588
10000,4,0.0513935,1.29632
10000,4,0.0515984,1.24762
10000,4,0.0520504,1.31366
10000,4,0.0515279,1.31604
10000,4,0.0515273,1.28088
10000,4,0.051431,1.31335
10000,4,0.0514181,1.28906
10000,4,0.0515298,1.31488
10000,4,0.0514561,1.31463
10000,4,0.051404,1.34185
10000,4,0.05158,1.5415
10000,4,0.0515355,1.49786
10000,4,0.0514718,1.48858
10000,4,0.0514624,1.34997
10000,4,0.0515023,1.39105
10000,4,0.0515244,1.41125
10000,4,0.0514677,1.40289
10000,4,0.0517593,1.52758
10000,4,0.0516665,1.49963
10000,4,0.0520259,1.35015
10000,4,0.0518273,1.50183
10000,4,0.0517541,1.55377
10000,4,0.0518449,1.59893
10000,4,0.0516506,1.62121
10000,4,0.0517537,1.50128
10000,4,0.0516858,1.51165
10000,4,0.051665,1.43255
10000,4,0.0517549,1.46374
10000,4,0.051449,1.36871
10000,4,0.0517642,1.47644
10000,4,0.0521554,1.55065
10000,4,0.0516451,1.51556
10000,4,0.0515768,1.43225
10000,4,0.051584,1.48834
10000,4,0.0515254,1.48437
10000,4,0.0515361,1.3761
10000,4,0.0514225,1.34845
10000,4,0.0514664,1.50286
10000,4,0.0517166,1.5332
10000,4,0.051642,1.53949
10000,4,0.0514322,1.50897
10000,4,0.0516309,1.51397
10000,4,0.0517485,1.51355
10000,4,0.0518418,1.52301
10000,4,0.0516006,1.48468
10000,4,0.0516427,1.42395
10000,4,0.0517852,1.53259
10000,4,0.0522342,1.57061
10000,4,0.0517588,1.58618
10000,4,0.0517001,1.60022
10000,4,0.0517321,1.4898
10000,4,0.0515165,1.57171
10000,4,0.0517709,1.48822
10000,4,0.0518608,1.47113
10000,4,0.0515371,1.45379
10000,4,0.0519266,1.60784
10000,4,0.0517245,1.61785
10000,4,0.0517872,1.62127
10000,4,0.052107,1.6344
10000,4,0.0515858,1.53894
10000,4,0.0518491,1.55279
10000,4,0.05138,1.5448
10000,4,0.0517835,1.58337
10000,4,0.0514773,1.56628
10000,4,0.0516299,1.51788
10000,4,0.051568,1.5473
10000,4,0.0517368,1.57464
10000,4,0.0517883,1.58972
10000,4,0.0516528,1.5064
10000,4,0.0515479,1.47924
10000,4,0.0518402,1.56207
10000,4,0.0517091,1.58502
10000,4,0.0517011,1.63977
10000,4,0.0516154,1.62329
10000,4,0.0516465,1.52081
10000,4,0.0520197,1.54889
10000,4,0.0515804,1.54498
10000,4,0.0513781,1.56829
10000,4,0.0514284,1.54455
10000,4,0.0515461,1.57525
10000,4,0.0515382,1.39703
10000,4,0.0515272,1.31445
10000,4,0.0513894,1.33978
10000,4,0.0515348,1.32251
10000,4,0.0514584,1.34417
10000,4,0.0515782,1.31463
10000,4,0.0521729,1.33837
10000,4,0.0514631,1.28412
10000,4,0.0515071,1.27179
10000,4,0.0513606,1.2796
10000,4,0.0513707,1.30706
10000,4,0.0514474,1.28302
10000,4,0.05137,1.27185
10000,4,0.0513709,1.27929
10000,4,0.0516395,1.3117
10000,4,0.05158,1.31225
10000,4,0.0513399,1.315
10000,4,0.0513664,1.31506
10000,4,0.0513952,1.31054
10000,4,0.0514168,1.33984
10000,4,0.0513506,1.30133
10000,4,0.0515366,1.33233
10000,4,0.0515124,1.2528
10000,4,0.0520084,1.26739
10000,4,0.0515739,1.21136
10000,4,0.0514083,1.29998
10000,4,0.0514312,1.27545
10000,4,0.0516257,1.25702
10000,4,0.0516522,1.27136
10000,4,0.0515815,1.26458
10000,4,0.0513956,1.13617
10000,4,0.0515638,1.0849
10000,4,0.0514673,1.1054
10000,4,0.0516156,1.10608
10000,4,0.0519795,1.12811
10000,4,0.0514891,1.24792
10000,4,0.0515426,1.20385
10000,4,0.0513912,1.08539
10000,4,0.0514129,1.07989
10000,4,0.0514593,1.10687
10000,4,0.0514459,1.08709
10000,4,0.0513998,1.11456
10000,4,0.0516811,1.07977
10000,4,0.0514944,1.10553
10000,4,0.0513853,1.07769
10000,5,0.0412455,1.0296
10000,5,0.041113,1.03491
10000,5,0.0412512,1.02978
10000,5,0.0412335,1.05609
10000,5,0.0417257,1.02606
10000,5,0.0412682,1.02392
10000,5,0.0411497,1.02539
10000,5,0.0411251,1.03296
10000,5,0.04117,1.026
10000,5,0.0411954,1.03137
10000,5,0.0412136,1.01684
10000,5,0.0411272,1.03155
10000,5,0.0412613,1.05133
10000,5,0.0411615,1.03869
10000,5,0.0412574,1.02563
10000,5,0.0416359,1.04138
10000,5,0.041178,1.02673
10000,5,0.0411891,1.02563
10000,5,0.0411087,1.03308
10000,5,0.0411289,1.02844
10000,5,0.0411417,1.02722
10000,5,0.0411081,1.0296
10000,5,0.0411721,1.031
10000,5,0.0412691,1.02057
10000,5,0.041198,1.03637
10000,5,0.0410808,1.05517
10000,5,0.0411106,1.02411
10000,5,0.0411687,1.02539
10000,5,0.0411168,1.03936
10000,5,0.0410996,1.03222
10000,5,0.0411887,1.04455
10000,5,0.041171,1.02716
10000,5,0.0416656,1.05304
10000,5,0.0412656,1.02807
10000,5,0.0411219,1.02423
10000,5,0.0411463,1.05676
10000,5,0.041152,1.02276
10000,5,0.0412238,1.02844
10000,5,0.0411944,1.02252
10000,5,0.0411277,1.05682
10000,5,0.0412472,1.03448
10000,5,0.0411431,1.03442
10000,5,0.0412455,1.04956
10000,5,0.0416352,1.02111
10000,5,0.0412246,1.02478
10000,5,0.0412645,1.03174
10000,5,0.0411058,1.03509
10000,5,0.0411179,1.03369
10000,5,0.0411451,1.03015
10000,5,0.0411142,1.05743
10000,5,0.0411198,1.03729
10000,5,0.0412637,1.02881
10000,5,0.0412583,1.05767
10000,5,0.0410803,1.03564
10000,5,0.0411009,1.02887
10000,5,0.0411583,1.02966
10000,5,0.0411573,1.05944
10000,5,0.0410618,1.03717
10000,5,0.0412142,1.02228
10000,5,0.0412034,1.03198
10000,5,0.041525,1.04699
10000,5,0.0413214,1.03393
10000,5,0.0410971,1.03033
10000,5,0.0411105,1.03259
10000,5,0.0411575,1.02429
10000,5,0.0411901,1.03369
10000,5,0.0412352,1.04706
10000,5,0.0411637,1.0376
10000,5,0.041263,1.03619
10000,5,0.0411541,1.03949
10000,5,0.0412206,1.05536
10000,5,0.0416329,1.01648
10000,5,0.0411948,1.02435
10000,5,0.0412141,1.02862
10000,5,0.041125,1.03607
10000,5,0.041106,1.03338
10000,5,0.0411215,1.06195
10000,5,0.0411483,1.03448
10000,5,0.0411117,1.03638
10000,5,0.0412824,1.03131
10000,5,0.0412072,1.04004
10000,5,0.0411549,1.0365
10000,5,0.0411254,1.02588
10000,5,0.0411118,1.02545
10000,5,0.0411642,1.03821
10000,5,0.0410724,1.03601
10000,5,0.0412131,1.02887
10000,5,0.0412297,1.03546
10000,5,0.0415952,1.02508
10000,5,0.0412203,1.03387
10000,5,0.041116,1.05517
10000,5,0.041088,1.03241
10000,5,0.0411461,1.02063
10000,5,0.0411823,1.03094
10000,5,0.0411823,1.04998
10000,5,0.0411653,1.03979
10000,5,0.0412135,1.03979
10000,5,0.0411092,1.03845
10000,5,0.0412182,1.05334
10000,5,0.0416121,1.02136
10000,5,0.0411781,1.05175
10000,5,0.0412392,1.0343
10000,5,0.0411083,1.03729
10000,5,0.0410796,1.03332
10000,5,0.0411383,1.05468
10000,5,0.041118,1.03924
10000,5,0.0410937,1.03186
10000,5,0.0412659,1.03112
10000,5,0.0412298,1.06329
10000,5,0.0411092,1.03631
10000,5,0.0411079,1.02325
10000,5,0.0411433,1.02685
10000,5,0.0412091,1.05871
10000,5,0.0411381,1.039
10000,5,0.041208,1.02301
10000,5,0.0411837,1.04468
10000,5,0.041682,1.05267
10000,5,0.0412778,1.03082
10000,5,0.0411056,1.03039
10000,5,0.0411731,1.03338
10000,5,0.0411253,1.02606
10000,5,0.0412081,1.04883
10000,5,0.0411908,1.02557
10000,5,0.0411374,1.03088
10000,5,0.0412015,1.03405
10000,5,0.0411169,1.03747
10000,5,0.041273,1.02972
10000,5,0.0416957,1.044
10000,5,0.0411854,1.03289
10000,5,0.0412215,1.02404
10000,5,0.0411139,1.03613
10000,5,0.0411436,1.05902
10000,5,0.0411459,1.03271
10000,5,0.0411561,1.03497
10000,5,0.0411398,1.03576
10000,5,0.0412701,1.05713
10000,5,0.0411792,1.03747
10000,5,0.0410694,1.03582
10000,5,0.0411382,1.02893
10000,5,0.0411087,1.04663
10000,5,0.0411394,1.04058
10000,5,0.0410486,1.03491
10000,5,0.0412316,1.02661
10000,5,0.0412175,1.05529
10000,5,0.0416727,1.026
10000,5,0.0413026,1.0545
10000,5,0.041142,1.03289
10000,5,0.0411196,1.03723
10000,5,0.0411123,1.02905
10000,5,0.041215,1.02795
10000,5,0.0411823,1.02264
10000,5,0.0411857,1.03357
10000,5,0.0412733,1.05652
10000,5,0.0411243,1.03454
10000,5,0.0412612,1.02801
10000,5,0.041606,1.04297
10000,5,0.0411673,1.03088
10000,5,0.0411559,1.02636
10000,5,0.0411106,1.05963
10000,5,0.0411414,1.03747
10000,5,0.0411315,1.03106
10000,5,0.0411322,1.03393
10000,5,0.0411505,1.03479
10000,5,0.0412789,1.05365
10000,5,0.0412095,1.20703
10000,5,0.0411071,1.20337
10000,5,0.041126,1.21014
10000,5,0.0411476,1.22387
10000,5,0.0411938,1.20813
10000,5,0.041152,1.20501
10000,5,0.0412295,1.24554
10000,5,0.0412684,1.19226
10000,5,0.0416998,1.16858
10000,5,0.0412873,1.2016
10000,5,0.0411943,1.21893
10000,5,0.0411509,1.29675
10000,5,0.041148,1.27258
10000,5,0.0412233,1.2594
10000,5,0.0412225,1.19854
10000,5,0.0411658,1.04883
10000,5,0.0412307,1.11175
10000,5,0.0411738,1.27801
10000,5,0.0413121,1.1925
10000,5,0.041621,1.06994
10000,5,0.0412016,1.07953
10000,5,0.0412362,1.07171
10000,5,0.0410914,1.07202
10000,5,0.0411298,1.04895
10000,5,0.0411175,1.03912
10000,5,0.0410964,1.04608
10000,5,0.041095,1.04498
10000,5,0.0412972,1.16778
10000,5,0.0411893,1.1626
10000,5,0.0410864,1.15136
10000,5,0.0411581,1.14758
10000,5,0.0411471,1.15478
10000,5,0.0411868,1.16894
10000,5,0.0411283,1.22723
10000,5,0.0413317,1.18609
10000,5,0.0412669,1.20996
10000,5,0.0416435,1.22461
10000,5,0.0412966,1.21014
10000,5,0.0411212,1.20343
10000,5,0.041519,1.2196
10000,5,0.0412664,1.18383
10000,5,0.0414095,1.21203
10000,5,0.0413721,1.18542
10000,5,0.0412922,1.21319
10000,5,0.0412863,1.19513
10000,5,0.0414632,1.23089
10000,5,0.0418435,1.19268
10000,5,0.0420224,1.24273
10000,5,0.0415892,1.17816
10000,5,0.0416954,1.22863
10000,5,0.0416307,1.24157
10000,5,0.0416505,1.24237
10000,5,0.0415201,1.20233
10000,5,0.0411555,1.12439
10000,5,0.0412458,1.10833
10000,5,0.0413157,1.12982
10000,5,0.0413087,1.09918
10000,5,0.0411605,1.11236
10000,5,0.0411648,1.18829
10000,5,0.0411838,1.11889
10000,5,0.0411664,1.2243
10000,5,0.0411118,1.18042
10000,5,0.0412229,1.17505
10000,5,0.0412807,1.1853
10000,5,0.0416908,1.1687
10000,5,0.0412953,1.14624
10000,5,0.0412392,1.10235
10000,5,0.0411546,1.03753
10000,5,0.0411897,1.03357
10000,5,0.0412249,1.0332
10000,5,0.041197,1.0227
10000,5,0.0411191,1.03912
10000,5,0.0412682,1.05029
10000,5,0.0411303,1.03985
10000,5,0.0412375,1.02716
10000,5,0.0416188,1.04669
10000,5,0.0412218,1.02545
10000,5,0.0412201,1.05224
10000,5,0.0410936,1.03503
10000,5,0.0411287,1.03149
10000,5,0.0411306,1.03058
10000,5,0.0411265,1.05914
10000,5,0.0411289,1.03802
10000,5,0.0412799,1.02484
10000,5,0.0412057,1.03674
10000,5,0.0411182,1.03821
10000,6,0.0343165,0.86389
10000,6,0.0343003,0.920407
10000,6,0.0343416,0.886961
10000,6,0.0343983,0.888364
10000,6,0.0346896,0.871458
10000,6,0.0344233,0.898557
10000,6,0.0342746,0.897459
10000,6,0.0343126,0.899106
10000,6,0.0343411,0.887693
10000,6,0.0343704,0.881468
10000,6,0.034349,0.902768
10000,6,0.0343056,0.881224
10000,6,0.0343828,0.911313
10000,6,0.0343039,0.890806
10000,6,0.0344191,0.901304
10000,6,0.0347526,0.889646
10000,6,0.0343365,0.887876
10000,6,0.0343751,0.881163
10000,6,0.0342912,0.91113
10000,6,0.0342794,0.883909
10000,6,0.0343099,0.88458
10000,6,0.0343058,0.882383
10000,6,0.0343331,0.888791
10000,6,0.0344173,0.911436
10000,6,0.0343764,0.884702
10000,6,0.034256,0.915159
10000,6,0.0343016,0.885801
10000,6,0.0342911,0.885496
10000,6,0.0342911,0.912107
10000,6,0.0343129,0.890684
10000,6,0.0343934,0.911679
10000,6,0.0343514,0.883543
10000,6,0.034804,0.901121
10000,6,0.0343826,0.881528
10000,6,0.0342827,0.886899
10000,6,0.0342766,0.883604
10000,6,0.0342852,0.912962
10000,6,0.034375,0.890989
10000,6,0.0343449,0.886716
10000,6,0.0343107,0.887632
10000,6,0.0343791,0.888364
10000,6,0.0343396,0.913938
10000,6,0.034456,0.887205
10000,6,0.0347216,0.904966
10000,6,0.034378,0.892637
10000,6,0.0343274,0.888853
10000,6,0.034263,0.886838
10000,6,0.0342942,0.92462
10000,6,0.0343028,0.886533
10000,6,0.0342434,0.882139
10000,6,0.0342806,0.916013
10000,6,0.0344069,0.887388
10000,6,0.0343858,0.914793
10000,6,0.034257,0.887326
10000,6,0.0342606,0.886839
10000,6,0.0342956,0.915159
10000,6,0.0342913,0.884275
10000,6,0.034292,0.915403
10000,6,0.0343716,0.88873
10000,6,0.0344367,0.890379
10000,6,0.0346155,0.868223
10000,6,0.0343926,0.909056
10000,6,0.0342744,0.886045
10000,6,0.034285,0.883664
10000,6,0.0342865,0.918333
10000,6,0.0343846,0.885374
10000,6,0.034351,0.913877
10000,6,0.034318,0.888364
10000,6,0.0343845,0.913084
10000,6,0.0342985,0.888608
10000,6,0.0344239,0.913694
10000,6,0.0347821,0.88574
10000,6,0.0343472,0.916624
10000,6,0.0343794,0.891233
10000,6,0.0342876,0.911802
10000,6,0.0343212,0.890195
10000,6,0.0343344,0.882261
10000,6,0.0343225,0.881284
10000,6,0.034254,0.89105
10000,6,0.0343979,0.916929
10000,6,0.0343855,0.885496
10000,6,0.0342684,0.888791
10000,6,0.0343028,0.883787
10000,6,0.0342944,0.887693
10000,6,0.0343479,0.915342
10000,6,0.0343089,0.900693
10000,6,0.0343646,0.917662
10000,6,0.0343946,0.887387
10000,6,0.0347399,0.904905
10000,6,0.0344136,0.885435
10000,6,0.034261,0.917478
10000,6,0.0342895,0.883726
10000,6,0.0343152,0.916013
10000,6,0.0343449,0.884764
10000,6,0.0343568,0.88928
10000,6,0.0343,0.91406
10000,6,0.0344238,0.884519
10000,6,0.0343169,0.916868
10000,6,0.034428,0.88635
10000,6,0.0347684,0.911375
10000,6,0.0343565,0.890317
10000,6,0.0343482,0.884092
10000,6,0.0342707,0.886838
10000,6,0.0343195,0.915342
10000,6,0.0343289,0.893003
10000,6,0.0343041,0.910887
10000,6,0.0342694,0.886716
10000,6,0.034395,0.88928
10000,6,0.0343508,0.915342
10000,6,0.0343032,0.887022
10000,6,0.0343143,0.913816
10000,6,0.0343094,0.891965
10000,6,0.0343275,0.880979
10000,6,0.0342654,0.918272
10000,6,0.0343581,0.886472
10000,6,0.0343519,0.910459
10000,6,0.0347904,0.905515
10000,6,0.0343979,0.890562
10000,6,0.0342865,0.884214
10000,6,0.0342781,0.915403
10000,6,0.0343028,0.885984
10000,6,0.0343517,0.889829
10000,6,0.0343865,0.882872
10000,6,0.0343147,0.88989
10000,6,0.0343826,0.916135
10000,6,0.0342974,0.888975
10000,6,0.0344177,0.908872
10000,6,0.0347918,0.916868
10000,6,0.0343708,0.899046
10000,6,0.0343657,0.914914
10000,6,0.0342887,0.885496
10000,6,0.0343151,0.891782
10000,6,0.0342688,0.913328
10000,6,0.0342607,0.888365
10000,6,0.0343201,0.884763
10000,6,0.0344108,0.891477
10000,6,0.0343475,0.885496
10000,6,0.0342553,0.914365
10000,6,0.0342848,0.887022
10000,6,0.0343261,0.91168
10000,6,0.0342847,0.892148
10000,6,0.0342944,0.883665
10000,6,0.034397,0.918088
10000,6,0.0343545,0.884153
10000,6,0.0347432,0.904234
10000,6,0.0344032,0.880003
10000,6,0.0342857,0.88513
10000,6,0.0342778,0.885801
10000,6,0.0343104,0.917783
10000,6,0.0343548,0.888609
10000,6,0.0343667,0.912534
10000,6,0.0343146,0.889463
10000,6,0.0344029,0.88812
10000,6,0.0342728,0.91168
10000,6,0.0344017,0.886228
10000,6,0.0346621,0.91345
10000,6,0.0343417,0.889219
10000,6,0.0344018,0.914182
10000,6,0.0342522,0.882505
10000,6,0.034268,0.918333
10000,6,0.034287,0.887815
10000,6,0.0342961,0.886777
10000,6,0.0343037,0.914244
10000,6,0.0343867,0.893064
10000,6,0.0343756,0.913816
10000,6,0.034267,0.88928
10000,6,0.0343115,0.882749
10000,6,0.0343031,0.887449
10000,6,0.0343044,0.886045
10000,6,0.0342495,0.88751
10000,6,0.034386,0.885679
10000,6,0.0343997,0.913816
10000,6,0.0347532,0.889524
10000,6,0.0344187,0.905333
10000,6,0.0342768,0.88873
10000,6,0.034267,0.889585
10000,6,0.034322,0.891477
10000,6,0.0343758,0.885313
10000,6,0.0343431,0.915708
10000,6,0.034272,0.882871
10000,6,0.0343794,0.915281
10000,6,0.0342802,0.890562
10000,6,0.0344129,0.88574
10000,6,0.0347665,0.885679
10000,6,0.0343509,0.918272
10000,6,0.0343783,0.886167
10000,6,0.0342605,0.914548
10000,6,0.034266,0.886595
10000,6,0.0343046,0.892026
10000,6,0.0342916,0.892698
10000,6,0.0343096,0.885374
10000,6,0.0344172,0.916318
10000,6,0.0343604,0.88751
10000,6,0.0342861,0.890073
10000,6,0.0342943,0.914854
10000,6,0.0343246,0.884397
10000,6,0.0342971,0.910093
10000,6,0.0342605,0.887632
10000,6,0.0343989,0.888303
10000,6,0.0344166,0.886899
10000,6,0.0347159,0.903135
10000,6,0.0343824,0.888609
10000,6,0.0342391,0.913755
10000,6,0.0342511,0.88812
10000,6,0.0343125,0.893186
10000,6,0.0343279,0.908567
10000,6,0.0343434,0.889219
10000,6,0.0343003,0.887144
10000,6,0.0344127,0.88989
10000,6,0.0343008,0.885862
10000,6,0.0344194,0.915159
10000,6,0.0346799,0.914548
10000,6,0.0343607,0.888731
10000,6,0.0343257,0.911557
10000,6,0.0342482,0.888731
10000,6,0.0342803,0.893369
10000,6,0.0343325,0.912474
10000,6,0.0342779,0.888181
10000,6,0.0342707,0.889097
10000,6,0.0344167,0.915891
10000,6,0.0343492,0.887876
10000,6,0.0343029,0.916685
10000,6,0.0343026,0.884824
10000,6,0.0342807,0.915037
10000,6,0.0342893,0.889158
10000,6,0.0343053,0.885862
10000,6,0.0343972,0.915037
10000,6,0.0343617,0.883603
10000,6,0.0346378,0.902159
10000,6,0.0344,0.888242
10000,6,0.0343278,0.917966
10000,6,0.034284,0.881041
10000,6,0.0343434,0.913632
10000,6,0.034369,0.893126
10000,6,0.0343491,0.883237
10000,6,0.0342775,0.889036
10000,6,0.0343639,0.888547
10000,6,0.0342643,0.915892
10000,6,0.0343917,0.880307
10000,6,0.0347528,0.914122
10000,6,0.0343804,0.890134
10000,6,0.0343713,0.885191
10000,6,0.0342534,0.890684
10000,6,0.0342976,0.91583
10000,6,0.0342945,0.886411
10000,6,0.0342993,0.898802
10000,6,0.0342675,0.90997
10000,6,0.034408,0.893797
10000,6,0.0343707,0.918699
10000,6,0.0342795,0.887693
10000,7,0.0294411,0.839781
10000,7,0.0293911,0.904477
10000,7,0.0294703,0.87866
10000,7,0.0294519,0.908872
10000,7,0.029831,0.896116
10000,7,0.029541,0.905271
10000,7,0.0294009,0.881163
10000,7,0.0294293,0.905149
10000,7,0.0294433,0.873166
10000,7,0.0294071,0.891905
10000,7,0.0294969,0.880918
10000,7,0.0294183,0.900144
10000,7,0.0294944,0.877134
10000,7,0.0293879,0.912351
10000,7,0.0295259,0.872068
10000,7,0.0297943,0.893736
10000,7,0.029453,0.905149
10000,7,0.0294359,0.864988
10000,7,0.0293911,0.911863
10000,7,0.0293872,0.871213
10000,7,0.0294086,0.898924
10000,7,0.0294311,0.8822
10000,7,0.0293793,0.904844
10000,7,0.0294746,0.86865
10000,7,0.0294462,0.90283
10000,7,0.0293542,0.864011
10000,7,0.0293884,0.882261
10000,7,0.0293998,0.892759
10000,7,0.0294029,0.925657
10000,7,0.029356,0.900449
10000,7,0.0294567,0.929258
10000,7,0.0294943,0.89105
10000,7,0.0298103,0.920774
10000,7,0.0294893,0.918271
10000,7,0.0294012,0.875731
10000,7,0.0293672,0.90582
10000,7,0.0294015,0.867307
10000,7,0.0294768,0.901853
10000,7,0.0294644,0.874571
10000,7,0.0294153,0.902341
10000,7,0.0295061,0.877806
10000,7,0.0293749,0.909421
10000,7,0.0294977,0.875914
10000,7,0.0297968,0.899778
10000,7,0.0294432,0.907346
10000,7,0.0294433,0.870847
10000,7,0.0293795,0.905943
10000,7,0.0294044,0.879819
10000,7,0.0294215,0.900022
10000,7,0.0294172,0.891478
10000,7,0.0294143,0.906736
10000,7,0.0294776,0.874997
10000,7,0.0294811,0.910337
10000,7,0.0293841,0.873716
10000,7,0.0293961,0.9046
10000,7,0.0293903,0.875486
10000,7,0.0294459,0.898008
10000,7,0.0294079,0.878843
10000,7,0.0294666,0.909055
10000,7,0.0294512,0.87097
10000,7,0.0297483,0.899595
10000,7,0.029508,0.908017
10000,7,0.0293892,0.877806
10000,7,0.0293701,0.907102
10000,7,0.0293772,0.866819
10000,7,0.0294715,0.907651
10000,7,0.0294703,0.875609
10000,7,0.029392,0.903501
10000,7,0.0295362,0.881223
10000,7,0.0293964,0.905393
10000,7,0.029479,0.878294
10000,7,0.0297177,0.896421
10000,7,0.0294484,0.902402
10000,7,0.0294593,0.877806
10000,7,0.0293828,0.906308
10000,7,0.0294285,0.878782
10000,7,0.0293837,0.904905
10000,7,0.0293807,0.876646
10000,7,0.0294442,0.911069
10000,7,0.0295141,0.869078
10000,7,0.0294354,0.90936
10000,7,0.0293639,0.879026
10000,7,0.0293948,0.907347
10000,7,0.0293904,0.871213
10000,7,0.0293988,0.905149
10000,7,0.0293512,0.877378
10000,7,0.02944,0.904844
10000,7,0.0294636,0.876829
10000,7,0.0297482,0.900572
10000,7,0.0295258,0.909604
10000,7,0.0293492,0.876219
10000,7,0.0293982,0.87518
10000,7,0.0293552,0.90399
10000,7,0.0294297,0.877988
10000,7,0.0294344,0.903868
10000,7,0.0293889,0.87219
10000,7,0.0295229,0.882627
10000,7,0.0294045,0.902952
10000,7,0.0294832,0.880796
10000,7,0.0297362,0.900388
10000,7,0.0294332,0.869444
10000,7,0.0294468,0.931943
10000,7,0.0293982,0.891417
10000,7,0.0294296,0.899229
10000,7,0.0294115,0.884336
10000,7,0.0293829,0.882749
10000,7,0.0294015,0.901548
10000,7,0.0294748,0.911008
10000,7,0.0294567,0.8822
10000,7,0.0293407,0.895628
10000,7,0.029439,0.933103
10000,7,0.0293811,0.918393
10000,7,0.0293806,0.889158
10000,7,0.0293817,0.904722
10000,7,0.0294707,0.87927
10000,7,0.0294477,0.909483
10000,7,0.0298229,0.896665
10000,7,0.0295432,0.877256
10000,7,0.0293797,0.907407
10000,7,0.0293972,0.874449
10000,7,0.0294175,0.902341
10000,7,0.0294391,0.877256
10000,7,0.0294405,0.879575
10000,7,0.0293969,0.881224
10000,7,0.0294924,0.879575
10000,7,0.0294268,0.878721
10000,7,0.0295015,0.907957
10000,7,0.029793,0.89874
10000,7,0.0294545,0.873777
10000,7,0.0294587,0.87274
10000,7,0.0293775,0.879209
10000,7,0.0293991,0.907957
10000,7,0.0293948,0.873532
10000,7,0.0293943,0.910948
10000,7,0.0293841,0.883909
10000,7,0.0294787,0.900815
10000,7,0.0294452,0.87628
10000,7,0.0293763,0.90405
10000,7,0.0294248,0.876768
10000,7,0.029407,0.900022
10000,7,0.0293796,0.877744
10000,7,0.0293823,0.908384
10000,7,0.029456,0.871092
10000,7,0.0294472,0.903867
10000,7,0.029679,0.898374
10000,7,0.0295238,0.87921
10000,7,0.0294062,0.906796
10000,7,0.0294151,0.877318
10000,7,0.0294022,0.902219
10000,7,0.0294912,0.87573
10000,7,0.0294696,0.906187
10000,7,0.0294159,0.875303
10000,7,0.0295127,0.907468
10000,7,0.0293962,0.883177
10000,7,0.029516,0.903684
10000,7,0.0298066,0.898679
10000,7,0.0294218,0.875242
10000,7,0.0294201,0.901914
10000,7,0.0293786,0.880308
10000,7,0.0293787,0.881101
10000,7,0.0293974,0.873044
10000,7,0.0293557,0.907713
10000,7,0.0294161,0.876951
10000,7,0.029476,0.905637
10000,7,0.0294966,0.875913
10000,7,0.0293738,0.910887
10000,7,0.0293877,0.877378
10000,7,0.0294174,0.902585
10000,7,0.0294368,0.877928
10000,7,0.029382,0.901609
10000,7,0.0294463,0.878172
10000,7,0.0294693,0.881956
10000,7,0.0298333,0.898984
10000,7,0.029535,0.902525
10000,7,0.0294039,0.882383
10000,7,0.02939,0.879636
10000,7,0.0293967,0.878416
10000,7,0.0294322,0.882932
10000,7,0.0294349,0.905943
10000,7,0.0293956,0.875547
10000,7,0.0294909,0.911252
10000,7,0.0293972,0.876219
10000,7,0.0295103,0.910947
10000,7,0.0297661,0.899534
10000,7,0.0294356,0.876951
10000,7,0.0294061,0.90228
10000,7,0.0293712,0.878477
10000,7,0.0293889,0.901731
10000,7,0.0294158,0.879331
10000,7,0.0293646,0.90753
10000,7,0.0293982,0.876401
10000,7,0.029482,0.900266
10000,7,0.0294304,0.880247
10000,7,0.0293554,0.874143
10000,7,0.0294233,0.907286
10000,7,0.0294065,0.903989
10000,7,0.0294038,0.877867
10000,7,0.0293631,0.906613
10000,7,0.0294711,0.879332
10000,7,0.0294643,0.905515
10000,7,0.0297849,0.900938
10000,7,0.0295209,0.87457
10000,7,0.0293957,0.911131
10000,7,0.0293929,0.874509
10000,7,0.0294202,0.901975
10000,7,0.0294765,0.875669
10000,7,0.0294373,0.91046
10000,7,0.0294111,0.872495
10000,7,0.0294677,0.90991
10000,7,0.0293793,0.884031
10000,7,0.0295195,0.910947
10000,7,0.0298084,0.904844
10000,7,0.0294321,0.875669
10000,7,0.0294568,0.904417
10000,7,0.0293455,0.878232
10000,7,0.0294147,0.91107
10000,7,0.0294232,0.871213
10000,7,0.0293789,0.906675
10000,7,0.0294078,0.876036
10000,7,0.0295138,0.905759
10000,7,0.0294529,0.875669
10000,7,0.0293896,0.90698
10000,7,0.029389,0.881162
10000,7,0.0293963,0.901426
10000,7,0.0294157,0.880613
10000,7,0.0293539,0.908262
10000,7,0.0294578,0.87396
10000,7,0.0294516,0.87512
10000,7,0.0297496,0.932188
10000,7,0.0295181,0.877134
10000,7,0.0294203,0.90344
10000,7,0.0293871,0.881345
10000,7,0.0293955,0.902159
10000,7,0.0294575,0.871152
10000,7,0.029472,0.907163
10000,7,0.029409,0.880308
10000,7,0.0294729,0.903806
10000,7,0.0293823,0.882078
10000,7,0.0295108,0.907102
10000,7,0.0297579,0.898191
10000,7,0.0294603,0.873777
10000,7,0.0294493,0.903685
10000,7,0.0293727,0.877439
10000,7,0.0294195,0.909238
10000,7,0.0294283,0.869993
10000,7,0.0293923,0.909422
10000,7,0.0293825,0.878049
10000,7,0.0295004,0.900938
10000,7,0.0294528,0.880552
10000,7,0.0294054,0.902219
10000,8,0.0257577,0.777342
10000,8,0.0258063,0.809995
10000,8,0.0257762,0.80023
10000,8,0.025824,0.808165
10000,8,0.0260822,0.808164
10000,8,0.0258235,0.805723
10000,8,0.0257246,0.806578
10000,8,0.0257681,0.807371
10000,8,0.0257673,0.810422
10000,8,0.025811,0.805479
10000,8,0.0258026,0.801085
10000,8,0.0257441,0.807004
10000,8,0.0258194,0.773741
10000,8,0.0257065,0.811094
10000,8,0.025836,0.801268
10000,8,0.0260762,0.809263
10000,8,0.0258017,0.77368
10000,8,0.0257918,0.80969
10000,8,0.0257335,0.80493
10000,8,0.0257322,0.807981
10000,8,0.0257659,0.814878
10000,8,0.0257227,0.809813
10000,8,0.0257464,0.801999
10000,8,0.0258036,0.772459
10000,8,0.0258253,0.77545
10000,8,0.0257322,0.777708
10000,8,0.0257459,0.805723
10000,8,0.0257512,0.805357
10000,8,0.0257581,0.807249
10000,8,0.025718,0.806761
10000,8,0.0257822,0.802244
10000,8,0.0257806,0.775022
10000,8,0.0261164,0.802305
10000,8,0.0258252,0.806212
10000,8,0.0257065,0.779112
10000,8,0.0257348,0.77429
10000,8,0.0257349,0.81146
10000,8,0.0257823,0.801817
10000,8,0.0258301,0.81555
10000,8,0.0257236,0.802976
10000,8,0.0258193,0.808348
10000,8,0.0257355,0.804991
10000,8,0.0258302,0.779294
10000,8,0.0260352,0.80316
10000,8,0.0257917,0.803281
10000,8,0.0258015,0.807188
10000,8,0.0257438,0.775877
10000,8,0.0257458,0.809935
10000,8,0.0257673,0.804441
10000,8,0.0257439,0.809934
10000,8,0.0257129,0.809264
10000,8,0.0258468,0.808042
10000,8,0.0258049,0.808714
10000,8,0.0257181,0.806394
10000,8,0.0257185,0.776487
10000,8,0.0257493,0.807554
10000,8,0.0257575,0.807066
10000,8,0.0257321,0.813353
10000,8,0.0257828,0.798826
10000,8,0.0258112,0.809507
10000,8,0.0260648,0.802793
10000,8,0.0257898,0.8114
10000,8,0.0257206,0.804868
10000,8,0.0257353,0.816648
10000,8,0.0257602,0.802977
10000,8,0.0257987,0.77429
10000,8,0.0258136,0.807432
10000,8,0.0257343,0.812071
10000,8,0.0258336,0.802122
10000,8,0.025733,0.807371
10000,8,0.025826,0.810483
10000,8,0.0260561,0.806395
10000,8,0.0257789,0.81323
10000,8,0.0257885,0.804441
10000,8,0.0257247,0.812193
10000,8,0.0257935,0.80261
10000,8,0.0257646,0.815123
10000,8,0.0257353,0.778196
10000,8,0.0257547,0.781065
10000,8,0.025836,0.806455
10000,8,0.0258102,0.805846
10000,8,0.0257594,0.810239
10000,8,0.0257708,0.807798
10000,8,0.0257434,0.801573
10000,8,0.0257684,0.811338
10000,8,0.0257273,0.774046
10000,8,0.025814,0.771666
10000,8,0.0257746,0.809446
10000,8,0.0259922,0.804441
10000,8,0.0257989,0.779234
10000,8,0.025735,0.777586
10000,8,0.0257255,0.813413
10000,8,0.0257399,0.810118
10000,8,0.0257637,0.802976
10000,8,0.0257762,0.80432
10000,8,0.0257335,0.779417
10000,8,0.0258023,0.80206
10000,8,0.02576,0.778075
10000,8,0.0258393,0.81146
10000,8,0.0260256,0.802854
10000,8,0.0258194,0.778013
10000,8,0.0257822,0.807432
10000,8,0.0257356,0.805785
10000,8,0.0257509,0.818784
10000,8,0.0257695,0.833128
10000,8,0.0257318,0.826841
10000,8,0.025764,0.827513
10000,8,0.0258487,0.826658
10000,8,0.0258115,0.803342
10000,8,0.0257035,0.833921
10000,8,0.0257359,0.823851
10000,8,0.0257486,0.831663
10000,8,0.0257505,0.837827
10000,8,0.0257168,0.831297
10000,8,0.0257742,0.821226
10000,8,0.0257866,0.828123
10000,8,0.0260155,0.825742
10000,8,0.0258259,0.827269
10000,8,0.0257423,0.800046
10000,8,0.025858,0.879636
10000,8,0.0257311,0.818967
10000,8,0.0257755,0.900022
10000,8,0.0258006,0.854734
10000,8,0.0258054,0.900877
10000,8,0.0258208,0.848631
10000,8,0.0257226,0.818784
10000,8,0.0258517,0.803648
10000,8,0.02603,0.816038
10000,8,0.0257885,0.831113
10000,8,0.0257806,0.826841
10000,8,0.0257191,0.798887
10000,8,0.0257581,0.822995
10000,8,0.025755,0.800597
10000,8,0.0257568,0.82977
10000,8,0.0257125,0.830076
10000,8,0.0258278,0.831114
10000,8,0.0258151,0.830137
10000,8,0.0257128,0.842954
10000,8,0.0257154,0.8244
10000,8,0.0257334,0.806089
10000,8,0.0257494,0.808408
10000,8,0.0257584,0.835692
10000,8,0.0257973,0.830564
10000,8,0.0257944,0.835508
10000,8,0.0260923,0.828123
10000,8,0.0258367,0.828367
10000,8,0.0257244,0.838316
10000,8,0.0257655,0.845579
10000,8,0.0257667,0.828794
10000,8,0.0258027,0.828245
10000,8,0.0258056,0.830991
10000,8,0.0257509,0.792906
10000,8,0.0258484,0.839048
10000,8,0.0257581,0.831724
10000,8,0.0258021,0.83972
10000,8,0.0260685,0.830503
10000,8,0.0257722,0.802428
10000,8,0.0257813,0.834836
10000,8,0.0257226,0.83441
10000,8,0.0257365,0.831357
10000,8,0.0257834,0.841856
10000,8,0.0257499,0.829222
10000,8,0.0257381,0.830137
10000,8,0.0258441,0.79669
10000,8,0.0258076,0.809935
10000,8,0.0257221,0.831358
10000,8,0.0257573,0.834592
10000,8,0.0257591,0.827879
10000,8,0.0257602,0.837583
10000,8,0.0257513,0.833067
10000,8,0.0258178,0.8244
10000,8,0.0258137,0.829709
10000,8,0.0260646,0.827452
10000,8,0.0258247,0.827085
10000,8,0.0256996,0.805357
10000,8,0.0257295,0.838987
10000,8,0.025757,0.820616
10000,8,0.0257949,0.809568
10000,8,0.0257695,0.808592
10000,8,0.0257555,0.803892
10000,8,0.0258146,0.80731
10000,8,0.0257967,0.811643
10000,8,0.0258277,0.806578
10000,8,0.0261388,0.805356
10000,8,0.0257713,0.805784
10000,8,0.0257839,0.809264
10000,8,0.0257134,0.809324
10000,8,0.0257604,0.779294
10000,8,0.0257667,0.780576
10000,8,0.0257393,0.805235
10000,8,0.0257477,0.878904
10000,8,0.0258343,0.914549
10000,8,0.0258107,0.924802
10000,8,0.0257534,0.961301
10000,8,0.0257136,0.858457
10000,8,0.0257598,0.777586
10000,8,0.0257255,0.776731
10000,8,0.025728,0.779111
10000,8,0.0257945,0.80731
10000,8,0.0257901,0.811217
10000,8,0.0261177,0.811521
10000,8,0.0258171,0.804624
10000,8,0.0257233,0.811888
10000,8,0.0257327,0.8067
10000,8,0.0257348,0.808164
10000,8,0.0257977,0.810606
10000,8,0.0257898,0.807981
10000,8,0.0257266,0.803343
10000,8,0.0258331,0.780515
10000,8,0.0257065,0.806761
10000,8,0.0258321,0.811277
10000,8,0.0260481,0.802244
10000,8,0.0257799,0.819273
10000,8,0.0257741,0.799742
10000,8,0.0257734,0.807127
10000,8,0.0257286,0.804319
10000,8,0.0257753,0.815183
10000,8,0.0257245,0.803831
10000,8,0.025757,0.776182
10000,8,0.025826,0.78021
10000,8,0.0258196,0.777281
10000,8,0.0257239,0.808409
10000,8,0.0257188,0.808836
10000,8,0.0257671,0.811887
10000,8,0.0257591,0.81085
10000,8,0.0257592,0.804258
10000,8,0.0258057,0.808592
10000,8,0.0258296,0.7749
10000,8,0.0260252,0.803587
10000,8,0.0258577,0.80676
10000,8,0.0257444,0.778624
10000,8,0.0257311,0.779905
10000,8,0.0257911,0.78021
10000,8,0.0257545,0.805418
10000,8,0.0257736,0.806211
10000,8,0.0257509,0.812315
10000,8,0.0258095,0.80316
10000,8,0.0257418,0.810545
10000,8,0.0258169,0.804319
10000,8,0.0260189,0.807249
10000,8,0.0257841,0.809019
10000,8,0.0258072,0.80731
10000,8,0.0257251,0.776914
10000,8,0.0257379,0.807493
10000,8,0.0257841,0.808714
10000,8,0.0257279,0.80438
10000,8,0.0257143,0.811399
10000,8,0.0258053,0.806395
10000,8,0.0258182,0.805906
10000,8,0.0257273,0.808531
10000,9,0.0264334,0.894834
10000,9,0.0228998,0.808958
10000,9,0.0229229,0.81323
10000,9,0.022962,0.80023
10000,9,0.0232082,0.806883
10000,9,0.0229789,0.771422
10000,9,0.0229127,0.811338
10000,9,0.0229048,0.770201
10000,9,0.0229236,0.811155
10000,9,0.0229693,0.793455
10000,9,0.0230025,0.809935
10000,9,0.0229232,0.806944
10000,9,0.0229786,0.798337
10000,9,0.0229137,0.80847
10000,9,0.0230004,0.805479
10000,9,0.0231553,0.803098
10000,9,0.0229153,0.801329
10000,9,0.0229412,0.811827
10000,9,0.0228902,0.774595
10000,9,0.022868,0.81262
10000,9,0.0229047,0.77429
10000,9,0.022919,0.777098
10000,9,0.0228998,0.775327
10000,9,0.0230047,0.839293
10000,9,0.0229532,0.812315
10000,9,0.0228819,0.813047
10000,9,0.0228821,0.80145
10000,9,0.0229126,0.802367
10000,9,0.0228859,0.813352
10000,9,0.0228854,0.80731
10000,9,0.0229582,0.797361
10000,9,0.0229576,0.810606
10000,9,0.0231954,0.806883
10000,9,0.0230075,0.804258
10000,9,0.0228806,0.805967
10000,9,0.0229101,0.812132
10000,9,0.0228981,0.806211
10000,9,0.0229416,0.79962
10000,9,0.0229378,0.805967
10000,9,0.0228975,0.809629
10000,9,0.0229642,0.807981
10000,9,0.0228948,0.774229
10000,9,0.0229664,0.842039
10000,9,0.0231788,0.805662
10000,9,0.0229434,0.80969
10000,9,0.022921,0.806516
10000,9,0.0228681,0.812254
10000,9,0.0228974,0.808348
10000,9,0.0229123,0.805173
10000,9,0.0228874,0.806517
10000,9,0.0229015,0.808103
10000,9,0.0229724,0.809507
10000,9,0.0229387,0.813536
10000,9,0.0228983,0.813963
10000,9,0.0228764,0.796751
10000,9,0.0229008,0.807126
10000,9,0.0228993,0.805296
10000,9,0.0228673,0.814329
10000,9,0.0229335,0.7973
10000,9,0.0229535,0.812987
10000,9,0.0231791,0.839414
10000,9,0.0229584,0.806639
10000,9,0.0229023,0.812986
10000,9,0.0228877,0.813779
10000,9,0.0228946,0.806944
10000,9,0.0229428,0.805967
10000,9,0.0229629,0.807066
10000,9,0.0229098,0.80908
10000,9,0.0229651,0.808409
10000,9,0.0228757,0.813474
10000,9,0.0229629,0.805479
10000,9,0.0232151,0.801878
10000,9,0.0229339,0.807615
10000,9,0.0229679,0.810606
10000,9,0.0228747,0.778746
10000,9,0.022914,0.778196
10000,9,0.02291,0.800047
10000,9,0.0228937,0.808103
10000,9,0.0228628,0.778685
10000,9,0.0230177,0.806699
10000,9,0.0229447,0.803648
10000,9,0.0228952,0.812864
10000,9,0.022875,0.807616
10000,9,0.0228852,0.801206
10000,9,0.022938,0.806639
10000,9,0.0228889,0.813169
10000,9,0.0229448,0.802
10000,9,0.0229478,0.81738
10000,9,0.0231658,0.797911
10000,9,0.0229987,0.810484
10000,9,0.0228873,0.808714
10000,9,0.0228722,0.815244
10000,9,0.0229045,0.806028
10000,9,0.0229271,0.805235
10000,9,0.0229287,0.809507
10000,9,0.0229197,0.818602
10000,9,0.0229361,0.773436
10000,9,0.0228797,0.779112
10000,9,0.0229502,0.776732
10000,9,0.0231645,0.801024
10000,9,0.0229742,0.808774
10000,9,0.0229465,0.819212
10000,9,0.0228816,0.828794
10000,9,0.0229226,0.808775
10000,9,0.0228921,0.804747
10000,9,0.0228942,0.802793
10000,9,0.0229029,0.811765
10000,9,0.0229824,0.810606
10000,9,0.0229712,0.812071
10000,9,0.0228935,0.807859
10000,9,0.022876,0.806395
10000,9,0.0229037,0.805662
10000,9,0.0228934,0.813474
10000,9,0.0228548,0.80615
10000,9,0.0229467,0.805357
10000,9,0.0229775,0.808165
10000,9,0.0231489,0.83679
10000,9,0.0230108,0.808103
10000,9,0.0229002,0.806028
10000,9,0.0229084,0.817686
10000,9,0.0229301,0.804258
10000,9,0.0229734,0.806578
10000,9,0.0229751,0.804563
10000,9,0.0228846,0.811216
10000,9,0.0229454,0.81024
10000,9,0.0229262,0.81378
10000,9,0.0229697,0.805662
10000,9,0.0231303,0.804075
10000,9,0.0229452,0.809446
10000,9,0.0229273,0.80792
10000,9,0.0229003,0.784849
10000,9,0.0228984,0.808287
10000,9,0.0229128,0.801695
10000,9,0.0228577,0.807249
10000,9,0.0229222,0.810972
10000,9,0.0229788,0.808469
10000,9,0.022932,0.81555
10000,9,0.0228601,0.80792
10000,9,0.0229228,0.803526
10000,9,0.022932,0.80792
10000,9,0.0229055,0.805968
10000,9,0.0228703,0.812559
10000,9,0.0229579,0.806516
10000,9,0.0229608,0.806028
10000,9,0.02319,0.805418
10000,9,0.0230204,0.813719
10000,9,0.0228664,0.804441
10000,9,0.0228949,0.813352
10000,9,0.0229639,0.840452
10000,9,0.0229294,0.803709
10000,9,0.0229477,0.808958
10000,9,0.0229052,0.813047
10000,9,0.0229725,0.802244
10000,9,0.0229021,0.809752
10000,9,0.0229742,0.809263
10000,9,0.0232428,0.811887
10000,9,0.0229425,0.800169
10000,9,0.022965,0.80963
10000,9,0.0228748,0.814023
10000,9,0.0228877,0.80963
10000,9,0.0228869,0.803892
10000,9,0.0228992,0.808225
10000,9,0.0228722,0.811338
10000,9,0.0229766,0.813353
10000,9,0.0229692,0.806943
10000,9,0.0229046,0.811217
10000,9,0.0229047,0.768431
10000,9,0.0229207,0.805418
10000,9,0.0229195,0.813475
10000,9,0.022898,0.807981
10000,9,0.0229368,0.803099
10000,9,0.0229409,0.810544
10000,9,0.0232113,0.808104
10000,9,0.0229928,0.810789
10000,9,0.0229056,0.805113
10000,9,0.022886,0.813535
10000,9,0.0228927,0.813475
10000,9,0.0229305,0.802488
10000,9,0.0229515,0.808225
10000,9,0.0229156,0.81201
10000,9,0.0229703,0.808897
10000,9,0.0228737,0.776121
10000,9,0.0229595,0.843381
10000,9,0.0231798,0.809691
10000,9,0.0229075,0.806211
10000,9,0.0229328,0.809202
10000,9,0.0228727,0.813902
10000,9,0.0228946,0.806943
10000,9,0.0229095,0.809691
10000,9,0.022908,0.809446
10000,9,0.0228999,0.811033
10000,9,0.0229765,0.80731
10000,9,0.0229615,0.816282
10000,9,0.0228705,0.810118
10000,9,0.0228908,0.810727
10000,9,0.0229557,0.808043
10000,9,0.022892,0.809446
10000,9,0.0228775,0.814329
10000,9,0.0229546,0.804319
10000,9,0.0229368,0.810911
10000,9,0.0231339,0.79669
10000,9,0.0229625,0.809691
10000,9,0.0229004,0.774778
10000,9,0.0229283,0.808408
10000,9,0.0228901,0.810179
10000,9,0.0229424,0.805784
10000,9,0.0229291,0.81085
10000,9,0.0229026,0.812376
10000,9,0.0229649,0.809263
10000,9,0.0229115,0.8067
10000,9,0.0230031,0.815305
10000,9,0.023197,0.796507
10000,9,0.0229435,0.813169
10000,9,0.0229108,0.803404
10000,9,0.0229247,0.819089
10000,9,0.0228904,0.808775
10000,9,0.0229157,0.801939
10000,9,0.0228908,0.812559
10000,9,0.0228658,0.779112
10000,9,0.0229454,0.809202
10000,9,0.022935,0.777403
10000,9,0.0229092,0.775633
10000,9,0.0228772,0.772887
10000,9,0.0228767,0.769407
10000,9,0.0228782,0.806395
10000,9,0.022867,0.775633
10000,9,0.0229183,0.767515
10000,9,0.0229724,0.811094
10000,9,0.0231415,0.801634
10000,9,0.0229908,0.807981
10000,9,0.0229083,0.810484
10000,9,0.0229053,0.81793
10000,9,0.0229121,0.807493
10000,9,0.0229479,0.800963
10000,9,0.0229434,0.809202
10000,9,0.0229153,0.813413
10000,9,0.0229564,0.80377
10000,9,0.0229006,0.81024
10000,9,0.0229327,0.809263
10000,9,0.0232078,0.840635
10000,9,0.0229573,0.807371
10000,9,0.0229339,0.811887
10000,9,0.0228729,0.808531
10000,9,0.0229172,0.81085
10000,9,0.0229009,0.808347
10000,9,0.0228995,0.807432
10000,9,0.0228788,0.807677
10000,9,0.0230223,0.816343
10000,9,0.0229827,0.81439
10000,9,0.0228903,0.805906
10000,10,0.0240685,0.809996
10000,10,0.0206576,0.722105
10000,10,0.020665,0.757688
10000,10,0.0206799,0.764708
10000,10,0.0209107,0.750242
10000,10,0.0207193,0.759886
10000,10,0.0205926,0.753721
10000,10,0.0206006,0.724058
10000,10,0.0206145,0.757261
10000,10,0.0206281,0.757201
10000,10,0.0206547,0.726499
10000,10,0.0206206,0.721189
10000,10,0.0206586,0.757017
10000,10,0.0206033,0.760497
10000,10,0.0206481,0.716184
10000,10,0.0208673,0.753172
10000,10,0.0206512,0.760923
10000,10,0.0206326,0.754393
10000,10,0.0205955,0.760252
10000,10,0.0205828,0.727354
10000,10,0.0206183,0.756712
10000,10,0.0206048,0.75305
10000,10,0.0206,0.718992
10000,10,0.0206629,0.723875
10000,10,0.0206777,0.760313
10000,10,0.0206153,0.75836
10000,10,0.0206155,0.717711
10000,10,0.0205955,0.717527
10000,10,0.0206165,0.761473
10000,10,0.0205818,0.757872
10000,10,0.0206434,0.721922
10000,10,0.020647,0.727659
10000,10,0.0208933,0.760863
10000,10,0.0206835,0.761045
10000,10,0.0206103,0.756163
10000,10,0.0206178,0.719907
10000,10,0.0206357,0.724058
10000,10,0.0206484,0.758604
10000,10,0.0206325,0.764402
10000,10,0.0206063,0.750975
10000,10,0.0206625,0.72827
10000,10,0.0206071,0.755796
10000,10,0.0206813,0.760374
10000,10,0.0208737,0.753904
10000,10,0.0206526,0.721922
10000,10,0.0206271,0.722105
10000,10,0.0205786,0.756162
10000,10,0.0205843,0.720824
10000,10,0.0206421,0.722289
10000,10,0.0205982,0.722349
10000,10,0.0205886,0.759886
10000,10,0.0206691,0.767759
10000,10,0.0206828,0.723448
10000,10,0.0206164,0.779173
10000,10,0.0205892,0.74542
10000,10,0.0205861,0.721556
10000,10,0.0205884,0.724729
10000,10,0.0206012,0.755919
10000,10,0.0206959,0.768308
10000,10,0.0206191,0.755003
10000,10,0.0208892,0.718871
10000,10,0.0206777,0.736326
10000,10,0.0206257,0.751402
10000,10,0.0206207,0.76782
10000,10,0.02062,0.749327
10000,10,0.0206409,0.728208
10000,10,0.0206689,0.755614
10000,10,0.0206003,0.759092
10000,10,0.0206551,0.757078
10000,10,0.0206173,0.72241
10000,10,0.020662,0.757078
10000,10,0.0208481,0.76129
10000,10,0.0206466,0.755857
10000,10,0.0206609,0.723326
10000,10,0.0205783,0.740171
10000,10,0.020614,0.763731
10000,10,0.0206257,0.763731
10000,10,0.0206058,0.717894
10000,10,0.0206044,0.719908
10000,10,0.0206694,0.774595
10000,10,0.0206523,0.757932
10000,10,0.0205969,0.733336
10000,10,0.0206036,0.756468
10000,10,0.0206071,0.762327
10000,10,0.0206084,0.756468
10000,10,0.0206081,0.728575
10000,10,0.0206379,0.750852
10000,10,0.0206546,0.767332
10000,10,0.0208897,0.751219
10000,10,0.0207128,0.774778
10000,10,0.0205828,0.721983
10000,10,0.0206395,0.753477
10000,10,0.0206232,0.757811
10000,10,0.0206271,0.727842
10000,10,0.0206369,0.722472
10000,10,0.0206286,0.778196
10000,10,0.0206701,0.745787
10000,10,0.0206102,0.760252
10000,10,0.0206746,0.719663
10000,10,0.0209076,0.752623
10000,10,0.0206514,0.763609
10000,10,0.0206347,0.753111
10000,10,0.0205794,0.760862
10000,10,0.0205876,0.720335
10000,10,0.0206424,0.76251
10000,10,0.020628,0.755919
10000,10,0.0205914,0.754209
10000,10,0.0206853,0.73535
10000,10,0.0206379,0.759825
10000,10,0.0205879,0.7702
10000,10,0.0206091,0.754271
10000,10,0.0206073,0.723814
10000,10,0.0206158,0.758421
10000,10,0.0205649,0.759947
10000,10,0.0206593,0.719358
10000,10,0.020641,0.764158
10000,10,0.0208249,0.759581
10000,10,0.0206701,0.770628
10000,10,0.020582,0.752622
10000,10,0.0205855,0.724181
10000,10,0.0206176,0.756712
10000,10,0.0206472,0.76312
10000,10,0.0206628,0.76129
10000,10,0.0206242,0.730161
10000,10,0.0206352,0.758665
10000,10,0.0206024,0.765379
10000,10,0.0206671,0.716795
10000,10,0.0208359,0.725706
10000,10,0.0206576,0.722288
10000,10,0.0206464,0.759885
10000,10,0.0206096,0.762633
10000,10,0.0205851,0.72125
10000,10,0.0206212,0.762022
10000,10,0.0206104,0.751829
10000,10,0.0206059,0.725279
10000,10,0.0206792,0.727903
10000,10,0.0206696,0.763548
10000,10,0.0206046,0.772703
10000,10,0.0205958,0.751219
10000,10,0.0206461,0.726744
10000,10,0.0206252,0.752683
10000,10,0.0206058,0.766112
10000,10,0.0206356,0.762571
10000,10,0.0206319,0.7348
10000,10,0.0209091,0.756041
10000,10,0.0207123,0.767332
10000,10,0.0206004,0.761106
10000,10,0.0205835,0.756346
10000,10,0.0206375,0.721678
10000,10,0.0206318,0.758054
10000,10,0.0206393,0.762328
10000,10,0.0205977,0.723814
10000,10,0.0206716,0.716002
10000,10,0.0206182,0.763242
10000,10,0.0206725,0.758421
10000,10,0.0208769,0.757262
10000,10,0.02064,0.757139
10000,10,0.0206299,0.723142
10000,10,0.0205949,0.760741
10000,10,0.0205791,0.757749
10000,10,0.0206267,0.757628
10000,10,0.0205871,0.723692
10000,10,0.0205978,0.758604
10000,10,0.0206698,0.768125
10000,10,0.020658,0.725401
10000,10,0.0206211,0.766111
10000,10,0.0206065,0.760863
10000,10,0.0206003,0.757139
10000,10,0.0205966,0.722288
10000,10,0.02062,0.771666
10000,10,0.0206376,0.745603
10000,10,0.0206358,0.773131
10000,10,0.0208628,0.753599
10000,10,0.0206838,0.730955
10000,10,0.0205973,0.760191
10000,10,0.0206017,0.768308
10000,10,0.0206361,0.75836
10000,10,0.0206782,0.723326
10000,10,0.0206609,0.76074
10000,10,0.0206146,0.731322
10000,10,0.0206722,0.745847
10000,10,0.020609,0.725218
10000,10,0.0206405,0.758971
10000,10,0.0208594,0.754575
10000,10,0.0206556,0.763121
10000,10,0.0206263,0.754637
10000,10,0.0206136,0.731321
10000,10,0.0205905,0.760008
10000,10,0.0206195,0.758238
10000,10,0.020605,0.717527
10000,10,0.0206112,0.756773
10000,10,0.0206987,0.775389
10000,10,0.0206494,0.759153
10000,10,0.0205918,0.763609
10000,10,0.020623,0.723936
10000,10,0.0206072,0.759336
10000,10,0.0206004,0.754515
10000,10,0.0205944,0.725767
10000,10,0.0206527,0.757994
10000,10,0.0206688,0.768797
10000,10,0.0209026,0.760862
10000,10,0.0206582,0.760618
10000,10,0.020633,0.723753
10000,10,0.0206063,0.734373
10000,10,0.0206293,0.755858
10000,10,0.0206604,0.765928
10000,10,0.0206383,0.75543
10000,10,0.0206204,0.730162
10000,10,0.0207065,0.759886
10000,10,0.020612,0.761594
10000,10,0.0206524,0.719054
10000,10,0.020886,0.720152
10000,10,0.0206411,0.722166
10000,10,0.0206302,0.758482
10000,10,0.02059,0.758665
10000,10,0.0205901,0.727049
10000,10,0.0206189,0.759702
10000,10,0.0206153,0.749632
10000,10,0.0205852,0.755614
10000,10,0.0206838,0.734373
10000,10,0.0206868,0.762449
10000,10,0.0206041,0.763181
10000,10,0.0205878,0.760252
10000,10,0.0206399,0.721312
10000,10,0.0206485,0.722654
10000,10,0.0206036,0.760862
10000,10,0.0206568,0.766722
10000,10,0.0206539,0.737242
10000,10,0.0208874,0.757383
10000,10,0.0206925,0.766905
10000,10,0.0206146,0.754881
10000,10,0.0206087,0.759947
10000,10,0.0206164,0.721616
10000,10,0.0206389,0.725157
10000,10,0.0206487,0.760557
10000,10,0.0206126,0.765562
10000,10,0.0206613,0.720519
10000,10,0.0206598,0.726927
10000,10,0.0206723,0.756773
10000,10,0.0208687,0.756468
10000,10,0.0206319,0.758421
10000,10,0.0206216,0.723936
10000,10,0.0206131,0.763548
10000,10,0.020625,0.760679
10000,10,0.0206055,0.759397
10000,10,0.0205957,0.715636
10000,10,0.0205912,0.757383
10000,10,0.0206479,0.778807
10000,10,0.0206833,0.754636
10000,10,0.0206063,0.732848
10000,11,0.0187976,0.7301
10000,11,0.0187347,0.706847
10000,11,0.0188003,0.715453
10000,11,0.0188576,0.717345
10000,11,0.0191081,0.782957
10000,11,0.0187977,0.707884
10000,11,0.0187659,0.713194
10000,11,0.0187712,0.71301
10000,11,0.0187743,0.748412
10000,11,0.0187744,0.744138
10000,11,0.0188079,0.75598
10000,11,0.018744,0.744444
10000,11,0.0188081,0.754575
10000,11,0.0187555,0.753783
10000,11,0.0188249,0.751157
10000,11,0.0190404,0.742247
10000,11,0.018781,0.715025
10000,11,0.018795,0.705992
10000,11,0.0187517,0.709532
10000,11,0.0187602,0.751402
10000,11,0.0187447,0.752012
10000,11,0.0187571,0.753904
10000,11,0.0187539,0.743834
10000,11,0.0188246,0.753355
10000,11,0.0187938,0.748533
10000,11,0.0187782,0.752256
10000,11,0.0187415,0.714415
10000,11,0.0187686,0.712035
10000,11,0.0187672,0.756651
10000,11,0.0187222,0.741025
10000,11,0.0187966,0.754881
10000,11,0.0188157,0.751646
10000,11,0.0190287,0.743712
10000,11,0.018833,0.74188
10000,11,0.0187505,0.754637
10000,11,0.0187765,0.751219
10000,11,0.0187552,0.74127
10000,11,0.0187782,0.710875
10000,11,0.0187879,0.71588
10000,11,0.0187381,0.744138
10000,11,0.0187933,0.7536
10000,11,0.0187482,0.760007
10000,11,0.0188323,0.745299
10000,11,0.0189844,0.743955
10000,11,0.0187761,0.755858
10000,11,0.0187978,0.753233
10000,11,0.0187369,0.743894
10000,11,0.0187433,0.756163
10000,11,0.0187442,0.717833
10000,11,0.0187431,0.711851
10000,11,0.0187434,0.749693
10000,11,0.0188379,0.752012
10000,11,0.018794,0.754881
10000,11,0.018768,0.744383
10000,11,0.0187443,0.752378
10000,11,0.0187664,0.756285
10000,11,0.018745,0.709532
10000,11,0.0187603,0.706847
10000,11,0.018783,0.749693
10000,11,0.0188034,0.760679
10000,11,0.0189754,0.731565
10000,11,0.0188097,0.753294
10000,11,0.0187554,0.749449
10000,11,0.0187673,0.754088
10000,11,0.0187788,0.743284
10000,11,0.0187851,0.74835
10000,11,0.0187951,0.756407
10000,11,0.0187466,0.705137
10000,11,0.0188308,0.711058
10000,11,0.0187375,0.714415
10000,11,0.0188309,0.755064
10000,11,0.0189937,0.759398
10000,11,0.0187553,0.729308
10000,11,0.0188015,0.764585
10000,11,0.0187388,0.769896
10000,11,0.0187505,0.760435
10000,11,0.0187645,0.765195
10000,11,0.0187484,0.742247
10000,11,0.0187378,0.73004
10000,11,0.0188557,0.776548
10000,11,0.0188074,0.710814
10000,11,0.0187393,0.767271
10000,11,0.0187352,0.772153
10000,11,0.018755,0.757994
10000,11,0.0187455,0.749571
10000,11,0.0187299,0.726255
10000,11,0.0187768,0.789549
10000,11,0.0187883,0.728209
10000,11,0.0189653,0.734495
10000,11,0.0187971,0.71356
10000,11,0.0187492,0.751463
10000,11,0.018769,0.76135
10000,11,0.018755,0.750487
10000,11,0.01878,0.748777
10000,11,0.0188107,0.753844
10000,11,0.0187875,0.749448
10000,11,0.0188037,0.747496
10000,11,0.0187402,0.723265
10000,11,0.0188618,0.747984
10000,11,0.0189793,0.741697
10000,11,0.0188046,0.710692
10000,11,0.0187995,0.710142
10000,11,0.0187615,0.713011
10000,11,0.018763,0.760007
10000,11,0.0187547,0.743773
10000,11,0.0187402,0.75189
10000,11,0.0187543,0.749388
10000,11,0.0188784,0.756773
10000,11,0.0187969,0.742552
10000,11,0.0187546,0.753904
10000,11,0.0187652,0.728636
10000,11,0.0187545,0.745908
10000,11,0.0187419,0.748778
10000,11,0.0187475,0.743894
10000,11,0.018779,0.755003
10000,11,0.0187964,0.750304
10000,11,0.0189455,0.738645
10000,11,0.0188078,0.749144
10000,11,0.0187395,0.755491
10000,11,0.0187572,0.752561
10000,11,0.0187563,0.703063
10000,11,0.0187909,0.751707
10000,11,0.0187944,0.750547
10000,11,0.0187619,0.753965
10000,11,0.0188101,0.750731
10000,11,0.0187446,0.763975
10000,11,0.018817,0.745848
10000,11,0.0189849,0.736204
10000,11,0.0187696,0.753294
10000,11,0.0187987,0.748289
10000,11,0.0187366,0.750486
10000,11,0.0187696,0.718199
10000,11,0.0187764,0.749754
10000,11,0.0187516,0.747862
10000,11,0.0187457,0.752073
10000,11,0.0188253,0.749571
10000,11,0.0188164,0.75775
10000,11,0.0187809,0.753049
10000,11,0.0187729,0.744261
10000,11,0.0187643,0.720885
10000,11,0.0187397,0.706236
10000,11,0.0187197,0.746641
10000,11,0.0188036,0.755918
10000,11,0.0187983,0.751646
10000,11,0.0189546,0.738585
10000,11,0.0188367,0.751341
10000,11,0.0187487,0.755491
10000,11,0.0187627,0.760008
10000,11,0.0187498,0.739622
10000,11,0.0187724,0.751585
10000,11,0.0187849,0.716307
10000,11,0.018788,0.708677
10000,11,0.0187983,0.751585
10000,11,0.0187511,0.751341
10000,11,0.0188061,0.75482
10000,11,0.0190249,0.739561
10000,11,0.0188014,0.752256
10000,11,0.0188202,0.751219
10000,11,0.0187528,0.746397
10000,11,0.0187738,0.754698
10000,11,0.0187747,0.753355
10000,11,0.018748,0.749143
10000,11,0.0187325,0.708678
10000,11,0.01882,0.714659
10000,11,0.0188178,0.712706
10000,11,0.0187377,0.755796
10000,11,0.01874,0.749388
10000,11,0.0187433,0.753965
10000,11,0.0187449,0.750792
10000,11,0.0187231,0.75311
10000,11,0.0188244,0.705077
10000,11,0.0188085,0.716673
10000,11,0.0189534,0.703795
10000,11,0.0188457,0.714659
10000,11,0.0187577,0.722288
10000,11,0.018765,0.755979
10000,11,0.0187502,0.748289
10000,11,0.0187996,0.743407
10000,11,0.0187905,0.761045
10000,11,0.0187628,0.75305
10000,11,0.0188132,0.755613
10000,11,0.0187584,0.750303
10000,11,0.0188721,0.753355
10000,11,0.018966,0.744566
10000,11,0.0187775,0.747801
10000,11,0.0187955,0.712401
10000,11,0.0187811,0.751829
10000,11,0.0187536,0.755735
10000,11,0.0187733,0.752074
10000,11,0.0187604,0.751768
10000,11,0.0187588,0.755003
10000,11,0.0188359,0.752683
10000,11,0.0187965,0.744749
10000,11,0.0187688,0.754332
10000,11,0.0187805,0.717283
10000,11,0.0187634,0.719359
10000,11,0.0187411,0.752256
10000,11,0.0187156,0.749815
10000,11,0.0188054,0.74658
10000,11,0.0188092,0.760313
10000,11,0.0190026,0.740477
10000,11,0.0188195,0.749632
10000,11,0.0187517,0.757566
10000,11,0.0187756,0.749876
10000,11,0.0187591,0.744627
10000,11,0.0187879,0.749022
10000,11,0.018826,0.71948
10000,11,0.0187652,0.749022
10000,11,0.0188317,0.748655
10000,11,0.0187645,0.758055
10000,11,0.0188081,0.750975
10000,11,0.0190009,0.742673
10000,11,0.0187705,0.750609
10000,11,0.018814,0.76074
10000,11,0.0187585,0.744139
10000,11,0.0187668,0.757078
10000,11,0.0187721,0.752134
10000,11,0.0187485,0.715636
10000,11,0.018757,0.751768
10000,11,0.0188394,0.751463
10000,11,0.0188011,0.747739
10000,11,0.0187266,0.753294
10000,11,0.0187525,0.753416
10000,11,0.0187498,0.755797
10000,11,0.0187591,0.753294
10000,11,0.0187363,0.748533
10000,11,0.0187946,0.718748
10000,11,0.018801,0.752928
10000,11,0.018973,0.74066
10000,11,0.0188245,0.713438
10000,11,0.018739,0.724425
10000,11,0.0187547,0.759885
10000,11,0.0187481,0.750609
10000,11,0.0187737,0.750303
10000,11,0.0187772,0.752745
10000,11,0.0187604,0.754087
10000,11,0.0187927,0.765806
10000,11,0.0187457,0.738951
10000,11,0.0188097,0.806639
10000,11,0.0190014,0.823118
10000,11,0.0188541,0.829892
10000,11,0.0187945,0.822325
10000,11,0.0187763,0.834165
10000,11,0.0187468,0.824217
10000,11,0.018775,0.832639
10000,11,0.0187455,0.825194
10000,11,0.0187501,0.832944
10000,11,0.0188231,0.825499
10000,11,0.0188085,0.789609
10000,11,0.0187623,0.791502
10000,12,0.0172588,0.728208
10000,12,0.0171782,0.769225
10000,12,0.0172494,0.753599
10000,12,0.0172939,0.759764
10000,12,0.0174148,0.795591
10000,12,0.0172577,0.754149
10000,12,0.0172058,0.753965
10000,12,0.0171968,0.808836
10000,12,0.0171938,0.75604
10000,12,0.0172533,0.769102
10000,12,0.0172368,0.814818
10000,12,0.0171851,0.766599
10000,12,0.0172536,0.801451
10000,12,0.0171833,0.741087
10000,12,0.0172656,0.750059
10000,12,0.0173928,0.774168
10000,12,0.0172368,0.727598
10000,12,0.0172245,0.747801
10000,12,0.0172006,0.833433
10000,12,0.0172225,0.759947
10000,12,0.0172531,0.753294
10000,12,0.0172004,0.836484
10000,12,0.0171875,0.780638
10000,12,0.0172495,0.791319
10000,12,0.0172318,0.830076
10000,12,0.0171751,0.785276
10000,12,0.01725,0.783567
10000,12,0.0172057,0.791624
10000,12,0.0172029,0.790953
10000,12,0.0171996,0.762388
10000,12,0.0172319,0.712584
10000,12,0.0172195,0.785887
10000,12,0.0174203,0.824888
10000,12,0.017247,0.737608
10000,12,0.0171783,0.744077
10000,12,0.0171783,0.802672
10000,12,0.017205,0.773008
10000,12,0.0172566,0.769712
10000,12,0.0172248,0.775023
10000,12,0.0171929,0.748716
10000,12,0.017252,0.730223
10000,12,0.0171774,0.779173
10000,12,0.0172749,0.782041
10000,12,0.0174276,0.812925
10000,12,0.017238,0.758177
10000,12,0.0172525,0.77667
10000,12,0.0171785,0.78961
10000,12,0.0172173,0.789854
10000,12,0.0172414,0.782591
10000,12,0.0172089,0.780149
10000,12,0.0171961,0.789183
10000,12,0.0172365,0.780943
10000,12,0.0172485,0.836423
10000,12,0.0171773,0.793883
10000,12,0.0172101,0.771909
10000,12,0.0172273,0.826109
10000,12,0.0172054,0.761228
10000,12,0.0171752,0.773497
10000,12,0.0172442,0.760923
10000,12,0.0172386,0.753172
10000,12,0.0174318,0.772215
10000,12,0.0172515,0.762083
10000,12,0.0171917,0.765624
10000,12,0.0171934,0.777585
10000,12,0.0171839,0.75366
10000,12,0.0172174,0.759825
10000,12,0.0172409,0.765135
10000,12,0.0172066,0.756895
10000,12,0.0172455,0.762144
10000,12,0.017203,0.766966
10000,12,0.0172648,0.759154
10000,12,0.0174476,0.755125
10000,12,0.0172266,0.76129
10000,12,0.0172111,0.756895
10000,12,0.0172021,0.765745
10000,12,0.0171929,0.805479
10000,12,0.0172062,0.756101
10000,12,0.017187,0.7619
10000,12,0.0172062,0.792295
10000,12,0.0172368,0.763792
10000,12,0.0172451,0.758849
10000,12,0.0171966,0.805723
10000,12,0.0172039,0.766355
10000,12,0.0171942,0.769957
10000,12,0.0172029,0.818662
10000,12,0.0172058,0.756163
10000,12,0.0172397,0.744627
10000,12,0.0172266,0.78552
10000,12,0.0174102,0.726622
10000,12,0.0172496,0.7301
10000,12,0.0172046,0.768797
10000,12,0.0172126,0.784971
10000,12,0.0172046,0.756651
10000,12,0.0172436,0.771727
10000,12,0.0172516,0.782224
10000,12,0.0171933,0.83679
10000,12,0.0172653,0.785582
10000,12,0.0172152,0.799741
10000,12,0.0172667,0.827147
10000,12,0.0174257,0.788572
10000,12,0.0172118,0.838316
10000,12,0.0172437,0.785398
10000,12,0.0171697,0.745726
10000,12,0.0171804,0.715574
10000,12,0.017247,0.774656
10000,12,0.0171924,0.803465
10000,12,0.0171906,0.824888
10000,12,0.0172694,0.773069
10000,12,0.0172515,0.775816
10000,12,0.017188,0.773497
10000,12,0.0171834,0.73535
10000,12,0.0172495,0.753965
10000,12,0.0171701,0.778563
10000,12,0.0171794,0.740964
10000,12,0.0172297,0.775572
10000,12,0.017244,0.773863
10000,12,0.0174389,0.755492
10000,12,0.0172963,0.761411
10000,12,0.0171871,0.789122
10000,12,0.0171982,0.79498
10000,12,0.0172028,0.777342
10000,12,0.017225,0.784605
10000,12,0.0172563,0.781553
10000,12,0.0171957,0.833372
10000,12,0.0172272,0.792783
10000,12,0.0172034,0.787779
10000,12,0.0172521,0.823545
10000,12,0.017427,0.763731
10000,12,0.0172564,0.812803
10000,12,0.0172455,0.771117
10000,12,0.017188,0.785154
10000,12,0.017231,0.776487
10000,12,0.0171937,0.75958
10000,12,0.0171962,0.770323
10000,12,0.0172499,0.763304
10000,12,0.017274,0.754576
10000,12,0.0172148,0.762327
10000,12,0.0171838,0.804563
10000,12,0.0172087,0.755369
10000,12,0.0172011,0.762572
10000,12,0.0171941,0.760801
10000,12,0.0172057,0.762694
10000,12,0.0172293,0.750791
10000,12,0.0172521,0.772276
10000,12,0.0174275,0.751951
10000,12,0.017272,0.749815
10000,12,0.0172195,0.765623
10000,12,0.017195,0.758971
10000,12,0.017195,0.761289
10000,12,0.017271,0.809996
10000,12,0.0172299,0.769956
10000,12,0.0172379,0.817808
10000,12,0.0172448,0.749693
10000,12,0.0171891,0.764463
10000,12,0.0172558,0.733519
10000,12,0.0174842,0.771177
10000,12,0.0172357,0.768004
10000,12,0.0172478,0.82269
10000,12,0.0171926,0.769957
10000,12,0.0171975,0.766294
10000,12,0.0171773,0.789792
10000,12,0.0171676,0.776793
10000,12,0.0171929,0.793394
10000,12,0.017285,0.804319
10000,12,0.0172431,0.781371
10000,12,0.0171869,0.783506
10000,12,0.0171809,0.834592
10000,12,0.0172049,0.788756
10000,12,0.0172074,0.762327
10000,12,0.017189,0.760862
10000,12,0.0172549,0.786863
10000,12,0.0172209,0.788023
10000,12,0.0174265,0.818602
10000,12,0.0172369,0.755003
10000,12,0.0171806,0.803892
10000,12,0.0171904,0.774534
10000,12,0.017202,0.755369
10000,12,0.017231,0.759092
10000,12,0.0172263,0.760313
10000,12,0.0171963,0.770201
10000,12,0.0172453,0.792967
10000,12,0.0171888,0.697874
10000,12,0.0172718,0.69702
10000,12,0.0174304,0.726621
10000,12,0.0172245,0.700682
10000,12,0.0172276,0.68817
10000,12,0.0171963,0.737913
10000,12,0.0171889,0.695921
10000,12,0.0172115,0.69171
10000,12,0.0171931,0.734251
10000,12,0.0172113,0.696775
10000,12,0.0172587,0.696226
10000,12,0.0172557,0.734679
10000,12,0.017195,0.69293
10000,12,0.0171907,0.688292
10000,12,0.0171734,0.740782
10000,12,0.0172054,0.689817
10000,12,0.0171819,0.699705
10000,12,0.0172785,0.731932
10000,12,0.0172273,0.698179
10000,12,0.0174261,0.686461
10000,12,0.0172322,0.685484
10000,12,0.0171636,0.698789
10000,12,0.0172057,0.697203
10000,12,0.0171977,0.721251
10000,12,0.0172316,0.699949
10000,12,0.0172519,0.727171
10000,12,0.0171963,0.698973
10000,12,0.0172481,0.691893
10000,12,0.0171946,0.688536
10000,12,0.0172665,0.695738
10000,12,0.0173733,0.682859
10000,12,0.0172179,0.723875
10000,12,0.0172355,0.699034
10000,12,0.0171703,0.69641
10000,12,0.0171824,0.734678
10000,12,0.017208,0.69
10000,12,0.0171792,0.687865
10000,12,0.0172063,0.689695
10000,12,0.0172506,0.69464
10000,12,0.0172104,0.691892
10000,12,0.0171705,0.728026
10000,12,0.0171679,0.69763
10000,12,0.0171841,0.697019
10000,12,0.0172003,0.698973
10000,12,0.0171957,0.733092
10000,12,0.0172375,0.696043
10000,12,0.0172148,0.69647
10000,12,0.0174349,0.689146
10000,12,0.0172514,0.693235
10000,12,0.0171641,0.736632
10000,12,0.017181,0.695494
10000,12,0.0171849,0.688169
10000,12,0.0172149,0.693663
10000,12,0.0172139,0.688536
10000,12,0.0171992,0.706052
10000,12,0.0172497,0.679808
10000,12,0.0172063,0.699339
10000,12,0.0172435,0.690245
10000,12,0.0174057,0.72656
10000,12,0.0172191,0.693053
10000,12,0.0172475,0.702085
10000,12,0.0171803,0.695677
10000,12,0.0171927,0.692503
10000,12,0.0171861,0.693174
10000,12,0.0171854,0.732054
10000,12,0.0171771,0.693602
10000,12,0.0172506,0.694334
10000,12,0.0172109,0.732054
10000,12,0.0171905,0.684019
10000,13,0.0159163,0.699522
10000,13,0.0158604,0.712156
10000,13,0.0159867,0.715086
10000,13,0.0159113,0.713377
10000,13,0.0161158,0.705809
10000,13,0.0159416,0.719419
10000,13,0.015887,0.713866
10000,13,0.0158902,0.717832
10000,13,0.0158858,0.710753
10000,13,0.0158977,0.707945
10000,13,0.0159127,0.715513
10000,13,0.015858,0.714537
10000,13,0.01591,0.724119
10000,13,0.0159189,0.709837
10000,13,0.0159186,0.721495
10000,13,0.0160781,0.697813
10000,13,0.0159111,0.722288
10000,13,0.0159011,0.707701
10000,13,0.0158632,0.727721
10000,13,0.0158784,0.719236
10000,13,0.0159136,0.713438
10000,13,0.0158623,0.709227
10000,13,0.0158802,0.723081
10000,13,0.0159329,0.711058
10000,13,0.0159421,0.72241
10000,13,0.0158812,0.719054
10000,13,0.0159026,0.673582
10000,13,0.0158643,0.71472
10000,13,0.0158861,0.719115
10000,13,0.0158599,0.718076
10000,13,0.0159128,0.717467
10000,13,0.0159406,0.720091
10000,13,0.0160621,0.676329
10000,13,0.0159288,0.709837
10000,13,0.0158648,0.6817
10000,13,0.0158573,0.709105
10000,13,0.0158908,0.709715
10000,13,0.0159189,0.716124
10000,13,0.0159255,0.719602
10000,13,0.0158884,0.713377
10000,13,0.0159351,0.723448
10000,13,0.0158564,0.71356
10000,13,0.0159201,0.711119
10000,13,0.0160419,0.711363
10000,13,0.015892,0.715208
10000,13,0.0158823,0.715819
10000,13,0.0158969,0.714475
10000,13,0.0158767,0.727354
10000,13,0.0158676,0.713927
10000,13,0.0158668,0.707151
10000,13,0.0158912,0.728941
10000,13,0.0159293,0.708678
10000,13,0.0159544,0.731504
10000,13,0.0158948,0.712523
10000,13,0.01587,0.725706
10000,13,0.0158649,0.705626
10000,13,0.0158719,0.730161
10000,13,0.0158813,0.718138
10000,13,0.0159228,0.705076
10000,13,0.015937,0.723876
10000,13,0.0161092,0.705259
10000,13,0.0159215,0.717466
10000,13,0.0158738,0.71881
10000,13,0.0158844,0.719114
10000,13,0.015876,0.713499
10000,13,0.0158891,0.7218
10000,13,0.0159117,0.712706
10000,13,0.0158945,0.717222
10000,13,0.0159273,0.726622
10000,13,0.0159184,0.713011
10000,13,0.015938,0.722227
10000,13,0.0160999,0.748106
10000,13,0.0158985,0.716367
10000,13,0.0159266,0.715209
10000,13,0.0158688,0.721677
10000,13,0.0159161,0.718138
10000,13,0.0158902,0.723814
10000,13,0.0158694,0.709776
10000,13,0.0158686,0.724181
10000,13,0.0159124,0.709715
10000,13,0.015948,0.725645
10000,13,0.0158796,0.720152
10000,13,0.0158628,0.718321
10000,13,0.0159058,0.722166
10000,13,0.0158714,0.716795
10000,13,0.0158765,0.71533
10000,13,0.0159256,0.71472
10000,13,0.0159199,0.719297
10000,13,0.0160956,0.71765
10000,13,0.015941,0.72302
10000,13,0.0158689,0.718688
10000,13,0.0158782,0.715086
10000,13,0.0158853,0.72125
10000,13,0.0159089,0.712218
10000,13,0.0159241,0.713865
10000,13,0.0158795,0.722471
10000,13,0.0159276,0.720213
10000,13,0.0158756,0.713805
10000,13,0.0159294,0.717344
10000,13,0.0160719,0.710386
10000,13,0.0158866,0.710265
10000,13,0.0159168,0.721006
10000,13,0.015863,0.721129
10000,13,0.0158864,0.726438
10000,13,0.0158878,0.713133
10000,13,0.0158702,0.71649
10000,13,0.0158763,0.720152
10000,13,0.015934,0.715452
10000,13,0.0159268,0.724913
10000,13,0.0158526,0.721678
10000,13,0.0158702,0.718015
10000,13,0.0158619,0.712584
10000,13,0.0159252,0.7265
10000,13,0.0158588,0.715086
10000,13,0.0159203,0.717222
10000,13,0.0159132,0.716124
10000,13,0.0160631,0.716856
10000,13,0.0159269,0.678038
10000,13,0.0158618,0.716368
10000,13,0.0158751,0.724119
10000,13,0.0158795,0.665343
10000,13,0.0159047,0.665159
10000,13,0.0159167,0.721617
10000,13,0.0158755,0.715208
10000,13,0.0159305,0.727904
10000,13,0.0159038,0.720457
10000,13,0.0159246,0.711546
10000,13,0.01607,0.706663
10000,13,0.0159044,0.723631
10000,13,0.0159046,0.704771
10000,13,0.0158569,0.725462
10000,13,0.0158513,0.725523
10000,13,0.0158691,0.709715
10000,13,0.0158735,0.723265
10000,13,0.0158893,0.721617
10000,13,0.0159198,0.714842
10000,13,0.0159486,0.72241
10000,13,0.0158778,0.720946
10000,13,0.0158625,0.71533
10000,13,0.0158886,0.716184
10000,13,0.015873,0.719908
10000,13,0.0158798,0.721983
10000,13,0.0159121,0.710692
10000,13,0.0159363,0.724546
10000,13,0.0161713,0.714598
10000,13,0.0159319,0.708189
10000,13,0.0158555,0.725401
10000,13,0.0158554,0.71649
10000,13,0.0158756,0.717588
10000,13,0.0159281,0.710509
10000,13,0.0159075,0.719786
10000,13,0.0158947,0.723386
10000,13,0.0159249,0.718505
10000,13,0.0158907,0.719358
10000,13,0.0159187,0.715025
10000,13,0.0160601,0.703856
10000,13,0.0158859,0.671995
10000,13,0.0159057,0.759092
10000,13,0.0158813,0.682738
10000,13,0.0158717,0.672789
10000,13,0.0159087,0.765623
10000,13,0.0158616,0.712462
10000,13,0.015863,0.67169
10000,13,0.0159637,0.72125
10000,13,0.0159306,0.719847
10000,13,0.0158846,0.673582
10000,13,0.01586,0.719847
10000,13,0.0158684,0.668699
10000,13,0.0158791,0.71704
10000,13,0.0158732,0.676756
10000,13,0.0159164,0.662107
10000,13,0.0159253,0.672728
10000,13,0.016062,0.715514
10000,13,0.0159399,0.711607
10000,13,0.0158581,0.721739
10000,13,0.0158651,0.723631
10000,13,0.015882,0.712217
10000,13,0.0159291,0.707396
10000,13,0.0159156,0.717893
10000,13,0.0158991,0.718565
10000,13,0.0159247,0.719786
10000,13,0.0158877,0.72357
10000,13,0.0159167,0.71472
10000,13,0.0161136,0.711302
10000,13,0.0159013,0.716001
10000,13,0.0158875,0.71704
10000,13,0.0158678,0.719236
10000,13,0.0158682,0.723204
10000,13,0.0159015,0.711851
10000,13,0.0158631,0.710692
10000,13,0.015893,0.723753
10000,13,0.0159279,0.715879
10000,13,0.0159503,0.729735
10000,13,0.0158643,0.716978
10000,13,0.0158508,0.733152
10000,13,0.0158817,0.710997
10000,13,0.0159372,0.722288
10000,13,0.0158644,0.717589
10000,13,0.0159207,0.7124
10000,13,0.0159496,0.718321
10000,13,0.0160527,0.750242
10000,13,0.0159424,0.716002
10000,13,0.0158994,0.725096
10000,13,0.0158717,0.674925
10000,13,0.0159073,0.757627
10000,13,0.015888,0.717283
10000,13,0.0158935,0.717101
10000,13,0.0158726,0.671751
10000,13,0.0159272,0.722776
10000,13,0.0158691,0.71649
10000,13,0.0159282,0.717222
10000,13,0.016056,0.713377
10000,13,0.0158854,0.717039
10000,13,0.0159069,0.713988
10000,13,0.0158786,0.727415
10000,13,0.0158649,0.720457
10000,13,0.0159277,0.718687
10000,13,0.0158549,0.710265
10000,13,0.0158695,0.721861
10000,13,0.0159284,0.719541
10000,13,0.0159422,0.725889
10000,13,0.0158702,0.714659
10000,13,0.0158681,0.723265
10000,13,0.0158891,0.714048
10000,13,0.015911,0.717162
10000,13,0.0158785,0.717222
10000,13,0.0159321,0.709532
10000,13,0.0159278,0.729734
10000,13,0.0160752,0.710142
10000,13,0.0159111,0.719298
10000,13,0.0158545,0.720762
10000,13,0.0158602,0.721678
10000,13,0.015913,0.705992
10000,13,0.015899,0.721617
10000,13,0.0159301,0.718809
10000,13,0.0158759,0.717161
10000,13,0.0159344,0.718748
10000,13,0.0158892,0.724547
10000,13,0.0159411,0.716795
10000,13,0.0160907,0.706297
10000,13,0.0158969,0.673033
10000,13,0.0159237,0.715635
10000,13,0.0158658,0.72064
10000,13,0.0158722,0.683348
10000,13,0.0158968,0.67346
10000,13,0.0158817,0.713499
10000,13,0.0158758,0.678038
10000,13,0.0159235,0.713621
10000,13,0.0159216,0.723082
10000,13,0.0158583,0.674803
10000,14,0.0147766,0.657652
10000,14,0.0147243,0.693052
10000,14,0.0148055,0.688231
10000,14,0.0148244,0.694639
10000,14,0.0149808,0.689452
10000,14,0.0148178,0.688658
10000,14,0.0147601,0.697447
10000,14,0.0147478,0.682554
10000,14,0.0147666,0.691527
10000,14,0.014794,0.644468
10000,14,0.0147628,0.628478
10000,14,0.014745,0.694212
10000,14,0.0148031,0.692259
10000,14,0.0147629,0.699705
10000,14,0.0148052,0.679747
10000,14,0.0149452,0.693419
10000,14,0.014784,0.684629
10000,14,0.0147753,0.686583
10000,14,0.0147631,0.688597
10000,14,0.0147312,0.645201
10000,14,0.0147784,0.648008
10000,14,0.014739,0.682616
10000,14,0.0147561,0.692869
10000,14,0.0148158,0.683958
10000,14,0.0147921,0.697142
10000,14,0.0147455,0.682494
10000,14,0.0147421,0.693723
10000,14,0.0147571,0.682433
10000,14,0.0147559,0.645262
10000,14,0.0147492,0.692991
10000,14,0.0147708,0.689513
10000,14,0.0147906,0.689512
10000,14,0.0149473,0.692503
10000,14,0.0148619,0.694395
10000,14,0.0147529,0.688658
10000,14,0.0147691,0.685972
10000,14,0.0147731,0.692382
10000,14,0.0148017,0.690305
10000,14,0.0147968,0.685912
10000,14,0.0147502,0.650755
10000,14,0.014778,0.693052
10000,14,0.0147868,0.695372
10000,14,0.014788,0.677916
10000,14,0.014964,0.692015
10000,14,0.0147804,0.68878
10000,14,0.014764,0.685972
10000,14,0.0147442,0.697203
10000,14,0.0147638,0.682066
10000,14,0.0147594,0.696837
10000,14,0.0147274,0.647642
10000,14,0.0147401,0.682127
10000,14,0.0147988,0.688963
10000,14,0.0147684,0.693175
10000,14,0.0147297,0.699339
10000,14,0.0147495,0.682432
10000,14,0.014747,0.688048
10000,14,0.0147549,0.693052
10000,14,0.0147676,0.651182
10000,14,0.0147967,0.649168
10000,14,0.0147877,0.687987
10000,14,0.014942,0.694029
10000,14,0.0148006,0.685362
10000,14,0.0147378,0.692991
10000,14,0.0147437,0.689024
10000,14,0.0147565,0.698119
10000,14,0.0147786,0.690733
10000,14,0.0147788,0.645689
10000,14,0.0147616,0.646848
10000,14,0.0147849,0.646239
10000,14,0.0147587,0.690428
10000,14,0.01481,0.689268
10000,14,0.0149706,0.693419
10000,14,0.0147656,0.682981
10000,14,0.0148045,0.691588
10000,14,0.0147351,0.692869
10000,14,0.0147728,0.685179
10000,14,0.0147527,0.698973
10000,14,0.0147577,0.686278
10000,14,0.0147946,0.648374
10000,14,0.0147857,0.695006
10000,14,0.0147837,0.693724
10000,14,0.0147596,0.688902
10000,14,0.0147291,0.694761
10000,14,0.0147471,0.685728
10000,14,0.0147327,0.694151
10000,14,0.0147447,0.68878
10000,14,0.014779,0.643614
10000,14,0.0148067,0.69409
10000,14,0.0148918,0.678588
10000,14,0.0148301,0.693235
10000,14,0.0147533,0.691649
10000,14,0.0147549,0.691526
10000,14,0.0147524,0.692015
10000,14,0.0147822,0.69525
10000,14,0.0147545,0.675718
10000,14,0.0147587,0.690245
10000,14,0.0147968,0.646544
10000,14,0.0147374,0.690062
10000,14,0.0148441,0.690733
10000,14,0.0149121,0.690855
10000,14,0.0147846,0.693968
10000,14,0.0147695,0.683836
10000,14,0.0147363,0.691954
10000,14,0.0147391,0.690489
10000,14,0.0147522,0.694273
10000,14,0.0147499,0.63983
10000,14,0.0147494,0.692808
10000,14,0.0148099,0.695006
10000,14,0.0147702,0.694883
10000,14,0.0147417,0.685484
10000,14,0.0147736,0.696654
10000,14,0.014747,0.685911
10000,14,0.0147587,0.698973
10000,14,0.0147451,0.685545
10000,14,0.0147864,0.648863
10000,14,0.0147965,0.689818
10000,14,0.014902,0.694761
10000,14,0.0147917,0.687864
10000,14,0.0147687,0.691588
10000,14,0.0147447,0.692442
10000,14,0.0147465,0.686827
10000,14,0.0147741,0.695189
10000,14,0.0147774,0.639402
10000,14,0.0147511,0.641294
10000,14,0.0147811,0.687254
10000,14,0.0147614,0.693358
10000,14,0.0148101,0.690306
10000,14,0.0149547,0.68878
10000,14,0.0147761,0.702452
10000,14,0.0147747,0.690244
10000,14,0.014735,0.694274
10000,14,0.0147336,0.690305
10000,14,0.01475,0.691588
10000,14,0.0147365,0.6463
10000,14,0.0147351,0.683592
10000,14,0.0147914,0.698606
10000,14,0.0147861,0.691527
10000,14,0.0147547,0.688658
10000,14,0.0147443,0.693662
10000,14,0.0147606,0.693358
10000,14,0.0147593,0.687559
10000,14,0.0147373,0.642088
10000,14,0.0147868,0.694945
10000,14,0.0147939,0.692198
10000,14,0.0149619,0.6864
10000,14,0.0147716,0.691343
10000,14,0.0147523,0.693419
10000,14,0.0147858,0.689146
10000,14,0.0147744,0.689878
10000,14,0.0147891,0.69879
10000,14,0.0147881,0.688841
10000,14,0.0147674,0.637694
10000,14,0.0147947,0.641417
10000,14,0.01474,0.695738
10000,14,0.0147989,0.691221
10000,14,0.01495,0.688719
10000,14,0.0147585,0.68585
10000,14,0.0147636,0.691954
10000,14,0.0147377,0.693174
10000,14,0.0147564,0.687255
10000,14,0.0147443,0.692014
10000,14,0.0147647,0.650328
10000,14,0.0147672,0.683775
10000,14,0.0148093,0.720702
10000,14,0.0171785,0.808896
10000,14,0.0148195,0.696837
10000,14,0.01477,0.703611
10000,14,0.0148638,0.696837
10000,14,0.0147778,0.7442
10000,14,0.0147605,0.662046
10000,14,0.0147809,0.644774
10000,14,0.0147982,0.647399
10000,14,0.0149158,0.687498
10000,14,0.0147946,0.696836
10000,14,0.0147469,0.696715
10000,14,0.0147542,0.680357
10000,14,0.0147615,0.69055
10000,14,0.0147864,0.695128
10000,14,0.014772,0.692625
10000,14,0.0147521,0.641234
10000,14,0.0148311,0.639769
10000,14,0.0147756,0.644713
10000,14,0.0148059,0.693113
10000,14,0.0149453,0.685606
10000,14,0.0147676,0.654783
10000,14,0.0147775,0.695433
10000,14,0.0147406,0.688475
10000,14,0.0147608,0.686339
10000,14,0.0147567,0.6947
10000,14,0.0147637,0.689817
10000,14,0.0147654,0.642089
10000,14,0.0147937,0.691282
10000,14,0.0147827,0.658323
10000,14,0.014747,0.682494
10000,14,0.0147776,0.69
10000,14,0.0147386,0.691405
10000,14,0.0147649,0.695738
10000,14,0.01475,0.694212
10000,14,0.014768,0.639219
10000,14,0.0147926,0.648619
10000,14,0.0149321,0.685606
10000,14,0.0147881,0.689878
10000,14,0.0147393,0.696654
10000,14,0.0147438,0.68939
10000,14,0.0147574,0.691588
10000,14,0.0148002,0.691221
10000,14,0.0147745,0.6864
10000,14,0.0147569,0.64575
10000,14,0.0148042,0.683531
10000,14,0.0147554,0.652647
10000,14,0.0147965,0.685667
10000,14,0.0148964,0.690184
10000,14,0.0147776,0.683958
10000,14,0.0147901,0.697996
10000,14,0.0147755,0.690367
10000,14,0.0147482,0.690733
10000,14,0.0147696,0.692137
10000,14,0.0147363,0.687132
10000,14,0.0147463,0.652953
10000,14,0.0148116,0.687682
10000,14,0.0147801,0.691282
10000,14,0.0147688,0.6416
10000,14,0.0147328,0.6463
10000,14,0.0147739,0.688475
10000,14,0.0147443,0.692442
10000,14,0.0147443,0.690245
10000,14,0.0147987,0.687315
10000,14,0.0147641,0.688109
10000,14,0.0149085,0.689024
10000,14,0.0147982,0.694517
10000,14,0.0147386,0.690489
10000,14,0.0147452,0.646055
10000,14,0.0147578,0.654113
10000,14,0.0147722,0.684751
10000,14,0.0148289,0.691588
10000,14,0.0147386,0.69177
10000,14,0.0147992,0.695799
10000,14,0.0147586,0.683653
10000,14,0.0148003,0.6911
10000,14,0.0149371,0.69293
10000,14,0.0147769,0.645811
10000,14,0.0147765,0.643248
10000,14,0.0147327,0.641234
10000,14,0.01475,0.696531
10000,14,0.0147643,0.689696
10000,14,0.0147559,0.693296
10000,14,0.0147574,0.687254
10000,14,0.0148128,0.696471
10000,14,0.0147688,0.691465
10000,14,0.0147432,0.63745
10000,15,0.0138067,0.629942
10000,15,0.0137671,0.655455
10000,15,0.0138185,0.695127
10000,15,0.0138081,0.699034
10000,15,0.0140115,0.692931
10000,15,0.0137937,0.695921
10000,15,0.013769,0.708677
10000,15,0.0137702,0.696592
10000,15,0.013768,0.702696
10000,15,0.0137723,0.696715
10000,15,0.0137785,0.702391
10000,15,0.013768,0.646055
10000,15,0.0138161,0.693479
10000,15,0.01377,0.652892
10000,15,0.013803,0.694761
10000,15,0.0139274,0.700865
10000,15,0.0137869,0.698851
10000,15,0.0137744,0.702879
10000,15,0.0137801,0.702513
10000,15,0.0137715,0.700742
10000,15,0.013739,0.700682
10000,15,0.0137618,0.697935
10000,15,0.0137848,0.653502
10000,15,0.0138002,0.650816
10000,15,0.0138146,0.654966
10000,15,0.0137592,0.706297
10000,15,0.0137575,0.69995
10000,15,0.0137677,0.696775
10000,15,0.0137812,0.698668
10000,15,0.0137389,0.704588
10000,15,0.0137751,0.651244
10000,15,0.0138079,0.652342
10000,15,0.0139122,0.636473
10000,15,0.0137885,0.657408
10000,15,0.0137827,0.697691
10000,15,0.0137525,0.706358
10000,15,0.0137793,0.699217
10000,15,0.0137781,0.696288
10000,15,0.0138184,0.70416
10000,15,0.0137934,0.69763
10000,15,0.0137988,0.702879
10000,15,0.0137773,0.700011
10000,15,0.0138137,0.693235
10000,15,0.0139265,0.65277
10000,15,0.0137687,0.706846
10000,15,0.0137794,0.699644
10000,15,0.0137437,0.69586
10000,15,0.013759,0.708311
10000,15,0.0137697,0.703246
10000,15,0.0137498,0.701475
10000,15,0.0137574,0.697142
10000,15,0.0138078,0.6994
10000,15,0.0138291,0.651548
10000,15,0.0137523,0.651488
10000,15,0.0137525,0.702024
10000,15,0.013791,0.703978
10000,15,0.0137656,0.700315
10000,15,0.0137447,0.701476
10000,15,0.0137976,0.700804
10000,15,0.0137877,0.70532
10000,15,0.0139671,0.690306
10000,15,0.0138008,0.695311
10000,15,0.0137629,0.655393
10000,15,0.0137607,0.654112
10000,15,0.0137648,0.697142
10000,15,0.0137754,0.70764
10000,15,0.0137899,0.697203
10000,15,0.0137618,0.703916
10000,15,0.0138002,0.69879
10000,15,0.0137642,0.698607
10000,15,0.0138187,0.702879
10000,15,0.0139278,0.695494
10000,15,0.0137944,0.703245
10000,15,0.0137991,0.646177
10000,15,0.0142969,0.701414
10000,15,0.0152168,0.736387
10000,15,0.0146762,0.738768
10000,15,0.0148509,0.741697
10000,15,0.0148654,0.7312
10000,15,0.0149399,0.738035
10000,15,0.0149421,0.738218
10000,15,0.0148169,0.740843
10000,15,0.0148614,0.738707
10000,15,0.0148475,0.735349
10000,15,0.0148407,0.738707
10000,15,0.0148151,0.740415
10000,15,0.0148872,0.733763
10000,15,0.0148775,0.740233
10000,15,0.0152088,0.730833
10000,15,0.0147099,0.737974
10000,15,0.0148395,0.738707
10000,15,0.0148378,0.736631
10000,15,0.0148763,0.734556
10000,15,0.0149008,0.744444
10000,15,0.0148408,0.73242
10000,15,0.01483,0.736937
10000,15,0.0149644,0.73718
10000,15,0.0146591,0.736388
10000,15,0.0150529,0.73419
10000,15,0.0151665,0.73065
10000,15,0.0147993,0.744566
10000,15,0.0150209,0.737547
10000,15,0.0148405,0.738096
10000,15,0.0148314,0.746702
10000,15,0.0149702,0.737242
10000,15,0.0148604,0.731565
10000,15,0.0148313,0.738341
10000,15,0.0149282,0.738889
10000,15,0.0150215,0.746581
10000,15,0.0148873,0.742002
10000,15,0.0148413,0.732542
10000,15,0.0148025,0.736204
10000,15,0.0149351,0.74304
10000,15,0.0148588,0.732115
10000,15,0.0148266,0.735289
10000,15,0.0149591,0.746458
10000,15,0.0151866,0.728147
10000,15,0.0149236,0.734252
10000,15,0.0147663,0.740171
10000,15,0.0149761,0.770018
10000,15,0.0148683,0.707273
10000,15,0.0148958,0.73004
10000,15,0.0149677,0.774107
10000,15,0.0148413,0.700804
10000,15,0.0149921,0.733702
10000,15,0.0149452,0.745848
10000,15,0.0149055,0.732115
10000,15,0.0151073,0.735532
10000,15,0.0149593,0.737425
10000,15,0.0149153,0.740294
10000,15,0.0148531,0.736814
10000,15,0.0149244,0.737486
10000,15,0.0148988,0.741759
10000,15,0.0148696,0.729246
10000,15,0.0148292,0.737364
10000,15,0.0150633,0.74426
10000,15,0.0149334,0.736815
10000,15,0.0148364,0.740537
10000,15,0.01491,0.74005
10000,15,0.0148578,0.741026
10000,15,0.0148207,0.731138
10000,15,0.0149425,0.742979
10000,15,0.0148617,0.736937
10000,15,0.0150115,0.735777
10000,15,0.0143354,0.732969
10000,15,0.0142763,0.697752
10000,15,0.0149646,0.743345
10000,15,0.0148659,0.734068
10000,15,0.0148736,0.740782
10000,15,0.0149194,0.739439
10000,15,0.0149094,0.740538
10000,15,0.0148086,0.729734
10000,15,0.0151458,0.741209
10000,15,0.0148626,0.737669
10000,15,0.0150481,0.733946
10000,15,0.0151682,0.732115
10000,15,0.0148623,0.738341
10000,15,0.0148551,0.74249
10000,15,0.0149484,0.736388
10000,15,0.0148604,0.741148
10000,15,0.0148597,0.734617
10000,15,0.0148199,0.739988
10000,15,0.0149577,0.737852
10000,15,0.0149557,0.736266
10000,15,0.0151745,0.742307
10000,15,0.0145695,0.740233
10000,15,0.0148237,0.7395
10000,15,0.0146768,0.688536
10000,15,0.0146308,0.739683
10000,15,0.0145904,0.744871
10000,15,0.0145937,0.736753
10000,15,0.0148847,0.735655
10000,15,0.015224,0.731505
10000,15,0.014751,0.739927
10000,15,0.0148332,0.736448
10000,15,0.0152079,0.740843
10000,15,0.0138604,0.690916
10000,15,0.0137918,0.697508
10000,15,0.0137861,0.707152
10000,15,0.0137797,0.693602
10000,15,0.0138103,0.703916
10000,15,0.0137626,0.707335
10000,15,0.0137743,0.645811
10000,15,0.0139346,0.69293
10000,15,0.01377,0.650572
10000,15,0.0137935,0.653197
10000,15,0.013762,0.698667
10000,15,0.0137501,0.706175
10000,15,0.0137512,0.701109
10000,15,0.013747,0.699889
10000,15,0.0137525,0.705259
10000,15,0.0138109,0.699705
10000,15,0.0137846,0.655211
10000,15,0.0137375,0.657408
10000,15,0.0137557,0.697081
10000,15,0.0137704,0.69586
10000,15,0.013752,0.704771
10000,15,0.013751,0.707152
10000,15,0.0137799,0.703001
10000,15,0.0137991,0.650572
10000,15,0.0139388,0.69409
10000,15,0.0138018,0.702085
10000,15,0.0137565,0.657713
10000,15,0.0137551,0.65521
10000,15,0.013757,0.703856
10000,15,0.0137851,0.6994
10000,15,0.0138133,0.704344
10000,15,0.013785,0.695433
10000,15,0.0138168,0.705137
10000,15,0.0137513,0.699827
10000,15,0.0137848,0.697752
10000,15,0.0139374,0.696349
10000,15,0.0137922,0.706846
10000,15,0.0137885,0.651366
10000,15,0.0138013,0.706907
10000,15,0.0137734,0.699339
10000,15,0.0137765,0.704954
10000,15,0.0137414,0.705199
10000,15,0.0137686,0.703428
10000,15,0.0138058,0.698851
10000,15,0.013781,0.704161
10000,15,0.0137609,0.698484
10000,15,0.0137616,0.706419
10000,15,0.0137842,0.695616
10000,15,0.0137593,0.698302
10000,15,0.0137727,0.659055
10000,15,0.0138104,0.654112
10000,15,0.0137974,0.705382
10000,15,0.0139263,0.689939
10000,15,0.0137945,0.707945
10000,15,0.0137658,0.701475
10000,15,0.0137675,0.703673
10000,15,0.0137935,0.704222
10000,15,0.0137822,0.699217
10000,15,0.0138015,0.700621
10000,15,0.0137545,0.695005
10000,15,0.0138054,0.659483
10000,15,0.0137612,0.706908
10000,15,0.0137971,0.693052
10000,15,0.013935,0.697386
10000,15,0.0137919,0.703245
10000,15,0.0137843,0.704405
10000,15,0.0137442,0.703368
10000,15,0.0137681,0.708006
10000,15,0.0137813,0.700559
10000,15,0.0137436,0.648314
10000,15,0.0138044,0.655699
10000,15,0.0138241,0.703062
10000,15,0.0138198,0.702757
10000,15,0.0137707,0.701353
10000,16,0.0129932,0.618468
10000,16,0.0129269,0.659971
10000,16,0.0129345,0.658019
10000,16,0.0129585,0.658018
10000,16,0.0130743,0.662169
10000,16,0.0129866,0.698362
10000,16,0.0129205,0.669798
10000,16,0.0129324,0.657225
10000,16,0.0129082,0.659789
10000,16,0.012925,0.6499
10000,16,0.0129349,0.65869
10000,16,0.0129082,0.661802
10000,16,0.0129396,0.657897
10000,16,0.0129616,0.662901
10000,16,0.0129503,0.655455
10000,16,0.0130903,0.659971
10000,16,0.0129289,0.657042
10000,16,0.0129257,0.656431
10000,16,0.0128971,0.658324
10000,16,0.0130429,0.671568
10000,16,0.0129123,0.661497
10000,16,0.0128992,0.65454
10000,16,0.0129107,0.660398
10000,16,0.0129501,0.663573
10000,16,0.0129193,0.608519
10000,16,0.0128818,0.657347
10000,16,0.0129153,0.649962
10000,16,0.0129154,0.617247
10000,16,0.0128937,0.605284
10000,16,0.0128841,0.654234
10000,16,0.0129255,0.657774
10000,16,0.012936,0.663268
10000,16,0.0130631,0.651853
10000,16,0.0129348,0.664855
10000,16,0.0129205,0.663206
10000,16,0.0129024,0.656492
10000,16,0.0128978,0.662902
10000,16,0.0129163,0.647825
10000,16,0.0129245,0.662657
10000,16,0.0129306,0.663084
10000,16,0.0129623,0.654051
10000,16,0.0129001,0.666503
10000,16,0.0129393,0.655332
10000,16,0.0130913,0.664305
10000,16,0.0129436,0.663878
10000,16,0.0129148,0.665709
10000,16,0.012885,0.61328
10000,16,0.0129101,0.669249
10000,16,0.012912,0.658812
10000,16,0.0129234,0.649962
10000,16,0.0128971,0.617919
10000,16,0.0129513,0.609862
10000,16,0.0129225,0.656431
10000,16,0.012901,0.657164
10000,16,0.0129096,0.665647
10000,16,0.012915,0.65869
10000,16,0.0128924,0.658507
10000,16,0.0129341,0.664915
10000,16,0.0129376,0.656065
10000,16,0.0129392,0.665526
10000,16,0.013073,0.653868
10000,16,0.0129624,0.657103
10000,16,0.0129042,0.666502
10000,16,0.0128924,0.662291
10000,16,0.012906,0.65399
10000,16,0.0129389,0.667723
10000,16,0.0129543,0.653684
10000,16,0.0128982,0.662291
10000,16,0.0129546,0.667784
10000,16,0.0129153,0.657652
10000,16,0.0129325,0.662108
10000,16,0.0130821,0.71118
10000,16,0.0129182,0.664854
10000,16,0.0129229,0.660277
10000,16,0.0129127,0.659239
10000,16,0.0129168,0.676573
10000,16,0.0129225,0.659849
10000,16,0.0129702,0.654173
10000,16,0.0129603,0.660399
10000,16,0.0129569,0.662108
10000,16,0.0129365,0.671507
10000,16,0.0128923,0.660337
10000,16,0.0129083,0.654235
10000,16,0.0129119,0.660093
10000,16,0.0129026,0.667845
10000,16,0.0129025,0.65991
10000,16,0.0129278,0.652831
10000,16,0.0129493,0.664427
10000,16,0.0130584,0.661558
10000,16,0.0132033,0.705687
10000,16,0.0129031,0.660032
10000,16,0.0129192,0.662718
10000,16,0.0129101,0.669371
10000,16,0.0129377,0.651183
10000,16,0.012923,0.66107
10000,16,0.0129129,0.66638
10000,16,0.0129425,0.665342
10000,16,0.0128978,0.657408
10000,16,0.0129473,0.659728
10000,16,0.0130499,0.66583
10000,16,0.0129387,0.661376
10000,16,0.012929,0.661924
10000,16,0.0128914,0.656371
10000,16,0.012917,0.664793
10000,16,0.0129064,0.664976
10000,16,0.0128771,0.666258
10000,16,0.012899,0.664244
10000,16,0.0129384,0.656554
10000,16,0.0129377,0.666014
10000,16,0.0128823,0.664671
10000,16,0.0128887,0.66107
10000,16,0.0129451,0.656981
10000,16,0.0129102,0.660826
10000,16,0.0128879,0.612852
10000,16,0.0129981,0.659239
10000,16,0.012952,0.662107
10000,16,0.0130759,0.659911
10000,16,0.012976,0.655821
10000,16,0.0129034,0.663267
10000,16,0.0128895,0.666075
10000,16,0.0129025,0.654784
10000,16,0.0129146,0.665403
10000,16,0.0129285,0.658385
10000,16,0.0129084,0.657896
10000,16,0.0129465,0.668333
10000,16,0.0129087,0.655333
10000,16,0.012936,0.661375
10000,16,0.0130272,0.65338
10000,16,0.0129545,0.666685
10000,16,0.0129236,0.6593
10000,16,0.0128957,0.662291
10000,16,0.0129063,0.670225
10000,16,0.0129244,0.665404
10000,16,0.0129001,0.609007
10000,16,0.0129144,0.666746
10000,16,0.0129435,0.659911
10000,16,0.0129386,0.663145
10000,16,0.0128907,0.659239
10000,16,0.0128831,0.664671
10000,16,0.0129002,0.662169
10000,16,0.0129008,0.661925
10000,16,0.0128932,0.661985
10000,16,0.0129324,0.653014
10000,16,0.0129421,0.665586
10000,16,0.0130649,0.656737
10000,16,0.0129327,0.659239
10000,16,0.0129258,0.664122
10000,16,0.0129063,0.659361
10000,16,0.012916,0.65869
10000,16,0.0129288,0.663389
10000,16,0.0129223,0.660704
10000,16,0.0129162,0.663023
10000,16,0.0129487,0.66107
10000,16,0.0129018,0.663756
10000,16,0.012943,0.662596
10000,16,0.0130635,0.659361
10000,16,0.0129502,0.618284
10000,16,0.0129285,0.655699
10000,16,0.0128922,0.712584
10000,16,0.0128987,0.664732
10000,16,0.0129246,0.610167
10000,16,0.0128909,0.651976
10000,16,0.0128974,0.659911
10000,16,0.012948,0.670713
10000,16,0.0129393,0.663878
10000,16,0.0128927,0.656126
10000,16,0.0129074,0.665526
10000,16,0.0128853,0.657164
10000,16,0.0128996,0.665342
10000,16,0.0128749,0.660765
10000,16,0.0129245,0.66046
10000,16,0.0129457,0.666136
10000,16,0.0130604,0.646727
10000,16,0.0130242,0.662779
10000,16,0.0128906,0.662352
10000,16,0.0128981,0.665464
10000,16,0.012913,0.655516
10000,16,0.0129216,0.658812
10000,16,0.0129217,0.657286
10000,16,0.012924,0.66107
10000,16,0.0129552,0.659666
10000,16,0.0128913,0.673826
10000,16,0.0129373,0.658995
10000,16,0.0130765,0.653014
10000,16,0.0129114,0.726316
10000,16,0.0129129,0.60974
10000,16,0.0128843,0.657408
10000,16,0.0129129,0.61389
10000,16,0.0129144,0.65515
10000,16,0.0128965,0.663633
10000,16,0.0129086,0.65808
10000,16,0.0129454,0.661558
10000,16,0.0129215,0.664122
10000,16,0.0128916,0.66168
10000,16,0.013128,0.661681
10000,16,0.0129367,0.66168
10000,16,0.0129305,0.655272
10000,16,0.0128804,0.659483
10000,16,0.0129193,0.66577
10000,16,0.0129384,0.663511
10000,16,0.0130621,0.650878
10000,16,0.0129429,0.659666
10000,16,0.0129081,0.65991
10000,16,0.0128953,0.664854
10000,16,0.0128961,0.665526
10000,16,0.012942,0.659056
10000,16,0.012917,0.660399
10000,16,0.0129089,0.6109
10000,16,0.0129417,0.66406
10000,16,0.0129001,0.611082
10000,16,0.0129397,0.660338
10000,16,0.0130924,0.658323
10000,16,0.0129261,0.664976
10000,16,0.0129235,0.658812
10000,16,0.0128891,0.664244
10000,16,0.0129192,0.661619
10000,16,0.0128963,0.666686
10000,16,0.0129029,0.655577
10000,16,0.0129057,0.662474
10000,16,0.0129343,0.662901
10000,16,0.0129298,0.659788
10000,16,0.0128908,0.660094
10000,16,0.0129155,0.664182
10000,16,0.0128973,0.663146
10000,16,0.0128936,0.614195
10000,16,0.0129052,0.6145
10000,16,0.0129373,0.706053
10000,16,0.0129324,0.619506
10000,16,0.0135507,0.654967
10000,16,0.0129553,0.65283
10000,16,0.0128972,0.662291
10000,16,0.0129036,0.666258
10000,16,0.0129473,0.661803
10000,16,0.012917,0.659605
10000,16,0.0129867,0.65399
10000,16,0.0129181,0.605772
10000,16,0.0129441,0.664427
10000,16,0.0129072,0.610167
10000,16,0.0129344,0.654967
10000,16,0.0130673,0.662352
10000,16,0.0129151,0.658872
10000,16,0.0129201,0.665587
10000,16,0.01291,0.65753
10000,16,0.0129194,0.673216
10000,16,0.0129146,0.656493
10000,16,0.0128875,0.658811
10000,16,0.0128932,0.664733
10000,16,0.0129392,0.662901
10000,16,0.012935,0.659056
10000,16,0.0129052,0.666868
25000,1,0.624995,10.3318
25000,1,0.626655,10.2975
25000,1,0.623445,10.2442
25000,1,0.640114,10.4984
25000,1,0.620339,10.1686
25000,1,0.629295,10.3012
25000,1,0.621472,10.5312
25000,1,0.617901,10.138
25000,1,0.6214,10.2389
25000,1,0.633485,10.4254
25000,1,0.628389,10.2808
25000,1,0.622392,10.2038
25000,1,0.619087,10.1432
25000,1,0.638692,10.4745
25000,1,0.620866,10.1805
25000,1,0.618594,10.1416
25000,1,0.622777,10.2159
25000,1,0.618937,10.1762
25000,1,0.627604,10.3644
25000,1,0.617542,10.7677
25000,1,0.62326,10.9007
25000,1,0.630896,10.9802
25000,1,0.621273,10.2038
25000,1,0.637121,10.4389
25000,1,0.617152,10.1846
25000,1,0.618496,10.1505
25000,1,0.618648,10.1358
25000,1,0.622582,10.1939
25000,1,0.624244,10.2427
25000,1,0.626852,10.2443
25000,1,0.623504,10.196
25000,1,0.64017,10.4806
25000,1,0.620478,10.1491
25000,1,0.629263,10.3486
25000,1,0.620958,10.1981
25000,1,0.617922,10.123
25000,1,0.62147,10.1643
25000,1,0.63358,10.6448
25000,1,0.628239,10.2895
25000,1,0.622412,10.1803
25000,1,0.619057,10.1244
25000,1,0.638788,10.4514
25000,1,0.621071,10.1952
25000,1,0.618682,10.1232
25000,1,0.622409,10.2031
25000,1,0.619034,10.355
25000,1,0.627402,10.2843
25000,1,0.617519,10.104
25000,1,0.623227,10.2091
25000,1,0.631042,10.3384
25000,1,0.621289,10.2293
25000,1,0.637274,10.4373
25000,1,0.617149,10.205
25000,1,0.618642,10.1349
25000,1,0.619041,10.5412
25000,1,0.622439,10.2127
25000,1,0.62443,10.2147
25000,1,0.627318,10.8548
25000,1,0.623509,10.2513
25000,1,0.640399,10.4836
25000,1,0.620549,10.1694
25000,1,0.629422,10.3072
25000,1,0.621271,10.1957
25000,1,0.617958,10.1206
25000,1,0.621491,10.1815
25000,1,0.63342,10.378
25000,1,0.628255,10.3291
25000,1,0.622342,10.5949
25000,1,0.62035,12.9762
25000,1,0.639018,11.1275
25000,1,0.62126,10.1634
25000,1,0.618738,10.6407
25000,1,0.622512,11.0556
25000,1,0.619166,10.8316
25000,1,0.628001,11.0511
25000,1,0.617438,10.2425
25000,1,0.623213,10.214
25000,1,0.630617,10.3156
25000,1,0.621284,10.229
25000,1,0.637281,10.4381
25000,1,0.617121,10.113
25000,1,0.618557,10.1249
25000,1,0.618803,10.1763
25000,1,0.622293,10.2232
25000,1,0.624398,10.2759
25000,1,0.626729,10.2619
25000,1,0.623677,10.2229
25000,1,0.640158,10.4836
25000,1,0.620606,10.1631
25000,1,0.629299,10.3217
25000,1,0.62117,10.2074
25000,1,0.617897,10.1858
25000,1,0.62152,10.2998
25000,1,0.633416,10.3772
25000,1,0.628224,10.2795
25000,1,0.622356,10.204
25000,1,0.619199,10.1274
25000,1,0.638781,10.4632
25000,1,0.621123,10.1733
25000,1,0.61878,10.1704
25000,1,0.622635,10.2071
25000,1,0.619132,10.1571
25000,1,0.627576,10.5976
25000,1,0.617772,10.1516
25000,1,0.623965,10.3214
25000,1,0.630818,10.3221
25000,1,0.621279,10.1893
25000,1,0.637288,10.4663
25000,1,0.617198,10.1169
25000,1,0.618495,10.1245
25000,1,0.618601,10.2262
25000,1,0.622318,10.3114
25000,1,0.624325,10.4396
25000,1,0.626693,10.2914
25000,1,0.623763,10.2271
25000,1,0.640273,10.5087
25000,1,0.620442,10.1708
25000,1,0.629244,10.2989
25000,1,0.620943,10.1811
25000,1,0.618016,10.1263
25000,1,0.621503,10.1759
25000,1,0.633458,10.3832
25000,1,0.62819,10.2934
25000,1,0.622081,10.3773
25000,1,0.619262,10.9997
25000,1,0.638519,11.2935
25000,1,0.621034,10.7262
25000,1,0.618615,10.1286
25000,1,0.622373,10.2102
25000,1,0.619001,10.1488
25000,1,0.62736,10.2893
25000,1,0.617605,10.1444
25000,1,0.623149,10.2101
25000,1,0.630612,10.3275
25000,1,0.621196,10.1687
25000,1,0.637228,10.4397
25000,1,0.617203,10.1057
25000,1,0.618733,10.1226
25000,1,0.618701,10.1606
25000,1,0.622242,10.2426
25000,1,0.624257,10.2282
25000,1,0.626587,10.2669
25000,1,0.623684,10.2175
25000,1,0.640108,10.4753
25000,1,0.620505,10.4259
25000,1,0.629271,10.3017
25000,1,0.621059,10.1823
25000,1,0.617934,10.1144
25000,1,0.621469,10.1737
25000,1,0.633397,10.6197
25000,1,0.628693,10.6588
25000,1,0.622083,10.1886
25000,1,0.619028,10.1392
25000,1,0.639016,11.1366
25000,1,0.620957,10.9682
25000,1,0.618673,10.9285
25000,1,0.622537,10.2848
25000,1,0.618854,10.1301
25000,1,0.627417,10.2606
25000,1,0.617603,10.1274
25000,1,0.623182,10.2036
25000,1,0.630283,10.3251
25000,1,0.621282,10.1702
25000,1,0.637295,10.4422
25000,1,0.617099,10.1491
25000,1,0.618625,10.1296
25000,1,0.618638,10.1361
25000,1,0.622264,10.1971
25000,1,0.624198,10.2169
25000,1,0.626559,10.262
25000,1,0.623567,10.2207
25000,1,0.640246,10.4757
25000,1,0.620424,10.1998
25000,1,0.629346,10.3007
25000,1,0.621098,10.1884
25000,1,0.617897,10.1288
25000,1,0.621502,10.753
25000,1,0.633496,11.2458
25000,1,0.628415,11.0173
25000,1,0.622291,10.1967
25000,1,0.619072,10.1853
25000,1,0.638674,10.4807
25000,1,0.621047,10.1776
25000,1,0.618882,10.1413
25000,1,0.62234,10.1954
25000,1,0.618947,10.1474
25000,1,0.627462,10.3568
25000,1,0.617482,10.3394
25000,1,0.623214,10.2362
25000,1,0.630802,10.3414
25000,1,0.621437,10.178
25000,1,0.637288,10.4563
25000,1,0.61712,10.1082
25000,1,0.6186,10.1463
25000,1,0.618678,10.1242
25000,1,0.622246,10.2226
25000,1,0.624512,10.2852
25000,1,0.626487,10.2505
25000,1,0.636844,10.7106
25000,1,0.640137,10.5083
25000,1,0.620269,10.1502
25000,1,0.629426,10.3329
25000,1,0.621108,10.184
25000,1,0.617973,10.1219
25000,1,0.621556,10.2287
25000,1,0.633392,10.3562
25000,1,0.628251,10.3139
25000,1,0.6224,10.1852
25000,1,0.61922,10.1719
25000,1,0.638691,10.4556
25000,1,0.621103,10.2455
25000,1,0.618633,10.1624
25000,1,0.622396,10.3361
25000,1,0.619006,10.1878
25000,1,0.627373,10.2849
25000,1,0.617513,10.1234
25000,1,0.623661,12.7498
25000,1,0.630901,13.2803
25000,1,0.621437,10.9607
25000,1,0.637469,11.1903
25000,1,0.618328,12.1203
25000,1,0.618943,10.5191
25000,1,0.618706,10.1794
25000,1,0.622328,10.2423
25000,1,0.624399,10.5138
25000,1,0.626721,10.2828
25000,1,0.623614,10.2224
25000,1,0.640048,10.4992
25000,1,0.620354,10.3944
25000,1,0.629387,11.1888
25000,1,0.62117,11.0727
25000,1,0.618025,10.8799
25000,1,0.62142,10.1842
25000,1,0.633362,10.394
25000,1,0.628192,10.293
25000,1,0.622144,10.1742
25000,1,0.619209,10.1518
25000,1,0.63845,10.4604
25000,1,0.620903,10.1874
25000,1,0.61865,10.1405
25000,1,0.622533,10.2185
25000,1,0.618887,10.1487
25000,1,0.627276,10.2686
25000,1,0.617408,10.2353
25000,1,0.623298,10.3303
25000,1,0.630533,10.3387
25000,1,0.622758,10.5415
25000,1,0.637341,10.451
25000,1,0.617155,10.1166
25000,1,0.61871,10.139
25000,2,0.622397,10.6023
25000,2,0.622446,10.2491
25000,2,0.622285,10.2459
25000,2,0.6227,10.2541
25000,2,0.622127,10.2257
25000,2,0.622185,10.232
25000,2,0.622376,10.2599
25000,2,0.622176,10.2336
25000,2,0.622146,10.2553
25000,2,0.622714,10.2538
25000,2,0.622257,10.2511
25000,2,0.622657,10.3617
25000,2,0.622305,10.3852
25000,2,0.625227,10.3423
25000,2,0.622678,10.2718
25000,2,0.622379,10.2414
25000,2,0.621985,10.2419
25000,2,0.622444,10.2509
25000,2,0.623767,10.365
25000,2,0.622461,10.2696
25000,2,0.623313,10.2835
25000,2,0.622641,10.2746
25000,2,0.622645,10.2656
25000,2,0.622507,10.2313
25000,2,0.621881,10.2192
25000,2,0.622214,10.2287
25000,2,0.622346,10.2785
25000,2,0.622939,10.2826
25000,2,0.62226,10.2605
25000,2,0.622209,10.2564
25000,2,0.622699,10.2424
25000,2,0.622978,10.8507
25000,2,0.622478,10.9915
25000,2,0.622968,10.9837
25000,2,0.622041,10.2309
25000,2,0.622547,10.2535
25000,2,0.622114,10.2735
25000,2,0.622761,10.2573
25000,2,0.62193,10.2193
25000,2,0.622093,10.2434
25000,2,0.621624,10.219
25000,2,0.624241,10.2963
25000,2,0.62266,10.2389
25000,2,0.622738,10.2461
25000,2,0.622331,10.5603
25000,2,0.622552,10.2715
25000,2,0.622703,10.2723
25000,2,0.622148,10.2499
25000,2,0.622819,10.2609
25000,2,0.622699,10.5279
25000,2,0.622504,10.2985
25000,2,0.622771,10.2562
25000,2,0.622221,10.2666
25000,2,0.622927,10.3174
25000,2,0.622095,10.2326
25000,2,0.622361,10.2577
25000,2,0.622719,10.2683
25000,2,0.622121,10.2327
25000,2,0.622666,10.2705
25000,2,0.621899,10.3813
25000,2,0.622553,13.0144
25000,2,0.623147,10.9731
25000,2,0.622295,10.2545
25000,2,0.622847,10.2756
25000,2,0.622177,10.2658
25000,2,0.622771,10.2353
25000,2,0.622478,10.249
25000,2,0.621949,10.2299
25000,2,0.622157,10.2765
25000,2,0.623054,10.2637
25000,2,0.622735,10.2771
25000,2,0.621953,10.2347
25000,2,0.622381,10.2411
25000,2,0.622336,10.2402
25000,2,0.623499,10.3387
25000,2,0.622068,10.2454
25000,2,0.623422,10.3246
25000,2,0.623489,10.272
25000,2,0.622533,10.2697
25000,2,0.622475,10.2581
25000,2,0.622052,10.2244
25000,2,0.621811,10.227
25000,2,0.621971,10.2425
25000,2,0.621958,10.3124
25000,2,0.622108,10.9875
25000,2,0.62211,11.0318
25000,2,0.622693,10.9915
25000,2,0.622333,10.3529
25000,2,0.622235,10.2253
25000,2,0.622141,10.2436
25000,2,0.622285,10.2629
25000,2,0.622552,10.2361
25000,2,0.622615,10.5865
25000,2,0.622727,10.4659
25000,2,0.622761,10.2518
25000,2,0.622539,10.2843
25000,2,0.622148,11.0669
25000,2,0.623042,11.0136
25000,2,0.621809,10.7732
25000,2,0.622468,10.2528
25000,2,0.622421,10.2436
25000,2,0.622255,10.2353
25000,2,0.622548,10.256
25000,2,0.622437,10.2775
25000,2,0.622026,10.2419
25000,2,0.622741,10.274
25000,2,0.622401,10.2704
25000,2,0.622437,10.234
25000,2,0.622102,10.2506
25000,2,0.622499,10.24
25000,2,0.623048,10.3433
25000,2,0.62298,10.2689
25000,2,0.623119,10.2757
25000,2,0.622285,10.2538
25000,2,0.622518,10.2376
25000,2,0.622192,10.2384
25000,2,0.622015,10.2268
25000,2,0.621862,10.226
25000,2,0.622141,10.2443
25000,2,0.622901,10.2601
25000,2,0.621918,10.2274
25000,2,0.622759,10.2576
25000,2,0.622523,10.2435
25000,2,0.622985,10.2778
25000,2,0.622384,10.4624
25000,2,0.623095,10.3308
25000,2,0.62255,10.2499
25000,2,0.622084,10.2284
25000,2,0.622368,10.23
25000,2,0.622296,10.233
25000,2,0.62301,10.2755
25000,2,0.622387,10.2495
25000,2,0.62202,10.2309
25000,2,0.622432,10.2311
25000,2,0.622421,10.271
25000,2,0.622391,10.2556
25000,2,0.622163,10.5738
25000,2,0.621965,11.0103
25000,2,0.622158,11.0273
25000,2,0.622943,10.406
25000,2,0.62218,10.5283
25000,2,0.622041,10.2354
25000,2,0.622465,10.2647
25000,2,0.622602,10.2418
25000,2,0.622064,10.2279
25000,2,0.622323,10.2272
25000,2,0.622537,10.2519
25000,2,0.622206,10.2444
25000,2,0.622324,10.2536
25000,2,0.622797,10.2448
25000,2,0.622197,10.2334
25000,2,0.621996,10.2207
25000,2,0.622046,10.2239
25000,2,0.624209,10.2785
25000,2,0.623033,10.2789
25000,2,0.622316,10.2227
25000,2,0.621973,10.2401
25000,2,0.62267,10.2656
25000,2,0.623193,10.2799
25000,2,0.62205,10.2328
25000,2,0.62265,10.2551
25000,2,0.62274,10.2565
25000,2,0.621946,10.4697
25000,2,0.622432,10.2315
25000,2,0.621923,10.2237
25000,2,0.623126,10.2794
25000,2,0.622489,10.2582
25000,2,0.622126,10.2408
25000,2,0.621816,10.2276
25000,2,0.622489,10.2661
25000,2,0.621971,10.2347
25000,2,0.623215,10.2588
25000,2,0.622553,10.2489
25000,2,0.622237,10.2353
25000,2,0.622293,10.2575
25000,2,0.622004,10.2362
25000,2,0.621986,10.2514
25000,2,0.622571,10.2519
25000,2,0.622049,10.2182
25000,2,0.62243,10.2578
25000,2,0.622257,10.2463
25000,2,0.622035,10.2434
25000,2,0.621898,10.2357
25000,2,0.622236,10.2358
25000,2,0.622174,10.2317
25000,2,0.622111,10.2442
25000,2,0.622599,10.2617
25000,2,0.622212,10.2563
25000,2,0.622007,10.2258
25000,2,0.623334,11.3086
25000,2,0.622802,11.1
25000,2,0.622806,10.9807
25000,2,0.62212,10.2315
25000,2,0.623001,10.9774
25000,2,0.622181,10.2726
25000,2,0.622284,10.2464
25000,2,0.623232,10.2852
25000,2,0.622338,10.2391
25000,2,0.622497,10.2724
25000,2,0.623705,10.439
25000,2,0.622191,10.3534
25000,2,0.622792,10.2791
25000,2,0.621894,10.2251
25000,2,0.622352,10.2408
25000,2,0.622073,10.2459
25000,2,0.622795,10.2563
25000,2,0.622626,10.2338
25000,2,0.622201,10.2502
25000,2,0.622289,10.2606
25000,2,0.624756,10.3142
25000,2,0.622649,10.2527
25000,2,0.622307,10.239
25000,2,0.622026,10.2503
25000,2,0.622122,10.2432
25000,2,0.622917,10.2884
25000,2,0.6221,10.2533
25000,2,0.621904,10.2276
25000,2,0.622629,10.2515
25000,2,0.622666,10.2705
25000,2,0.622487,10.263
25000,2,0.622141,10.2223
25000,2,0.622397,10.2652
25000,2,0.622466,10.3086
25000,2,0.621806,10.2304
25000,2,0.623328,10.2885
25000,2,0.622436,10.267
25000,2,0.623073,10.2937
25000,2,0.62337,10.2698
25000,2,0.622247,10.2131
25000,2,0.622517,10.2574
25000,2,0.622454,10.2481
25000,2,0.622098,10.2281
25000,2,0.622321,10.2641
25000,2,0.623083,10.2727
25000,2,0.621891,10.2265
25000,2,0.622392,10.2675
25000,2,0.622024,10.2203
25000,2,0.623932,10.8382
25000,2,0.622859,10.2732
25000,2,0.622321,10.2411
25000,2,0.622179,10.263
25000,2,0.622072,10.4118
25000,2,0.622961,11.0883
25000,2,0.622486,11.099
25000,2,0.62302,10.4579
25000,2,0.623777,10.3055
25000,2,0.621926,10.2392
25000,2,0.622555,10.252
25000,2,0.622105,10.2402
25000,2,0.622453,10.2638
25000,3,0.4152,8.33354
25000,3,0.415702,8.58982
25000,3,0.415321,8.5778
25000,3,0.41516,8.49162
25000,3,0.415061,8.52891
25000,3,0.415185,8.56583
25000,3,0.414899,8.52
25000,3,0.415227,8.60935
25000,3,0.415578,8.58347
25000,3,0.416894,8.69395
25000,3,0.415916,8.62516
25000,3,0.41498,8.62357
25000,3,0.415095,8.59928
25000,3,0.416245,8.62827
25000,3,0.41501,8.48747
25000,3,0.41512,8.53391
25000,3,0.415214,8.58353
25000,3,0.415262,8.56431
25000,3,0.414962,8.50559
25000,3,0.414932,8.55302
25000,3,0.415233,8.57792
25000,3,0.415923,8.63657
25000,3,0.415063,8.50712
25000,3,0.416339,8.66703
25000,3,0.415026,8.53806
25000,3,0.415094,8.43699
25000,3,0.414905,8.60191
25000,3,0.414967,8.60386
25000,3,0.415237,8.59056
25000,3,0.415129,8.57096
25000,3,0.415171,8.57438
25000,3,0.415172,8.50938
25000,3,0.415341,8.60526
25000,3,0.415458,8.6193
25000,3,0.414866,8.54319
25000,3,0.41507,8.57218
25000,3,0.41489,8.5543
25000,3,0.415858,8.7443
25000,3,0.415074,8.52519
25000,3,0.414992,8.5839
25000,3,0.415007,8.57572
25000,3,0.417078,8.68662
25000,3,0.415272,8.56742
25000,3,0.415138,8.56413
25000,3,0.415096,8.56962
25000,3,0.415147,8.53422
25000,3,0.414784,8.55405
25000,3,0.415085,8.63676
25000,3,0.41534,8.63444
25000,3,0.414894,8.51463
25000,3,0.414953,8.51328
25000,3,0.415867,8.6536
25000,3,0.414956,8.62687
25000,3,0.414986,8.74046
25000,3,0.415155,8.58073
25000,3,0.415408,8.59837
25000,3,0.41461,8.51395
25000,3,0.415771,8.60288
25000,3,0.415271,8.60374
25000,3,0.41516,9.23643
25000,3,0.414944,8.50687
25000,3,0.414885,8.54978
25000,3,0.414892,8.5615
25000,3,0.415192,8.59721
25000,3,0.415148,8.70145
25000,3,0.415268,8.56553
25000,3,0.4162,8.83164
25000,3,0.415006,8.94541
25000,3,0.414675,8.88187
25000,3,0.41677,9.04624
25000,3,0.414741,8.53721
25000,3,0.415062,8.53617
25000,3,0.414983,8.53519
25000,3,0.415261,8.56913
25000,3,0.415684,8.56516
25000,3,0.414709,8.49552
25000,3,0.415239,8.58299
25000,3,0.415766,8.61216
25000,3,0.415318,9.29398
25000,3,0.415842,10.4357
25000,3,0.415015,9.28464
25000,3,0.414832,8.5015
25000,3,0.414987,8.55522
25000,3,0.415551,8.80137
25000,3,0.415015,8.50364
25000,3,0.416486,8.64433
25000,3,0.415041,8.49784
25000,3,0.415018,8.50694
25000,3,0.415069,8.54551
25000,3,0.415623,8.59452
25000,3,0.414975,8.56522
25000,3,0.415076,8.58531
25000,3,0.415202,8.57993
25000,3,0.416591,8.81937
25000,3,0.416379,8.68583
25000,3,0.414933,8.59171
25000,3,0.415069,8.57584
25000,3,0.416497,8.63108
25000,3,0.414854,8.54057
25000,3,0.415363,8.60062
25000,3,0.414803,8.48039
25000,3,0.41495,8.54966
25000,3,0.415188,8.525
25000,3,0.414825,8.676
25000,3,0.415487,8.66459
25000,3,0.41573,8.60593
25000,3,0.414747,8.46433
25000,3,0.415985,8.61833
25000,3,0.414753,8.46269
25000,3,0.415049,8.52708
25000,3,0.41497,8.51859
25000,3,0.415372,8.58158
25000,3,0.414833,8.51902
25000,3,0.416558,8.6768
25000,3,0.415021,8.54728
25000,3,0.415632,8.61869
25000,3,0.415109,8.51634
25000,3,0.414909,8.54636
25000,3,0.415201,8.65647
25000,3,0.414972,8.48484
25000,3,0.414737,8.51206
25000,3,0.416694,8.61192
25000,3,0.416138,8.6207
25000,3,0.415021,8.57316
25000,3,0.415031,8.55375
25000,3,0.417294,8.94627
25000,3,0.415036,8.49455
25000,3,0.415448,8.56303
25000,3,0.414866,8.48985
25000,3,0.415222,8.61711
25000,3,0.414936,8.51689
25000,3,0.415231,8.59232
25000,3,0.415297,8.64689
25000,3,0.415,8.50266
25000,3,0.415407,8.56559
25000,3,0.415304,8.5344
25000,3,0.414838,8.49638
25000,3,0.414933,8.49406
25000,3,0.415021,8.5449
25000,3,0.415207,8.6182
25000,3,0.414738,8.47672
25000,3,0.415897,8.64835
25000,3,0.415336,8.64915
25000,3,0.414937,8.51969
25000,3,0.415178,8.62675
25000,3,0.415174,8.81431
25000,3,0.415007,8.91441
25000,3,0.415251,8.87052
25000,3,0.41487,8.83915
25000,3,0.416516,8.99009
25000,3,0.416259,8.7374
25000,3,0.415071,8.54392
25000,3,0.415215,8.60325
25000,3,0.416829,8.67966
25000,3,0.414873,8.52903
25000,3,0.415438,8.48313
25000,3,0.415117,8.57816
25000,3,0.414883,8.48686
25000,3,0.415041,8.52818
25000,3,0.415325,8.63499
25000,3,0.415303,8.60288
25000,3,0.415802,8.57707
25000,3,0.414914,8.47648
25000,3,0.416259,8.58402
25000,3,0.414899,8.53141
25000,3,0.41481,8.48466
25000,3,0.414892,8.51139
25000,3,0.414717,8.54508
25000,3,0.414973,8.53605
25000,3,0.415899,8.637
25000,3,0.415362,8.58811
25000,3,0.415193,8.5734
25000,3,0.414932,8.54551
25000,3,0.414975,8.5319
25000,3,0.414887,8.53599
25000,3,0.415226,8.62132
25000,3,0.414549,8.46958
25000,3,0.416911,8.66593
25000,3,0.415027,8.52689
25000,3,0.414919,8.52085
25000,3,0.415027,8.56461
25000,3,0.416864,8.68553
25000,3,0.414745,8.53629
25000,3,0.416056,8.65177
25000,3,0.414981,8.50675
25000,3,0.41487,8.5023
25000,3,0.414804,8.4932
25000,3,0.414997,8.5875
25000,3,0.415041,8.54752
25000,3,0.415139,8.51389
25000,3,0.41574,8.54838
25000,3,0.415275,8.5695
25000,3,0.414737,8.53855
25000,3,0.414959,8.49357
25000,3,0.414944,8.59794
25000,3,0.415104,8.58555
25000,3,0.414803,8.57505
25000,3,0.41515,8.83091
25000,3,0.415412,8.59391
25000,3,0.415164,8.53129
25000,3,0.41518,8.62602
25000,3,0.415124,8.58054
25000,3,0.414921,8.51341
25000,3,0.415112,8.87919
25000,3,0.415081,8.70268
25000,3,0.416372,8.69309
25000,3,0.416127,8.79496
25000,3,0.414768,8.51438
25000,3,0.414965,8.56498
25000,3,0.417054,8.68595
25000,3,0.414643,8.48075
25000,3,0.415182,8.53867
25000,3,0.415206,8.59202
25000,3,0.415074,8.70194
25000,3,0.414908,8.5358
25000,3,0.414851,8.56339
25000,3,0.415053,8.53141
25000,3,0.414978,8.50742
25000,3,0.415868,8.62217
25000,3,0.415013,8.49546
25000,3,0.414665,8.48533
25000,3,0.414858,8.48039
25000,3,0.414838,8.55943
25000,3,0.414987,8.56638
25000,3,0.414986,8.81638
25000,3,0.415844,8.99247
25000,3,0.415536,8.98148
25000,3,0.415279,8.92002
25000,3,0.414985,8.54838
25000,3,0.4156,8.59544
25000,3,0.415157,8.64066
25000,3,0.414817,8.48515
25000,3,0.414964,8.51737
25000,3,0.416107,8.64024
25000,3,0.414964,8.48899
25000,3,0.415056,8.572
25000,3,0.414858,8.57157
25000,3,0.415945,8.63834
25000,3,0.415124,8.53086
25000,3,0.41487,8.4904
25000,3,0.415143,8.62962
25000,3,0.415217,8.61979
25000,3,0.415172,8.58384
25000,3,0.414584,8.5496
25000,3,0.414804,8.53245
25000,3,0.41558,8.53599
25000,3,0.415183,8.50981
25000,3,0.416101,8.62394
25000,3,0.415005,8.49577
25000,3,0.415015,8.48808
25000,4,0.311391,6.61888
25000,4,0.311558,6.81865
25000,4,0.311701,6.84568
25000,4,0.311098,6.66441
25000,4,0.311243,6.79155
25000,4,0.311162,6.65416
25000,4,0.311215,6.6602
25000,4,0.311275,6.731
25000,4,0.310998,6.64433
25000,4,0.31153,6.77672
25000,4,0.311532,6.8156
25000,4,0.311101,6.61497
25000,4,0.311204,6.7827
25000,4,0.312756,6.84764
25000,4,0.311092,6.63011
25000,4,0.311142,6.68858
25000,4,0.311393,6.89818
25000,4,0.311101,6.6992
25000,4,0.31131,6.69597
25000,4,0.31115,6.82139
25000,4,0.31113,6.71599
25000,4,0.311833,6.77873
25000,4,0.311737,6.7559
25000,4,0.311546,6.75383
25000,4,0.311117,6.68675
25000,4,0.311326,6.66337
25000,4,0.311961,7.05125
25000,4,0.311179,6.79185
25000,4,0.311032,6.68669
25000,4,0.311953,6.81206
25000,4,0.311119,6.68583
25000,4,0.312055,6.85075
25000,4,0.311302,6.71885
25000,4,0.311544,6.76133
25000,4,0.311216,6.68406
25000,4,0.31119,6.65019
25000,4,0.311122,6.67711
25000,4,0.311453,6.74827
25000,4,0.311501,6.83684
25000,4,0.311097,6.71519
25000,4,0.311496,6.82762
25000,4,0.311556,6.84337
25000,4,0.311196,6.64012
25000,4,0.311245,6.72203
25000,4,0.311489,6.81474
25000,4,0.311495,6.76872
25000,4,0.31135,6.83714
25000,4,0.311258,6.84074
25000,4,0.31115,6.71641
25000,4,0.311276,6.69847
25000,4,0.311129,6.63267
25000,4,0.311546,6.81529
25000,4,0.311268,6.74284
25000,4,0.311219,6.68748
25000,4,0.311001,6.83537
25000,4,0.311155,6.81804
25000,4,0.310999,6.66466
25000,4,0.311254,6.72386
25000,4,0.311452,6.83262
25000,4,0.311348,6.83165
25000,4,0.311059,6.70988
25000,4,0.311611,6.87181
25000,4,0.311171,7.9011
25000,4,0.311229,7.92369
25000,4,0.311244,7.92057
25000,4,0.312009,8.19029
25000,4,0.311602,7.02592
25000,4,0.311378,7.04063
25000,4,0.311192,6.92564
25000,4,0.311618,7.08751
25000,4,0.311542,7.34574
25000,4,0.312458,8.08433
25000,4,0.31135,7.29417
25000,4,0.311358,7.04716
25000,4,0.311216,7.01707
25000,4,0.311134,7.08238
25000,4,0.311032,6.7946
25000,4,0.311867,6.79625
25000,4,0.311621,6.8184
25000,4,0.311376,6.76042
25000,4,0.311318,6.76658
25000,4,0.311228,6.67595
25000,4,0.311017,6.8029
25000,4,0.311007,6.75895
25000,4,0.311159,6.74461
25000,4,0.311962,6.81657
25000,4,0.311346,6.78477
25000,4,0.31177,6.86522
25000,4,0.311265,6.7072
25000,4,0.311362,6.73894
25000,4,0.311288,6.75139
25000,4,0.311296,6.95414
25000,4,0.311189,6.81639
25000,4,0.311369,6.79796
25000,4,0.311379,6.7769
25000,4,0.311237,6.79851
25000,4,0.311144,6.78019
25000,4,0.312415,6.86284
25000,4,0.311108,6.68382
25000,4,0.311492,6.79417
25000,4,0.311396,6.84587
25000,4,0.311254,6.72801
25000,4,0.311235,6.76158
25000,4,0.311145,6.83488
25000,4,0.3112,6.8192
25000,4,0.311529,6.71678
25000,4,0.311492,6.78325
25000,4,0.311835,6.8336
25000,4,0.311024,6.66972
25000,4,0.311527,6.79417
25000,4,0.311105,6.82994
25000,4,0.311138,6.75566
25000,4,0.311232,6.76213
25000,4,0.311404,6.75371
25000,4,0.311437,6.83952
25000,4,0.311275,6.79014
25000,4,0.311123,6.76268
25000,4,0.311314,6.74089
25000,4,0.311324,6.79344
25000,4,0.31126,6.70799
25000,4,0.311064,6.71324
25000,4,0.311424,6.81907
25000,4,0.311961,7.10954
25000,4,0.311132,6.78813
25000,4,0.311168,6.79124
25000,4,0.312108,6.82011
25000,4,0.311156,6.68919
25000,4,0.311148,6.64012
25000,4,0.31123,6.83891
25000,4,0.311311,6.73045
25000,4,0.311248,6.81535
25000,4,0.311143,7.43016
25000,4,0.311038,7.07255
25000,4,0.311721,7.09532
25000,4,0.311691,7.06199
25000,4,0.311878,7.07408
25000,4,0.311101,6.70195
25000,4,0.311489,6.79655
25000,4,0.311151,6.85405
25000,4,0.311169,6.76774
25000,4,0.311001,6.72661
25000,4,0.311246,6.74589
25000,4,0.311558,6.83879
25000,4,0.31162,6.83592
25000,4,0.311078,6.70988
25000,4,0.311571,6.74492
25000,4,0.311246,6.71324
25000,4,0.311238,6.8101
25000,4,0.311096,6.76115
25000,4,0.311329,6.76024
25000,4,0.311796,7.02452
25000,4,0.311204,6.82853
25000,4,0.311121,6.80662
25000,4,0.311137,6.77348
25000,4,0.311255,6.67204
25000,4,0.311176,6.7454
25000,4,0.311266,6.80113
25000,4,0.31124,6.72392
25000,4,0.311531,6.84831
25000,4,0.31123,6.84507
25000,4,0.310973,6.80864
25000,4,0.311159,6.67387
25000,4,0.31139,6.86265
25000,4,0.311901,6.89738
25000,4,0.311245,6.74998
25000,4,0.31158,6.78538
25000,4,0.311049,6.85411
25000,4,0.311559,7.01463
25000,4,0.311052,6.73643
25000,4,0.311256,6.75255
25000,4,0.311108,6.77537
25000,4,0.311428,6.82145
25000,4,0.311044,6.71013
25000,4,0.311635,6.86101
25000,4,0.311183,6.75163
25000,4,0.311084,6.68046
25000,4,0.311235,7.00303
25000,4,0.311586,7.06163
25000,4,0.311221,7.01823
25000,4,0.311185,7.06053
25000,4,0.311161,7.01011
25000,4,0.311861,7.14903
25000,4,0.311212,6.96336
25000,4,0.311133,6.69908
25000,4,0.311343,6.78252
25000,4,0.311171,6.66881
25000,4,0.311314,6.75981
25000,4,0.311008,6.85405
25000,4,0.31121,6.82365
25000,4,0.311786,6.78843
25000,4,0.311754,6.84172
25000,4,0.311768,6.85228
25000,4,0.311227,6.73942
25000,4,0.311006,6.67558
25000,4,0.311086,6.8029
25000,4,0.311204,6.80119
25000,4,0.311006,6.69816
25000,4,0.311311,6.74479
25000,4,0.311414,6.79234
25000,4,0.311474,6.81767
25000,4,0.311356,6.72886
25000,4,0.311687,6.77824
25000,4,0.311242,6.74888
25000,4,0.311295,6.78349
25000,4,0.31123,6.76896
25000,4,0.311922,6.84312
25000,4,0.311724,6.84019
25000,4,0.311183,6.73045
25000,4,0.310995,6.77519
25000,4,0.311287,6.77073
25000,4,0.311176,6.66221
25000,4,0.311129,6.66044
25000,4,0.311418,6.84788
25000,4,0.311402,6.83214
25000,4,0.311176,6.81834
25000,4,0.311044,6.84703
25000,4,0.311064,6.7866
25000,4,0.311658,6.78331
25000,4,0.311499,6.95073
25000,4,0.311224,6.88578
25000,4,0.311236,6.80894
25000,4,0.311595,6.80162
25000,4,0.311153,6.87089
25000,4,0.311079,6.82133
25000,4,0.311143,6.78428
25000,4,0.311997,6.84398
25000,4,0.311463,6.85313
25000,4,0.311603,6.83122
25000,4,0.311145,6.73814
25000,4,0.311889,6.7791
25000,4,0.311221,6.74003
25000,4,0.311195,6.69157
25000,4,0.311175,6.76194
25000,4,0.311778,6.81407
25000,4,0.311586,6.84196
25000,4,0.311039,6.71769
25000,4,0.311177,6.7863
25000,4,0.312323,6.80839
25000,4,0.311359,6.70878
25000,4,0.311096,6.74162
25000,4,0.311345,6.87138
25000,4,0.311705,6.9207
25000,4,0.311588,6.92161
25000,4,0.311149,6.84324
25000,4,0.312282,6.86943
25000,4,0.311355,6.74595
25000,4,0.31155,6.78325
25000,4,0.311253,6.77208
25000,4,0.311041,6.66124
25000,4,0.311751,6.78691
25000,5,0.255156,6.3914
25000,5,0.250606,6.50499
25000,5,0.252574,6.48228
25000,5,0.249655,6.41313
25000,5,0.251545,6.43437
25000,5,0.249173,6.37425
25000,5,0.24919,6.37004
25000,5,0.24906,6.74016
25000,5,0.253728,7.58378
25000,5,0.249716,7.61003
25000,5,0.250852,7.05821
25000,5,0.249272,6.5172
25000,5,0.249071,6.38145
25000,5,0.250029,6.44328
25000,5,0.249258,6.3676
25000,5,0.249051,6.37559
25000,5,0.249383,6.39146
25000,5,0.249967,6.43693
25000,5,0.251034,6.4973
25000,5,0.248843,6.34007
25000,5,0.248945,6.36955
25000,5,0.250102,6.40104
25000,5,0.249308,6.38554
25000,5,0.249764,6.39818
25000,5,0.248881,6.40611
25000,5,0.249047,6.34556
25000,5,0.250421,6.44163
25000,5,0.24924,6.42753
25000,5,0.249481,6.40703
25000,5,0.249534,6.4163
25000,5,0.249594,6.39549
25000,5,0.249579,6.38011
25000,5,0.252127,6.50859
25000,5,0.249923,6.4575
25000,5,0.250713,6.4774
25000,5,0.249191,6.38914
25000,5,0.249061,6.39586
25000,5,0.249649,6.4171
25000,5,0.249398,6.50316
25000,5,0.249087,6.56645
25000,5,0.248992,6.6458
25000,5,0.249451,6.56822
25000,5,0.25236,6.66368
25000,5,0.249192,6.5944
25000,5,0.249212,6.61149
25000,5,0.249117,6.38505
25000,5,0.249178,6.38969
25000,5,0.24891,6.38389
25000,5,0.249087,6.36467
25000,5,0.25047,6.50981
25000,5,0.251489,6.46397
25000,5,0.249446,6.41002
25000,5,0.248963,6.36088
25000,5,0.249095,6.3875
25000,5,0.248908,6.38658
25000,5,0.249185,6.41057
25000,5,0.249272,6.4182
25000,5,0.249485,6.41166
25000,5,0.2508,6.48961
25000,5,0.249512,6.42503
25000,5,0.249103,6.39622
25000,5,0.249165,6.38762
25000,5,0.249391,6.40196
25000,5,0.249122,6.39335
25000,5,0.249045,6.3715
25000,5,0.250192,6.47734
25000,5,0.251232,6.45732
25000,5,0.249135,6.38768
25000,5,0.249023,6.43877
25000,5,0.249821,6.47539
25000,5,0.249347,6.39714
25000,5,0.249144,6.41844
25000,5,0.249329,6.41368
25000,5,0.249335,6.41887
25000,5,0.249759,6.44652
25000,5,0.248869,6.38823
25000,5,0.249035,6.40379
25000,5,0.249444,6.3947
25000,5,0.249218,6.41289
25000,5,0.249452,6.39409
25000,5,0.24896,6.49669
25000,5,0.250669,6.61857
25000,5,0.248999,6.44115
25000,5,0.249087,6.56444
25000,5,0.249474,6.41838
25000,5,0.24946,6.42711
25000,5,0.249558,6.43449
25000,5,0.249464,6.39909
25000,5,0.249174,6.40971
25000,5,0.24938,6.40318
25000,5,0.24955,6.45177
25000,5,0.248994,6.39763
25000,5,0.254123,7.09538
25000,5,0.249653,6.44841
25000,5,0.249865,6.42723
25000,5,0.249186,6.39757
25000,5,0.248999,6.41801
25000,5,0.249468,6.39927
25000,5,0.249545,6.46348
25000,5,0.249051,6.39549
25000,5,0.249118,6.40849
25000,5,0.249287,6.39415
25000,5,0.249267,6.4373
25000,5,0.249031,6.39934
25000,5,0.249132,6.41234
25000,5,0.249783,6.42894
25000,5,0.24996,6.44176
25000,5,0.249646,6.43467
25000,5,0.249106,6.3925
25000,5,0.249,6.39293
25000,5,0.248974,6.38957
25000,5,0.249181,6.41966
25000,5,0.249289,6.40068
25000,5,0.249374,6.40507
25000,5,0.249557,6.42637
25000,5,0.249436,6.48961
25000,5,0.249124,6.38908
25000,5,0.249121,6.39201
25000,5,0.249231,6.41936
25000,5,0.249173,6.39146
25000,5,0.249184,6.41441
25000,5,0.250033,6.4691
25000,5,0.249325,6.40007
25000,5,0.249115,6.395
25000,5,0.251443,6.67082
25000,5,0.249461,6.43364
25000,5,0.249352,6.395
25000,5,0.249113,6.39458
25000,5,0.249217,6.41374
25000,5,0.249119,6.40452
25000,5,0.249314,6.43468
25000,5,0.250577,6.46428
25000,5,0.25113,6.52885
25000,5,0.249616,6.46348
25000,5,0.249218,6.4221
25000,5,0.249283,6.39238
25000,5,0.249108,6.41124
25000,5,0.249224,6.41887
25000,5,0.248887,6.39696
25000,5,0.249215,6.43205
25000,5,0.249343,6.4268
25000,5,0.249711,6.41673
25000,5,0.250319,6.46214
25000,5,0.249624,6.43193
25000,5,0.249063,6.3939
25000,5,0.249164,6.40343
25000,5,0.249216,6.46208
25000,5,0.249172,6.3939
25000,5,0.249182,6.41008
25000,5,0.24974,6.41295
25000,5,0.249546,6.48393
25000,5,0.249137,6.40123
25000,5,0.249634,6.44511
25000,5,0.249582,6.43132
25000,5,0.249479,6.39616
25000,5,0.249187,6.4254
25000,5,0.249207,6.42998
25000,5,0.249193,6.39354
25000,5,0.249578,6.40178
25000,5,0.248912,6.38969
25000,5,0.249111,6.4445
25000,5,0.249502,6.40544
25000,5,0.249178,6.41984
25000,5,0.249557,6.40581
25000,5,0.248976,6.40501
25000,5,0.249136,6.42296
25000,5,0.248865,6.39354
25000,5,0.249022,6.39873
25000,5,0.249392,6.41105
25000,5,0.249608,6.49772
25000,5,0.249438,6.66325
25000,5,0.249579,6.63963
25000,5,0.249152,6.65544
25000,5,0.24925,6.59868
25000,5,0.249105,6.60557
25000,5,0.249062,6.59892
25000,5,0.249087,6.60063
25000,5,0.249673,6.56822
25000,5,0.249472,6.48161
25000,5,0.249131,6.39421
25000,5,0.248967,6.39409
25000,5,0.249539,6.4063
25000,5,0.249375,6.39384
25000,5,0.249131,6.39409
25000,5,0.249293,6.44523
25000,5,0.249068,6.39635
25000,5,0.249112,6.41905
25000,5,0.251644,6.48454
25000,5,0.249025,6.40379
25000,5,0.249365,6.42949
25000,5,0.249404,6.40153
25000,5,0.249884,6.42796
25000,5,0.249043,6.39586
25000,5,0.249125,6.39567
25000,5,0.248883,6.3997
25000,5,0.253305,6.60887
25000,5,0.249415,6.41197
25000,5,0.24953,6.44645
25000,5,0.249705,6.45183
25000,5,0.249482,6.41881
25000,5,0.249016,6.39464
25000,5,0.250918,6.7343
25000,5,0.24911,6.39702
25000,5,0.254038,6.60973
25000,5,0.249058,6.40477
25000,5,0.249648,6.43278
25000,5,0.249336,6.43669
25000,5,0.249225,6.40147
25000,5,0.249047,6.43376
25000,5,0.249569,6.47886
25000,5,0.249228,6.40562
25000,5,0.254668,6.64628
25000,5,0.250995,6.54307
25000,5,0.249235,6.39702
25000,5,0.249202,6.39482
25000,5,0.248881,6.41032
25000,5,0.249026,6.4005
25000,5,0.249546,6.4301
25000,5,0.249194,6.39567
25000,5,0.254921,6.65965
25000,5,0.249118,6.46354
25000,5,0.248994,6.40263
25000,5,0.248977,6.39537
25000,5,0.24925,6.44823
25000,5,0.249374,6.46037
25000,5,0.24962,6.45854
25000,5,0.249402,6.42503
25000,5,0.256125,6.62773
25000,5,0.249059,6.40166
25000,5,0.249222,6.39982
25000,5,0.249068,6.41264
25000,5,0.249084,6.39281
25000,5,0.249009,6.41765
25000,5,0.249818,6.45238
25000,5,0.24927,6.40959
25000,5,0.25312,6.58635
25000,5,0.249152,6.45561
25000,5,0.249371,6.42888
25000,5,0.249196,6.40855
25000,5,0.249123,6.42076
25000,5,0.249261,6.41807
25000,5,0.249262,6.47117
25000,5,0.24932,6.41545
25000,5,0.251379,6.48369
25000,5,0.249246,6.40507
25000,5,0.256612,6.62456
25000,5,0.249258,6.40275
25000,5,0.249914,6.44139
25000,5,0.248912,6.40459
25000,5,0.249075,6.40037
25000,6,0.218472,5.63847
25000,6,0.209206,5.61296
25000,6,0.208899,5.5963
25000,6,0.209095,5.61089
25000,6,0.207673,5.56834
25000,6,0.208144,5.53734
25000,6,0.208611,5.61217
25000,6,0.20753,5.46587
25000,6,0.208149,5.53703
25000,6,0.207929,5.54826
25000,6,0.207783,5.56426
25000,6,0.207821,5.55889
25000,6,0.207576,5.52831
25000,6,0.207531,5.54326
25000,6,0.208765,5.59544
25000,6,0.207717,5.52489
25000,6,0.207515,5.5136
25000,6,0.207712,5.53258
25000,6,0.207913,5.57994
25000,6,0.2075,5.53923
25000,6,0.208916,5.60429
25000,6,0.207725,5.53142
25000,6,0.21857,5.85356
25000,6,0.207642,5.51634
25000,6,0.207502,5.5786
25000,6,0.207993,5.62413
25000,6,0.20781,5.55864
25000,6,0.208639,5.62071
25000,6,0.208561,5.60497
25000,6,0.212275,5.67693
25000,6,0.2077,5.57512
25000,6,0.216114,5.8466
25000,6,0.20747,5.48674
25000,6,0.207891,5.55699
25000,6,0.207555,5.57042
25000,6,0.207662,5.51177
25000,6,0.20804,5.59532
25000,6,0.207594,5.54015
25000,6,0.207947,5.57213
25000,6,0.208122,5.56822
25000,6,0.207859,5.57506
25000,6,0.208824,5.60643
25000,6,0.208239,5.56096
25000,6,0.207786,5.56444
25000,6,0.207547,5.56243
25000,6,0.207476,5.51543
25000,6,0.207546,5.53111
25000,6,0.216596,5.82048
25000,6,0.209944,5.67528
25000,6,0.20855,5.61083
25000,6,0.219264,5.95006
25000,6,0.208045,5.56291
25000,6,0.20762,5.51775
25000,6,0.207701,5.57836
25000,6,0.208285,5.57933
25000,6,0.208484,5.58598
25000,6,0.207506,5.56792
25000,6,0.208866,5.63432
25000,6,0.214007,5.8051
25000,6,0.20771,5.55211
25000,6,0.20751,5.56706
25000,6,0.208375,5.75774
25000,6,0.207589,5.72496
25000,6,0.207459,5.65947
25000,6,0.207553,5.71581
25000,6,0.208391,5.82585
25000,6,0.208289,5.78831
25000,6,0.208725,5.76946
25000,6,0.207898,5.58788
25000,6,0.207451,5.54503
25000,6,0.208188,5.57866
25000,6,0.207461,5.52696
25000,6,0.207482,5.54509
25000,6,0.208474,5.59801
25000,6,0.207767,5.58275
25000,6,0.207436,5.55223
25000,6,0.207434,5.57207
25000,6,0.20869,5.61162
25000,6,0.215703,5.75346
25000,6,0.20821,5.57909
25000,6,0.207574,5.50987
25000,6,0.207511,5.53734
25000,6,0.212875,5.7733
25000,6,0.207347,5.57597
25000,6,0.207677,5.72063
25000,6,0.216737,5.9915
25000,6,0.207493,5.5479
25000,6,0.208589,5.60875
25000,6,0.207496,5.54387
25000,6,0.207941,5.58763
25000,6,0.207443,5.55339
25000,6,0.207676,5.52586
25000,6,0.207857,5.58653
25000,6,0.207532,5.57134
25000,6,0.207594,5.53075
25000,6,0.207834,5.5504
25000,6,0.207406,5.562
25000,6,0.207402,5.57512
25000,6,0.207977,5.57628
25000,6,0.207791,6.22087
25000,6,0.207481,5.71379
25000,6,0.208286,5.83501
25000,6,0.207804,5.78984
25000,6,0.20835,5.83842
25000,6,0.207514,5.77525
25000,6,0.208575,5.87059
25000,6,0.208066,5.62242
25000,6,0.208363,5.57976
25000,6,0.207585,5.56914
25000,6,0.207713,5.59111
25000,6,0.20866,5.61473
25000,6,0.207529,5.56505
25000,6,0.208386,5.59032
25000,6,0.222637,6.10002
25000,6,0.208242,5.58727
25000,6,0.207855,5.56102
25000,6,0.207986,5.60393
25000,6,0.207414,5.56987
25000,6,0.20792,5.58604
25000,6,0.207451,5.53069
25000,6,0.207589,5.5548
25000,6,0.207712,5.57329
25000,6,0.207584,5.55595
25000,6,0.207614,5.5764
25000,6,0.207647,5.5548
25000,6,0.209013,5.61681
25000,6,0.207796,5.56639
25000,6,0.208892,5.62084
25000,6,0.207889,5.57939
25000,6,0.207579,5.52232
25000,6,0.207576,5.57701
25000,6,0.207631,5.57512
25000,6,0.20767,5.57836
25000,6,0.207566,5.53179
25000,6,0.207638,5.5526
25000,6,0.208557,5.64299
25000,6,0.207689,5.65489
25000,6,0.212165,5.73515
25000,6,0.208331,5.66924
25000,6,0.207624,5.55638
25000,6,0.207439,5.54643
25000,6,0.209057,5.66466
25000,6,0.207538,5.58379
25000,6,0.209251,5.645
25000,6,0.207441,5.57066
25000,6,0.208815,5.61937
25000,6,0.207737,5.61882
25000,6,0.207645,5.64452
25000,6,0.207711,5.5493
25000,6,0.207486,5.57408
25000,6,0.207726,5.58031
25000,6,0.208134,5.58904
25000,6,0.207477,5.56017
25000,6,0.20889,5.61076
25000,6,0.207461,5.52074
25000,6,0.207859,5.54985
25000,6,0.208593,5.60924
25000,6,0.207868,5.58574
25000,6,0.207836,5.57579
25000,6,0.208163,5.64519
25000,6,0.207472,5.5493
25000,6,0.208009,5.57268
25000,6,0.209585,5.67815
25000,6,0.207439,5.54869
25000,6,0.207599,5.53484
25000,6,0.2075,5.57207
25000,6,0.207737,5.593
25000,6,0.208728,5.65935
25000,6,0.207622,5.54625
25000,6,0.207824,5.55589
25000,6,0.207632,5.55876
25000,6,0.208274,5.61424
25000,6,0.207533,5.53233
25000,6,0.207546,5.54753
25000,6,0.207466,5.58238
25000,6,0.20771,5.56676
25000,6,0.207707,5.55071
25000,6,0.20745,5.55022
25000,6,0.207818,5.57195
25000,6,0.207504,5.5612
25000,6,0.207564,5.54375
25000,6,0.208536,5.63695
25000,6,0.207913,5.57536
25000,6,0.208077,5.56175
25000,6,0.207485,5.57304
25000,6,0.207526,5.58135
25000,6,0.207478,5.54521
25000,6,0.207714,5.59007
25000,6,0.207487,5.57658
25000,6,0.207575,5.55815
25000,6,0.211816,5.70024
25000,6,0.20817,5.5822
25000,6,0.207587,5.55724
25000,6,0.207651,5.55705
25000,6,0.207531,5.58629
25000,6,0.207845,5.62212
25000,6,0.207438,5.57543
25000,6,0.208176,5.58952
25000,6,0.208171,5.58043
25000,6,0.207557,5.56627
25000,6,0.207556,5.56243
25000,6,0.208162,5.59337
25000,6,0.207581,5.59447
25000,6,0.207542,5.52367
25000,6,0.207526,5.55327
25000,6,0.207517,5.57402
25000,6,0.207924,5.56828
25000,6,0.207512,5.54741
25000,6,0.207671,5.5432
25000,6,0.207474,5.55522
25000,6,0.207685,5.58269
25000,6,0.207522,5.53252
25000,6,0.208203,5.58012
25000,6,0.207626,5.55534
25000,6,0.207605,5.55248
25000,6,0.20788,5.59563
25000,6,0.207508,5.54967
25000,6,0.207718,5.58073
25000,6,0.218556,6.10551
25000,6,0.207691,5.68327
25000,6,0.207653,5.68321
25000,6,0.207526,5.7307
25000,6,0.208363,5.8322
25000,6,0.208625,5.8134
25000,6,0.207364,5.70207
25000,6,0.208948,5.84215
25000,6,0.207487,5.58385
25000,6,0.20758,5.5421
25000,6,0.207568,5.6989
25000,6,0.208528,5.79845
25000,6,0.20893,5.62163
25000,6,0.207802,5.54662
25000,6,0.207761,5.55895
25000,6,0.207566,5.55534
25000,6,0.20757,5.56426
25000,6,0.207449,5.57188
25000,6,0.207475,5.54308
25000,6,0.207518,5.57823
25000,6,0.208025,5.5775
25000,6,0.209206,5.68565
25000,6,0.207549,5.55754
25000,6,0.208152,5.61052
25000,6,0.207481,5.54533
25000,6,0.207968,5.62846
25000,6,0.207529,5.58312
25000,6,0.207994,5.58434
25000,6,0.20815,5.61327
25000,6,0.207563,5.56865
25000,6,0.207625,5.5872
25000,6,0.207471,5.6212
25000,7,0.184094,5.53795
25000,7,0.186404,5.80583
25000,7,0.178568,5.47197
25000,7,0.178457,5.48461
25000,7,0.178119,5.44286
25000,7,0.179166,5.55125
25000,7,0.177886,5.46104
25000,7,0.18174,5.6071
25000,7,0.185612,5.74431
25000,7,0.178801,5.53496
25000,7,0.18013,5.55925
25000,7,0.179079,5.53533
25000,7,0.178468,5.47472
25000,7,0.178432,5.49584
25000,7,0.177903,5.42015
25000,7,0.178652,5.51372
25000,7,0.177957,5.44988
25000,7,0.17886,5.50877
25000,7,0.178478,5.52196
25000,7,0.178391,5.51457
25000,7,0.177878,5.45622
25000,7,0.179084,5.49461
25000,7,0.178416,5.45909
25000,7,0.179268,5.5551
25000,7,0.177944,5.42418
25000,7,0.178557,5.50853
25000,7,0.178547,5.5493
25000,7,0.177882,5.4633
25000,7,0.179275,5.52471
25000,7,0.179348,5.53947
25000,7,0.178397,5.49437
25000,7,0.178941,5.53978
25000,7,0.17851,5.53593
25000,7,0.178673,5.51451
25000,7,0.178092,5.4876
25000,7,0.178188,5.49553
25000,7,0.180521,5.56773
25000,7,0.178296,5.48601
25000,7,0.177954,5.47466
25000,7,0.178512,5.51189
25000,7,0.178442,5.52544
25000,7,0.178256,5.48448
25000,7,0.177896,5.43822
25000,7,0.178256,5.51976
25000,7,0.178375,5.50401
25000,7,0.178754,5.5338
25000,7,0.178427,5.52831
25000,7,0.184623,5.71153
25000,7,0.178288,5.49443
25000,7,0.178435,5.50029
25000,7,0.177964,5.46684
25000,7,0.179368,5.51573
25000,7,0.177962,5.44957
25000,7,0.178158,5.51701
25000,7,0.18515,5.75237
25000,7,0.177903,5.49211
25000,7,0.180032,5.57817
25000,7,0.178981,5.61845
25000,7,0.178545,5.54997
25000,7,0.177902,5.48772
25000,7,0.177895,5.46306
25000,7,0.178704,5.53276
25000,7,0.177984,5.48046
25000,7,0.17789,5.45995
25000,7,0.177812,5.48296
25000,7,0.178282,5.50005
25000,7,0.1779,5.43834
25000,7,0.178499,5.51732
25000,7,0.178782,5.57689
25000,7,0.178475,5.52214
25000,7,0.177952,5.43675
25000,7,0.17861,5.52458
25000,7,0.178206,5.49822
25000,7,0.178475,5.50334
25000,7,0.17866,5.51183
25000,7,0.178292,5.5537
25000,7,0.181817,5.64372
25000,7,0.179163,5.55498
25000,7,0.177911,5.4716
25000,7,0.17862,5.5244
25000,7,0.178118,5.50749
25000,7,0.177902,5.47557
25000,7,0.178361,5.56639
25000,7,0.177806,5.47948
25000,7,0.178368,5.51402
25000,7,0.178348,5.49461
25000,7,0.178435,5.52501
25000,7,0.178092,5.48973
25000,7,0.178249,5.49388
25000,7,0.177991,5.46611
25000,7,0.180279,5.60313
25000,7,0.178898,5.58214
25000,7,0.17871,5.55266
25000,7,0.178607,5.53893
25000,7,0.178011,5.46855
25000,7,0.178643,5.54814
25000,7,0.177769,5.46532
25000,7,0.178025,5.48442
25000,7,0.17813,5.47893
25000,7,0.178657,5.5836
25000,7,0.178516,5.5526
25000,7,0.178008,5.48283
25000,7,0.178864,5.55614
25000,7,0.1783,5.54356
25000,7,0.178601,5.55333
25000,7,0.178093,5.47844
25000,7,0.178854,5.54967
25000,7,0.178446,5.50328
25000,7,0.18494,5.76799
25000,7,0.178082,5.48448
25000,7,0.17876,5.56401
25000,7,0.17784,5.47215
25000,7,0.177967,5.4799
25000,7,0.178836,5.54497
25000,7,0.178491,5.53697
25000,7,0.178611,5.53758
25000,7,0.178035,5.47258
25000,7,0.17792,5.47606
25000,7,0.17802,5.50554
25000,7,0.178417,5.51543
25000,7,0.180287,5.62065
25000,7,0.1818,5.69432
25000,7,0.179158,5.54857
25000,7,0.178001,5.5222
25000,7,0.178018,5.48045
25000,7,0.178353,5.5081
25000,7,0.177843,5.43041
25000,7,0.182351,5.70708
25000,7,0.177782,5.53294
25000,7,0.178919,5.62737
25000,7,0.178614,5.536
25000,7,0.178576,5.5725
25000,7,0.178,5.48839
25000,7,0.179203,5.62743
25000,7,0.178587,5.49504
25000,7,0.182083,5.747
25000,7,0.177824,5.46202
25000,7,0.177924,5.49022
25000,7,0.178691,5.55101
25000,7,0.178148,5.49407
25000,7,0.177928,5.48241
25000,7,0.178742,5.54735
25000,7,0.178167,5.63371
25000,7,0.181013,5.78911
25000,7,0.178349,5.54973
25000,7,0.178636,5.55284
25000,7,0.178059,5.65672
25000,7,0.178522,5.69774
25000,7,0.178378,5.68401
25000,7,0.178516,5.72569
25000,7,0.178975,5.71324
25000,7,0.178452,5.70787
25000,7,0.178161,5.68565
25000,7,0.178285,5.67937
25000,7,0.178634,5.70372
25000,7,0.178341,5.67131
25000,7,0.17797,5.46245
25000,7,0.180905,5.62279
25000,7,0.178939,5.53221
25000,7,0.178428,5.59416
25000,7,0.178126,6.04942
25000,7,0.177919,5.50371
25000,7,0.178994,5.56053
25000,7,0.178693,5.5305
25000,7,0.178078,5.51073
25000,7,0.178206,5.50871
25000,7,0.17863,5.58678
25000,7,0.17799,5.52
25000,7,0.178177,5.4951
25000,7,0.179,5.61571
25000,7,0.178225,5.55809
25000,7,0.178632,5.56865
25000,7,0.177846,5.45891
25000,7,0.178162,5.48387
25000,7,0.178553,5.56932
25000,7,0.178651,5.51518
25000,7,0.178327,5.54192
25000,7,0.178491,5.55827
25000,7,0.178885,5.56328
25000,7,0.178434,5.52098
25000,7,0.178048,5.52275
25000,7,0.178293,5.54772
25000,7,0.178028,5.46752
25000,7,0.178725,5.56798
25000,7,0.178243,5.51238
25000,7,0.178342,5.53423
25000,7,0.178078,5.49352
25000,7,0.178312,5.5808
25000,7,0.178536,5.52916
25000,7,0.179152,5.54692
25000,7,0.177851,5.46532
25000,7,0.17871,5.55772
25000,7,0.177826,5.50145
25000,7,0.187719,5.81041
25000,7,0.178619,5.5797
25000,7,0.178102,5.50725
25000,7,0.178416,5.54277
25000,7,0.178904,5.56059
25000,7,0.178534,5.54332
25000,7,0.182139,5.67961
25000,7,0.178346,5.50395
25000,7,0.178012,5.49578
25000,7,0.180321,5.63316
25000,7,0.177907,5.4738
25000,7,0.178708,5.5659
25000,7,0.178357,5.52513
25000,7,0.178125,5.5172
25000,7,0.178005,5.50005
25000,7,0.17781,5.46245
25000,7,0.178202,5.49199
25000,7,0.177823,5.46251
25000,7,0.17829,5.52843
25000,7,0.177909,5.64537
25000,7,0.178586,5.67265
25000,7,0.17906,6.26189
25000,7,0.178571,6.27598
25000,7,0.178252,6.3438
25000,7,0.177996,6.10393
25000,7,0.178148,5.8676
25000,7,0.178805,5.58019
25000,7,0.177876,5.48076
25000,7,0.177955,5.49632
25000,7,0.178717,5.593
25000,7,0.177909,5.49822
25000,7,0.178439,5.54442
25000,7,0.178966,5.72874
25000,7,0.178531,5.57475
25000,7,0.177897,5.46483
25000,7,0.178069,5.49236
25000,7,0.178048,5.49156
25000,7,0.177892,5.47728
25000,7,0.178412,5.51683
25000,7,0.177899,5.48827
25000,7,0.182254,5.73009
25000,7,0.179306,5.58605
25000,7,0.177926,5.4774
25000,7,0.17847,5.52739
25000,7,0.178148,5.49797
25000,7,0.177948,5.44902
25000,7,0.179836,5.57665
25000,7,0.177865,5.50548
25000,7,0.178604,5.57701
25000,7,0.178783,5.59886
25000,7,0.178673,5.61961
25000,7,0.177994,5.48796
25000,7,0.178271,5.52586
25000,7,0.178162,5.49223
25000,7,0.178624,5.5609
25000,7,0.181049,5.6494
25000,7,0.177861,5.50688
25000,8,0.15948,4.97869
25000,8,0.156121,4.96929
25000,8,0.155681,4.94176
25000,8,0.156839,5.02947
25000,8,0.155941,4.96031
25000,8,0.156099,4.93791
25000,8,0.156462,5.03673
25000,8,0.155832,4.93596
25000,8,0.155862,4.93303
25000,8,0.157432,5.03014
25000,8,0.156241,4.97594
25000,8,0.157464,5.20116
25000,8,0.155879,5.03008
25000,8,0.156074,4.97008
25000,8,0.156069,4.99828
25000,8,0.156967,5.0255
25000,8,0.15565,4.90654
25000,8,0.156519,4.96068
25000,8,0.156745,5.01811
25000,8,0.156729,5.01451
25000,8,0.155783,4.95421
25000,8,0.156329,4.95354
25000,8,0.157764,5.08074
25000,8,0.156233,4.94072
25000,8,0.155817,4.9287
25000,8,0.155903,4.93913
25000,8,0.162199,5.20391
25000,8,0.156076,4.94512
25000,8,0.155734,4.93145
25000,8,0.156003,4.9373
25000,8,0.155752,4.93352
25000,8,0.159316,5.07805
25000,8,0.155601,4.89836
25000,8,0.156101,4.97484
25000,8,0.15621,4.99578
25000,8,0.155995,4.94713
25000,8,0.155646,4.95281
25000,8,0.157435,5.03411
25000,8,0.155747,4.94237
25000,8,0.165196,5.2426
25000,8,0.160197,5.09581
25000,8,0.156175,4.94268
25000,8,0.155779,4.95439
25000,8,0.155684,4.94194
25000,8,0.155634,4.9345
25000,8,0.156354,5.0139
25000,8,0.155685,4.93975
25000,8,0.157109,5.06932
25000,8,0.155771,4.97148
25000,8,0.15597,4.95616
25000,8,0.156389,4.98558
25000,8,0.156878,5.0006
25000,8,0.155683,4.92839
25000,8,0.155882,4.96941
25000,8,0.156593,5.01421
25000,8,0.155896,4.94292
25000,8,0.155772,4.93468
25000,8,0.160729,5.15544
25000,8,0.155559,4.9392
25000,8,0.15579,4.95031
25000,8,0.157708,5.07793
25000,8,0.156235,4.98918
25000,8,0.156013,5.02324
25000,8,0.15575,4.93883
25000,8,0.155713,4.95445
25000,8,0.156651,5.08312
25000,8,0.155926,4.96184
25000,8,0.160766,5.12547
25000,8,0.155692,4.94664
25000,8,0.156735,5.25951
25000,8,0.156054,5.02312
25000,8,0.156009,4.96153
25000,8,0.155906,4.9453
25000,8,0.157649,5.0844
25000,8,0.156217,5.00945
25000,8,0.155937,4.99395
25000,8,0.155628,4.94255
25000,8,0.156146,5.00694
25000,8,0.155956,4.97185
25000,8,0.156074,4.95616
25000,8,0.15568,4.90044
25000,8,0.15592,4.97325
25000,8,0.160487,5.16429
25000,8,0.156386,5.02281
25000,8,0.156087,5.00884
25000,8,0.156282,4.96489
25000,8,0.156272,5.00835
25000,8,0.156185,4.96251
25000,8,0.155709,4.93651
25000,8,0.155578,4.94896
25000,8,0.156772,5.23753
25000,8,0.156309,5.16844
25000,8,0.155932,5.13426
25000,8,0.156604,5.21831
25000,8,0.156251,5.13903
25000,8,0.155697,5.12157
25000,8,0.164805,5.39494
25000,8,0.15609,5.12157
25000,8,0.155952,5.15489
25000,8,0.156128,5.06151
25000,8,0.155637,4.95067
25000,8,0.156531,5.05132
25000,8,0.156253,4.99162
25000,8,0.155719,4.95909
25000,8,0.1561,4.97454
25000,8,0.155938,4.92113
25000,8,0.155972,4.96507
25000,8,0.155622,4.90508
25000,8,0.155701,4.9475
25000,8,0.155739,4.96031
25000,8,0.155889,5.0092
25000,8,0.156151,4.98448
25000,8,0.156133,5.02074
25000,8,0.155885,4.98223
25000,8,0.156322,5.00682
25000,8,0.15625,4.98229
25000,8,0.157444,4.98918
25000,8,0.156277,4.98723
25000,8,0.155712,4.92711
25000,8,0.155874,4.93248
25000,8,0.155947,4.97356
25000,8,0.156302,5.00011
25000,8,0.155729,4.94194
25000,8,0.156591,5.02294
25000,8,0.156497,4.99614
25000,8,0.155991,4.93877
25000,8,0.156091,5.01811
25000,8,0.155785,4.95622
25000,8,0.156199,5.01879
25000,8,0.155638,4.93785
25000,8,0.155749,4.92436
25000,8,0.156423,5.05193
25000,8,0.156057,5.00047
25000,8,0.15661,4.98851
25000,8,0.155732,4.95183
25000,8,0.156327,5.00066
25000,8,0.15572,4.93474
25000,8,0.155895,4.98516
25000,8,0.15595,4.99162
25000,8,0.15625,5.06359
25000,8,0.1559,5.00755
25000,8,0.155751,4.97051
25000,8,0.15607,5.01702
25000,8,0.157303,5.05925
25000,8,0.155621,4.93913
25000,8,0.16433,5.21959
25000,8,0.155659,4.91094
25000,8,0.155734,4.96996
25000,8,0.155758,4.97222
25000,8,0.162601,5.23607
25000,8,0.156527,5.01982
25000,8,0.155958,4.97301
25000,8,0.155887,4.98876
25000,8,0.155959,4.98406
25000,8,0.155991,4.94914
25000,8,0.155627,4.9326
25000,8,0.155584,4.90502
25000,8,0.15635,4.98515
25000,8,0.155926,4.97417
25000,8,0.164317,5.304
25000,8,0.155659,5.0241
25000,8,0.155627,5.07549
25000,8,0.1565,5.05687
25000,8,0.157341,5.05229
25000,8,0.156085,4.98955
25000,8,0.155709,4.94072
25000,8,0.158885,5.0808
25000,8,0.156847,5.07482
25000,8,0.156071,4.99407
25000,8,0.155895,4.99077
25000,8,0.156753,5.03783
25000,8,0.156905,5.0529
25000,8,0.155629,4.93334
25000,8,0.156042,4.97832
25000,8,0.156333,5.03099
25000,8,0.156331,4.97856
25000,8,0.156469,5.06047
25000,8,0.156771,5.06053
25000,8,0.155659,4.90813
25000,8,0.15605,5.00792
25000,8,0.15621,4.96959
25000,8,0.155836,4.95207
25000,8,0.155591,4.9359
25000,8,0.156008,4.97008
25000,8,0.157188,5.03246
25000,8,0.155702,4.94512
25000,8,0.156122,5.03801
25000,8,0.156634,5.0501
25000,8,0.156045,5.00041
25000,8,0.156585,5.03777
25000,8,0.156101,4.96227
25000,8,0.157248,5.08489
25000,8,0.155892,4.95342
25000,8,0.155641,4.93584
25000,8,0.156965,5.06249
25000,8,0.156535,5.01378
25000,8,0.155829,5.01164
25000,8,0.155776,4.98815
25000,8,0.155648,4.95769
25000,8,0.155683,4.97209
25000,8,0.155652,4.90697
25000,8,0.157374,5.06706
25000,8,0.156239,5.0161
25000,8,0.155841,4.98595
25000,8,0.155965,4.99999
25000,8,0.156519,5.00774
25000,8,0.155995,4.98967
25000,8,0.155801,4.94365
25000,8,0.156111,5.00023
25000,8,0.155672,4.90782
25000,8,0.1563,5.04082
25000,8,0.156459,4.99419
25000,8,0.156171,5.00945
25000,8,0.156722,5.00261
25000,8,0.158357,5.05278
25000,8,0.15562,4.9619
25000,8,0.155717,4.97856
25000,8,0.155993,4.98131
25000,8,0.155662,4.95055
25000,8,0.155712,4.9157
25000,8,0.155895,4.93047
25000,8,0.155589,4.90673
25000,8,0.156132,5.0338
25000,8,0.155801,4.96581
25000,8,0.156018,4.9727
25000,8,0.156116,4.98351
25000,8,0.156632,5.04308
25000,8,0.156495,5.00041
25000,8,0.155976,4.98747
25000,8,0.156924,4.97777
25000,8,0.156522,5.05687
25000,8,0.155661,4.93773
25000,8,0.155609,4.95024
25000,8,0.156986,5.06926
25000,8,0.156575,5.00444
25000,8,0.155737,4.90776
25000,8,0.158003,5.08061
25000,8,0.156262,5.01073
25000,8,0.155712,4.97447
25000,8,0.159597,5.06804
25000,8,0.155672,4.93004
25000,8,0.156194,5.00548
25000,8,0.156616,5.01604
25000,8,0.163774,5.25072
25000,8,0.15603,5.05541
25000,8,0.156111,5.01238
25000,8,0.156148,4.96196
25000,8,0.15683,5.05864
25000,8,0.155628,4.9359
25000,8,0.155611,4.94872
25000,9,0.163918,5.59575
25000,9,0.175991,6.02824
25000,9,0.13879,5.00627
25000,9,0.138371,4.92064
25000,9,0.138616,4.9583
25000,9,0.138486,4.95787
25000,9,0.138307,4.92125
25000,9,0.138373,4.92534
25000,9,0.13848,4.92479
25000,9,0.138425,4.95751
25000,9,0.139525,5.24291
25000,9,0.142906,5.17406
25000,9,0.138506,4.94121
25000,9,0.138346,4.96605
25000,9,0.138428,4.91869
25000,9,0.139045,4.99675
25000,9,0.138594,4.97875
25000,9,0.139674,5.04399
25000,9,0.138931,4.9829
25000,9,0.139618,5.04259
25000,9,0.138728,4.9771
25000,9,0.139168,4.98461
25000,9,0.140537,5.07189
25000,9,0.139546,4.99657
25000,9,0.138772,4.97893
25000,9,0.141697,5.0869
25000,9,0.138886,4.99065
25000,9,0.13938,5.0388
25000,9,0.138293,4.93254
25000,9,0.138894,4.99681
25000,9,0.13902,4.99688
25000,9,0.138581,4.98802
25000,9,0.138586,5.03197
25000,9,0.139525,5.47478
25000,9,0.139122,5.03765
25000,9,0.13833,4.93627
25000,9,0.138918,5.00005
25000,9,0.138783,4.98003
25000,9,0.139227,4.99584
25000,9,0.139718,5.07939
25000,9,0.14065,5.07829
25000,9,0.13933,5.00609
25000,9,0.138759,4.94756
25000,9,0.138349,4.95513
25000,9,0.140008,5.06078
25000,9,0.138783,4.99883
25000,9,0.139384,5.04643
25000,9,0.138573,4.94841
25000,9,0.138448,4.96996
25000,9,0.138714,4.99822
25000,9,0.138403,4.91863
25000,9,0.138564,4.97563
25000,9,0.138435,4.92595
25000,9,0.138656,5.04241
25000,9,0.138609,5.16606
25000,9,0.139,5.18242
25000,9,0.139052,5.1939
25000,9,0.138343,5.10088
25000,9,0.13864,5.14891
25000,9,0.139684,5.1815
25000,9,0.13861,5.15349
25000,9,0.138879,5.15361
25000,9,0.138401,5.13658
25000,9,0.138644,5.1472
25000,9,0.139478,5.17217
25000,9,0.138669,5.12847
25000,9,0.138686,5.09764
25000,9,0.138632,5.01964
25000,9,0.13992,5.06835
25000,9,0.139955,5.04485
25000,9,0.138372,4.92559
25000,9,0.138535,4.97991
25000,9,0.138742,4.99822
25000,9,0.143337,5.15898
25000,9,0.138791,5.00029
25000,9,0.138669,5.0233
25000,9,0.138698,5.00731
25000,9,0.140382,5.05553
25000,9,0.138433,4.96209
25000,9,0.139739,5.08501
25000,9,0.138483,4.94054
25000,9,0.138787,4.99462
25000,9,0.139148,5.0479
25000,9,0.139067,5.03331
25000,9,0.139005,5.02965
25000,9,0.138977,5.04375
25000,9,0.139196,5.00884
25000,9,0.14028,5.10033
25000,9,0.138606,5.01366
25000,9,0.142182,5.09502
25000,9,0.13899,5.03838
25000,9,0.1384,4.97661
25000,9,0.13865,4.97441
25000,9,0.141182,5.10246
25000,9,0.13842,4.95055
25000,9,0.142324,5.1461
25000,9,0.138524,4.97161
25000,9,0.139892,5.0786
25000,9,0.138852,4.95153
25000,9,0.13857,4.9663
25000,9,0.138926,5.01018
25000,9,0.139766,5.17028
25000,9,0.139397,5.04058
25000,9,0.138729,4.97362
25000,9,0.138974,5.03368
25000,9,0.138932,5.01464
25000,9,0.138408,4.91875
25000,9,0.13911,5.00041
25000,9,0.138855,4.96746
25000,9,0.138465,5.00005
25000,9,0.141262,5.16203
25000,9,0.138878,4.97569
25000,9,0.13864,4.97148
25000,9,0.141957,5.09624
25000,9,0.138392,4.98363
25000,9,0.139066,5.00487
25000,9,0.138547,4.99718
25000,9,0.139406,5.02526
25000,9,0.138636,4.981
25000,9,0.138505,4.95732
25000,9,0.138636,4.96507
25000,9,0.138423,4.97966
25000,9,0.138529,4.9782
25000,9,0.1387,5.00347
25000,9,0.138628,4.97624
25000,9,0.139117,5.03691
25000,9,0.13971,5.01293
25000,9,0.138415,4.92369
25000,9,0.138397,4.92681
25000,9,0.13877,4.97301
25000,9,0.139528,5.04357
25000,9,0.138839,5.03649
25000,9,0.139032,5.11724
25000,9,0.138744,5.09465
25000,9,0.138773,4.98546
25000,9,0.138567,4.97997
25000,9,0.138319,4.92705
25000,9,0.138637,5.00713
25000,9,0.138601,5.0313
25000,9,0.13879,5.01036
25000,9,0.138617,4.96727
25000,9,0.139036,5.04442
25000,9,0.138342,4.94261
25000,9,0.138425,4.98021
25000,9,0.138285,4.95049
25000,9,0.139541,5.07915
25000,9,0.139117,5.04094
25000,9,0.138352,4.93657
25000,9,0.138621,5.00609
25000,9,0.13864,4.9951
25000,9,0.138438,4.97746
25000,9,0.138663,4.97508
25000,9,0.138657,4.9904
25000,9,0.139141,5.01744
25000,9,0.138392,4.95952
25000,9,0.140454,5.09337
25000,9,0.13898,5.00182
25000,9,0.13928,5.02495
25000,9,0.138476,4.97466
25000,9,0.140204,5.08782
25000,9,0.13879,5.01439
25000,9,0.138658,4.99749
25000,9,0.138452,4.91606
25000,9,0.139237,5.04802
25000,9,0.138489,4.95397
25000,9,0.140187,5.14488
25000,9,0.138881,5.01555
25000,9,0.138508,4.9561
25000,9,0.138671,5.00554
25000,9,0.138378,4.98052
25000,9,0.13885,5.0147
25000,9,0.139619,5.02373
25000,9,0.138709,4.96892
25000,9,0.138597,4.9995
25000,9,0.139221,5.04186
25000,9,0.138462,4.99529
25000,9,0.138383,4.93975
25000,9,0.138409,4.92925
25000,9,0.138508,4.97093
25000,9,0.138634,4.97502
25000,9,0.138312,4.96135
25000,9,0.138347,4.93816
25000,9,0.138861,4.99486
25000,9,0.138424,4.97905
25000,9,0.138333,4.94298
25000,9,0.138398,4.99223
25000,9,0.138865,5.00597
25000,9,0.138718,5.00988
25000,9,0.138634,4.95726
25000,9,0.139311,5.03465
25000,9,0.138471,4.9218
25000,9,0.138365,4.93071
25000,9,0.138739,5.01018
25000,9,0.13843,4.95549
25000,9,0.138532,4.97618
25000,9,0.138976,5.03063
25000,9,0.139863,5.05376
25000,9,0.138675,5.00176
25000,9,0.138651,4.99492
25000,9,0.138332,4.94121
25000,9,0.138708,5.01268
25000,9,0.139076,4.99999
25000,9,0.138431,4.97435
25000,9,0.138415,4.99089
25000,9,0.13844,4.96416
25000,9,0.138355,4.97545
25000,9,0.139457,5.01091
25000,9,0.139619,5.0919
25000,9,0.138388,4.95598
25000,9,0.139093,5.00475
25000,9,0.138409,4.92394
25000,9,0.138461,4.989
25000,9,0.139336,5.01177
25000,9,0.140046,5.10442
25000,9,0.138596,4.95336
25000,9,0.138761,5.02495
25000,9,0.138825,5.00121
25000,9,0.138759,5.0031
25000,9,0.138459,4.95867
25000,9,0.13883,4.99517
25000,9,0.138485,4.9738
25000,9,0.139828,5.05931
25000,9,0.138489,5.00597
25000,9,0.139131,5.0266
25000,9,0.138387,4.99559
25000,9,0.138925,5.10155
25000,9,0.139411,5.13848
25000,9,0.138362,4.997
25000,9,0.138322,4.9373
25000,9,0.139179,5.0678
25000,9,0.138917,4.98241
25000,9,0.139791,5.01
25000,9,0.138484,4.95903
25000,9,0.138448,4.98802
25000,9,0.138731,5.02874
25000,9,0.138557,5.1032
25000,9,0.138714,5.05754
25000,9,0.139534,5.05962
25000,9,0.138385,4.924
25000,9,0.138924,4.99559
25000,9,0.13864,5.00542
25000,9,0.146328,5.34673
25000,9,0.138602,4.96214
25000,9,0.138625,5.00835
25000,9,0.138382,4.98387
25000,9,0.139435,5.00768
25000,9,0.138556,4.98284
25000,9,0.13851,4.94457
25000,9,0.138426,4.94359
25000,9,0.138429,4.99974
25000,10,0.127193,4.61656
25000,10,0.126358,4.59294
25000,10,0.12519,4.5858
25000,10,0.124994,4.55053
25000,10,0.124954,4.55089
25000,10,0.12471,4.54137
25000,10,0.124976,4.55669
25000,10,0.128066,4.64318
25000,10,0.124768,4.55431
25000,10,0.125051,4.55529
25000,10,0.124767,4.54778
25000,10,0.130165,4.78887
25000,10,0.124878,4.55138
25000,10,0.124839,4.55083
25000,10,0.126067,4.61547
25000,10,0.12491,4.51372
25000,10,0.124925,4.5609
25000,10,0.12536,4.54503
25000,10,0.124795,4.54692
25000,10,0.124831,4.57189
25000,10,0.125202,4.56853
25000,10,0.12503,4.57982
25000,10,0.129056,4.77892
25000,10,0.124959,4.54705
25000,10,0.124562,4.54479
25000,10,0.124826,4.51665
25000,10,0.124888,4.55181
25000,10,0.129236,4.7553
25000,10,0.125537,4.56127
25000,10,0.125042,4.55169
25000,10,0.128166,4.68224
25000,10,0.124809,4.55352
25000,10,0.124545,4.54869
25000,10,0.124537,4.50792
25000,10,0.124871,4.55486
25000,10,0.124856,4.54387
25000,10,0.124752,4.56304
25000,10,0.12482,4.55291
25000,10,0.124895,4.55126
25000,10,0.127827,4.65081
25000,10,0.124891,4.55077
25000,10,0.124582,4.54412
25000,10,0.125057,4.5534
25000,10,0.125059,4.69017
25000,10,0.125294,4.7553
25000,10,0.124923,4.66979
25000,10,0.125233,4.71001
25000,10,0.125016,4.70793
25000,10,0.129279,4.8806
25000,10,0.124653,4.63024
25000,10,0.124519,4.60356
25000,10,0.124959,4.69628
25000,10,0.124728,4.67528
25000,10,0.125123,4.69499
25000,10,0.12507,4.70037
25000,10,0.124884,4.66985
25000,10,0.125118,4.61473
25000,10,0.124721,4.55095
25000,10,0.124648,4.52416
25000,10,0.128034,4.6516
25000,10,0.124885,4.55754
25000,10,0.126424,5.11437
25000,10,0.12555,5.16911
25000,10,0.129461,5.48369
25000,10,0.124583,5.02623
25000,10,0.125603,5.12029
25000,10,0.126057,5.11827
25000,10,0.125729,5.11357
25000,10,0.12491,5.11846
25000,10,0.125414,5.4218
25000,10,0.125189,5.4937
25000,10,0.124879,5.14635
25000,10,0.1248,5.20683
25000,10,0.125142,4.79857
25000,10,0.124701,4.68273
25000,10,0.129426,5.2227
25000,10,0.124853,5.3466
25000,10,0.12581,5.33513
25000,10,0.125041,5.13451
25000,10,0.125438,5.19054
25000,10,0.124593,5.17815
25000,10,0.124507,5.09636
25000,10,0.125081,5.24651
25000,10,0.12472,5.17314
25000,10,0.125307,5.64769
25000,10,0.126033,5.78368
25000,10,0.124852,5.25517
25000,10,0.126367,5.44792
25000,10,0.124632,5.05889
25000,10,0.124553,5.03832
25000,10,0.125199,5.15904
25000,10,0.125485,5.13365
25000,10,0.125114,5.07543
25000,10,0.124849,4.73882
25000,10,0.12641,5.03258
25000,10,0.125279,4.9428
25000,10,0.125863,4.98418
25000,10,0.124603,5.08763
25000,10,0.125566,5.03575
25000,10,0.125918,5.00017
25000,10,0.125736,5.05992
25000,10,0.125345,5.00481
25000,10,0.124787,5.10179
25000,10,0.126854,5.22521
25000,10,0.125873,4.75695
25000,10,0.125006,4.57177
25000,10,0.125067,4.57622
25000,10,0.129421,4.75872
25000,10,0.124699,4.55523
25000,10,0.126295,4.9724
25000,10,0.125753,5.07799
25000,10,0.124938,5.04326
25000,10,0.126534,5.11327
25000,10,0.125889,5.09288
25000,10,0.125162,5.04027
25000,10,0.126748,5.14507
25000,10,0.125982,5.09868
25000,10,0.127759,5.1787
25000,10,0.12496,5.0559
25000,10,0.126196,5.0974
25000,10,0.129083,5.20989
25000,10,0.124522,5.03288
25000,10,0.125372,5.1068
25000,10,0.131215,5.36498
25000,10,0.124541,5.0266
25000,10,0.12866,5.17253
25000,10,0.124855,5.01634
25000,10,0.125679,5.08641
25000,10,0.125857,5.12224
25000,10,0.12475,5.07299
25000,10,0.126296,5.16014
25000,10,0.126322,5.11485
25000,10,0.125411,5.10741
25000,10,0.124615,4.9904
25000,10,0.124798,5.02764
25000,10,0.124742,5.03557
25000,10,0.124976,4.98632
25000,10,0.125589,4.96855
25000,10,0.124792,4.57433
25000,10,0.126301,4.64659
25000,10,0.124586,4.55596
25000,10,0.125167,4.58861
25000,10,0.125301,4.64574
25000,10,0.125081,4.55034
25000,10,0.124679,4.55693
25000,10,0.126593,4.59838
25000,10,0.124978,4.56542
25000,10,0.124759,4.56994
25000,10,0.124606,4.51665
25000,10,0.131058,4.84813
25000,10,0.124733,4.52184
25000,10,0.124564,4.54973
25000,10,0.124617,4.56975
25000,10,0.125036,4.56053
25000,10,0.125479,4.61693
25000,10,0.128277,4.67241
25000,10,0.124608,4.55614
25000,10,0.124985,4.55608
25000,10,0.124814,4.55694
25000,10,0.126783,4.66967
25000,10,0.124794,4.56243
25000,10,0.124539,4.52312
25000,10,0.124483,4.52025
25000,10,0.126349,4.69286
25000,10,0.12494,4.52056
25000,10,0.125587,4.5653
25000,10,0.124594,4.54955
25000,10,0.124943,4.59862
25000,10,0.125042,4.62096
25000,10,0.12502,4.65795
25000,10,0.125047,4.70549
25000,10,0.126197,4.66161
25000,10,0.124706,4.54875
25000,10,0.124585,4.5194
25000,10,0.124682,4.53942
25000,10,0.124576,4.56023
25000,10,0.125085,4.5645
25000,10,0.126179,4.69206
25000,10,0.124765,4.51934
25000,10,0.124475,4.52825
25000,10,0.124489,4.55492
25000,10,0.125639,4.60259
25000,10,0.124535,4.52428
25000,10,0.124654,4.55785
25000,10,0.124585,4.55913
25000,10,0.124736,4.55791
25000,10,0.125498,4.5996
25000,10,0.124863,4.5761
25000,10,0.124818,4.57402
25000,10,0.125221,4.63579
25000,10,0.124527,4.52733
25000,10,0.125131,4.58129
25000,10,0.124618,4.53136
25000,10,0.124671,4.57872
25000,10,0.124767,4.57207
25000,10,0.125866,4.62035
25000,10,0.124555,4.55333
25000,10,0.125404,4.56877
25000,10,0.124867,4.56237
25000,10,0.124978,4.55706
25000,10,0.12556,4.60613
25000,10,0.124707,4.55523
25000,10,0.126078,4.66326
25000,10,0.128505,4.71898
25000,10,0.124514,4.52446
25000,10,0.125875,4.60375
25000,10,0.124764,4.56432
25000,10,0.125513,4.96105
25000,10,0.125615,4.99217
25000,10,0.125094,5.01201
25000,10,0.125349,4.92266
25000,10,0.125249,4.73589
25000,10,0.127811,4.90813
25000,10,0.129521,4.77007
25000,10,0.124942,4.53063
25000,10,0.125473,4.6093
25000,10,0.125403,4.62554
25000,10,0.126377,4.62169
25000,10,0.125535,4.6411
25000,10,0.130622,4.83129
25000,10,0.124579,4.51897
25000,10,0.125074,4.63146
25000,10,0.124889,4.57128
25000,10,0.125052,4.6043
25000,10,0.125003,4.55376
25000,10,0.124644,4.56725
25000,10,0.124808,4.56804
25000,10,0.124871,4.56615
25000,10,0.125197,4.56096
25000,10,0.124916,4.56261
25000,10,0.125056,4.56438
25000,10,0.124508,4.55785
25000,10,0.124756,4.55864
25000,10,0.124693,4.55419
25000,10,0.124813,4.54039
25000,10,0.124845,4.56993
25000,10,0.1248,4.54418
25000,10,0.124755,4.59679
25000,10,0.124891,4.99291
25000,10,0.129477,4.76811
25000,10,0.12453,4.55205
25000,10,0.124933,4.56066
25000,10,0.124624,4.55809
25000,10,0.125591,4.62822
25000,10,0.125631,4.61211
25000,10,0.125152,4.60747
25000,10,0.124493,4.5609
25000,10,0.125297,4.58861
25000,10,0.124499,4.5526
25000,10,0.130425,4.82677
25000,11,0.121867,4.78179
25000,11,0.113941,4.62761
25000,11,0.113219,4.57616
25000,11,0.113481,4.57677
25000,11,0.114417,4.68523
25000,11,0.113545,4.6115
25000,11,0.113355,4.59056
25000,11,0.113167,4.56932
25000,11,0.113481,4.58635
25000,11,0.115011,4.71141
25000,11,0.11404,4.64159
25000,11,0.113518,4.62255
25000,11,0.113219,4.57884
25000,11,0.113207,4.59557
25000,11,0.113207,4.56871
25000,11,0.113199,4.58367
25000,11,0.113173,4.58403
25000,11,0.113884,4.65105
25000,11,0.113268,4.59032
25000,11,0.116146,4.75103
25000,11,0.113208,4.61986
25000,11,0.11414,4.67852
25000,11,0.113626,4.6328
25000,11,0.113315,4.57939
25000,11,0.113599,4.65776
25000,11,0.113644,4.61626
25000,11,0.113836,4.66704
25000,11,0.113372,4.59789
25000,11,0.11327,4.61443
25000,11,0.115974,4.80272
25000,11,0.113472,4.58434
25000,11,0.11384,4.62365
25000,11,0.113867,4.62383
25000,11,0.113835,4.63073
25000,11,0.113599,4.62987
25000,11,0.11392,4.6455
25000,11,0.113544,4.65367
25000,11,0.11401,4.67485
25000,11,0.114981,4.7083
25000,11,0.113631,4.65252
25000,11,0.11327,4.59044
25000,11,0.113807,4.6278
25000,11,0.113262,4.5761
25000,11,0.113258,4.59569
25000,11,0.113385,4.59764
25000,11,0.113646,4.60997
25000,11,0.113322,4.65136
25000,11,0.113226,4.58562
25000,11,0.115455,4.72472
25000,11,0.113814,4.65801
25000,11,0.113248,4.5927
25000,11,0.113194,4.59831
25000,11,0.113252,4.62432
25000,11,0.113536,4.63213
25000,11,0.113808,4.6696
25000,11,0.113348,4.64238
25000,11,0.113607,4.63646
25000,11,0.113647,4.61302
25000,11,0.113693,4.70348
25000,11,0.113685,4.74627
25000,11,0.113253,4.70964
25000,11,0.113656,4.78398
25000,11,0.113381,4.78984
25000,11,0.113513,4.72679
25000,11,0.118828,5.06395
25000,11,0.113857,4.81395
25000,11,0.113608,4.791
25000,11,0.113154,4.7318
25000,11,0.113163,4.75713
25000,11,0.113297,4.73357
25000,11,0.117554,4.96568
25000,11,0.114031,4.78728
25000,11,0.113653,4.80504
25000,11,0.113226,4.68029
25000,11,0.113314,4.62017
25000,11,0.113452,4.61931
25000,11,0.113241,4.59685
25000,11,0.113426,4.63121
25000,11,0.113222,4.59185
25000,11,0.116052,4.79906
25000,11,0.113208,4.60576
25000,11,0.113872,4.73882
25000,11,0.113182,4.59002
25000,11,0.113564,4.65697
25000,11,0.113269,4.59398
25000,11,0.113372,4.67375
25000,11,0.113515,4.65404
25000,11,0.113413,4.60564
25000,11,0.114275,4.69573
25000,11,0.113781,4.65319
25000,11,0.113431,4.66228
25000,11,0.113185,4.58269
25000,11,0.113316,4.64604
25000,11,0.113795,4.67229
25000,11,0.113949,4.68505
25000,11,0.113663,4.61321
25000,11,0.113479,4.66082
25000,11,0.113703,4.63536
25000,11,0.113231,4.58446
25000,11,0.113757,4.64775
25000,11,0.113292,4.59429
25000,11,0.113313,4.58873
25000,11,0.113273,4.61101
25000,11,0.113343,4.61168
25000,11,0.114994,4.73583
25000,11,0.114555,4.73192
25000,11,0.113891,4.66295
25000,11,0.115387,4.70384
25000,11,0.115388,4.7368
25000,11,0.114033,4.66466
25000,11,0.113295,4.61931
25000,11,0.113505,4.69945
25000,11,0.113179,4.59142
25000,11,0.113635,4.69158
25000,11,0.114353,4.83629
25000,11,0.113522,4.68431
25000,11,0.113261,4.65245
25000,11,0.113703,4.69048
25000,11,0.113204,4.61956
25000,11,0.113292,4.59661
25000,11,0.113429,4.68712
25000,11,0.113513,4.64391
25000,11,0.113308,4.60344
25000,11,0.114149,4.71282
25000,11,0.114185,4.67943
25000,11,0.113221,4.65203
25000,11,0.113356,4.76274
25000,11,0.113337,4.70445
25000,11,0.113923,4.67901
25000,11,0.113263,4.60948
25000,11,0.113246,4.65111
25000,11,0.113784,4.60082
25000,11,0.113852,4.63311
25000,11,0.113194,4.58635
25000,11,0.118019,4.86394
25000,11,0.113842,4.67644
25000,11,0.11361,4.68413
25000,11,0.113278,4.59636
25000,11,0.113394,4.69463
25000,11,0.113221,4.59996
25000,11,0.113221,4.60796
25000,11,0.113903,4.67589
25000,11,0.113197,4.64824
25000,11,0.113247,4.58654
25000,11,0.113705,4.66265
25000,11,0.113716,4.65898
25000,11,0.113327,4.62432
25000,11,0.113398,4.64476
25000,11,0.113225,4.61431
25000,11,0.114248,4.69853
25000,11,0.113583,4.679
25000,11,0.113567,4.65331
25000,11,0.113267,4.59429
25000,11,0.113729,4.67577
25000,11,0.113198,4.62291
25000,11,0.113169,4.62071
25000,11,0.113173,4.61742
25000,11,0.113334,4.60302
25000,11,0.113242,4.61687
25000,11,0.113366,4.65624
25000,11,0.113218,4.66136
25000,11,0.113349,4.59227
25000,11,0.113417,4.65453
25000,11,0.113554,4.65642
25000,11,0.113327,4.61162
25000,11,0.113273,4.60314
25000,11,0.113157,4.65166
25000,11,0.113418,4.63835
25000,11,0.113198,4.60997
25000,11,0.116034,4.7979
25000,11,0.113691,4.64904
25000,11,0.113727,4.64067
25000,11,0.11317,4.59417
25000,11,0.113486,4.61455
25000,11,0.113234,4.66759
25000,11,0.113262,4.61254
25000,11,0.113678,4.70842
25000,11,0.113808,4.70122
25000,11,0.113258,4.60082
25000,11,0.11349,4.69616
25000,11,0.113345,4.63054
25000,11,0.114029,4.67559
25000,11,0.113468,4.64794
25000,11,0.113154,4.61174
25000,11,0.113256,4.64501
25000,11,0.113476,4.62798
25000,11,0.113328,4.67046
25000,11,0.116583,4.76811
25000,11,0.113392,4.61901
25000,11,0.114148,4.69341
25000,11,0.113345,4.64342
25000,11,0.113679,4.69683
25000,11,0.113406,4.60521
25000,11,0.11402,4.68419
25000,11,0.113392,4.68883
25000,11,0.113174,4.60808
25000,11,0.113294,4.63854
25000,11,0.113698,4.65697
25000,11,0.117145,4.87432
25000,11,0.113273,4.60778
25000,11,0.113368,4.63707
25000,11,0.113578,4.61388
25000,11,0.113333,4.67534
25000,11,0.113592,4.65911
25000,11,0.114185,4.6856
25000,11,0.11379,4.67406
25000,11,0.113826,4.70165
25000,11,0.114691,4.75676
25000,11,0.113496,4.65148
25000,11,0.113304,4.64537
25000,11,0.113214,4.59593
25000,11,0.114373,4.70171
25000,11,0.113479,4.62413
25000,11,0.113924,4.69097
25000,11,0.113259,4.63298
25000,11,0.113636,4.65752
25000,11,0.11359,4.69512
25000,11,0.113333,4.60204
25000,11,0.113444,4.60802
25000,11,0.113883,4.70165
25000,11,0.115125,4.72789
25000,11,0.113696,4.85533
25000,11,0.113406,4.71184
25000,11,0.113215,4.62334
25000,11,0.113314,4.64519
25000,11,0.113735,4.65923
25000,11,0.113209,4.66588
25000,11,0.113183,4.59642
25000,11,0.113245,4.61931
25000,11,0.113683,4.66008
25000,11,0.113508,4.68236
25000,11,0.113259,4.59844
25000,11,0.113483,4.68883
25000,11,0.114149,4.6964
25000,11,0.113662,4.70635
25000,11,0.113825,4.70238
25000,11,0.113525,4.65648
25000,11,0.113588,4.61003
25000,11,0.113451,4.64898
25000,11,0.113219,4.61174
25000,11,0.120416,5.05358
25000,11,0.114041,4.67595
25000,11,0.113301,4.63213
25000,11,0.113689,4.70757
25000,11,0.113272,4.65673
25000,11,0.113927,4.69896
25000,11,0.113687,4.67375
25000,11,0.113735,4.66545
25000,11,0.113412,4.66594
25000,11,0.113571,4.67552
25000,12,0.105009,4.23949
25000,12,0.104021,4.30681
25000,12,0.103861,4.32756
25000,12,0.104183,4.33788
25000,12,0.103785,4.29931
25000,12,0.103992,4.30706
25000,12,0.103957,4.3413
25000,12,0.103824,4.29381
25000,12,0.103821,4.31652
25000,12,0.105043,4.37523
25000,12,0.103848,4.30303
25000,12,0.105678,4.4099
25000,12,0.104881,4.3872
25000,12,0.103769,4.30205
25000,12,0.104049,4.30913
25000,12,0.105117,4.42467
25000,12,0.103972,4.31194
25000,12,0.103878,4.31615
25000,12,0.103835,4.30687
25000,12,0.104899,4.44652
25000,12,0.103746,4.31163
25000,12,0.104312,4.32537
25000,12,0.103821,4.29973
25000,12,0.106997,4.47118
25000,12,0.103925,4.31389
25000,12,0.103982,4.29973
25000,12,0.104329,4.37389
25000,12,0.104085,4.36651
25000,12,0.103856,4.3001
25000,12,0.104197,4.32311
25000,12,0.103837,4.30962
25000,12,0.106286,4.44017
25000,12,0.103876,4.26757
25000,12,0.104113,4.33696
25000,12,0.104248,4.34465
25000,12,0.104048,4.32573
25000,12,0.103798,4.31237
25000,12,0.103863,4.32073
25000,12,0.103788,4.32317
25000,12,0.103904,4.33416
25000,12,0.104008,4.33251
25000,12,0.104056,4.33873
25000,12,0.103814,4.30651
25000,12,0.103929,4.32598
25000,12,0.107101,4.49688
25000,12,0.10388,4.30352
25000,12,0.103877,4.31408
25000,12,0.105231,4.46611
25000,12,0.103771,4.28679
25000,12,0.103864,4.2694
25000,12,0.103826,4.27251
25000,12,0.104365,4.3872
25000,12,0.103791,4.30944
25000,12,0.103956,4.3319
25000,12,0.103919,4.38427
25000,12,0.104724,4.40233
25000,12,0.103786,4.2589
25000,12,0.103988,4.35534
25000,12,0.103779,4.29558
25000,12,0.104343,4.36296
25000,12,0.104074,4.32854
25000,12,0.104271,4.34935
25000,12,0.103743,4.3095
25000,12,0.103801,4.31682
25000,12,0.103828,4.31609
25000,12,0.106554,4.48223
25000,12,0.103797,4.32415
25000,12,0.104205,4.37633
25000,12,0.106709,4.43224
25000,12,0.103784,4.33782
25000,12,0.103795,4.30089
25000,12,0.103748,4.27324
25000,12,0.103837,4.32769
25000,12,0.103909,4.32695
25000,12,0.104442,4.41558
25000,12,0.104721,4.37847
25000,12,0.10422,4.38347
25000,12,0.103922,4.42913
25000,12,0.103792,4.39324
25000,12,0.104104,4.42369
25000,12,0.10437,4.39727
25000,12,0.103849,4.27623
25000,12,0.103945,4.33068
25000,12,0.104123,4.37523
25000,12,0.103852,4.3026
25000,12,0.103804,4.26885
25000,12,0.104464,4.35784
25000,12,0.10457,4.38109
25000,12,0.104092,4.32933
25000,12,0.103796,4.31408
25000,12,0.103761,4.325
25000,12,0.103785,4.30095
25000,12,0.103877,4.32335
25000,12,0.104297,4.34191
25000,12,0.103803,4.30565
25000,12,0.104281,4.34081
25000,12,0.104763,4.38665
25000,12,0.104028,4.32323
25000,12,0.103832,4.29528
25000,12,0.103933,4.33641
25000,12,0.10394,4.42223
25000,12,0.103864,4.72765
25000,12,0.104319,4.84355
25000,12,0.104628,4.80089
25000,12,0.106173,4.90715
25000,12,0.10405,4.86797
25000,12,0.103936,4.79717
25000,12,0.105377,4.84361
25000,12,0.104091,4.6173
25000,12,0.103848,4.48644
25000,12,0.109663,4.77843
25000,12,0.104852,4.57524
25000,12,0.103788,4.43523
25000,12,0.103883,4.46099
25000,12,0.103889,4.48046
25000,12,0.104513,4.53948
25000,12,0.103928,4.43749
25000,12,0.10396,4.46886
25000,12,0.103773,4.44524
25000,12,0.103799,4.43627
25000,12,0.103853,4.44567
25000,12,0.106017,4.52904
25000,12,0.103761,4.29686
25000,12,0.103773,4.25158
25000,12,0.103805,4.33019
25000,12,0.103801,4.34526
25000,12,0.10381,4.29912
25000,12,0.103817,4.28869
25000,12,0.103867,4.3059
25000,12,0.103939,4.32775
25000,12,0.104267,4.3554
25000,12,0.106325,4.45977
25000,12,0.103776,4.31713
25000,12,0.103832,4.30596
25000,12,0.103809,4.29576
25000,12,0.10396,4.33367
25000,12,0.103939,4.32427
25000,12,0.10381,4.30175
25000,12,0.103912,4.36589
25000,12,0.104146,4.36205
25000,12,0.103883,4.31273
25000,12,0.103806,4.30272
25000,12,0.105793,4.45574
25000,12,0.104244,4.34734
25000,12,0.103989,4.32164
25000,12,0.104096,4.33385
25000,12,0.103844,4.35985
25000,12,0.103729,4.3004
25000,12,0.103726,4.30352
25000,12,0.104473,4.32378
25000,12,0.104233,4.36889
25000,12,0.103882,4.35173
25000,12,0.10396,4.32738
25000,12,0.104653,4.34905
25000,12,0.103798,4.29113
25000,12,0.104243,4.36889
25000,12,0.103963,4.35015
25000,12,0.103812,4.29369
25000,12,0.104772,4.37944
25000,12,0.103999,4.37169
25000,12,0.103965,4.3275
25000,12,0.10386,4.2885
25000,12,0.103799,4.2965
25000,12,0.103825,4.25737
25000,12,0.103824,4.33385
25000,12,0.10386,4.25853
25000,12,0.103899,4.3864
25000,12,0.103794,4.3142
25000,12,0.103824,4.30712
25000,12,0.104108,4.33605
25000,12,0.103789,4.33324
25000,12,0.104113,4.36766
25000,12,0.103901,4.26964
25000,12,0.104257,4.3709
25000,12,0.104055,4.33092
25000,12,0.10385,4.29467
25000,12,0.103818,4.30279
25000,12,0.103792,4.29357
25000,12,0.10407,4.3192
25000,12,0.104357,4.35833
25000,12,0.105814,4.42925
25000,12,0.103856,4.30663
25000,12,0.103876,4.3084
25000,12,0.103876,4.2957
25000,12,0.103899,4.34795
25000,12,0.103818,4.29162
25000,12,0.103898,4.30095
25000,12,0.103885,4.34471
25000,12,0.103875,4.32879
25000,12,0.103989,4.31078
25000,12,0.104018,4.30205
25000,12,0.104371,4.37413
25000,12,0.103813,4.29058
25000,12,0.103887,4.25823
25000,12,0.103959,4.33941
25000,12,0.103822,4.33348
25000,12,0.103815,4.2567
25000,12,0.104001,4.30773
25000,12,0.105116,4.43065
25000,12,0.105021,4.38396
25000,12,0.10381,4.28765
25000,12,0.104829,4.3604
25000,12,0.103792,4.31591
25000,12,0.103813,4.25188
25000,12,0.103837,4.30907
25000,12,0.104037,4.35021
25000,12,0.104307,4.32927
25000,12,0.103828,4.32207
25000,12,0.103839,4.32738
25000,12,0.104123,4.36901
25000,12,0.103925,4.29912
25000,12,0.103843,4.29107
25000,12,0.10404,4.34044
25000,12,0.103845,4.29155
25000,12,0.103776,4.31041
25000,12,0.103957,4.37108
25000,12,0.103845,4.31499
25000,12,0.10395,4.31981
25000,12,0.104612,4.37786
25000,12,0.107664,4.49413
25000,12,0.103892,4.27343
25000,12,0.104108,4.3438
25000,12,0.103764,4.26659
25000,12,0.103995,4.3322
25000,12,0.103794,4.25914
25000,12,0.103815,4.29467
25000,12,0.104717,4.3648
25000,12,0.104224,4.35424
25000,12,0.104048,4.31365
25000,12,0.103942,4.31658
25000,12,0.104191,4.34911
25000,12,0.103759,4.29058
25000,12,0.103871,4.30755
25000,12,0.105537,4.41423
25000,12,0.104049,4.32482
25000,12,0.104708,4.34026
25000,12,0.103903,4.31011
25000,12,0.104305,4.36852
25000,12,0.10388,4.29637
25000,12,0.103846,4.2885
25000,12,0.104144,4.36797
25000,12,0.103859,4.29277
25000,12,0.103973,4.33397
25000,12,0.104221,4.33397
25000,12,0.10376,4.32439
25000,12,0.104597,4.37951
25000,12,0.103791,4.32854
25000,12,0.104238,4.32445
25000,12,0.103778,4.3012
25000,12,0.103866,4.31023
25000,13,0.0976039,4.32201
25000,13,0.0961513,4.44054
25000,13,0.0958878,4.36217
25000,13,0.0959158,4.35357
25000,13,0.095867,4.35283
25000,13,0.0960611,4.37999
25000,13,0.0961242,4.56182
25000,13,0.0964924,4.48101
25000,13,0.0960938,4.40679
25000,13,0.0958733,4.35473
25000,13,0.0961668,4.37468
25000,13,0.0963419,4.44494
25000,13,0.0958446,4.36394
25000,13,0.0959816,4.3803
25000,13,0.0980894,4.51812
25000,13,0.0979742,4.5089
25000,13,0.0967732,4.4724
25000,13,0.0958766,4.3568
25000,13,0.0959076,4.36876
25000,13,0.0959188,4.39983
25000,13,0.0960677,4.41588
25000,13,0.0959707,4.35674
25000,13,0.0962,4.41045
25000,13,0.0961366,4.40483
25000,13,0.0958976,4.36712
25000,13,0.0958902,4.34453
25000,13,0.0960075,4.3745
25000,13,0.0961138,4.3731
25000,13,0.0959055,4.3366
25000,13,0.0961389,4.41362
25000,13,0.0959565,4.36858
25000,13,0.0959295,4.35234
25000,13,0.0958932,4.35076
25000,13,0.0958913,4.3618
25000,13,0.0959079,4.36705
25000,13,0.0959923,4.38726
25000,13,0.0959816,4.41509
25000,13,0.0965495,4.44475
25000,13,0.095973,4.35521
25000,13,0.0958587,4.39684
25000,13,0.0958143,4.37157
25000,13,0.0960695,4.69475
25000,13,0.0960315,4.51604
25000,13,0.0975474,4.46465
25000,13,0.0959146,4.37597
25000,13,0.0959592,4.36126
25000,13,0.0962198,4.41472
25000,13,0.0958705,4.39226
25000,13,0.0959159,4.40483
25000,13,0.0986081,4.50109
25000,13,0.0959157,4.38335
25000,13,0.0964234,4.45897
25000,13,0.0958488,4.36205
25000,13,0.0960676,4.38695
25000,13,0.0960573,4.41295
25000,13,0.0958015,4.40636
25000,13,0.09601,4.41765
25000,13,0.0961704,4.49999
25000,13,0.0965614,4.42846
25000,13,0.0959167,4.34343
25000,13,0.0959425,4.37731
25000,13,0.0960832,4.40013
25000,13,0.0969442,4.4525
25000,13,0.0960505,4.42449
25000,13,0.0958954,4.41704
25000,13,0.0959467,4.39092
25000,13,0.0959663,4.37578
25000,13,0.0958641,4.42357
25000,13,0.0959523,4.4038
25000,13,0.0961922,4.4478
25000,13,0.0958241,4.40239
25000,13,0.0958749,4.40502
25000,13,0.0963251,4.4171
25000,13,0.0960902,4.40337
25000,13,0.0958743,4.40709
25000,13,0.0958677,4.41899
25000,13,0.0958466,4.3955
25000,13,0.0958778,4.40166
25000,13,0.0965016,4.48815
25000,13,0.0963275,4.40813
25000,13,0.096733,4.40429
25000,13,0.0959165,4.37633
25000,13,0.0960561,4.43737
25000,13,0.0958849,4.34911
25000,13,0.0959051,4.42644
25000,13,0.0959524,4.41649
25000,13,0.095922,4.3944
25000,13,0.0959007,4.38762
25000,13,0.0958709,4.38005
25000,13,0.0960838,4.3983
25000,13,0.0958362,4.40978
25000,13,0.0974219,4.50139
25000,13,0.0960986,4.45885
25000,13,0.0961099,4.4143
25000,13,0.0958461,4.36583
25000,13,0.0961299,4.42522
25000,13,0.0958449,4.39654
25000,13,0.0960022,4.39617
25000,13,0.095857,4.40428
25000,13,0.096931,4.4829
25000,13,0.0959034,4.39763
25000,13,0.0959603,4.38048
25000,13,0.0959846,4.4196
25000,13,0.0960351,4.42388
25000,13,0.0958881,4.40923
25000,13,0.0963218,4.42443
25000,13,0.0958666,4.41558
25000,13,0.0959408,4.38518
25000,13,0.0960496,4.40636
25000,13,0.0961562,4.46312
25000,13,0.0959511,4.42644
25000,13,0.0958455,4.4215
25000,13,0.0958879,4.41478
25000,13,0.0958669,4.41979
25000,13,0.095859,4.41967
25000,13,0.096357,4.42711
25000,13,0.0959889,4.38561
25000,13,0.0959632,4.39
25000,13,0.0958876,4.37377
25000,13,0.0958872,4.40422
25000,13,0.0960851,4.43737
25000,13,0.0960731,4.41735
25000,13,0.0961754,4.42595
25000,13,0.0958426,4.41063
25000,13,0.0960199,4.42315
25000,13,0.0963651,4.46526
25000,13,0.0959654,4.42168
25000,13,0.0961434,4.42791
25000,13,0.0960852,4.42003
25000,13,0.0960113,4.39806
25000,13,0.0963317,4.43071
25000,13,0.0959807,4.42601
25000,13,0.095923,4.40313
25000,13,0.0959286,4.42852
25000,13,0.096184,4.46422
25000,13,0.0960157,4.41491
25000,13,0.0958385,4.37969
25000,13,0.09597,4.38805
25000,13,0.0958831,4.42583
25000,13,0.0958941,4.41552
25000,13,0.0959028,4.42321
25000,13,0.0964148,4.44616
25000,13,0.0960621,4.47557
25000,13,0.0958879,4.40038
25000,13,0.0960096,4.40215
25000,13,0.0958902,4.37688
25000,13,0.0961513,4.42467
25000,13,0.0958392,4.40783
25000,13,0.095823,4.40935
25000,13,0.096113,4.41484
25000,13,0.0959622,4.39495
25000,13,0.0959048,4.41814
25000,13,0.0958659,4.3803
25000,13,0.0959859,4.41228
25000,13,0.095782,4.41222
25000,13,0.09609,4.42186
25000,13,0.0958756,4.40721
25000,13,0.0961579,4.41765
25000,13,0.0959429,4.42235
25000,13,0.0957912,4.41539
25000,13,0.0958495,4.40996
25000,13,0.096457,4.43621
25000,13,0.096221,4.47649
25000,13,0.0961025,4.40868
25000,13,0.0958353,4.38286
25000,13,0.095996,4.41863
25000,13,0.0970803,4.49803
25000,13,0.096012,4.42534
25000,13,0.0958701,4.38127
25000,13,0.0959481,4.42162
25000,13,0.0959342,4.4254
25000,13,0.0969418,4.48186
25000,13,0.0958617,4.38512
25000,13,0.0959704,4.37951
25000,13,0.0959593,4.42351
25000,13,0.095941,4.41143
25000,13,0.0963799,4.46245
25000,13,0.095875,4.36089
25000,13,0.0960587,4.40477
25000,13,0.0960429,4.43676
25000,13,0.0958281,4.40068
25000,13,0.096011,4.41308
25000,13,0.0966583,4.46685
25000,13,0.0958553,4.40477
25000,13,0.095917,4.41832
25000,13,0.0959011,4.40044
25000,13,0.0962012,4.41881
25000,13,0.0959131,4.42998
25000,13,0.0959177,4.4298
25000,13,0.0963597,4.47936
25000,13,0.0962139,4.43566
25000,13,0.0959207,4.40447
25000,13,0.0958576,4.40532
25000,13,0.0962095,4.4356
25000,13,0.0958824,4.37529
25000,13,0.0960506,4.40795
25000,13,0.0958081,4.39745
25000,13,0.0959496,4.40953
25000,13,0.0958751,4.40404
25000,13,0.0961074,4.40734
25000,13,0.0959442,4.37828
25000,13,0.095935,4.40001
25000,13,0.0959388,4.43584
25000,13,0.0959379,4.41466
25000,13,0.096677,4.50566
25000,13,0.0960134,4.40081
25000,13,0.0958975,4.38225
25000,13,0.0961785,4.42595
25000,13,0.0958801,4.41759
25000,13,0.0961469,4.4265
25000,13,0.0960159,4.41796
25000,13,0.0958752,4.42009
25000,13,0.0958146,4.41674
25000,13,0.0959227,4.3933
25000,13,0.0958684,4.43291
25000,13,0.097396,4.4702
25000,13,0.0958431,4.3731
25000,13,0.0959722,4.41521
25000,13,0.0958722,4.37896
25000,13,0.0960199,4.42589
25000,13,0.095902,4.41136
25000,13,0.0959725,4.40813
25000,13,0.0960353,4.42577
25000,13,0.0958838,4.42467
25000,13,0.0959846,4.42656
25000,13,0.0958397,4.42461
25000,13,0.0960909,4.43633
25000,13,0.095836,4.40709
25000,13,0.0960435,4.42192
25000,13,0.0958975,4.39348
25000,13,0.0958742,4.41649
25000,13,0.095956,4.37822
25000,13,0.0961175,4.42449
25000,13,0.0959958,4.40966
25000,13,0.0958735,4.39653
25000,13,0.0962861,4.42571
25000,13,0.0958512,4.4218
25000,13,0.095909,4.38878
25000,13,0.0959353,4.43041
25000,13,0.0959792,4.42809
25000,13,0.0958462,4.372
25000,13,0.0958756,4.40154
25000,13,0.0962327,4.42168
25000,13,0.0958549,4.42394
25000,13,0.0959788,4.4135
25000,13,0.0959675,4.43175
25000,13,0.0963724,4.46007
25000,13,0.0959571,4.44646
25000,13,0.0958594,4.40514
25000,13,0.095917,4.3958
25000,14,0.100775,4.48186
25000,14,0.0893385,4.21917
25000,14,0.0913243,4.30004
25000,14,0.0890162,4.14843
25000,14,0.0894491,4.19848
25000,14,0.0904831,4.24346
25000,14,0.0889671,4.16375
25000,14,0.0896865,4.18535
25000,14,0.0890154,4.16179
25000,14,0.0894436,4.18401
25000,14,0.0890549,4.13714
25000,14,0.0892153,4.17162
25000,14,0.0890315,4.17241
25000,14,0.089091,4.16021
25000,14,0.0892623,4.17223
25000,14,0.0891477,4.16668
25000,14,0.0892915,4.18187
25000,14,0.0892051,4.19707
25000,14,0.0893758,4.17144
25000,14,0.0889591,4.16674
25000,14,0.0890248,4.17003
25000,14,0.0889996,4.14171
25000,14,0.0889247,4.10418
25000,14,0.0919414,4.29113
25000,14,0.0889661,4.13823
25000,14,0.0895227,4.19518
25000,14,0.0892154,4.21068
25000,14,0.0891631,4.17125
25000,14,0.0891135,4.15953
25000,14,0.0896964,4.22545
25000,14,0.0894087,4.22344
25000,14,0.0890538,4.17034
25000,14,0.0893754,4.16906
25000,14,0.0895125,4.21532
25000,14,0.0891937,4.17577
25000,14,0.0890129,4.15142
25000,14,0.0891771,4.21898
25000,14,0.0890387,4.17632
25000,14,0.0895251,4.20421
25000,14,0.0894248,4.2202
25000,14,0.089555,4.21575
25000,14,0.0893872,4.17101
25000,14,0.0889668,4.17089
25000,14,0.0892956,4.21947
25000,14,0.0890738,4.19506
25000,14,0.0890459,4.16747
25000,14,0.0890516,4.18016
25000,14,0.088955,4.17235
25000,14,0.0893055,4.23449
25000,14,0.0889901,4.1784
25000,14,0.0890836,4.16216
25000,14,0.0895257,4.23381
25000,14,0.0915335,4.28679
25000,14,0.0910568,4.26024
25000,14,0.0902401,4.21575
25000,14,0.0936101,4.37963
25000,14,0.0905683,4.23272
25000,14,0.0890088,4.18065
25000,14,0.0892243,4.18364
25000,14,0.0891836,4.18224
25000,14,0.0891279,4.2155
25000,14,0.0890998,4.17815
25000,14,0.0892918,4.1845
25000,14,0.0891964,4.16625
25000,14,0.0889418,4.16948
25000,14,0.089335,4.19378
25000,14,0.0892095,4.17571
25000,14,0.0892403,4.19616
25000,14,0.0895923,4.20641
25000,14,0.0889533,4.22057
25000,14,0.0890237,4.16869
25000,14,0.0892091,4.17693
25000,14,0.0894731,4.33947
25000,14,0.100547,4.72924
25000,14,0.0894496,4.22173
25000,14,0.0894564,4.23998
25000,14,0.0891611,4.17919
25000,14,0.089108,4.18181
25000,14,0.0892171,4.16918
25000,14,0.089412,4.19994
25000,14,0.0891124,4.17376
25000,14,0.0898629,4.2542
25000,14,0.0911733,4.32793
25000,14,0.0893675,4.19921
25000,14,0.0890984,4.17327
25000,14,0.0893328,4.26738
25000,14,0.0890236,4.17235
25000,14,0.0895699,4.19884
25000,14,0.08944,4.16527
25000,14,0.0891133,4.17809
25000,14,0.0892284,4.24218
25000,14,0.0890205,4.16448
25000,14,0.0889335,4.17437
25000,14,0.0901365,4.27782
25000,14,0.0890021,4.17473
25000,14,0.0891241,4.2249
25000,14,0.0894144,4.19628
25000,14,0.0891813,4.17681
25000,14,0.0890337,4.17443
25000,14,0.0890413,4.17437
25000,14,0.0890226,4.19896
25000,14,0.0891561,4.1718
25000,14,0.089319,4.22204
25000,14,0.0891084,4.19823
25000,14,0.0891545,4.18023
25000,14,0.0891523,4.22014
25000,14,0.0891614,4.18145
25000,14,0.0898126,4.26
25000,14,0.0890318,4.17437
25000,14,0.0891827,4.17907
25000,14,0.0898571,4.22625
25000,14,0.089288,4.22356
25000,14,0.0889775,4.17766
25000,14,0.0896551,4.21917
25000,14,0.0891267,4.24511
25000,14,0.0890159,4.17192
25000,14,0.0893014,4.19146
25000,14,0.0889614,4.17473
25000,14,0.08899,4.17144
25000,14,0.0889619,4.16961
25000,14,0.089344,4.20971
25000,14,0.0891924,4.20543
25000,14,0.089041,4.22191
25000,14,0.0890441,4.20018
25000,14,0.0890168,4.17925
25000,14,0.089304,4.17662
25000,14,0.0892658,4.2199
25000,14,0.0891187,4.18224
25000,14,0.0891946,4.21819
25000,14,0.089215,4.23955
25000,14,0.0899906,4.25176
25000,14,0.0889898,4.17656
25000,14,0.089246,4.18053
25000,14,0.0890281,4.17662
25000,14,0.0890109,4.22057
25000,14,0.0890693,4.17772
25000,14,0.0890002,4.17723
25000,14,0.0892372,4.21795
25000,14,0.0890379,4.17815
25000,14,0.0894895,4.1978
25000,14,0.089191,4.17913
25000,14,0.0892349,4.26567
25000,14,0.0891471,4.18761
25000,14,0.0893128,4.18486
25000,14,0.0890399,4.17058
25000,14,0.0895895,4.18016
25000,14,0.0893415,4.22332
25000,14,0.0889894,4.16649
25000,14,0.0899052,4.25646
25000,14,0.089642,4.2849
25000,14,0.0895809,4.18859
25000,14,0.0921863,4.41191
25000,14,0.0889671,4.17962
25000,14,0.0889726,4.17138
25000,14,0.0889699,4.17711
25000,14,0.0891567,4.1707
25000,14,0.0913369,4.34472
25000,14,0.0891863,4.18566
25000,14,0.0892364,4.22185
25000,14,0.0890321,4.19774
25000,14,0.0892615,4.18572
25000,14,0.0890032,4.16777
25000,14,0.0890726,4.17406
25000,14,0.0895597,4.26098
25000,14,0.0890233,4.17632
25000,14,0.0892782,4.22997
25000,14,0.0912266,4.2918
25000,14,0.0890088,4.17925
25000,14,0.0889281,4.17858
25000,14,0.0893155,4.23204
25000,14,0.0890939,4.17821
25000,14,0.089316,4.18566
25000,14,0.0892583,4.2238
25000,14,0.0890758,4.18255
25000,14,0.0890491,4.17803
25000,14,0.0890344,4.16991
25000,14,0.088936,4.18413
25000,14,0.0893008,4.25591
25000,14,0.0892147,4.17406
25000,14,0.0895233,4.25359
25000,14,0.0891159,4.19268
25000,14,0.0890636,4.16442
25000,14,0.0889862,4.18438
25000,14,0.0895535,4.23204
25000,14,0.0894194,4.25414
25000,14,0.0894874,4.18462
25000,14,0.103392,4.88835
25000,14,0.0890493,4.17919
25000,14,0.0889639,4.18401
25000,14,0.0890061,4.17949
25000,14,0.0890067,4.17308
25000,14,0.0891073,4.19121
25000,14,0.0891757,4.22661
25000,14,0.0941716,4.37926
25000,14,0.0890378,4.18151
25000,14,0.0894278,4.26159
25000,14,0.089074,4.1845
25000,14,0.0892419,4.18901
25000,14,0.0890777,4.22619
25000,14,0.0890323,4.2047
25000,14,0.0902706,4.22149
25000,14,0.088975,4.16997
25000,14,0.0891353,4.22808
25000,14,0.088968,4.1737
25000,14,0.0892453,4.20263
25000,14,0.0895048,4.25853
25000,14,0.0897373,4.22252
25000,14,0.0891082,4.25573
25000,14,0.0891396,4.18541
25000,14,0.0895161,4.21617
25000,14,0.0889851,4.18194
25000,14,0.0889708,4.16857
25000,14,0.0890172,4.19719
25000,14,0.0889885,4.18328
25000,14,0.0891545,4.1751
25000,14,0.0892781,4.24785
25000,14,0.0889743,4.17949
25000,14,0.0890366,4.17571
25000,14,0.0891415,4.17925
25000,14,0.0901455,4.29845
25000,14,0.0890414,4.17724
25000,14,0.0894124,4.21965
25000,14,0.0890001,4.17998
25000,14,0.0889782,4.22399
25000,14,0.0892027,4.17546
25000,14,0.0891117,4.1867
25000,14,0.0890546,4.20092
25000,14,0.0893202,4.24657
25000,14,0.0889686,4.17815
25000,14,0.0893396,4.18547
25000,14,0.0890126,4.17638
25000,14,0.0889642,4.17022
25000,14,0.0889718,4.17217
25000,14,0.0898009,4.27068
25000,14,0.0893215,4.17302
25000,14,0.0900836,4.27965
25000,14,0.0889719,4.17571
25000,14,0.0892213,4.18853
25000,14,0.088963,4.17205
25000,14,0.0894376,4.25084
25000,14,0.0891994,4.19469
25000,14,0.0891172,4.174
25000,14,0.089146,4.18151
25000,14,0.0897822,4.22405
25000,14,0.088995,4.17498
25000,14,0.0892425,4.19829
25000,14,0.0890519,4.17669
25000,14,0.0896253,4.26311
25000,14,0.0889635,4.16179
25000,14,0.0899206,4.26513
25000,15,0.086017,4.25408
25000,15,0.0835271,4.23796
25000,15,0.0834442,4.25377
25000,15,0.0833199,4.23162
25000,15,0.0832379,4.29107
25000,15,0.0830597,4.22344
25000,15,0.0833012,4.25866
25000,15,0.0830477,4.27422
25000,15,0.0830247,4.22991
25000,15,0.0835037,4.24083
25000,15,0.0835605,4.26653
25000,15,0.0831445,4.23442
25000,15,0.083121,4.27922
25000,15,0.083212,4.23174
25000,15,0.084286,4.33342
25000,15,0.083091,4.22203
25000,15,0.0834201,4.26751
25000,15,0.0832833,4.22777
25000,15,0.0832362,4.21715
25000,15,0.0834432,4.24212
25000,15,0.0830987,4.22863
25000,15,0.0832241,4.23284
25000,15,0.0845941,4.34374
25000,15,0.0841738,4.32787
25000,15,0.0830761,4.21605
25000,15,0.0830599,4.2094
25000,15,0.0838204,4.27031
25000,15,0.0841146,4.33092
25000,15,0.083582,4.28197
25000,15,0.0835711,4.26543
25000,15,0.0833801,4.31517
25000,15,0.0830372,4.21849
25000,15,0.0830388,4.22387
25000,15,0.0830372,4.21917
25000,15,0.0831561,4.23992
25000,15,0.0830359,4.22851
25000,15,0.0830447,4.24199
25000,15,0.0831467,4.22612
25000,15,0.0833532,4.29534
25000,15,0.0832951,4.26122
25000,15,0.0831251,4.22979
25000,15,0.083695,4.28356
25000,15,0.0853611,4.41881
25000,15,0.0832811,4.27361
25000,15,0.0834308,4.27447
25000,15,0.0833679,4.23211
25000,15,0.0832746,4.23363
25000,15,0.0862356,4.40178
25000,15,0.0907043,4.55132
25000,15,0.090684,4.5382
25000,15,0.0906278,4.55211
25000,15,0.0912488,4.60326
25000,15,0.0909494,4.567
25000,15,0.0909612,4.56835
25000,15,0.0913261,4.58037
25000,15,0.0909262,4.58721
25000,15,0.091344,4.62877
25000,15,0.0913074,4.60564
25000,15,0.0910328,4.57524
25000,15,0.0913787,4.60894
25000,15,0.0911858,4.55736
25000,15,0.0912981,4.61931
25000,15,0.090992,4.55999
25000,15,0.0901924,4.51488
25000,15,0.0904621,4.60473
25000,15,0.0894795,4.52147
25000,15,0.0844979,4.33031
25000,15,0.08436,4.32287
25000,15,0.0863269,4.38494
25000,15,0.0866277,4.4052
25000,15,0.0831168,4.27098
25000,15,0.0831075,4.22924
25000,15,0.0832098,4.32726
25000,15,0.0853934,4.43071
25000,15,0.0831788,4.25798
25000,15,0.0854644,4.364
25000,15,0.0833843,4.29522
25000,15,0.083344,4.27709
25000,15,0.0832711,4.23803
25000,15,0.0830609,4.25383
25000,15,0.0830898,4.21904
25000,15,0.083046,4.25286
25000,15,0.0830897,4.26659
25000,15,0.0832954,4.32396
25000,15,0.0832407,4.26165
25000,15,0.0837941,4.3499
25000,15,0.0832779,4.26879
25000,15,0.0834035,4.32988
25000,15,0.0831238,4.23644
25000,15,0.0831134,4.25005
25000,15,0.0830267,4.29735
25000,15,0.0831069,4.26354
25000,15,0.0832272,4.28521
25000,15,0.0830591,4.23821
25000,15,0.0834397,4.31389
25000,15,0.0830753,4.27452
25000,15,0.0832516,4.30748
25000,15,0.0830886,4.23174
25000,15,0.0832395,4.26384
25000,15,0.0831104,4.23931
25000,15,0.0833369,4.32854
25000,15,0.0831105,4.22649
25000,15,0.0831706,4.24566
25000,15,0.0830245,4.32293
25000,15,0.0835673,4.28673
25000,15,0.083402,4.3275
25000,15,0.0831867,4.24962
25000,15,0.0831832,4.27111
25000,15,0.0830454,4.22716
25000,15,0.0830858,4.26226
25000,15,0.0832712,4.28356
25000,15,0.0830846,4.28008
25000,15,0.0837143,4.2932
25000,15,0.0835236,4.31975
25000,15,0.083306,4.27019
25000,15,0.0832083,4.32183
25000,15,0.0838391,4.33611
25000,15,0.0873629,4.49224
25000,15,0.0830688,4.27098
25000,15,0.0834144,4.32195
25000,15,0.0833521,4.28472
25000,15,0.0844264,4.33538
25000,15,0.0830886,4.26836
25000,15,0.0832644,4.32378
25000,15,0.0831946,4.27745
25000,15,0.083415,4.28276
25000,15,0.0830292,4.2293
25000,15,0.0830533,4.23534
25000,15,0.0833619,4.28399
25000,15,0.0830115,4.22252
25000,15,0.0830123,4.29454
25000,15,0.0831842,4.27159
25000,15,0.083273,4.28301
25000,15,0.0837047,4.32763
25000,15,0.0831025,4.26616
25000,15,0.0830032,4.26714
25000,15,0.0830628,4.23876
25000,15,0.0832244,4.27288
25000,15,0.0830993,4.27947
25000,15,0.0830875,4.27544
25000,15,0.0830714,4.33776
25000,15,0.0832798,4.27562
25000,15,0.0834273,4.33709
25000,15,0.0830335,4.25164
25000,15,0.0830428,4.2315
25000,15,0.0830927,4.22588
25000,15,0.0832299,4.27514
25000,15,0.0830678,4.22582
25000,15,0.083025,4.27654
25000,15,0.0831788,4.25683
25000,15,0.0830818,4.26201
25000,15,0.0830606,4.26183
25000,15,0.0833191,4.24999
25000,15,0.0830733,4.23601
25000,15,0.0831267,4.31585
25000,15,0.0830403,4.24828
25000,15,0.0834977,4.2835
25000,15,0.0831011,4.23925
25000,15,0.0831891,4.27245
25000,15,0.0831129,4.27605
25000,15,0.0832191,4.2752
25000,15,0.0834482,4.28508
25000,15,0.0833329,4.27922
25000,15,0.0833745,4.26421
25000,15,0.0830585,4.22832
25000,15,0.0830844,4.22722
25000,15,0.0831728,4.33574
25000,15,0.083501,4.35021
25000,15,0.0842815,4.4771
25000,15,0.0904463,4.66228
25000,15,0.0834446,4.32238
25000,15,0.0832931,4.2636
25000,15,0.0832962,4.33165
25000,15,0.0836387,4.27758
25000,15,0.0833289,4.33672
25000,15,0.0831233,4.27263
25000,15,0.0833657,4.34197
25000,15,0.0834578,4.26262
25000,15,0.0834568,4.33055
25000,15,0.0833393,4.27727
25000,15,0.0867456,4.44213
25000,15,0.0832876,4.3095
25000,15,0.0831976,4.28624
25000,15,0.0830918,4.26702
25000,15,0.0845431,4.37603
25000,15,0.0830828,4.22289
25000,15,0.0832368,4.27465
25000,15,0.0831946,4.28484
25000,15,0.0831276,4.27501
25000,15,0.08344,4.33977
25000,15,0.0833314,4.27703
25000,15,0.0837065,4.32946
25000,15,0.0830609,4.24901
25000,15,0.0830099,4.26616
25000,15,0.0830813,4.31902
25000,15,0.0831217,4.27733
25000,15,0.0832248,4.28453
25000,15,0.0834317,4.32183
25000,15,0.0831344,4.28405
25000,15,0.0832229,4.26317
25000,15,0.083043,4.24383
25000,15,0.0830431,4.28844
25000,15,0.0832454,4.28777
25000,15,0.0831437,4.26134
25000,15,0.0878153,4.52611
25000,15,0.0833948,4.32585
25000,15,0.0830688,4.26452
25000,15,0.0830463,4.2611
25000,15,0.0855356,4.4843
25000,15,0.0835178,4.36437
25000,15,0.0890158,4.64952
25000,15,0.0832501,4.27996
25000,15,0.0830751,4.27996
25000,15,0.0835451,4.31298
25000,15,0.0830721,4.24797
25000,15,0.0832107,4.2716
25000,15,0.0831365,4.34661
25000,15,0.0853526,4.36449
25000,15,0.0831332,4.24041
25000,15,0.0833173,4.29003
25000,15,0.0831999,4.25237
25000,15,0.0831295,4.32097
25000,15,0.0830489,4.28044
25000,15,0.0834016,4.2918
25000,15,0.083425,4.32769
25000,15,0.0855602,4.40209
25000,15,0.0864829,4.45616
25000,15,0.0838622,4.3261
25000,15,0.083068,4.2531
25000,15,0.0834074,4.34111
25000,15,0.0831488,4.27385
25000,15,0.0831738,4.28405
25000,15,0.0831126,4.29125
25000,15,0.0830841,4.27105
25000,15,0.0832566,4.27489
25000,15,0.0831134,4.28478
25000,15,0.0830178,4.23619
25000,15,0.0833267,4.27343
25000,15,0.0830598,4.2788
25000,15,0.0831483,4.3247
25000,15,0.0832841,4.2907
25000,15,0.0854585,4.36687
25000,15,0.0830977,4.26354
25000,15,0.0831263,4.28911
25000,15,0.0842249,4.32653
25000,15,0.0833398,4.33049
25000,15,0.0831737,4.26922
25000,15,0.0832894,4.3225
25000,15,0.083222,4.2528
25000,15,0.0833687,4.31578
25000,16,0.0784104,3.91552
25000,16,0.0793376,4.18682
25000,16,0.0781479,4.07195
25000,16,0.0786087,4.11058
25000,16,0.0783662,4.0429
25000,16,0.0780568,4.02325
25000,16,0.0779529,3.9995
25000,16,0.0781236,4.04253
25000,16,0.0782693,4.09063
25000,16,0.0784134,4.08934
25000,16,0.0809919,4.25274
25000,16,0.0783101,4.07085
25000,16,0.0785028,4.10643
25000,16,0.0785048,4.1176
25000,16,0.0789986,4.07921
25000,16,0.0902109,4.66948
25000,16,0.0781224,4.06987
25000,16,0.0779848,4.03411
25000,16,0.0781785,4.07097
25000,16,0.0789102,4.09002
25000,16,0.0781485,4.06194
25000,16,0.0785627,4.10686
25000,16,0.0782693,4.05944
25000,16,0.079875,4.20018
25000,16,0.0782743,4.13604
25000,16,0.0780764,4.01305
25000,16,0.0780918,4.08214
25000,16,0.0781475,4.06951
25000,16,0.0785337,4.12102
25000,16,0.0781648,4.06621
25000,16,0.0800901,4.17485
25000,16,0.0780134,4.1126
25000,16,0.0780059,4.0313
25000,16,0.0780584,4.03264
25000,16,0.078079,4.06151
25000,16,0.0781004,4.06701
25000,16,0.0781476,4.11785
25000,16,0.0785235,4.07897
25000,16,0.0791832,4.19603
25000,16,0.0802688,4.16967
25000,16,0.0780223,4.0584
25000,16,0.0784531,4.11663
25000,16,0.0779869,4.0526
25000,16,0.0782829,4.09484
25000,16,0.0779679,4.0786
25000,16,0.0782883,4.10875
25000,16,0.0784614,4.08007
25000,16,0.0779547,4.0811
25000,16,0.0783315,4.08849
25000,16,0.0784823,4.13463
25000,16,0.078384,4.07378
25000,16,0.0783713,4.12316
25000,16,0.0794881,4.15148
25000,16,0.0780234,4.06664
25000,16,0.0781604,4.09484
25000,16,0.078232,4.08892
25000,16,0.0795047,4.17913
25000,16,0.0784541,4.08861
25000,16,0.0785503,4.14556
25000,16,0.0780793,4.07122
25000,16,0.0780423,4.06694
25000,16,0.0819842,4.27166
25000,16,0.0780822,4.1029
25000,16,0.0782791,4.08666
25000,16,0.0782793,4.10863
25000,16,0.0840579,4.42046
25000,16,0.078142,4.06902
25000,16,0.0782992,4.09777
25000,16,0.0802847,4.1856
25000,16,0.0803715,4.1668
25000,16,0.0779792,4.04015
25000,16,0.0790545,4.12621
25000,16,0.0782581,4.08275
25000,16,0.0781217,4.0664
25000,16,0.0784394,4.13671
25000,16,0.0810382,4.25182
25000,16,0.0821407,4.28368
25000,16,0.0783454,4.12859
25000,16,0.0779303,4.06463
25000,16,0.07845,4.11803
25000,16,0.0780529,4.07592
25000,16,0.0783415,4.08049
25000,16,0.0797065,4.21209
25000,16,0.0782045,4.09185
25000,16,0.080976,4.21642
25000,16,0.0785832,4.14208
25000,16,0.0805646,4.24034
25000,16,0.0784629,4.07445
25000,16,0.0781992,4.14537
25000,16,0.0778598,4.05047
25000,16,0.0800938,4.16771
25000,16,0.0783536,4.10582
25000,16,0.0780354,4.03582
25000,16,0.0783896,4.07866
25000,16,0.0811769,4.21123
25000,16,0.0781726,4.12725
25000,16,0.0779049,4.044
25000,16,0.0799415,4.16881
25000,16,0.078018,4.06579
25000,16,0.0830032,4.32659
25000,16,0.0808141,4.24553
25000,16,0.0796426,4.16143
25000,16,0.0857656,4.42449
25000,16,0.0783036,4.08959
25000,16,0.0831516,4.38286
25000,16,0.0783098,4.12182
25000,16,0.0779719,4.07042
25000,16,0.0808726,4.25231
25000,16,0.0779548,4.0537
25000,16,0.0783266,4.07946
25000,16,0.0781121,4.07335
25000,16,0.078113,4.11034
25000,16,0.0784194,4.13103
25000,16,0.078601,4.13317
25000,16,0.0782916,4.12413
25000,16,0.0789896,4.15819
25000,16,0.0780934,4.08727
25000,16,0.0780327,4.06359
25000,16,0.0781464,4.12297
25000,16,0.0792442,4.16338
25000,16,0.0784688,4.09325
25000,16,0.0780089,4.07879
25000,16,0.0782285,4.09526
25000,16,0.0803335,4.2036
25000,16,0.0798779,4.15496
25000,16,0.0805891,4.21557
25000,16,0.0781821,4.08416
25000,16,0.0782001,4.1436
25000,16,0.0798969,4.20025
25000,16,0.0781493,4.06865
25000,16,0.0784401,4.13695
25000,16,0.0781329,4.10497
25000,16,0.0779772,4.08465
25000,16,0.0783251,4.1292
25000,16,0.0779865,4.08098
25000,16,0.0786072,4.10704
25000,16,0.0780451,4.02306
25000,16,0.0784005,4.08074
25000,16,0.0788522,4.16314
25000,16,0.0793988,4.21703
25000,16,0.0782551,4.08233
25000,16,0.0786417,4.16021
25000,16,0.0782689,4.08056
25000,16,0.0780474,4.09581
25000,16,0.0793656,4.16149
25000,16,0.0782138,4.09588
25000,16,0.0780555,4.08239
25000,16,0.0781307,4.14672
25000,16,0.0782477,4.08776
25000,16,0.0785564,4.12767
25000,16,0.0791761,4.15105
25000,16,0.0795747,4.20195
25000,16,0.0794596,4.12774
25000,16,0.0792405,4.20159
25000,16,0.0781517,4.0858
25000,16,0.078001,4.06878
25000,16,0.0782581,4.10589
25000,16,0.0781991,4.06749
25000,16,0.0784308,4.09606
25000,16,0.0781336,4.09136
25000,16,0.0781283,4.0797
25000,16,0.078219,4.08892
25000,16,0.0784207,4.135
25000,16,0.0786765,4.13024
25000,16,0.0779353,4.07781
25000,16,0.0783457,4.0996
25000,16,0.0785824,4.1784
25000,16,0.0822293,4.36077
25000,16,0.0781972,4.11492
25000,16,0.0785831,4.11803
25000,16,0.0784952,4.156
25000,16,0.0784258,4.0941
25000,16,0.0782646,4.07518
25000,16,0.0782741,4.07756
25000,16,0.0781264,4.12255
25000,16,0.0782082,4.09771
25000,16,0.078049,4.07616
25000,16,0.078046,4.09233
25000,16,0.0786343,4.12804
25000,16,0.0797856,4.2105
25000,16,0.0785057,4.11504
25000,16,0.0783641,4.08062
25000,16,0.078095,4.08526
25000,16,0.0810867,4.28618
25000,16,0.0779948,4.08373
25000,16,0.0779446,4.0645
25000,16,0.0782887,4.0772
25000,16,0.0781216,4.08641
25000,16,0.0783848,4.16881
25000,16,0.0784101,4.12084
25000,16,0.0787734,4.09179
25000,16,0.0791874,4.18981
25000,16,0.0780263,4.083
25000,16,0.0781331,4.07531
25000,16,0.0780203,4.07158
25000,16,0.0780572,4.0913
25000,16,0.0781706,4.08867
25000,16,0.0781849,4.09081
25000,16,0.0825205,4.32299
25000,16,0.086993,4.49675
25000,16,0.0855963,4.41014
25000,16,0.0852497,4.37096
25000,16,0.0866768,4.4804
25000,16,0.0853947,4.36852
25000,16,0.0872392,4.57402
25000,16,0.0855525,4.40374
25000,16,0.0840132,4.34807
25000,16,0.0816604,4.23699
25000,16,0.0820034,4.30431
25000,16,0.080348,4.17858
25000,16,0.0817956,4.22759
25000,16,0.0873978,4.48687
25000,16,0.0859064,4.43352
25000,16,0.085639,4.36907
25000,16,0.0875863,4.51653
25000,16,0.0868751,4.48778
25000,16,0.08566,4.48595
25000,16,0.0868354,4.45617
25000,16,0.0815537,4.19616
25000,16,0.0784411,4.1491
25000,16,0.0788274,4.15453
25000,16,0.0780272,4.07738
25000,16,0.0785447,4.15374
25000,16,0.0781223,4.07879
25000,16,0.0785614,4.13683
25000,16,0.0784854,4.12487
25000,16,0.0782274,4.13842
25000,16,0.0783056,4.12041
25000,16,0.0813236,4.26079
25000,16,0.0780556,4.07763
25000,16,0.0779813,4.07787
25000,16,0.0781062,4.10235
25000,16,0.0784943,4.0985
25000,16,0.0785587,4.16497
25000,16,0.0783658,4.08428
25000,16,0.0812543,4.24511
25000,16,0.0801218,4.16362
25000,16,0.0785412,4.15349
25000,16,0.0780841,4.0772
25000,16,0.0793773,4.17913
25000,16,0.0805181,4.19939
25000,16,0.0782165,4.07457
25000,16,0.0783226,4.08782
25000,16,0.0782012,4.11486
25000,16,0.0779993,4.08135
25000,16,0.0782378,4.16338
25000,16,0.0779417,4.08098
25000,16,0.0779792,4.08617
25000,16,0.0781633,4.06157
25000,16,0.0781794,4.08532
40000,1,1.63416,30.9369
40000,1,1.58634,27.4675
40000,1,1.5797,27.3602
40000,1,1.60166,27.6857
40000,1,1.59994,27.8576
40000,1,1.61644,27.9355
40000,1,1.60182,27.9506
40000,1,1.58425,27.3841
40000,1,1.58147,28.1821
40000,1,1.61673,28.7307
40000,1,1.61787,27.9827
40000,1,1.57469,27.2228
40000,1,1.61208,27.8661
40000,1,1.70855,28.5683
40000,1,1.60096,27.6731
40000,1,1.58616,27.4088
40000,1,1.58026,27.3187
40000,1,1.59639,27.5765
40000,1,1.61212,27.8504
40000,1,1.58463,27.3738
40000,1,1.66527,28.4248
40000,1,1.60903,27.9617
40000,1,1.58089,27.3122
40000,1,1.62385,28.0411
40000,1,1.58621,27.4256
40000,1,1.57876,27.3356
40000,1,1.58471,27.4916
40000,1,1.64652,28.4299
40000,1,1.63048,28.75
40000,1,1.58622,28.4791
40000,1,1.57986,28.1048
40000,1,1.60187,27.7523
40000,1,1.6,27.7272
40000,1,1.61633,28.0048
40000,1,1.60185,27.7458
40000,1,1.5843,27.6275
40000,1,1.58153,27.3806
40000,1,1.61568,27.9628
40000,1,1.61767,27.9797
40000,1,1.57479,27.2762
40000,1,1.61223,27.9072
40000,1,1.70855,28.6517
40000,1,1.60092,27.6515
40000,1,1.58586,27.4164
40000,1,1.58019,27.2966
40000,1,1.5963,27.7207
40000,1,1.62206,28.2676
40000,1,1.58497,27.4815
40000,1,1.66564,28.512
40000,1,1.60957,28.8426
40000,1,1.58091,27.8574
40000,1,1.62383,28.0366
40000,1,1.58627,27.3888
40000,1,1.57875,27.2861
40000,1,1.58532,32.7334
40000,1,1.64749,30.9338
40000,1,1.63009,28.1268
40000,1,1.58628,27.4376
40000,1,1.5796,27.2675
40000,1,1.60177,27.6282
40000,1,1.59988,27.5928
40000,1,1.61653,27.8373
40000,1,1.6018,27.6075
40000,1,1.58425,27.3066
40000,1,1.58144,27.3479
40000,1,1.62468,28.3031
40000,1,1.6176,27.8517
40000,1,1.5747,27.1491
40000,1,1.61256,28.3689
40000,1,1.7086,29.1036
40000,1,1.60091,28.5324
40000,1,1.58582,27.3382
40000,1,1.58019,27.2198
40000,1,1.59631,27.5033
40000,1,1.61225,27.8655
40000,1,1.58468,27.3126
40000,1,1.66534,27.8956
40000,1,1.60956,27.7255
40000,1,1.58099,27.251
40000,1,1.62384,28.0341
40000,1,1.58626,27.3332
40000,1,1.57886,27.2203
40000,1,1.58474,27.318
40000,1,1.6464,27.9459
40000,1,1.64984,28.5605
40000,1,1.58607,27.3254
40000,1,1.57956,27.1942
40000,1,1.60205,27.5838
40000,1,1.59983,27.5388
40000,1,1.61631,27.7165
40000,1,1.6019,28.7197
40000,1,1.58423,27.2759
40000,1,1.5814,27.2488
40000,1,1.61553,27.7227
40000,1,1.61913,31.4336
40000,1,1.57469,27.134
40000,1,1.61198,27.6354
40000,1,1.70862,28.159
40000,1,1.60083,27.4977
40000,1,1.58586,27.3056
40000,1,1.58012,27.2038
40000,1,1.59624,27.4752
40000,1,1.6121,27.857
40000,1,1.58475,27.3029
40000,1,1.66507,27.4711
40000,1,1.60941,28.1048
40000,1,1.58089,27.2225
40000,1,1.62383,27.5176
40000,1,1.58622,27.4477
40000,1,1.5787,27.1595
40000,1,1.58473,27.8944
40000,1,1.64644,28.3492
40000,1,1.63004,27.2062
40000,1,1.58603,27.2649
40000,1,1.57954,27.1774
40000,1,1.60171,27.3594
40000,1,1.59988,27.3747
40000,1,1.61622,27.464
40000,1,1.60172,27.2635
40000,1,1.58424,27.2124
40000,1,1.58141,27.1691
40000,1,1.61568,27.571
40000,1,1.61766,27.464
40000,1,1.57471,27.2379
40000,1,1.61227,27.3788
40000,1,1.70849,28.1015
40000,1,1.6009,27.3266
40000,1,1.58593,27.2446
40000,1,1.58029,27.1431
40000,1,1.5964,27.3033
40000,1,1.61206,27.5496
40000,1,1.58476,28.2808
40000,1,1.66511,27.4285
40000,1,1.60903,27.3068
40000,1,1.58085,27.1321
40000,1,1.62385,27.1145
40000,1,1.58613,27.152
40000,1,1.57868,27.2837
40000,1,1.58471,27.16
40000,1,1.64653,27.1667
40000,1,1.63041,27.2831
40000,1,1.58621,27.161
40000,1,1.5799,27.8459
40000,1,1.60198,28.4602
40000,1,1.60003,27.1853
40000,1,1.61638,27.1735
40000,1,1.60184,27.0106
40000,1,1.58443,27.0991
40000,1,1.58139,27.1551
40000,1,1.61573,27.2418
40000,1,1.61766,26.974
40000,1,1.57473,27.8844
40000,1,1.6121,27.8097
40000,1,1.70851,28.0458
40000,1,1.60087,27.0478
40000,1,1.5858,27.1321
40000,1,1.58013,27.0256
40000,1,1.59629,27.1808
40000,1,1.61202,27.0232
40000,1,1.58483,27.2811
40000,1,1.66543,27.3801
40000,1,1.60926,27.2027
40000,1,1.58084,27.0477
40000,1,1.62381,26.9245
40000,1,1.58621,27.0356
40000,1,1.57869,27.0368
40000,1,1.58473,27.1092
40000,1,1.64634,27.2159
40000,1,1.63004,26.8386
40000,1,1.58601,26.9765
40000,1,1.5796,26.9897
40000,1,1.60177,27.4457
40000,1,1.59985,28.1957
40000,1,1.61622,26.9003
40000,1,1.60177,27.3194
40000,1,1.58423,27.0101
40000,1,1.58143,26.9955
40000,1,1.61594,27.1521
40000,1,1.61766,26.8068
40000,1,1.57481,26.8799
40000,1,1.61223,27.4339
40000,1,1.70856,28.3338
40000,1,1.60091,26.8052
40000,1,1.5858,26.9806
40000,1,1.58027,26.922
40000,1,1.5964,27.3727
40000,1,1.61196,26.7601
40000,1,1.58475,26.8724
40000,1,1.66622,29.633
40000,1,1.60984,28.4103
40000,1,1.58084,26.9373
40000,1,1.62387,26.8513
40000,1,1.58627,28.2586
40000,1,1.57867,26.9557
40000,1,1.58473,26.8152
40000,1,1.64632,27.2857
40000,1,1.6303,27.2222
40000,1,1.58599,26.8799
40000,1,1.57957,26.848
40000,1,1.60166,26.8772
40000,1,1.59989,26.7134
40000,1,1.61621,26.7209
40000,1,1.60179,26.5384
40000,1,1.58423,26.6974
40000,1,1.58139,26.8488
40000,1,1.61561,26.7193
40000,1,1.61759,26.6984
40000,1,1.5747,26.8421
40000,1,1.61209,26.7532
40000,1,1.70849,28.046
40000,1,1.60088,26.8919
40000,1,1.58583,26.9239
40000,1,1.58014,27.392
40000,1,1.59633,27.8402
40000,1,1.612,26.7227
40000,1,1.58482,27.0757
40000,1,1.66518,27.3897
40000,1,1.6094,27.8746
40000,1,1.58094,27.7305
40000,1,1.62387,26.8388
40000,1,1.58627,26.7298
40000,1,1.57877,26.9013
40000,1,1.58475,26.7888
40000,1,1.64618,27.0449
40000,1,1.63003,26.7713
40000,1,1.58609,26.9214
40000,1,1.57963,26.7103
40000,1,1.60162,26.5984
40000,1,1.59993,26.5933
40000,1,1.61627,26.7337
40000,1,1.60176,26.559
40000,1,1.58419,26.601
40000,1,1.58139,26.7233
40000,1,1.61614,28.6769
40000,1,1.61761,26.6033
40000,1,1.5747,26.5998
40000,1,1.61204,26.5859
40000,1,1.70849,27.9759
40000,1,1.60088,26.711
40000,1,1.58581,26.8774
40000,1,1.58015,26.5454
40000,1,1.59661,32.2726
40000,1,1.61276,29.5444
40000,1,1.5848,27.1888
40000,1,1.66543,27.3754
40000,1,1.60938,26.5302
40000,1,1.58084,26.6531
40000,1,1.62395,26.6641
40000,1,1.58617,26.5038
40000,1,1.57869,26.7078
40000,2,1.60221,26.3926
40000,2,1.59454,26.7859
40000,2,1.59446,27.2199
40000,2,1.59953,28.1327
40000,2,1.59542,27.4633
40000,2,1.59505,27.4745
40000,2,1.59568,26.8771
40000,2,1.59412,26.6607
40000,2,1.59458,27.0042
40000,2,1.59824,26.9123
40000,2,1.59896,26.9931
40000,2,1.59421,26.9162
40000,2,1.59591,26.8871
40000,2,1.6032,27.0492
40000,2,1.59522,26.8393
40000,2,1.59549,26.9263
40000,2,1.59436,26.6075
40000,2,1.59557,26.9139
40000,2,1.59374,26.7558
40000,2,1.5934,26.8124
40000,2,1.60132,26.9617
40000,2,1.59581,27.0077
40000,2,1.59503,26.9604
40000,2,1.5999,27.1698
40000,2,1.59429,28.1216
40000,2,1.59456,26.5936
40000,2,1.593,26.5352
40000,2,1.59858,27.0276
40000,2,1.60118,27.1362
40000,2,1.59528,26.9515
40000,2,1.59478,26.9244
40000,2,1.59848,26.9938
40000,2,1.59651,27.232
40000,2,1.59603,30.3294
40000,2,1.59529,26.9019
40000,2,1.59464,26.9057
40000,2,1.59419,26.9582
40000,2,1.59772,26.998
40000,2,1.59907,27.213
40000,2,1.59378,26.8086
40000,2,1.59585,27.2124
40000,2,1.60323,27.1982
40000,2,1.5971,27.7032
40000,2,1.59608,27.1903
40000,2,1.59334,28.5048
40000,2,1.59388,34.1031
40000,2,1.59467,33.262
40000,2,1.59387,30.6217
40000,2,1.603,27.4485
40000,2,1.59618,26.9691
40000,2,1.59451,27.136
40000,2,1.60002,27.1954
40000,2,1.59357,26.6453
40000,2,1.59324,26.5239
40000,2,1.5937,26.9321
40000,2,1.60064,27.2031
40000,2,1.60013,27.1676
40000,2,1.59577,27.1472
40000,2,1.59446,27.2031
40000,2,1.59922,27.2601
40000,2,1.59685,27.2707
40000,2,1.59609,26.8819
40000,2,1.59459,26.9698
40000,2,1.59542,27.1491
40000,2,1.59468,27.3111
40000,2,1.59776,28.218
40000,2,1.59759,27.2475
40000,2,1.5939,26.9453
40000,2,1.59454,26.6794
40000,2,1.60197,27.1487
40000,2,1.59559,26.9437
40000,2,1.59464,26.8616
40000,2,1.59364,26.7515
40000,2,1.59494,26.8181
40000,2,1.59497,26.8212
40000,2,1.59391,26.9969
40000,2,1.60285,27.2917
40000,2,1.59692,27.4761
40000,2,1.59407,26.8531
40000,2,1.60133,27.2917
40000,2,1.59413,27.2433
40000,2,1.59366,26.7795
40000,2,1.59408,26.9532
40000,2,1.60103,27.2352
40000,2,1.60101,27.2563
40000,2,1.59584,28.0171
40000,2,1.59391,27.4152
40000,2,1.59709,26.9171
40000,2,1.59574,26.9767
40000,2,1.59746,27.1125
40000,2,1.59516,26.849
40000,2,1.5954,27.1366
40000,2,1.59473,27.3067
40000,2,1.59634,26.8153
40000,2,1.59941,27.2201
40000,2,1.59447,26.9772
40000,2,1.59739,27.4323
40000,2,1.60206,27.0857
40000,2,1.59658,27.0251
40000,2,1.59431,26.8167
40000,2,1.59434,26.9383
40000,2,1.59557,26.9604
40000,2,1.59582,27.035
40000,2,1.59391,26.9275
40000,2,1.60114,27.1645
40000,2,1.59764,27.2481
40000,2,1.59491,28.4078
40000,2,1.60103,27.4708
40000,2,1.59374,26.5635
40000,2,1.59408,26.7855
40000,2,1.59403,27.0721
40000,2,1.59976,27.079
40000,2,1.60075,27.2234
40000,2,1.59542,27.0118
40000,2,1.59451,26.9762
40000,2,1.59804,27.3588
40000,2,1.59656,27.187
40000,2,1.59732,27.1669
40000,2,1.59517,28.6822
40000,2,1.59523,27.028
40000,2,1.59415,26.9838
40000,2,1.5965,27.0387
40000,2,1.59836,27.0948
40000,2,1.59388,26.9758
40000,2,1.59553,26.8513
40000,2,1.60386,27.1944
40000,2,1.59619,27.7695
40000,2,1.59626,30.896
40000,2,1.59413,27.3691
40000,2,1.5984,26.9228
40000,2,1.59543,26.8346
40000,2,1.59404,26.9446
40000,2,1.60275,27.2235
40000,2,1.59756,27.3765
40000,2,1.59453,27.052
40000,2,1.60091,27.1431
40000,2,1.59416,26.8851
40000,2,1.59387,26.769
40000,2,1.59353,26.8543
40000,2,1.59896,26.9922
40000,2,1.59823,26.9444
40000,2,1.59444,26.7497
40000,2,1.59447,27.063
40000,2,1.59681,26.9145
40000,2,1.5964,27.0946
40000,2,1.59535,26.777
40000,2,1.59502,26.9449
40000,2,1.5949,28.5035
40000,2,1.5948,27.1254
40000,2,1.59736,26.9463
40000,2,1.59643,27.0201
40000,2,1.59438,26.9648
40000,2,1.59812,27.5424
40000,2,1.60374,27.1944
40000,2,1.59634,26.9617
40000,2,1.59558,27.632
40000,2,1.59401,26.7361
40000,2,1.59551,26.8675
40000,2,1.59506,26.8317
40000,2,1.5941,26.9001
40000,2,1.60304,27.2131
40000,2,1.59686,27.0066
40000,2,1.5945,27.0919
40000,2,1.59995,27.0801
40000,2,1.59179,26.2548
40000,2,1.59368,27.0665
40000,2,1.59285,26.5561
40000,2,1.59916,27.8265
40000,2,1.6005,27.8837
40000,2,1.59558,27.0809
40000,2,1.59445,26.9098
40000,2,1.59835,27.3551
40000,2,1.59601,27.0378
40000,2,1.59526,26.7397
40000,2,1.59411,26.54
40000,2,1.59431,26.8148
40000,2,1.59448,27.0494
40000,2,1.59674,26.8463
40000,2,1.59799,27.7664
40000,2,1.59424,31.6688
40000,2,1.59688,29.6084
40000,2,1.60269,27.0832
40000,2,1.59683,27.2645
40000,2,1.59531,26.9232
40000,2,1.59439,26.7856
40000,2,1.59474,26.5994
40000,2,1.59534,26.8675
40000,2,1.59492,27.1276
40000,2,1.6027,28.6598
40000,2,1.59795,27.2471
40000,2,1.59478,29.3922
40000,2,1.59902,33.9486
40000,2,1.59437,34.1822
40000,2,1.59669,35.1162
40000,2,1.59495,33.7694
40000,2,1.60053,34.077
40000,2,1.60249,34.5345
40000,2,1.61288,40.9312
40000,2,1.60472,39.9149
40000,2,1.60415,29.6349
40000,2,1.59645,27.1955
40000,2,1.59754,27.1005
40000,2,1.59515,26.9087
40000,2,1.5957,27.2043
40000,2,1.59574,27.7318
40000,2,1.59895,28.662
40000,2,1.59683,26.8749
40000,2,1.59339,26.7737
40000,2,1.60028,27.7746
40000,2,1.60238,28.1661
40000,2,1.59652,26.9481
40000,2,1.59588,27.1553
40000,2,1.59419,26.8961
40000,2,1.59442,26.714
40000,2,1.5933,26.4473
40000,2,1.5939,26.8907
40000,2,1.59919,26.8905
40000,2,1.59706,27.1191
40000,2,1.59525,27.2077
40000,2,1.60123,27.2361
40000,2,1.59457,26.7999
40000,2,1.59394,26.7551
40000,2,1.59377,30.3444
40000,2,1.5996,27.0535
40000,2,1.60013,27.2894
40000,2,1.59564,27.069
40000,2,1.59489,27.129
40000,2,1.59828,27.3763
40000,2,1.59693,33.4647
40000,2,1.59726,35.1817
40000,2,1.59444,28.8931
40000,2,1.59439,27.3919
40000,2,1.59399,26.8753
40000,2,1.59777,27.0133
40000,2,1.59744,26.9658
40000,2,1.59399,26.8566
40000,2,1.59613,26.9499
40000,2,1.6041,27.2264
40000,2,1.59582,27.095
40000,2,1.59577,27.1069
40000,2,1.59473,26.9437
40000,2,1.59515,26.8332
40000,2,1.5952,26.8209
40000,2,1.59434,27.0174
40000,2,1.60318,27.287
40000,2,1.59608,26.902
40000,2,1.59584,27.1697
40000,2,1.59887,26.934
40000,2,1.59441,26.8261
40000,2,1.59367,27.402
40000,3,1.06688,22.6766
40000,3,1.06377,22.1841
40000,3,1.0625,22.087
40000,3,1.06474,22.0918
40000,3,1.06375,22.1003
40000,3,1.06526,22.1766
40000,3,1.06403,22.0275
40000,3,1.06352,22.1152
40000,3,1.06273,21.9077
40000,3,1.06623,22.2131
40000,3,1.06526,22.2006
40000,3,1.06285,22.128
40000,3,1.06372,22.0462
40000,3,1.06631,22.1259
40000,3,1.06433,22.0439
40000,3,1.06298,22.1818
40000,3,1.0631,22.0486
40000,3,1.06502,22.1648
40000,3,1.06481,22.1536
40000,3,1.06326,22.0174
40000,3,1.06678,22.207
40000,3,1.06483,22.1048
40000,3,1.06305,22.0933
40000,3,1.0672,22.4395
40000,3,1.06343,22.0894
40000,3,1.0632,22.0371
40000,3,1.06285,22.167
40000,3,1.06544,22.757
40000,3,1.06588,22.1423
40000,3,1.06363,22.072
40000,3,1.0633,23.1389
40000,3,1.06626,22.7798
40000,3,1.06517,22.1732
40000,3,1.06462,22.2077
40000,3,1.06505,22.221
40000,3,1.06318,22.1284
40000,3,1.06285,22.1176
40000,3,1.06632,22.2101
40000,3,1.06621,22.2372
40000,3,1.06274,22.182
40000,3,1.06533,22.2314
40000,3,1.068,22.2031
40000,3,1.06599,22.2405
40000,3,1.06357,22.1475
40000,3,1.063,22.1569
40000,3,1.06396,22.1634
40000,3,1.06439,22.14
40000,3,1.06269,22.0361
40000,3,1.06757,22.3583
40000,3,1.06391,22.1453
40000,3,1.06248,22.0624
40000,3,1.06694,22.5255
40000,3,1.06323,22.1115
40000,3,1.06301,22.1386
40000,3,1.0631,22.145
40000,3,1.06748,22.277
40000,3,1.06566,22.223
40000,3,1.06284,22.0998
40000,3,1.06292,22.165
40000,3,1.06557,22.2284
40000,3,1.06412,22.3116
40000,3,1.06384,23.1053
40000,3,1.06464,22.7651
40000,3,1.06287,22.1397
40000,3,1.06246,22.0732
40000,3,1.0651,22.1821
40000,3,1.06398,22.1019
40000,3,1.06296,22.2024
40000,3,1.06526,22.2343
40000,3,1.06957,22.2995
40000,3,1.06552,22.464
40000,3,1.06271,22.098
40000,3,1.06281,22.1509
40000,3,1.06348,22.3137
40000,3,1.06377,22.0837
40000,3,1.06293,22.1808
40000,3,1.06795,22.2581
40000,3,1.06483,22.2515
40000,3,1.06258,22.1296
40000,3,1.06694,22.4722
40000,3,1.06312,22.1299
40000,3,1.06327,22.2248
40000,3,1.06252,22.1412
40000,3,1.06705,22.2951
40000,3,1.06598,22.761
40000,3,1.06316,22.1074
40000,3,1.06309,22.1743
40000,3,1.0655,22.2324
40000,3,1.06471,22.2784
40000,3,1.06345,22.1186
40000,3,1.06353,22.1282
40000,3,1.06333,23.2133
40000,3,1.06252,23.0553
40000,3,1.06667,22.4641
40000,3,1.06587,22.3107
40000,3,1.06327,22.2824
40000,3,1.06522,22.2907
40000,3,1.06892,22.3041
40000,3,1.06408,22.1691
40000,3,1.06312,22.5208
40000,3,1.06296,25.1869
40000,3,1.06445,22.3301
40000,3,1.06461,22.2123
40000,3,1.06329,22.2285
40000,3,1.06831,22.3086
40000,3,1.06496,22.2058
40000,3,1.06263,22.2037
40000,3,1.06696,22.5595
40000,3,1.06398,22.28
40000,3,1.06275,22.1104
40000,3,1.06292,22.163
40000,3,1.06541,22.261
40000,3,1.06608,22.2855
40000,3,1.06318,22.1867
40000,3,1.06347,22.3724
40000,3,1.0662,22.4215
40000,3,1.06447,22.2356
40000,3,1.06638,22.3129
40000,3,1.0644,22.2462
40000,3,1.06349,22.2729
40000,3,1.06249,22.1449
40000,3,1.06664,22.262
40000,3,1.06482,22.717
40000,3,1.06289,23.1523
40000,3,1.06544,22.2748
40000,3,1.06533,22.2083
40000,3,1.06455,22.1651
40000,3,1.06204,22.0736
40000,3,1.06288,22.122
40000,3,1.06422,22.2584
40000,3,1.064,22.2687
40000,3,1.06312,22.3194
40000,3,1.06719,22.4072
40000,3,1.06537,22.2955
40000,3,1.06253,22.2225
40000,3,1.06729,22.6024
40000,3,1.06373,22.4014
40000,3,1.06279,22.3943
40000,3,1.06317,22.2199
40000,3,1.06632,22.3098
40000,3,1.0648,22.9786
40000,3,1.06371,23.3732
40000,3,1.06333,22.4536
40000,3,1.0662,22.2879
40000,3,1.06321,22.2049
40000,3,1.0652,22.2709
40000,3,1.06363,22.1401
40000,3,1.06277,22.1397
40000,3,1.06227,22.0947
40000,3,1.06525,22.2586
40000,3,1.06555,22.2101
40000,3,1.06328,22.3306
40000,3,1.06501,22.2863
40000,3,1.06922,23.2994
40000,3,1.06558,23.1496
40000,3,1.06336,22.2518
40000,3,1.06302,22.224
40000,3,1.06496,22.3048
40000,3,1.06507,22.4379
40000,3,1.063,22.2863
40000,3,1.06892,22.3434
40000,3,1.06541,22.33
40000,3,1.063,22.2758
40000,3,1.06753,22.3181
40000,3,1.06295,22.4855
40000,3,1.06285,22.166
40000,3,1.06309,22.2519
40000,3,1.06827,22.3375
40000,3,1.06568,22.2705
40000,3,1.06273,22.1511
40000,3,1.06273,22.2062
40000,3,1.06676,22.3371
40000,3,1.06375,22.2143
40000,3,1.0653,22.3221
40000,3,1.06366,23.937
40000,3,1.06345,25.853
40000,3,1.06349,23.2993
40000,3,1.06636,24.2941
40000,3,1.06597,22.4077
40000,3,1.06234,22.3163
40000,3,1.06364,22.4145
40000,3,1.0677,22.202
40000,3,1.06407,22.2151
40000,3,1.06339,22.3201
40000,3,1.06246,23.1274
40000,3,1.06329,22.6834
40000,3,1.06471,22.2309
40000,3,1.06229,22.1085
40000,3,1.06723,22.3047
40000,3,1.06466,22.3093
40000,3,1.06303,22.4502
40000,3,1.06828,22.3897
40000,3,1.06262,22.3649
40000,3,1.06335,22.3251
40000,3,1.06336,22.2874
40000,3,1.06805,22.3927
40000,3,1.06704,22.3049
40000,3,1.06296,22.7341
40000,3,1.06359,22.296
40000,3,1.06581,22.327
40000,3,1.06312,22.1614
40000,3,1.06565,22.3505
40000,3,1.06334,22.413
40000,3,1.06364,22.3867
40000,3,1.06304,22.2051
40000,3,1.06646,22.4334
40000,3,1.06493,22.2507
40000,3,1.06326,22.3383
40000,3,1.06515,22.3179
40000,3,1.06953,22.4003
40000,3,1.06457,22.281
40000,3,1.06415,22.329
40000,3,1.06277,22.1811
40000,3,1.06351,22.2128
40000,3,1.06522,22.615
40000,3,1.06334,23.3433
40000,3,1.06697,22.668
40000,3,1.06624,22.3907
40000,3,1.06319,22.3503
40000,3,1.0678,22.3724
40000,3,1.06375,22.5751
40000,3,1.06335,22.2813
40000,3,1.06276,22.2122
40000,3,1.06755,22.3523
40000,3,1.06649,22.5684
40000,3,1.0639,22.252
40000,3,1.06307,22.2028
40000,3,1.06472,22.2447
40000,3,1.0644,22.3377
40000,3,1.06338,22.1847
40000,3,1.06471,22.3381
40000,3,1.06348,22.3247
40000,3,1.06241,22.0827
40000,3,1.06535,22.2808
40000,3,1.06581,22.2779
40000,3,1.06272,22.3212
40000,3,1.06356,22.1687
40000,3,1.06743,22.3136
40000,3,1.06205,22.0232
40000,3,1.06367,22.2823
40000,3,1.06271,22.2022
40000,3,1.06476,23.6722
40000,3,1.06563,24.5526
40000,3,1.0633,22.3262
40000,3,1.06828,22.4058
40000,3,1.06271,22.6412
40000,3,1.06251,23.1234
40000,3,1.0661,22.738
40000,3,1.06302,22.6605
40000,3,1.063,22.3477
40000,4,0.799961,17.424
40000,4,0.798441,17.7138
40000,4,0.797423,17.6599
40000,4,0.799215,17.6898
40000,4,0.797849,18.1389
40000,4,0.799242,18.5502
40000,4,0.796881,17.8938
40000,4,0.79713,17.4519
40000,4,0.797366,17.6824
40000,4,0.799731,17.7427
40000,4,0.800853,17.7738
40000,4,0.797622,17.852
40000,4,0.798994,17.8666
40000,4,0.797687,17.4057
40000,4,0.799028,17.8408
40000,4,0.798378,17.7627
40000,4,0.797007,17.5529
40000,4,0.797135,17.5463
40000,4,0.799224,17.8911
40000,4,0.797382,17.7744
40000,4,0.802061,17.8929
40000,4,0.797664,17.4754
40000,4,0.796985,17.5404
40000,4,0.80181,17.8013
40000,4,0.797495,17.7558
40000,4,0.797262,17.6757
40000,4,0.797353,17.7575
40000,4,0.797243,17.5004
40000,4,0.800946,17.9306
40000,4,0.7977,17.741
40000,4,0.797659,17.6771
40000,4,0.799184,17.6892
40000,4,0.796745,17.6473
40000,4,0.79967,17.8971
40000,4,0.797221,17.5686
40000,4,0.798825,18.6016
40000,4,0.797669,18.5518
40000,4,0.79831,18.0154
40000,4,0.800371,18.0724
40000,4,0.796877,17.6689
40000,4,0.797509,17.7669
40000,4,0.800841,17.6422
40000,4,0.799091,17.6406
40000,4,0.798646,17.6345
40000,4,0.797097,17.846
40000,4,0.797921,17.8566
40000,4,0.799135,18.1008
40000,4,0.797444,17.9946
40000,4,0.798521,17.5956
40000,4,0.797231,17.5441
40000,4,0.797853,17.6101
40000,4,0.800375,18.038
40000,4,0.797225,17.7872
40000,4,0.796994,17.7072
40000,4,0.796669,17.8714
40000,4,0.798606,17.5787
40000,4,0.800948,18.0519
40000,4,0.797978,17.7097
40000,4,0.796965,17.7638
40000,4,0.799339,17.9243
40000,4,0.797227,17.6895
40000,4,0.799125,17.9442
40000,4,0.797461,17.5511
40000,4,0.79785,17.6377
40000,4,0.79728,17.9044
40000,4,0.797897,17.7876
40000,4,0.800899,18.0882
40000,4,0.797157,17.8808
40000,4,0.799256,17.6693
40000,4,0.80064,17.6472
40000,4,0.798124,17.5613
40000,4,0.796974,17.5631
40000,4,0.797661,17.8701
40000,4,0.797885,18.0825
40000,4,0.799286,18.0907
40000,4,0.797283,18.0064
40000,4,0.800598,18.6011
40000,4,0.796517,18.168
40000,4,0.797412,17.5833
40000,4,0.800672,18.0784
40000,4,0.797337,18.3676
40000,4,0.797015,17.6993
40000,4,0.79731,17.9449
40000,4,0.798642,17.8031
40000,4,0.800039,17.6456
40000,4,0.796732,17.5554
40000,4,0.796751,17.6958
40000,4,0.800076,18.0067
40000,4,0.797977,17.8981
40000,4,0.801949,18.0288
40000,4,0.796699,17.5178
40000,4,0.79687,17.5181
40000,4,0.797393,17.826
40000,4,0.799429,17.6205
40000,4,0.798796,17.8612
40000,4,0.796925,17.8906
40000,4,0.798349,17.9357
40000,4,0.802316,17.6951
40000,4,0.798986,17.8038
40000,4,0.796984,17.5652
40000,4,0.796728,17.7085
40000,4,0.796515,17.5625
40000,4,0.79935,18.0166
40000,4,0.797447,17.9606
40000,4,0.802517,18.1917
40000,4,0.797298,17.5419
40000,4,0.797036,17.6467
40000,4,0.800596,18.0442
40000,4,0.797479,17.5885
40000,4,0.797,17.6375
40000,4,0.796771,17.9862
40000,4,0.799475,17.6089
40000,4,0.798958,17.9691
40000,4,0.796785,17.6232
40000,4,0.796987,17.789
40000,4,0.79908,17.6212
40000,4,0.798007,17.7805
40000,4,0.798824,18.4505
40000,4,0.797258,18.2053
40000,4,0.797249,17.7661
40000,4,0.79685,17.7096
40000,4,0.798675,17.9545
40000,4,0.799032,17.8898
40000,4,0.797422,18.0423
40000,4,0.799574,18.0244
40000,4,0.801013,17.6477
40000,4,0.796625,17.5347
40000,4,0.797721,17.6091
40000,4,0.797207,17.8461
40000,4,0.79865,17.7836
40000,4,0.798348,17.97
40000,4,0.796992,17.7052
40000,4,0.80176,18.0458
40000,4,0.799235,17.6338
40000,4,0.796601,17.554
40000,4,0.800608,18.0778
40000,4,0.797088,17.5933
40000,4,0.796644,17.5589
40000,4,0.797165,17.5878
40000,4,0.799216,17.7702
40000,4,0.797779,17.6895
40000,4,0.797324,18.0105
40000,4,0.798051,18.1719
40000,4,0.799394,17.8891
40000,4,0.797225,17.6019
40000,4,0.79839,17.8808
40000,4,0.797504,17.6684
40000,4,0.797141,17.5555
40000,4,0.797402,17.9619
40000,4,0.798628,17.6661
40000,4,0.801069,18.0815
40000,4,0.797801,17.9909
40000,4,0.79883,18.0745
40000,4,0.800421,17.7818
40000,4,0.799211,17.6232
40000,4,0.79714,18.2531
40000,4,0.796952,17.7808
40000,4,0.797228,17.6099
40000,4,0.799344,18.5232
40000,4,0.797041,18.2793
40000,4,0.797759,17.644
40000,4,0.798159,17.6082
40000,4,0.796989,17.5862
40000,4,0.800084,17.9509
40000,4,0.798014,17.985
40000,4,0.797211,17.8486
40000,4,0.797542,17.8461
40000,4,0.798028,17.5912
40000,4,0.79842,17.8783
40000,4,0.797179,17.7598
40000,4,0.797141,17.9069
40000,4,0.79829,17.9658
40000,4,0.797512,17.6901
40000,4,0.798476,17.8048
40000,4,0.79799,17.8113
40000,4,0.797675,17.6065
40000,4,0.7964,17.5515
40000,4,0.799674,17.916
40000,4,0.799943,21.0732
40000,4,0.797399,18.1189
40000,4,0.798176,17.8965
40000,4,0.80093,17.6638
40000,4,0.797726,17.5845
40000,4,0.797649,17.6401
40000,4,0.796755,17.6287
40000,4,0.798459,18.2199
40000,4,0.798591,17.9482
40000,4,0.797662,17.786
40000,4,0.797948,17.6351
40000,4,0.796735,17.5495
40000,4,0.79708,17.5725
40000,4,0.799752,17.9298
40000,4,0.797295,17.8723
40000,4,0.797341,17.7395
40000,4,0.797692,17.8299
40000,4,0.800168,17.6546
40000,4,0.799752,18.0091
40000,4,0.797201,17.7085
40000,4,0.796994,17.5836
40000,4,0.799751,18.4232
40000,4,0.798035,18.2653
40000,4,0.799861,18.2553
40000,4,0.79805,17.6555
40000,4,0.797123,17.8252
40000,4,0.797401,17.8975
40000,4,0.799496,17.814
40000,4,0.800641,17.9998
40000,4,0.797297,17.8184
40000,4,0.797719,17.6618
40000,4,0.800594,17.9723
40000,4,0.798849,17.6295
40000,4,0.797543,17.8344
40000,4,0.797177,17.771
40000,4,0.797425,17.6452
40000,4,0.798117,17.9511
40000,4,0.796833,17.7788
40000,4,0.799477,17.7209
40000,4,0.797134,17.589
40000,4,0.797285,17.8247
40000,4,0.801746,18.1087
40000,4,0.797598,17.637
40000,4,0.797636,17.7774
40000,4,0.7974,17.738
40000,4,0.798529,17.8975
40000,4,0.799844,17.9671
40000,4,0.797432,17.7376
40000,4,0.797292,17.6544
40000,4,0.800057,17.6451
40000,4,0.797349,17.6237
40000,4,0.797717,18.0352
40000,4,0.7973,18.1343
40000,4,0.798093,17.914
40000,4,0.797441,17.9226
40000,4,0.798689,17.9564
40000,4,0.798815,17.8514
40000,4,0.796916,17.8521
40000,4,0.799103,17.6184
40000,4,0.800318,17.6168
40000,4,0.798862,17.7479
40000,4,0.797737,17.7752
40000,4,0.797221,18.317
40000,4,0.797396,18.2898
40000,4,0.799614,18.289
40000,4,0.79707,17.8694
40000,4,0.798633,17.8142
40000,4,0.798386,17.6236
40000,4,0.796808,17.5916
40000,4,0.801202,18.057
40000,4,0.796907,17.7253
40000,4,0.79697,17.7946
40000,5,0.667767,16.9726
40000,5,0.638139,16.492
40000,5,0.641406,16.7285
40000,5,0.63947,16.5837
40000,5,0.645468,16.7348
40000,5,0.638573,16.5686
40000,5,0.638532,16.4497
40000,5,0.638094,16.5537
40000,5,0.637967,16.578
40000,5,0.640119,16.7088
40000,5,0.644266,16.7615
40000,5,0.637625,16.7287
40000,5,0.638681,16.512
40000,5,0.640816,16.8952
40000,5,0.639533,16.5888
40000,5,0.638078,16.5471
40000,5,0.637608,16.4625
40000,5,0.663527,17.3529
40000,5,0.638406,16.5119
40000,5,0.637792,16.5014
40000,5,0.666916,17.4244
40000,5,0.639689,16.6594
40000,5,0.638052,16.57
40000,5,0.655712,17.1538
40000,5,0.63755,16.4607
40000,5,0.637843,16.4896
40000,5,0.6376,16.6015
40000,5,0.640267,16.6783
40000,5,0.639902,16.6867
40000,5,0.641136,16.7535
40000,5,0.637782,16.5464
40000,5,0.63899,18.7048
40000,5,0.638298,19.2594
40000,5,0.638887,17.4177
40000,5,0.638672,17.0976
40000,5,0.638277,18.2528
40000,5,0.638003,17.0548
40000,5,0.64066,16.7446
40000,5,0.638362,16.6162
40000,5,0.637576,17.2573
40000,5,0.638536,17.2137
40000,5,0.641577,17.0558
40000,5,0.667029,17.4311
40000,5,0.638653,16.7523
40000,5,0.637719,16.547
40000,5,0.63817,16.666
40000,5,0.638322,16.5905
40000,5,0.63796,16.771
40000,5,0.657546,17.2584
40000,5,0.639483,16.7204
40000,5,0.638062,16.6778
40000,5,0.655689,17.2269
40000,5,0.637671,16.5271
40000,5,0.637623,16.6616
40000,5,0.642745,16.8742
40000,5,0.640027,16.6915
40000,5,0.639684,16.7178
40000,5,0.638352,16.6944
40000,5,0.637772,16.6712
40000,5,0.638454,16.6494
40000,5,0.639716,16.9907
40000,5,0.63975,16.7506
40000,5,0.638299,16.5724
40000,5,0.637862,16.7013
40000,5,0.637609,16.5379
40000,5,0.640586,16.7975
40000,5,0.638665,16.6799
40000,5,0.637888,16.8484
40000,5,0.638509,16.5131
40000,5,0.640931,17.3824
40000,5,0.657328,18.0016
40000,5,0.638599,17.3924
40000,5,0.637794,16.7245
40000,5,0.657795,17.4455
40000,5,0.638153,16.5971
40000,5,0.638012,16.7304
40000,5,0.640671,16.7403
40000,5,0.639534,16.7519
40000,5,0.638051,16.6588
40000,5,0.64762,16.9856
40000,5,0.637553,16.5178
40000,5,0.637687,16.6859
40000,5,0.661636,17.4027
40000,5,0.639734,16.741
40000,5,0.640365,16.9519
40000,5,0.638242,16.7274
40000,5,0.637973,16.7495
40000,5,0.639194,16.7242
40000,5,0.638291,16.6576
40000,5,0.63958,16.8017
40000,5,0.638505,17.2108
40000,5,0.638107,17.2859
40000,5,0.637483,16.9097
40000,5,0.640048,16.7105
40000,5,0.638765,16.6644
40000,5,0.6379,16.6961
40000,5,0.638536,16.5504
40000,5,0.642568,16.7993
40000,5,0.661263,17.3185
40000,5,0.638373,16.7504
40000,5,0.637588,16.5698
40000,5,0.644619,16.9034
40000,5,0.637892,16.5527
40000,5,0.637883,16.69
40000,5,0.650581,17.052
40000,5,0.640197,16.7988
40000,5,0.638173,16.7556
40000,5,0.641168,17.0361
40000,5,0.637538,16.6527
40000,5,0.638175,16.8141
40000,5,0.637672,16.7134
40000,5,0.639379,16.6666
40000,5,0.639903,16.7395
40000,5,0.638064,16.6855
40000,5,0.637881,16.6918
40000,5,0.638811,16.6834
40000,5,0.638192,16.6461
40000,5,0.639033,16.7266
40000,5,0.638998,16.7369
40000,5,0.637893,16.7464
40000,5,0.637747,16.6634
40000,5,0.639664,16.882
40000,5,0.638756,16.6723
40000,5,0.659512,17.2987
40000,5,0.638337,16.5341
40000,5,0.642303,16.7711
40000,5,0.639366,16.7985
40000,5,0.638285,16.7553
40000,5,0.637777,16.5211
40000,5,0.648144,17.0805
40000,5,0.638329,16.611
40000,5,0.637962,16.6637
40000,5,0.640654,16.7774
40000,5,0.639627,16.799
40000,5,0.637744,16.6081
40000,5,0.640882,16.8523
40000,5,0.638011,16.7623
40000,5,0.637746,16.6815
40000,5,0.637822,16.6854
40000,5,0.640082,16.8103
40000,5,0.640393,16.7368
40000,5,0.638177,17.2182
40000,5,0.637953,17.1767
40000,5,0.639141,17.2216
40000,5,0.638301,16.6948
40000,5,0.638892,17.249
40000,5,0.638729,19.3717
40000,5,0.63798,16.9136
40000,5,0.660096,17.2747
40000,5,0.639157,16.7235
40000,5,0.638482,16.7067
40000,5,0.637715,16.7755
40000,5,0.638879,16.7462
40000,5,0.642749,16.8184
40000,5,0.662012,17.6488
40000,5,0.638188,16.7904
40000,5,0.637828,16.8017
40000,5,0.63836,16.9921
40000,5,0.638723,16.7451
40000,5,0.637992,16.6865
40000,5,0.640151,16.6895
40000,5,0.639968,16.8333
40000,5,0.660093,17.3052
40000,5,0.658962,17.8146
40000,5,0.63819,16.792
40000,5,0.658942,17.2746
40000,5,0.63766,16.6721
40000,5,0.663892,17.408
40000,5,0.640475,16.7108
40000,5,0.638568,16.8081
40000,5,0.650592,17.1885
40000,5,0.640122,16.8611
40000,5,0.659066,17.3246
40000,5,0.651954,17.0906
40000,5,0.639264,16.7682
40000,5,0.637615,16.6795
40000,5,0.637769,16.7151
40000,5,0.640167,16.741
40000,5,0.657456,17.2121
40000,5,0.660541,17.3513
40000,5,0.638254,16.5891
40000,5,0.654106,17.1458
40000,5,0.638506,16.6122
40000,5,0.638354,16.7979
40000,5,0.637717,16.7127
40000,5,0.650705,17.0614
40000,5,0.637912,16.6452
40000,5,0.658127,17.2569
40000,5,0.641422,16.7904
40000,5,0.639743,16.8214
40000,5,0.637824,16.507
40000,5,0.641504,16.8566
40000,5,0.637687,17.1779
40000,5,0.638184,17.247
40000,5,0.638069,16.8775
40000,5,0.640775,16.7876
40000,5,0.643985,16.9031
40000,5,0.63843,16.6605
40000,5,0.638146,16.8237
40000,5,0.6395,16.8075
40000,5,0.638577,16.8604
40000,5,0.663828,17.465
40000,5,0.63883,16.6947
40000,5,0.638074,16.838
40000,5,0.637615,16.6654
40000,5,0.648215,17.0317
40000,5,0.63913,16.7937
40000,5,0.651785,17.153
40000,5,0.640716,16.7162
40000,5,0.641915,16.7866
40000,5,0.657191,17.1935
40000,5,0.637948,16.6796
40000,5,0.637815,16.5847
40000,5,0.638122,16.6933
40000,5,0.642342,16.9066
40000,5,0.637667,16.7508
40000,5,0.646273,16.9478
40000,5,0.639466,16.7764
40000,5,0.662561,17.3643
40000,5,0.640511,16.793
40000,5,0.653828,17.1104
40000,5,0.637356,16.5904
40000,5,0.637911,16.7094
40000,5,0.640687,16.7802
40000,5,0.657866,17.2459
40000,5,0.638408,16.7599
40000,5,0.661516,17.3193
40000,5,0.638726,16.7117
40000,5,0.638315,16.7277
40000,5,0.638485,16.6761
40000,5,0.638472,16.8674
40000,5,0.638267,16.8005
40000,5,0.637666,16.6456
40000,5,0.6403,16.8123
40000,5,0.63943,16.7847
40000,5,0.661621,17.3617
40000,5,0.638283,16.6493
40000,5,0.641296,16.7567
40000,5,0.639257,16.7827
40000,5,0.638375,16.7321
40000,5,0.652993,17.0827
40000,5,0.651712,17.0753
40000,5,0.638445,16.821
40000,5,0.662329,17.9333
40000,5,0.641356,17.4434
40000,5,0.639609,17.3532
40000,5,0.637784,16.6452
40000,5,0.655054,17.4639
40000,5,0.637772,16.667
40000,5,0.638084,16.8054
40000,6,0.60704,15.9644
40000,6,0.551865,14.9
40000,6,0.538779,14.7932
40000,6,0.571284,15.5244
40000,6,0.604272,16.4477
40000,6,0.540437,14.6169
40000,6,0.537577,14.458
40000,6,0.537735,15.3621
40000,6,0.536388,15.2193
40000,6,0.537789,15.2198
40000,6,0.532542,14.5223
40000,6,0.574617,15.7325
40000,6,0.552612,15.0523
40000,6,0.535924,14.5868
40000,6,0.538968,14.7654
40000,6,0.539457,14.4866
40000,6,0.533821,14.5288
40000,6,0.538176,14.6549
40000,6,0.553189,15.0456
40000,6,0.537319,14.9323
40000,6,0.533331,14.4795
40000,6,0.547235,14.7497
40000,6,0.534708,14.6276
40000,6,0.538717,14.7923
40000,6,0.533342,14.4149
40000,6,0.573136,15.4844
40000,6,0.596151,16.2621
40000,6,0.539273,14.7569
40000,6,0.537124,14.7736
40000,6,0.538631,14.6996
40000,6,0.536757,14.6795
40000,6,0.539947,14.5943
40000,6,0.551141,15.1469
40000,6,0.57688,15.7136
40000,6,0.533798,14.5027
40000,6,0.553677,15.0642
40000,6,0.584072,15.9476
40000,6,0.53741,14.7615
40000,6,0.53464,14.596
40000,6,0.5397,14.565
40000,6,0.610918,16.6074
40000,6,0.536073,14.5003
40000,6,0.540347,14.8726
40000,6,0.539699,14.8748
40000,6,0.536435,14.6024
40000,6,0.53792,14.5705
40000,6,0.537829,14.8127
40000,6,0.536567,14.648
40000,6,0.613936,16.7952
40000,6,0.538049,14.7448
40000,6,0.609149,16.5739
40000,6,0.53923,15.4926
40000,6,0.537202,15.3254
40000,6,0.535484,15.1342
40000,6,0.536012,14.6503
40000,6,0.59822,16.3335
40000,6,0.559374,15.3234
40000,6,0.537595,14.6845
40000,6,0.536768,14.7225
40000,6,0.538936,14.6728
40000,6,0.552677,15.0613
40000,6,0.53722,14.8826
40000,6,0.579679,15.974
40000,6,0.537828,14.8059
40000,6,0.532423,14.5174
40000,6,0.579988,15.9088
40000,6,0.534938,14.5374
40000,6,0.536011,14.7422
40000,6,0.587989,16.0842
40000,6,0.568129,15.5492
40000,6,0.538574,14.6973
40000,6,0.537063,14.6911
40000,6,0.534773,14.578
40000,6,0.535836,14.6255
40000,6,0.537757,14.768
40000,6,0.535973,14.6865
40000,6,0.579832,15.818
40000,6,0.539859,14.8568
40000,6,0.552246,15.1598
40000,6,0.539508,14.7355
40000,6,0.608865,16.6671
40000,6,0.532308,14.514
40000,6,0.536389,14.7186
40000,6,0.536271,14.5962
40000,6,0.593598,16.2739
40000,6,0.536956,14.7117
40000,6,0.536018,14.6439
40000,6,0.538979,14.7289
40000,6,0.531606,14.3092
40000,6,0.532555,14.4528
40000,6,0.533036,14.5768
40000,6,0.60585,16.5404
40000,6,0.535384,14.6386
40000,6,0.538906,14.8747
40000,6,0.533922,14.4117
40000,6,0.536315,14.636
40000,6,0.532423,14.5105
40000,6,0.561902,15.4425
40000,6,0.588199,15.9907
40000,6,0.594184,16.113
40000,6,0.532847,14.5147
40000,6,0.550729,14.9315
40000,6,0.53804,14.7527
40000,6,0.532253,14.5476
40000,6,0.537948,14.9491
40000,6,0.569312,15.6447
40000,6,0.609566,16.6924
40000,6,0.534009,14.5337
40000,6,0.533082,14.4318
40000,6,0.536995,14.768
40000,6,0.534959,14.7328
40000,6,0.589437,16.5576
40000,6,0.59275,16.6209
40000,6,0.599874,16.6217
40000,6,0.537317,14.7479
40000,6,0.539692,14.8294
40000,6,0.536496,15.0515
40000,6,0.536131,14.8921
40000,6,0.537396,14.7841
40000,6,0.537542,14.7533
40000,6,0.574973,15.7307
40000,6,0.53709,14.7258
40000,6,0.536763,14.5786
40000,6,0.532908,14.4243
40000,6,0.535928,14.5985
40000,6,0.539344,14.8784
40000,6,0.605236,16.5331
40000,6,0.556409,15.2374
40000,6,0.535456,14.8964
40000,6,0.538275,14.8645
40000,6,0.600452,16.1228
40000,6,0.548533,15.2329
40000,6,0.533219,14.4388
40000,6,0.581298,15.882
40000,6,0.57588,15.7169
40000,6,0.539149,14.8169
40000,6,0.535302,14.6253
40000,6,0.534473,14.5558
40000,6,0.54267,14.9437
40000,6,0.5389,14.7904
40000,6,0.538626,14.8696
40000,6,0.547817,14.9992
40000,6,0.590372,16.1611
40000,6,0.532901,14.5481
40000,6,0.539144,14.7102
40000,6,0.535853,14.6198
40000,6,0.539073,14.779
40000,6,0.537228,14.7991
40000,6,0.536548,14.6842
40000,6,0.597336,16.3218
40000,6,0.538487,14.6945
40000,6,0.531744,14.5922
40000,6,0.553002,16.4553
40000,6,0.538537,16.7593
40000,6,0.537886,14.8368
40000,6,0.568699,15.6067
40000,6,0.543021,14.9478
40000,6,0.536369,14.7086
40000,6,0.538461,14.6865
40000,6,0.537522,14.841
40000,6,0.589065,16.4044
40000,6,0.539244,14.8272
40000,6,0.534546,14.7418
40000,6,0.531151,14.3266
40000,6,0.535631,14.6955
40000,6,0.537324,14.7248
40000,6,0.541292,14.7611
40000,6,0.571274,15.5936
40000,6,0.537421,14.8167
40000,6,0.537827,14.6835
40000,6,0.533438,14.9464
40000,6,0.567161,16.0898
40000,6,0.534991,15.233
40000,6,0.539056,15.2383
40000,6,0.538905,14.6394
40000,6,0.604572,16.5454
40000,6,0.596289,16.3106
40000,6,0.533656,14.6403
40000,6,0.581771,15.8823
40000,6,0.533305,14.419
40000,6,0.536971,14.7863
40000,6,0.540789,14.8982
40000,6,0.539441,14.8032
40000,6,0.573413,15.5165
40000,6,0.534496,14.5805
40000,6,0.579277,15.7306
40000,6,0.613199,16.6012
40000,6,0.535977,14.7145
40000,6,0.535336,14.7397
40000,6,0.597323,16.3553
40000,6,0.609432,16.5913
40000,6,0.536613,14.6544
40000,6,0.555385,15.0745
40000,6,0.612478,16.7622
40000,6,0.53612,14.682
40000,6,0.538935,14.877
40000,6,0.536598,14.7401
40000,6,0.532069,14.3891
40000,6,0.53191,14.5227
40000,6,0.538726,14.5947
40000,6,0.588355,16.0347
40000,6,0.53632,14.5977
40000,6,0.537809,14.7264
40000,6,0.537426,14.7523
40000,6,0.566968,15.4736
40000,6,0.565583,15.4493
40000,6,0.536858,14.7844
40000,6,0.584932,15.9928
40000,6,0.588673,16.1424
40000,6,0.535651,14.6273
40000,6,0.539573,14.731
40000,6,0.539139,14.77
40000,6,0.533535,14.6872
40000,6,0.539028,14.7646
40000,6,0.566604,15.6235
40000,6,0.534078,14.5855
40000,6,0.533985,14.4984
40000,6,0.537832,14.6214
40000,6,0.535624,14.739
40000,6,0.539751,14.9064
40000,6,0.604626,16.3414
40000,6,0.550654,15.1481
40000,6,0.59962,16.4319
40000,6,0.539018,14.8658
40000,6,0.536619,14.7993
40000,6,0.581814,16.2207
40000,6,0.534154,14.778
40000,6,0.533293,14.625
40000,6,0.536828,14.6681
40000,6,0.588931,16.3587
40000,6,0.538402,15.2562
40000,6,0.602777,16.8147
40000,6,0.566676,15.7499
40000,6,0.534611,14.5147
40000,6,0.539293,14.7849
40000,6,0.531136,14.3759
40000,6,0.574319,15.784
40000,6,0.586797,15.9981
40000,6,0.538088,14.7818
40000,6,0.539224,14.7528
40000,6,0.534367,14.7614
40000,6,0.537955,14.7962
40000,6,0.538784,14.8686
40000,6,0.568013,15.5136
40000,6,0.539895,15.0814
40000,6,0.537606,14.7744
40000,6,0.606409,16.5838
40000,6,0.540686,14.9189
40000,6,0.531378,14.4888
40000,6,0.533271,14.3993
40000,7,0.527189,15.935
40000,7,0.528358,16.5274
40000,7,0.51041,15.9472
40000,7,0.469722,14.7951
40000,7,0.502608,15.7222
40000,7,0.45982,14.422
40000,7,0.458155,14.3653
40000,7,0.483922,15.2363
40000,7,0.472579,14.8445
40000,7,0.509041,15.9589
40000,7,0.477894,15.107
40000,7,0.461879,14.5827
40000,7,0.460179,14.4338
40000,7,0.460778,14.4613
40000,7,0.458975,14.4056
40000,7,0.459965,14.4307
40000,7,0.461791,14.596
40000,7,0.4718,14.8501
40000,7,0.461193,14.5635
40000,7,0.461283,14.56
40000,7,0.461091,14.4763
40000,7,0.465639,14.9434
40000,7,0.462833,14.6649
40000,7,0.460665,14.4433
40000,7,0.459405,14.4995
40000,7,0.458857,14.4752
40000,7,0.508305,15.9665
40000,7,0.46187,14.6096
40000,7,0.463092,14.6941
40000,7,0.459834,14.5226
40000,7,0.458741,14.4832
40000,7,0.457554,14.4124
40000,7,0.4613,14.5553
40000,7,0.458602,14.4475
40000,7,0.509245,15.9335
40000,7,0.462033,14.5764
40000,7,0.461595,14.6023
40000,7,0.460266,14.521
40000,7,0.46201,14.5994
40000,7,0.459187,14.526
40000,7,0.461074,14.5789
40000,7,0.464196,14.6304
40000,7,0.460933,14.5753
40000,7,0.483194,15.2555
40000,7,0.457776,14.4898
40000,7,0.49436,15.8314
40000,7,0.459187,16.325
40000,7,0.461888,16.8907
40000,7,0.499525,17.9284
40000,7,0.461397,14.8424
40000,7,0.459593,14.8426
40000,7,0.45657,14.68
40000,7,0.525944,18.0636
40000,7,0.459832,14.8398
40000,7,0.460215,14.6349
40000,7,0.461561,14.599
40000,7,0.460946,14.5729
40000,7,0.491881,15.5366
40000,7,0.460349,14.5879
40000,7,0.464021,14.6861
40000,7,0.492162,15.5195
40000,7,0.515975,16.2053
40000,7,0.46015,14.564
40000,7,0.458876,14.4715
40000,7,0.461751,14.6533
40000,7,0.461031,14.5705
40000,7,0.461097,14.6018
40000,7,0.460625,14.6152
40000,7,0.462647,14.6603
40000,7,0.52957,16.6096
40000,7,0.46215,14.6506
40000,7,0.45555,14.3107
40000,7,0.459023,14.5355
40000,7,0.459345,14.5023
40000,7,0.461594,14.6545
40000,7,0.462539,14.6925
40000,7,0.46175,14.5822
40000,7,0.486699,15.5822
40000,7,0.462629,14.7005
40000,7,0.464867,14.7327
40000,7,0.507857,15.9818
40000,7,0.458866,14.5598
40000,7,0.518818,16.273
40000,7,0.46137,14.5869
40000,7,0.46148,14.5742
40000,7,0.459822,14.797
40000,7,0.531821,16.7102
40000,7,0.45999,14.5583
40000,7,0.459716,14.5632
40000,7,0.460049,14.5366
40000,7,0.468849,14.8427
40000,7,0.461691,14.5873
40000,7,0.460682,14.5927
40000,7,0.461495,14.5983
40000,7,0.494246,15.5541
40000,7,0.498098,15.6712
40000,7,0.462749,14.6905
40000,7,0.461577,14.5944
40000,7,0.463031,14.6674
40000,7,0.455905,14.8811
40000,7,0.459596,14.5714
40000,7,0.461851,14.6223
40000,7,0.462123,14.6774
40000,7,0.463346,14.7104
40000,7,0.46134,14.632
40000,7,0.462159,14.6601
40000,7,0.469113,14.8476
40000,7,0.463158,14.6981
40000,7,0.460954,14.6311
40000,7,0.45975,14.6264
40000,7,0.460574,14.6392
40000,7,0.478905,15.0874
40000,7,0.460629,14.5532
40000,7,0.460208,14.5926
40000,7,0.529053,16.5853
40000,7,0.463306,15.12
40000,7,0.523462,17.0425
40000,7,0.460901,15.0149
40000,7,0.503739,15.9689
40000,7,0.460115,14.5487
40000,7,0.496999,15.6452
40000,7,0.463297,14.6923
40000,7,0.461296,14.6057
40000,7,0.460504,14.6086
40000,7,0.499031,15.8359
40000,7,0.464656,14.7166
40000,7,0.460882,14.5918
40000,7,0.461271,14.8255
40000,7,0.49799,15.6685
40000,7,0.462127,14.673
40000,7,0.462072,14.6975
40000,7,0.462209,14.6485
40000,7,0.461803,14.6042
40000,7,0.462227,14.6248
40000,7,0.459876,15.1743
40000,7,0.457268,16.0082
40000,7,0.46041,16.5239
40000,7,0.531923,19.0637
40000,7,0.460596,16.4555
40000,7,0.463545,16.6205
40000,7,0.462695,16.7198
40000,7,0.45986,16.3504
40000,7,0.492096,17.754
40000,7,0.464995,16.6947
40000,7,0.463355,16.6638
40000,7,0.501182,17.7213
40000,7,0.463315,16.0766
40000,7,0.46318,16.0982
40000,7,0.460364,16.3819
40000,7,0.460256,17.1086
40000,7,0.463,15.2621
40000,7,0.462968,16.9306
40000,7,0.460699,16.3841
40000,7,0.465018,16.7313
40000,7,0.48314,17.6888
40000,7,0.470431,16.5827
40000,7,0.509246,17.962
40000,7,0.50145,17.6395
40000,7,0.469321,16.5962
40000,7,0.526975,20.1063
40000,7,0.474274,18.7559
40000,7,0.467558,18.6362
40000,7,0.554967,21.3077
40000,7,0.474475,18.8692
40000,7,0.463936,17.4202
40000,7,0.461206,16.6601
40000,7,0.460654,15.9648
40000,7,0.466642,14.856
40000,7,0.45838,14.5359
40000,7,0.460537,14.5814
40000,7,0.484609,15.4139
40000,7,0.459262,14.5091
40000,7,0.462858,14.7165
40000,7,0.46204,14.671
40000,7,0.486051,15.3228
40000,7,0.460532,14.5562
40000,7,0.461292,14.8033
40000,7,0.50553,15.9105
40000,7,0.477214,15.0356
40000,7,0.526035,16.5543
40000,7,0.504007,15.8374
40000,7,0.46377,14.7257
40000,7,0.486642,15.852
40000,7,0.464256,16.0081
40000,7,0.490849,15.9455
40000,7,0.463303,15.2943
40000,7,0.462178,15.1964
40000,7,0.511211,16.3136
40000,7,0.462953,14.6436
40000,7,0.457949,14.5063
40000,7,0.461563,14.6397
40000,7,0.462009,14.6435
40000,7,0.459793,14.5224
40000,7,0.459717,14.7276
40000,7,0.460333,14.6923
40000,7,0.457655,14.465
40000,7,0.463425,14.7062
40000,7,0.455576,14.4289
40000,7,0.460963,14.6048
40000,7,0.461458,14.6029
40000,7,0.459474,14.5929
40000,7,0.462217,14.6176
40000,7,0.460717,14.5969
40000,7,0.459007,14.5546
40000,7,0.459353,14.5554
40000,7,0.461434,15.0734
40000,7,0.526914,18.8049
40000,7,0.459756,15.1807
40000,7,0.505163,15.8845
40000,7,0.464607,14.7625
40000,7,0.460206,14.5885
40000,7,0.461566,14.6585
40000,7,0.460832,14.8485
40000,7,0.526605,16.5302
40000,7,0.461066,14.596
40000,7,0.463315,14.7657
40000,7,0.461947,14.6717
40000,7,0.461831,14.6457
40000,7,0.461236,14.5887
40000,7,0.462716,14.6307
40000,7,0.461687,14.7777
40000,7,0.483184,15.272
40000,7,0.459964,14.7071
40000,7,0.460726,14.5962
40000,7,0.462717,14.6319
40000,7,0.457309,14.5119
40000,7,0.460828,15.4446
40000,7,0.460915,15.1357
40000,7,0.480226,15.7469
40000,7,0.461822,15.0415
40000,7,0.510665,16.0838
40000,7,0.47566,15.0938
40000,7,0.461466,14.6615
40000,7,0.466319,14.8731
40000,7,0.458331,14.5096
40000,7,0.459365,14.5765
40000,7,0.461062,14.6362
40000,7,0.463054,14.6057
40000,7,0.478973,15.2198
40000,7,0.45933,14.5655
40000,7,0.460952,14.6884
40000,7,0.45883,14.5363
40000,7,0.460329,14.5999
40000,7,0.462707,14.7611
40000,7,0.460922,14.633
40000,7,0.463487,14.7902
40000,7,0.498533,15.833
40000,7,0.513182,16.141
40000,7,0.474698,15.0182
40000,7,0.459771,14.6675
40000,8,0.468006,14.6437
40000,8,0.415601,13.4532
40000,8,0.405267,13.2603
40000,8,0.453854,14.6589
40000,8,0.404374,13.4397
40000,8,0.425729,14.1574
40000,8,0.457966,15.2164
40000,8,0.40775,13.6437
40000,8,0.403073,13.4324
40000,8,0.402731,13.0059
40000,8,0.408087,13.1936
40000,8,0.407368,13.3999
40000,8,0.409537,13.9487
40000,8,0.403417,14.5658
40000,8,0.404955,14.98
40000,8,0.410551,15.2673
40000,8,0.403207,14.6923
40000,8,0.403251,14.9942
40000,8,0.404128,14.9766
40000,8,0.404208,14.7634
40000,8,0.402228,14.8015
40000,8,0.405599,13.4442
40000,8,0.424367,13.6986
40000,8,0.450035,14.416
40000,8,0.403893,13.1681
40000,8,0.424144,13.7157
40000,8,0.403969,13.2199
40000,8,0.402445,12.9992
40000,8,0.403427,13.0863
40000,8,0.408406,13.4104
40000,8,0.446469,14.8747
40000,8,0.40679,13.3378
40000,8,0.405489,13.3144
40000,8,0.405486,13.2824
40000,8,0.401102,13.02
40000,8,0.446726,14.5554
40000,8,0.405839,13.3524
40000,8,0.406355,13.3788
40000,8,0.402209,13.0547
40000,8,0.402435,13.1995
40000,8,0.408053,13.4657
40000,8,0.39958,12.8813
40000,8,0.404801,13.1883
40000,8,0.404016,13.2834
40000,8,0.433538,14.1435
40000,8,0.447373,14.3987
40000,8,0.409827,13.3531
40000,8,0.401521,13.0917
40000,8,0.404051,13.1808
40000,8,0.404192,13.1493
40000,8,0.40297,13.1851
40000,8,0.411479,13.4014
40000,8,0.410109,13.5584
40000,8,0.404452,13.2579
40000,8,0.45826,14.7635
40000,8,0.44925,14.485
40000,8,0.405213,13.276
40000,8,0.404036,13.1201
40000,8,0.404665,13.272
40000,8,0.40346,13.1651
40000,8,0.41001,13.5702
40000,8,0.406239,13.3228
40000,8,0.403812,13.1031
40000,8,0.399958,12.994
40000,8,0.436451,14.2481
40000,8,0.407157,13.3723
40000,8,0.408227,13.3343
40000,8,0.404059,13.2859
40000,8,0.406633,13.3905
40000,8,0.400679,12.8985
40000,8,0.41366,13.465
40000,8,0.403466,13.2481
40000,8,0.4026,13.1606
40000,8,0.401705,13.071
40000,8,0.453308,14.8088
40000,8,0.407027,13.4115
40000,8,0.401914,13.0958
40000,8,0.405895,13.2035
40000,8,0.402318,13.1646
40000,8,0.426558,13.7729
40000,8,0.40343,13.1876
40000,8,0.407611,13.4799
40000,8,0.40086,13.0722
40000,8,0.411205,13.4404
40000,8,0.407814,13.8037
40000,8,0.411854,13.8156
40000,8,0.405554,13.6422
40000,8,0.409262,13.7375
40000,8,0.402985,13.2147
40000,8,0.41102,13.4032
40000,8,0.413123,13.6817
40000,8,0.403787,13.2512
40000,8,0.400738,13.0524
40000,8,0.415933,13.558
40000,8,0.409176,13.2971
40000,8,0.401821,13.1852
40000,8,0.40738,13.3734
40000,8,0.40257,13.0524
40000,8,0.401138,13.0738
40000,8,0.40384,13.2854
40000,8,0.402983,13.2057
40000,8,0.400931,13.0569
40000,8,0.405372,13.2655
40000,8,0.423338,14.0911
40000,8,0.403141,13.1433
40000,8,0.408915,13.4645
40000,8,0.407076,13.2933
40000,8,0.402915,13.1311
40000,8,0.402541,13.1689
40000,8,0.408698,13.5384
40000,8,0.451961,14.552
40000,8,0.401597,13.1173
40000,8,0.411142,13.4633
40000,8,0.448966,14.6519
40000,8,0.402812,13.1092
40000,8,0.430591,13.963
40000,8,0.454226,14.5346
40000,8,0.398971,12.9619
40000,8,0.40215,13.1143
40000,8,0.401551,13.6199
40000,8,0.401788,13.1329
40000,8,0.402879,13.1449
40000,8,0.407283,13.3949
40000,8,0.401316,13.1755
40000,8,0.409785,13.57
40000,8,0.403221,13.0849
40000,8,0.398925,12.9306
40000,8,0.443703,14.256
40000,8,0.407151,13.4136
40000,8,0.402679,13.1719
40000,8,0.41023,13.4001
40000,8,0.402805,13.231
40000,8,0.417747,13.6292
40000,8,0.402113,13.109
40000,8,0.404871,13.3795
40000,8,0.402602,13.1659
40000,8,0.404394,13.169
40000,8,0.407316,13.4849
40000,8,0.400698,12.9928
40000,8,0.408849,13.3065
40000,8,0.454413,14.6451
40000,8,0.408058,13.453
40000,8,0.437513,14.2973
40000,8,0.405406,13.3559
40000,8,0.407189,13.595
40000,8,0.402976,13.1642
40000,8,0.399728,12.992
40000,8,0.401434,13.1231
40000,8,0.402502,13.1829
40000,8,0.407609,13.3132
40000,8,0.409949,13.44
40000,8,0.45499,14.6948
40000,8,0.459162,14.9897
40000,8,0.400535,12.9715
40000,8,0.409543,13.3661
40000,8,0.406319,13.3775
40000,8,0.402323,13.1941
40000,8,0.399992,13.03
40000,8,0.40383,13.2329
40000,8,0.403854,13.4076
40000,8,0.402834,13.0517
40000,8,0.411451,13.5218
40000,8,0.40231,13.2147
40000,8,0.403927,13.3728
40000,8,0.402194,13.512
40000,8,0.408941,13.7387
40000,8,0.408248,13.8525
40000,8,0.403281,13.5253
40000,8,0.402003,13.0626
40000,8,0.408942,13.3662
40000,8,0.409796,13.5702
40000,8,0.416929,13.6698
40000,8,0.460707,14.8595
40000,8,0.407022,13.432
40000,8,0.40469,13.1904
40000,8,0.403885,13.1563
40000,8,0.450797,14.8314
40000,8,0.404174,13.2317
40000,8,0.407146,13.2501
40000,8,0.401685,13.1689
40000,8,0.408061,13.4876
40000,8,0.445533,14.5503
40000,8,0.40594,13.3593
40000,8,0.406539,13.4648
40000,8,0.402734,13.1685
40000,8,0.405815,13.3686
40000,8,0.409129,13.5196
40000,8,0.403242,13.2709
40000,8,0.403821,13.2075
40000,8,0.405784,13.2647
40000,8,0.40356,13.1319
40000,8,0.463209,15.1265
40000,8,0.409188,13.5131
40000,8,0.402814,13.1989
40000,8,0.40406,13.312
40000,8,0.403923,13.216
40000,8,0.401459,13.0891
40000,8,0.407046,13.4277
40000,8,0.448612,14.4452
40000,8,0.406719,13.3712
40000,8,0.420335,13.903
40000,8,0.407736,13.5984
40000,8,0.411233,13.6231
40000,8,0.403837,13.2885
40000,8,0.422117,13.7454
40000,8,0.403987,13.2019
40000,8,0.405192,13.2305
40000,8,0.408873,13.5248
40000,8,0.411162,13.5794
40000,8,0.4066,13.1964
40000,8,0.43487,14.171
40000,8,0.403493,13.3152
40000,8,0.448887,14.5005
40000,8,0.401951,13.1347
40000,8,0.405019,13.2796
40000,8,0.401343,13.1889
40000,8,0.402424,13.1157
40000,8,0.406032,13.306
40000,8,0.403271,13.0811
40000,8,0.404119,13.208
40000,8,0.455793,14.8774
40000,8,0.403984,13.3111
40000,8,0.399907,13.0674
40000,8,0.403245,13.2235
40000,8,0.403011,13.1603
40000,8,0.403275,13.1587
40000,8,0.403723,13.1485
40000,8,0.404857,13.2901
40000,8,0.404321,13.2898
40000,8,0.40419,13.1925
40000,8,0.405128,13.1703
40000,8,0.437655,14.1724
40000,8,0.402274,13.2149
40000,8,0.40397,13.2478
40000,8,0.410295,13.3887
40000,8,0.402025,13.2415
40000,8,0.408589,13.3666
40000,8,0.402909,13.0492
40000,8,0.404977,13.1471
40000,8,0.416581,13.5969
40000,8,0.402674,13.1559
40000,8,0.404168,13.2513
40000,8,0.403556,13.2157
40000,8,0.403375,13.4563
40000,8,0.401873,13.4903
40000,8,0.406548,13.6626
40000,8,0.408742,13.7194
40000,8,0.403876,13.292
40000,8,0.403153,13.2208
40000,8,0.421466,14.0896
40000,9,0.409609,14.2745
40000,9,0.362327,13.3244
40000,9,0.358711,13.091
40000,9,0.35706,12.8971
40000,9,0.406422,14.6919
40000,9,0.359015,13.0604
40000,9,0.356619,12.8802
40000,9,0.355909,12.9151
40000,9,0.366585,13.5072
40000,9,0.358821,13.1198
40000,9,0.401253,14.5462
40000,9,0.355538,12.9289
40000,9,0.390821,14.0946
40000,9,0.357755,12.8922
40000,9,0.359784,13.134
40000,9,0.359082,13.0801
40000,9,0.358519,13.0599
40000,9,0.359592,13.9763
40000,9,0.35803,13.4157
40000,9,0.358654,13.5247
40000,9,0.357611,13.3666
40000,9,0.403061,14.6031
40000,9,0.357614,13.0904
40000,9,0.357675,12.9882
40000,9,0.356305,12.9306
40000,9,0.354952,12.8108
40000,9,0.356751,13.0861
40000,9,0.355697,12.8686
40000,9,0.354872,12.8305
40000,9,0.358456,13.1375
40000,9,0.364427,13.3712
40000,9,0.355195,12.8753
40000,9,0.396735,14.3766
40000,9,0.403466,14.7338
40000,9,0.367162,13.5545
40000,9,0.355491,12.9353
40000,9,0.35499,12.9425
40000,9,0.357858,13.1273
40000,9,0.356126,13.0251
40000,9,0.354597,12.8956
40000,9,0.356013,13.0001
40000,9,0.363368,13.3672
40000,9,0.359383,13.1748
40000,9,0.404405,14.7058
40000,9,0.35765,13.0772
40000,9,0.36399,13.3732
40000,9,0.357871,13.1524
40000,9,0.355817,13.0088
40000,9,0.35838,13.1951
40000,9,0.357144,13.0011
40000,9,0.359884,13.2378
40000,9,0.358997,13.1323
40000,9,0.355752,12.9981
40000,9,0.385798,14.1279
40000,9,0.406793,14.8111
40000,9,0.359676,13.1758
40000,9,0.367051,13.4525
40000,9,0.358867,13.1997
40000,9,0.36167,13.4568
40000,9,0.357283,13.0443
40000,9,0.358002,13.1383
40000,9,0.361775,13.2845
40000,9,0.356966,13.0456
40000,9,0.355951,13.0605
40000,9,0.369969,13.6587
40000,9,0.410223,14.9208
40000,9,0.357485,13.0964
40000,9,0.356777,13.2613
40000,9,0.35698,13.0587
40000,9,0.35595,12.8778
40000,9,0.356998,13.0473
40000,9,0.358631,13.2213
40000,9,0.362451,13.3743
40000,9,0.365189,13.6132
40000,9,0.358867,13.712
40000,9,0.357401,14.43
40000,9,0.411807,16.6874
40000,9,0.359945,13.2934
40000,9,0.397212,14.5114
40000,9,0.358054,13.0959
40000,9,0.368687,13.5152
40000,9,0.366285,13.7545
40000,9,0.357875,13.3773
40000,9,0.385678,14.375
40000,9,0.357493,13.3629
40000,9,0.35687,13.4197
40000,9,0.369428,13.9102
40000,9,0.355731,12.9755
40000,9,0.371949,13.5672
40000,9,0.359958,13.2465
40000,9,0.355718,13.0082
40000,9,0.354974,12.9754
40000,9,0.357765,13.1858
40000,9,0.359502,13.2391
40000,9,0.359966,13.2375
40000,9,0.363407,13.3493
40000,9,0.357775,13.1927
40000,9,0.357491,13.0252
40000,9,0.421361,15.3021
40000,9,0.355172,12.9926
40000,9,0.380439,13.8776
40000,9,0.356358,13.1381
40000,9,0.359616,13.2605
40000,9,0.400731,14.5578
40000,9,0.358688,13.1731
40000,9,0.361955,13.3369
40000,9,0.356543,13.112
40000,9,0.359589,13.2307
40000,9,0.363346,13.3175
40000,9,0.357642,13.0985
40000,9,0.399919,14.4127
40000,9,0.359289,13.2191
40000,9,0.359362,13.1546
40000,9,0.358394,13.1337
40000,9,0.358321,13.1675
40000,9,0.354106,12.8895
40000,9,0.360621,13.2199
40000,9,0.359454,13.249
40000,9,0.35793,13.1363
40000,9,0.36216,13.2954
40000,9,0.35618,13.1408
40000,9,0.355091,13.0073
40000,9,0.359018,13.2016
40000,9,0.354505,12.9716
40000,9,0.357846,13.1043
40000,9,0.35857,13.0526
40000,9,0.356911,13.0522
40000,9,0.393135,14.3315
40000,9,0.356963,13.0725
40000,9,0.356326,13.0659
40000,9,0.360943,13.2786
40000,9,0.35813,13.1746
40000,9,0.355217,12.9041
40000,9,0.370172,13.6132
40000,9,0.358453,13.2008
40000,9,0.357207,13.063
40000,9,0.356532,13.1244
40000,9,0.358782,13.3361
40000,9,0.358139,13.1866
40000,9,0.356401,12.9922
40000,9,0.354123,12.896
40000,9,0.358613,13.1823
40000,9,0.414372,15.1076
40000,9,0.356584,12.9533
40000,9,0.36843,13.5285
40000,9,0.357051,13.1226
40000,9,0.35612,13.0671
40000,9,0.356167,13.0466
40000,9,0.356985,13.1523
40000,9,0.360774,13.3052
40000,9,0.356045,13.016
40000,9,0.356985,13.1586
40000,9,0.357884,13.168
40000,9,0.413616,15.065
40000,9,0.355122,12.9894
40000,9,0.36861,13.536
40000,9,0.367254,13.484
40000,9,0.358194,13.1866
40000,9,0.357363,13.1925
40000,9,0.358317,13.1387
40000,9,0.360344,13.2453
40000,9,0.356281,12.9582
40000,9,0.356258,13.1344
40000,9,0.367858,13.6638
40000,9,0.421455,15.3396
40000,9,0.368316,13.5652
40000,9,0.368119,13.5279
40000,9,0.358219,13.1264
40000,9,0.357313,13.0733
40000,9,0.356392,13.0862
40000,9,0.356518,13.136
40000,9,0.359004,13.2014
40000,9,0.355645,13.229
40000,9,0.356415,13.3592
40000,9,0.358156,13.4273
40000,9,0.370511,14.0072
40000,9,0.358554,13.4893
40000,9,0.367943,13.559
40000,9,0.357092,13.1135
40000,9,0.356118,13.1124
40000,9,0.357109,13.1558
40000,9,0.359431,13.1313
40000,9,0.360942,13.8202
40000,9,0.358026,13.2077
40000,9,0.364681,13.4579
40000,9,0.356698,13.1207
40000,9,0.367158,13.5036
40000,9,0.355837,13.0617
40000,9,0.380423,14.0008
40000,9,0.357471,13.0514
40000,9,0.358528,13.2572
40000,9,0.357754,13.1029
40000,9,0.357107,13.1197
40000,9,0.360085,13.2683
40000,9,0.355214,13.0555
40000,9,0.360827,13.2972
40000,9,0.358174,13.157
40000,9,0.411155,14.981
40000,9,0.355364,13.0263
40000,9,0.367073,13.5387
40000,9,0.356467,13.1526
40000,9,0.357737,13.2908
40000,9,0.35635,13.0683
40000,9,0.355843,13.0606
40000,9,0.357762,13.184
40000,9,0.357404,13.1485
40000,9,0.355533,12.975
40000,9,0.355655,13.0602
40000,9,0.405963,14.7881
40000,9,0.354625,12.8874
40000,9,0.366215,13.4972
40000,9,0.359082,13.239
40000,9,0.356256,13.0896
40000,9,0.358598,13.2311
40000,9,0.364564,13.4696
40000,9,0.357944,13.2043
40000,9,0.35852,13.114
40000,9,0.355411,13.0103
40000,9,0.357186,13.1656
40000,9,0.408322,14.8847
40000,9,0.355903,13.0813
40000,9,0.363483,13.3972
40000,9,0.389997,14.2068
40000,9,0.360453,13.2664
40000,9,0.355536,12.9866
40000,9,0.359528,13.2381
40000,9,0.378362,13.7927
40000,9,0.358787,13.2297
40000,9,0.355182,13.0207
40000,9,0.358752,13.2136
40000,9,0.41758,15.2176
40000,9,0.356612,13.079
40000,9,0.366869,13.5483
40000,9,0.359433,13.2631
40000,9,0.359378,13.1695
40000,9,0.355191,13.0482
40000,9,0.35656,13.1158
40000,9,0.357334,13.1596
40000,9,0.356704,13.1504
40000,9,0.358399,13.1942
40000,9,0.357614,13.1909
40000,9,0.415519,15.1227
40000,9,0.355996,13.1201
40000,9,0.366533,13.5113
40000,9,0.361168,13.3122
40000,9,0.35468,12.9679
40000,9,0.366534,13.7919
40000,9,0.357614,13.1061
40000,9,0.359926,13.2466
40000,9,0.356193,13.0842
40000,10,0.3798,13.6419
40000,10,0.33841,12.5937
40000,10,0.382232,14.062
40000,10,0.342704,12.6732
40000,10,0.371568,13.6133
40000,10,0.331486,12.3344
40000,10,0.322235,11.9128
40000,10,0.320412,11.8981
40000,10,0.327682,12.163
40000,10,0.32302,12.0067
40000,10,0.340069,12.6421
40000,10,0.330684,12.3095
40000,10,0.32421,12.0448
40000,10,0.328851,12.4688
40000,10,0.321578,12.3248
40000,10,0.321574,12.323
40000,10,0.333609,12.7941
40000,10,0.323847,12.2108
40000,10,0.323805,12.1852
40000,10,0.320431,11.9088
40000,10,0.321985,11.9447
40000,10,0.353396,13.0141
40000,10,0.339884,12.7374
40000,10,0.323498,11.9097
40000,10,0.329084,12.3047
40000,10,0.327466,12.1674
40000,10,0.347107,13.0301
40000,10,0.348057,12.8952
40000,10,0.342119,12.8628
40000,10,0.330409,13.0155
40000,10,0.367027,14.9792
40000,10,0.324729,13.3825
40000,10,0.323954,13.6848
40000,10,0.324855,12.6115
40000,10,0.335145,12.7834
40000,10,0.320066,12.132
40000,10,0.322079,12.3442
40000,10,0.323143,12.2074
40000,10,0.386113,15.6934
40000,10,0.366829,14.6204
40000,10,0.332353,12.5034
40000,10,0.321222,11.8625
40000,10,0.322481,12.0241
40000,10,0.323028,12.0142
40000,10,0.33607,12.5229
40000,10,0.354243,13.1337
40000,10,0.330582,12.2636
40000,10,0.320314,11.9396
40000,10,0.323523,12.0384
40000,10,0.328345,12.2249
40000,10,0.323194,12.1579
40000,10,0.325361,12.1245
40000,10,0.325432,12.2164
40000,10,0.321615,11.9644
40000,10,0.339104,12.7243
40000,10,0.370343,13.6966
40000,10,0.3303,12.4572
40000,10,0.336057,12.5941
40000,10,0.370185,13.5727
40000,10,0.322165,11.9751
40000,10,0.32364,12.0303
40000,10,0.33673,12.5446
40000,10,0.329897,12.2707
40000,10,0.324663,12.1958
40000,10,0.324878,12.1737
40000,10,0.331873,12.3661
40000,10,0.328029,12.2837
40000,10,0.335328,12.563
40000,10,0.329732,12.3629
40000,10,0.324188,12.0368
40000,10,0.360234,13.2735
40000,10,0.32269,12.1378
40000,10,0.33418,12.5958
40000,10,0.333046,12.4102
40000,10,0.328182,12.2957
40000,10,0.322375,12.0813
40000,10,0.326051,12.1565
40000,10,0.325051,12.141
40000,10,0.32324,12.068
40000,10,0.323117,12.0188
40000,10,0.324202,12.0537
40000,10,0.323002,12.1739
40000,10,0.329263,12.3652
40000,10,0.324575,12.0688
40000,10,0.328809,12.3394
40000,10,0.337581,12.9462
40000,10,0.344352,13.0139
40000,10,0.332858,12.5324
40000,10,0.324737,12.228
40000,10,0.325567,12.0741
40000,10,0.325129,12.0674
40000,10,0.320821,11.9399
40000,10,0.327136,12.3
40000,10,0.322595,12.096
40000,10,0.327278,12.1505
40000,10,0.327911,12.1794
40000,10,0.324019,12.194
40000,10,0.321578,11.9381
40000,10,0.373877,13.8133
40000,10,0.321409,12.0517
40000,10,0.324449,12.2066
40000,10,0.372376,13.7025
40000,10,0.323956,12.1282
40000,10,0.334696,12.6063
40000,10,0.324042,12.2149
40000,10,0.320722,11.9261
40000,10,0.329098,12.9115
40000,10,0.328092,12.2308
40000,10,0.325283,12.1779
40000,10,0.324704,12.1609
40000,10,0.367736,13.633
40000,10,0.321113,11.9284
40000,10,0.335128,12.8513
40000,10,0.323186,12.4498
40000,10,0.325269,12.536
40000,10,0.323282,12.3834
40000,10,0.324404,12.526
40000,10,0.328866,12.5642
40000,10,0.322162,12.0648
40000,10,0.350779,13.0823
40000,10,0.321677,12.1325
40000,10,0.320601,11.9463
40000,10,0.33621,12.6066
40000,10,0.329505,12.4288
40000,10,0.329112,12.2853
40000,10,0.322171,11.9802
40000,10,0.329256,12.2628
40000,10,0.328094,12.3771
40000,10,0.326183,12.3076
40000,10,0.321239,12.0503
40000,10,0.324897,12.1024
40000,10,0.323043,12.1399
40000,10,0.329123,12.3736
40000,10,0.323207,12.0614
40000,10,0.349467,13.0739
40000,10,0.323111,12.0287
40000,10,0.322406,12.138
40000,10,0.324687,12.1783
40000,10,0.322684,12.1764
40000,10,0.327608,12.1568
40000,10,0.322112,12.0895
40000,10,0.338961,12.732
40000,10,0.323067,12.2101
40000,10,0.331029,12.3481
40000,10,0.323458,12.0641
40000,10,0.32843,12.3481
40000,10,0.335036,12.4823
40000,10,0.319485,11.8524
40000,10,0.332965,12.3928
40000,10,0.34075,12.7335
40000,10,0.323823,12.0581
40000,10,0.322942,12.2071
40000,10,0.322464,11.9966
40000,10,0.319279,11.7298
40000,10,0.324092,12.1313
40000,10,0.338262,12.6905
40000,10,0.322858,12.1296
40000,10,0.339219,12.6645
40000,10,0.323419,12.3167
40000,10,0.34521,13.079
40000,10,0.324366,12.2162
40000,10,0.322329,11.9978
40000,10,0.367992,13.4454
40000,10,0.321068,11.9353
40000,10,0.323197,12.0265
40000,10,0.320418,11.9875
40000,10,0.321385,11.9785
40000,10,0.322865,12.047
40000,10,0.348896,12.9549
40000,10,0.338209,12.7332
40000,10,0.366396,13.6154
40000,10,0.327947,12.1869
40000,10,0.329129,12.3686
40000,10,0.327795,12.1813
40000,10,0.322839,12.2823
40000,10,0.320888,11.9702
40000,10,0.345282,13.2614
40000,10,0.340493,12.7671
40000,10,0.324937,12.2143
40000,10,0.32281,12.0715
40000,10,0.325985,12.1454
40000,10,0.323623,12.0944
40000,10,0.323681,12.2197
40000,10,0.377859,14.063
40000,10,0.324714,12.2432
40000,10,0.348381,12.9962
40000,10,0.361588,13.5542
40000,10,0.322979,12.0946
40000,10,0.320866,11.9348
40000,10,0.320644,11.9568
40000,10,0.32875,12.3921
40000,10,0.322174,11.973
40000,10,0.323414,12.0779
40000,10,0.366284,13.4096
40000,10,0.339279,12.6623
40000,10,0.321509,11.9593
40000,10,0.3223,12.16
40000,10,0.326887,12.2753
40000,10,0.321003,12.0056
40000,10,0.322388,11.9911
40000,10,0.323112,12.2276
40000,10,0.321979,11.9953
40000,10,0.323352,12.0316
40000,10,0.320494,12.0686
40000,10,0.322182,12.2065
40000,10,0.323295,12.1988
40000,10,0.324624,12.1523
40000,10,0.366827,13.661
40000,10,0.323133,12.0736
40000,10,0.321667,11.9612
40000,10,0.338191,12.5462
40000,10,0.326286,12.5113
40000,10,0.322081,12.4607
40000,10,0.320705,12.3038
40000,10,0.330554,12.719
40000,10,0.327333,12.6377
40000,10,0.322763,12.2004
40000,10,0.321334,11.9734
40000,10,0.329702,12.2713
40000,10,0.349795,13.0695
40000,10,0.327319,12.3512
40000,10,0.322114,12.0774
40000,10,0.321176,11.9929
40000,10,0.335167,12.6898
40000,10,0.341341,12.7912
40000,10,0.328869,12.4343
40000,10,0.337794,12.7583
40000,10,0.323694,12.1806
40000,10,0.337186,12.7068
40000,10,0.319442,12.0516
40000,10,0.319835,11.95
40000,10,0.348576,12.989
40000,10,0.335226,12.69
40000,10,0.325292,12.2527
40000,10,0.326339,12.2373
40000,10,0.353416,12.964
40000,10,0.32459,12.1525
40000,10,0.326094,12.2
40000,10,0.324095,12.1029
40000,10,0.323515,12.2516
40000,10,0.327123,12.3847
40000,10,0.322389,12.0244
40000,10,0.343738,12.9668
40000,10,0.34622,12.8684
40000,10,0.319502,11.9239
40000,10,0.324704,12.2726
40000,10,0.361086,13.317
40000,10,0.321135,11.8952
40000,10,0.321419,12.0095
40000,10,0.321514,11.9532
40000,11,0.313497,12.642
40000,11,0.294197,12.1983
40000,11,0.292232,12.1464
40000,11,0.295126,12.3003
40000,11,0.329441,13.4037
40000,11,0.340888,13.8366
40000,11,0.290805,11.9901
40000,11,0.290347,11.9786
40000,11,0.290687,11.9937
40000,11,0.298415,12.4585
40000,11,0.293458,12.1656
40000,11,0.292981,12.1568
40000,11,0.29226,12.1123
40000,11,0.293425,12.0671
40000,11,0.290519,12.4073
40000,11,0.291772,13.2384
40000,11,0.298838,13.6635
40000,11,0.291994,12.6501
40000,11,0.292696,12.2149
40000,11,0.319614,13.5039
40000,11,0.29407,12.246
40000,11,0.292296,12.0738
40000,11,0.295216,12.3117
40000,11,0.293914,12.1118
40000,11,0.293675,12.1776
40000,11,0.292126,12.0388
40000,11,0.292742,12.2154
40000,11,0.294382,12.304
40000,11,0.303517,12.6526
40000,11,0.318101,12.965
40000,11,0.290994,12
40000,11,0.305657,12.6548
40000,11,0.301811,12.6291
40000,11,0.313231,13.0175
40000,11,0.290301,11.9582
40000,11,0.292754,12.2299
40000,11,0.2913,12.1825
40000,11,0.293006,12.2816
40000,11,0.297245,12.4218
40000,11,0.294186,12.3554
40000,11,0.292361,12.1565
40000,11,0.290074,11.951
40000,11,0.296556,12.7657
40000,11,0.292321,12.2216
40000,11,0.291961,12.2251
40000,11,0.298313,12.4112
40000,11,0.326408,13.5454
40000,11,0.291508,12.0562
40000,11,0.294104,12.1541
40000,11,0.295003,12.2572
40000,11,0.302013,12.5105
40000,11,0.294362,12.3607
40000,11,0.328496,13.6157
40000,11,0.293005,12.2686
40000,11,0.300264,12.6386
40000,11,0.313734,13.0698
40000,11,0.318276,13.2285
40000,11,0.292072,12.1255
40000,11,0.292957,12.2793
40000,11,0.314122,12.9746
40000,11,0.292913,12.2226
40000,11,0.306428,12.7589
40000,11,0.291282,12.0818
40000,11,0.292753,12.2168
40000,11,0.316426,12.9065
40000,11,0.295483,12.2582
40000,11,0.293772,12.3344
40000,11,0.304479,12.982
40000,11,0.292678,12.4835
40000,11,0.291789,12.4085
40000,11,0.29472,12.7266
40000,11,0.299647,12.9303
40000,11,0.292447,12.4743
40000,11,0.299636,12.5449
40000,11,0.292715,12.2635
40000,11,0.29205,12.1923
40000,11,0.290698,12.0464
40000,11,0.292054,12.1197
40000,11,0.292136,12.201
40000,11,0.293206,12.1001
40000,11,0.292377,12.2504
40000,11,0.29188,12.1578
40000,11,0.293264,12.2946
40000,11,0.307816,12.8546
40000,11,0.294186,12.2821
40000,11,0.311275,12.973
40000,11,0.316754,13.1024
40000,11,0.29035,12.0607
40000,11,0.293018,12.2086
40000,11,0.294552,12.3172
40000,11,0.289706,11.9706
40000,11,0.292054,12.181
40000,11,0.291921,12.1764
40000,11,0.293992,12.1962
40000,11,0.291975,12.188
40000,11,0.291571,12.1463
40000,11,0.296409,12.4226
40000,11,0.291145,12.0047
40000,11,0.294208,12.2873
40000,11,0.297284,12.4093
40000,11,0.343425,14.1739
40000,11,0.310971,12.9792
40000,11,0.293209,12.2602
40000,11,0.302809,12.5644
40000,11,0.291353,12.0797
40000,11,0.291148,12.03
40000,11,0.297249,12.4402
40000,11,0.293253,12.2072
40000,11,0.293044,12.2696
40000,11,0.306793,12.7152
40000,11,0.298659,12.4978
40000,11,0.294231,12.2879
40000,11,0.305035,12.7235
40000,11,0.332162,13.7758
40000,11,0.292883,12.2639
40000,11,0.290356,12.0367
40000,11,0.295071,12.3434
40000,11,0.29818,12.407
40000,11,0.294178,12.2654
40000,11,0.29258,12.4878
40000,11,0.29218,12.1653
40000,11,0.294414,12.3275
40000,11,0.292891,12.2728
40000,11,0.311547,13.1415
40000,11,0.292466,12.2697
40000,11,0.291329,12.0017
40000,11,0.300577,12.5202
40000,11,0.293172,12.2616
40000,11,0.291444,12.23
40000,11,0.296083,12.3716
40000,11,0.30739,12.8784
40000,11,0.294931,12.3441
40000,11,0.306862,12.8248
40000,11,0.295171,12.3534
40000,11,0.290793,12.3247
40000,11,0.292877,12.2423
40000,11,0.294842,12.2725
40000,11,0.341477,14.064
40000,11,0.297327,12.4748
40000,11,0.29775,12.4555
40000,11,0.336851,13.9688
40000,11,0.293765,12.2915
40000,11,0.2943,12.3457
40000,11,0.291689,12.0775
40000,11,0.320355,13.208
40000,11,0.291827,12.2093
40000,11,0.289783,11.9749
40000,11,0.299889,12.5608
40000,11,0.292093,12.1441
40000,11,0.299059,12.4933
40000,11,0.296632,12.4413
40000,11,0.296764,12.4138
40000,11,0.295966,12.362
40000,11,0.321695,13.3199
40000,11,0.292338,12.1777
40000,11,0.292354,12.213
40000,11,0.292823,12.3078
40000,11,0.295261,12.362
40000,11,0.297589,12.45
40000,11,0.291783,12.2067
40000,11,0.294008,12.2251
40000,11,0.296823,12.377
40000,11,0.292064,12.1543
40000,11,0.293992,12.2068
40000,11,0.292244,12.19
40000,11,0.294511,12.385
40000,11,0.291074,12.1336
40000,11,0.354385,14.6276
40000,11,0.296274,12.3956
40000,11,0.292211,12.1928
40000,11,0.292805,12.2449
40000,11,0.29905,12.5221
40000,11,0.295729,12.4005
40000,11,0.294366,12.3471
40000,11,0.292914,12.1972
40000,11,0.318934,13.2542
40000,11,0.293026,12.5535
40000,11,0.291651,12.5581
40000,11,0.2987,12.8483
40000,11,0.297577,12.7808
40000,11,0.335412,14.3308
40000,11,0.294118,12.6095
40000,11,0.290645,12.1949
40000,11,0.296641,12.4302
40000,11,0.307406,12.8751
40000,11,0.291805,12.1627
40000,11,0.308867,12.7824
40000,11,0.29717,12.4945
40000,11,0.298047,12.4228
40000,11,0.292415,12.2245
40000,11,0.291755,12.184
40000,11,0.298719,12.4947
40000,11,0.295658,12.3501
40000,11,0.314427,13.062
40000,11,0.295425,12.3982
40000,11,0.29531,12.4167
40000,11,0.294608,12.2795
40000,11,0.294055,12.3117
40000,11,0.295337,12.3713
40000,11,0.292901,12.2663
40000,11,0.321788,13.1364
40000,11,0.293333,12.3249
40000,11,0.2905,12.0715
40000,11,0.290609,12.1018
40000,11,0.295393,12.3887
40000,11,0.294953,12.3518
40000,11,0.322901,13.2829
40000,11,0.308082,12.8728
40000,11,0.292468,12.2346
40000,11,0.291701,12.0199
40000,11,0.291308,12.0354
40000,11,0.292725,12.378
40000,11,0.29498,12.47
40000,11,0.292338,12.222
40000,11,0.293948,12.3443
40000,11,0.328812,13.4264
40000,11,0.29838,12.4554
40000,11,0.299729,12.5825
40000,11,0.318334,13.0547
40000,11,0.301388,12.7845
40000,11,0.337102,14.0112
40000,11,0.292348,12.2528
40000,11,0.292784,12.2972
40000,11,0.292382,12.2144
40000,11,0.32181,13.1375
40000,11,0.292705,12.2407
40000,11,0.292335,12.2384
40000,11,0.296479,12.3615
40000,11,0.291884,12.2288
40000,11,0.298586,12.558
40000,11,0.291447,12.1778
40000,11,0.29149,12.1757
40000,11,0.301435,12.7467
40000,11,0.314205,13.0839
40000,11,0.292641,12.2771
40000,11,0.292176,12.1803
40000,11,0.292757,12.2898
40000,11,0.292028,12.1259
40000,11,0.291679,12.1819
40000,11,0.291553,12.2175
40000,11,0.291145,12.1804
40000,11,0.297063,12.4096
40000,11,0.299394,12.5486
40000,11,0.293163,12.8043
40000,11,0.292935,12.6571
40000,11,0.295628,12.6721
40000,11,0.297173,12.888
40000,11,0.346545,14.7616
40000,11,0.291176,12.2892
40000,11,0.291763,12.189
40000,12,0.272266,11.2126
40000,12,0.267602,11.3024
40000,12,0.268147,11.3889
40000,12,0.270743,11.4879
40000,12,0.27224,11.5467
40000,12,0.265546,11.17
40000,12,0.300132,12.6271
40000,12,0.268108,11.3944
40000,12,0.27349,11.657
40000,12,0.267371,11.2885
40000,12,0.287447,12.1241
40000,12,0.314558,13.2321
40000,12,0.267441,11.3324
40000,12,0.268537,11.3432
40000,12,0.302734,12.5808
40000,12,0.266576,11.3198
40000,12,0.268347,11.4481
40000,12,0.269865,11.4353
40000,12,0.286279,12.0734
40000,12,0.266315,11.2878
40000,12,0.267869,11.2793
40000,12,0.270117,11.507
40000,12,0.286688,12.1563
40000,12,0.268777,11.3188
40000,12,0.283012,11.9917
40000,12,0.288435,12.2108
40000,12,0.267456,11.3867
40000,12,0.269132,11.4642
40000,12,0.276691,11.7001
40000,12,0.271882,11.6244
40000,12,0.269758,11.5146
40000,12,0.267384,11.289
40000,12,0.26863,11.471
40000,12,0.267051,11.2746
40000,12,0.268092,11.393
40000,12,0.27473,11.7189
40000,12,0.267787,11.459
40000,12,0.306138,12.8338
40000,12,0.266219,11.2936
40000,12,0.268385,11.7909
40000,12,0.293324,12.8785
40000,12,0.268984,11.7693
40000,12,0.269454,11.8188
40000,12,0.267025,11.5428
40000,12,0.285732,12.5053
40000,12,0.267772,11.3162
40000,12,0.268089,11.4458
40000,12,0.266244,11.3025
40000,12,0.267841,11.4023
40000,12,0.271175,11.6864
40000,12,0.267768,11.3797
40000,12,0.267814,11.3609
40000,12,0.26994,11.5363
40000,12,0.267519,11.4099
40000,12,0.266264,11.3391
40000,12,0.323542,13.5881
40000,12,0.26997,11.4809
40000,12,0.269427,11.5352
40000,12,0.26921,11.5403
40000,12,0.273139,11.6873
40000,12,0.267087,11.3418
40000,12,0.266834,11.269
40000,12,0.268816,11.4258
40000,12,0.27479,11.6956
40000,12,0.267929,11.4113
40000,12,0.267402,11.3319
40000,12,0.277385,11.7974
40000,12,0.268076,11.4433
40000,12,0.265879,11.2735
40000,12,0.284065,11.9878
40000,12,0.268006,11.4029
40000,12,0.265546,11.2398
40000,12,0.268743,11.521
40000,12,0.266384,11.2611
40000,12,0.269381,11.4788
40000,12,0.266393,11.3789
40000,12,0.268356,11.735
40000,12,0.270742,11.5784
40000,12,0.275006,11.7418
40000,12,0.268795,11.4658
40000,12,0.266567,11.3868
40000,12,0.271793,11.5459
40000,12,0.268494,11.5212
40000,12,0.269758,11.4063
40000,12,0.296242,12.5109
40000,12,0.290077,12.203
40000,12,0.269266,11.479
40000,12,0.270379,11.5013
40000,12,0.268945,11.6471
40000,12,0.266938,11.3175
40000,12,0.267988,11.4265
40000,12,0.268276,11.4554
40000,12,0.307352,12.7834
40000,12,0.268547,11.4341
40000,12,0.271389,11.5094
40000,12,0.267912,11.3341
40000,12,0.268608,11.4353
40000,12,0.270348,11.515
40000,12,0.288469,12.2309
40000,12,0.272113,11.7176
40000,12,0.267792,11.4239
40000,12,0.269541,11.4543
40000,12,0.268955,11.4991
40000,12,0.271887,11.5345
40000,12,0.271256,11.5149
40000,12,0.27029,11.5169
40000,12,0.267992,11.476
40000,12,0.268814,11.4508
40000,12,0.267917,11.354
40000,12,0.267357,11.382
40000,12,0.268175,11.3957
40000,12,0.26691,11.3293
40000,12,0.310706,12.9881
40000,12,0.272166,11.6003
40000,12,0.269427,11.4583
40000,12,0.266686,11.3271
40000,12,0.266335,11.3008
40000,12,0.267223,11.3365
40000,12,0.275922,11.8648
40000,12,0.268049,11.5047
40000,12,0.267285,11.497
40000,12,0.267201,11.3629
40000,12,0.267303,11.3731
40000,12,0.267068,11.3288
40000,12,0.269432,11.471
40000,12,0.26787,11.3902
40000,12,0.28096,11.8949
40000,12,0.267978,11.4703
40000,12,0.297735,12.6248
40000,12,0.276907,11.9226
40000,12,0.301543,12.7052
40000,12,0.266632,11.4093
40000,12,0.272082,11.6353
40000,12,0.269635,11.5128
40000,12,0.287833,12.2508
40000,12,0.269508,11.6541
40000,12,0.268209,11.3725
40000,12,0.266545,11.3381
40000,12,0.279904,11.8654
40000,12,0.267414,11.3541
40000,12,0.267431,11.4442
40000,12,0.267819,11.4142
40000,12,0.267107,11.4237
40000,12,0.294613,12.6586
40000,12,0.267519,11.3739
40000,12,0.265884,11.2308
40000,12,0.27827,11.7848
40000,12,0.272084,11.6057
40000,12,0.266689,11.3545
40000,12,0.269738,11.5118
40000,12,0.282823,12.0394
40000,12,0.266401,11.3168
40000,12,0.26657,11.2793
40000,12,0.269954,11.5003
40000,12,0.269138,11.4406
40000,12,0.266137,11.3719
40000,12,0.272621,11.6485
40000,12,0.28584,12.1226
40000,12,0.267757,11.4053
40000,12,0.266377,11.5773
40000,12,0.270783,11.8648
40000,12,0.269966,11.8458
40000,12,0.268837,11.8944
40000,12,0.267288,11.7302
40000,12,0.268056,11.7655
40000,12,0.265676,11.3968
40000,12,0.268874,11.5093
40000,12,0.265675,11.2055
40000,12,0.269581,11.4683
40000,12,0.268948,11.4496
40000,12,0.268062,11.5455
40000,12,0.270778,11.5602
40000,12,0.295742,12.528
40000,12,0.267744,11.4215
40000,12,0.267732,11.4973
40000,12,0.266746,11.3293
40000,12,0.266505,11.3807
40000,12,0.267609,11.4162
40000,12,0.266585,11.3003
40000,12,0.2665,11.4226
40000,12,0.267462,11.2827
40000,12,0.268794,11.3268
40000,12,0.274333,11.7286
40000,12,0.266218,11.2914
40000,12,0.270954,11.6228
40000,12,0.267119,11.3822
40000,12,0.274937,11.8244
40000,12,0.306988,13.1243
40000,12,0.276392,11.7308
40000,12,0.269491,11.5295
40000,12,0.269363,11.6574
40000,12,0.270675,11.5663
40000,12,0.26884,11.4675
40000,12,0.268626,11.4998
40000,12,0.268458,11.5345
40000,12,0.270114,11.5387
40000,12,0.267698,11.4066
40000,12,0.269977,11.5598
40000,12,0.272901,11.7835
40000,12,0.275958,11.7414
40000,12,0.267256,11.4212
40000,12,0.265637,11.1841
40000,12,0.32521,13.7034
40000,12,0.297417,12.5063
40000,12,0.269794,11.4942
40000,12,0.269327,11.5344
40000,12,0.273977,11.7279
40000,12,0.269119,11.5578
40000,12,0.266959,11.3396
40000,12,0.268365,11.3524
40000,12,0.274921,11.7288
40000,12,0.267767,11.4145
40000,12,0.268182,11.4466
40000,12,0.269147,12.1111
40000,12,0.26911,11.5844
40000,12,0.265883,11.4543
40000,12,0.293318,12.398
40000,12,0.269533,11.6572
40000,12,0.267439,11.4843
40000,12,0.268482,11.5031
40000,12,0.268752,11.437
40000,12,0.274518,11.7613
40000,12,0.266785,11.3534
40000,12,0.269014,11.4983
40000,12,0.271039,11.625
40000,12,0.270076,11.6767
40000,12,0.268182,11.4615
40000,12,0.269352,11.5196
40000,12,0.269236,11.4595
40000,12,0.269418,11.4258
40000,12,0.280448,11.9581
40000,12,0.311235,13.1172
40000,12,0.288828,13.2054
40000,12,0.309751,14.5551
40000,12,0.275137,12.1167
40000,12,0.26873,11.5216
40000,12,0.267872,11.3546
40000,12,0.321555,13.5355
40000,12,0.268304,11.4816
40000,12,0.267296,11.5528
40000,12,0.274848,11.7167
40000,12,0.272968,11.6546
40000,12,0.278957,11.891
40000,12,0.267653,11.4568
40000,12,0.271921,11.6241
40000,12,0.298725,12.6325
40000,12,0.266641,11.4151
40000,12,0.269747,11.4801
40000,12,0.266703,11.3467
40000,12,0.268999,11.4714
40000,13,0.321124,13.9417
40000,13,0.249542,11.6484
40000,13,0.253652,11.7392
40000,13,0.251329,11.7296
40000,13,0.248524,11.5873
40000,13,0.288452,13.2597
40000,13,0.246539,11.4417
40000,13,0.279304,12.8018
40000,13,0.24856,11.5915
40000,13,0.252362,11.6536
40000,13,0.30698,13.861
40000,13,0.253814,11.7953
40000,13,0.250085,11.6311
40000,13,0.249509,11.6003
40000,13,0.245626,11.3423
40000,13,0.254755,11.8748
40000,13,0.247773,11.508
40000,13,0.249291,11.4804
40000,13,0.264293,12.1817
40000,13,0.266592,12.2888
40000,13,0.247065,11.4158
40000,13,0.249558,11.6917
40000,13,0.248187,11.5208
40000,13,0.255207,11.7253
40000,13,0.261416,12.1236
40000,13,0.262424,12.1739
40000,13,0.250408,11.6913
40000,13,0.250551,11.7123
40000,13,0.259063,11.9718
40000,13,0.246583,11.4571
40000,13,0.247344,11.5223
40000,13,0.248685,11.6111
40000,13,0.2664,12.4292
40000,13,0.266783,12.4023
40000,13,0.245814,11.3919
40000,13,0.248402,11.6258
40000,13,0.246918,11.5679
40000,13,0.246704,11.4824
40000,13,0.262502,12.1591
40000,13,0.247373,11.5992
40000,13,0.287916,13.3145
40000,13,0.280772,12.8827
40000,13,0.246024,11.3864
40000,13,0.248853,11.6226
40000,13,0.247992,11.5547
40000,13,0.246308,11.4884
40000,13,0.260053,12.1516
40000,13,0.251076,12.07
40000,13,0.253022,12.8307
40000,13,0.253972,12.9528
40000,13,0.250419,12.3313
40000,13,0.247721,11.6197
40000,13,0.269095,12.4226
40000,13,0.247694,11.5976
40000,13,0.246113,11.5464
40000,13,0.247793,11.5627
40000,13,0.259576,12.0119
40000,13,0.303454,13.8225
40000,13,0.248729,11.6281
40000,13,0.248188,11.5935
40000,13,0.252426,11.8352
40000,13,0.264044,12.2777
40000,13,0.251519,11.7732
40000,13,0.245805,11.4591
40000,13,0.248167,11.6535
40000,13,0.249249,11.6126
40000,13,0.253186,11.8277
40000,13,0.245374,11.4126
40000,13,0.247873,11.6128
40000,13,0.246892,11.4146
40000,13,0.26393,12.2236
40000,13,0.24776,11.614
40000,13,0.251133,11.8159
40000,13,0.248839,11.5926
40000,13,0.249154,11.6553
40000,13,0.246764,11.5465
40000,13,0.247883,11.5637
40000,13,0.245675,11.4065
40000,13,0.261239,12.2069
40000,13,0.255941,11.8795
40000,13,0.247779,11.5928
40000,13,0.280659,12.7483
40000,13,0.26379,12.3263
40000,13,0.245775,11.407
40000,13,0.249417,11.6253
40000,13,0.258608,12.0738
40000,13,0.255153,11.9085
40000,13,0.259787,12.0583
40000,13,0.266105,12.3925
40000,13,0.246382,11.4826
40000,13,0.245494,11.4106
40000,13,0.246098,11.4829
40000,13,0.250431,11.7633
40000,13,0.247432,11.5235
40000,13,0.258127,12.005
40000,13,0.263186,12.2651
40000,13,0.253772,11.8571
40000,13,0.251082,11.6925
40000,13,0.246506,11.5644
40000,13,0.265951,12.2398
40000,13,0.247937,11.5952
40000,13,0.28121,12.8845
40000,13,0.260927,12.1419
40000,13,0.24664,11.5573
40000,13,0.287754,13.244
40000,13,0.249531,11.6239
40000,13,0.263395,12.1746
40000,13,0.247477,11.55
40000,13,0.261598,12.0697
40000,13,0.254135,11.9122
40000,13,0.250941,11.7581
40000,13,0.247043,11.4774
40000,13,0.24685,11.4951
40000,13,0.252698,11.8456
40000,13,0.253995,11.8352
40000,13,0.248343,11.6704
40000,13,0.247904,11.589
40000,13,0.255876,12.0583
40000,13,0.246364,11.4485
40000,13,0.246428,11.5534
40000,13,0.318283,14.4426
40000,13,0.249211,11.6795
40000,13,0.250769,11.7052
40000,13,0.247229,11.5852
40000,13,0.253533,11.8609
40000,13,0.252277,11.7508
40000,13,0.247557,11.5758
40000,13,0.261302,12.1385
40000,13,0.24796,11.6335
40000,13,0.252176,11.8191
40000,13,0.2618,12.2258
40000,13,0.246884,11.5479
40000,13,0.252962,11.8075
40000,13,0.254282,11.7701
40000,13,0.251134,11.7589
40000,13,0.267252,12.5208
40000,13,0.247806,11.5952
40000,13,0.252444,11.8242
40000,13,0.253439,11.8726
40000,13,0.246923,11.5414
40000,13,0.247983,11.5793
40000,13,0.255269,11.8719
40000,13,0.251918,11.8017
40000,13,0.25057,11.6806
40000,13,0.248435,11.6797
40000,13,0.250515,11.7482
40000,13,0.245994,11.4552
40000,13,0.245318,11.3952
40000,13,0.248296,11.6194
40000,13,0.282472,12.9373
40000,13,0.245631,11.4543
40000,13,0.274836,12.7841
40000,13,0.24973,11.7221
40000,13,0.249236,11.6438
40000,13,0.249539,11.662
40000,13,0.247402,11.5732
40000,13,0.27336,12.5445
40000,13,0.257497,12.0602
40000,13,0.254557,11.9351
40000,13,0.253935,11.9042
40000,13,0.245923,11.3987
40000,13,0.248516,11.5967
40000,13,0.26115,12.1933
40000,13,0.247494,11.5091
40000,13,0.250726,11.7552
40000,13,0.279632,12.895
40000,13,0.249654,11.9051
40000,13,0.312034,14.2382
40000,13,0.246806,11.5647
40000,13,0.24985,11.7127
40000,13,0.248753,11.6899
40000,13,0.24821,11.5988
40000,13,0.249053,11.7919
40000,13,0.26445,12.3509
40000,13,0.246467,11.5312
40000,13,0.245389,11.3927
40000,13,0.247434,11.6336
40000,13,0.246899,11.5667
40000,13,0.249488,11.6154
40000,13,0.260611,12.1093
40000,13,0.249654,11.8635
40000,13,0.248337,11.607
40000,13,0.25239,11.7617
40000,13,0.27596,12.6961
40000,13,0.25212,11.8578
40000,13,0.280119,12.8971
40000,13,0.251496,11.7417
40000,13,0.247615,11.6804
40000,13,0.253276,11.8501
40000,13,0.257522,12.0533
40000,13,0.247776,11.6925
40000,13,0.250517,11.7315
40000,13,0.281545,12.8531
40000,13,0.249213,11.6713
40000,13,0.248565,11.6306
40000,13,0.250824,12.183
40000,13,0.257831,11.984
40000,13,0.295936,13.5357
40000,13,0.298161,13.6762
40000,13,0.250185,11.7036
40000,13,0.252755,11.8881
40000,13,0.249026,11.6814
40000,13,0.247153,11.5472
40000,13,0.250729,11.8561
40000,13,0.248277,11.7115
40000,13,0.249371,11.7166
40000,13,0.246385,11.5255
40000,13,0.252152,11.8104
40000,13,0.246644,11.5197
40000,13,0.247766,11.5831
40000,13,0.246175,11.4729
40000,13,0.259369,12.1785
40000,13,0.249237,11.7025
40000,13,0.25059,11.7968
40000,13,0.318417,14.5004
40000,13,0.253131,11.862
40000,13,0.246629,11.4954
40000,13,0.246709,11.5675
40000,13,0.254033,11.89
40000,13,0.251212,11.7707
40000,13,0.247175,11.5413
40000,13,0.247974,11.6532
40000,13,0.248109,11.6554
40000,13,0.248879,11.6623
40000,13,0.248214,11.6236
40000,13,0.248881,11.69
40000,13,0.247815,11.5526
40000,13,0.284804,13.084
40000,13,0.252465,11.9487
40000,13,0.263502,12.2496
40000,13,0.248531,11.5921
40000,13,0.247658,11.6158
40000,13,0.262706,12.3193
40000,13,0.249922,11.7295
40000,13,0.249284,11.6487
40000,13,0.249414,11.7024
40000,13,0.247847,11.6815
40000,13,0.248631,11.6873
40000,13,0.245531,11.4542
40000,13,0.250893,11.7386
40000,13,0.249125,11.7505
40000,13,0.248653,11.6433
40000,13,0.285899,13.0493
40000,13,0.253292,11.864
40000,13,0.25026,11.705
40000,13,0.280233,12.9807
40000,13,0.272433,12.5306
40000,13,0.25044,11.7601
40000,13,0.249263,11.7144
40000,13,0.253638,11.9154
40000,14,0.288745,12.8293
40000,14,0.229546,10.8904
40000,14,0.230533,10.9782
40000,14,0.271931,12.5753
40000,14,0.231685,11.0019
40000,14,0.250469,11.7828
40000,14,0.231488,10.9779
40000,14,0.268531,12.4037
40000,14,0.253324,11.8534
40000,14,0.236079,11.158
40000,14,0.229687,10.9284
40000,14,0.273675,12.6522
40000,14,0.231193,10.99
40000,14,0.230987,10.8808
40000,14,0.231281,11.0542
40000,14,0.23192,11.0547
40000,14,0.23064,10.956
40000,14,0.260323,12.0982
40000,14,0.232486,11.1136
40000,14,0.230955,11.0387
40000,14,0.231394,10.9794
40000,14,0.229985,10.8889
40000,14,0.230338,11.019
40000,14,0.231688,10.9574
40000,14,0.231033,11.0666
40000,14,0.227887,10.7697
40000,14,0.254374,11.877
40000,14,0.229751,10.9294
40000,14,0.303665,13.8903
40000,14,0.229601,10.9253
40000,14,0.23756,11.304
40000,14,0.274657,12.693
40000,14,0.230737,11.0297
40000,14,0.27352,12.7259
40000,14,0.257201,11.9552
40000,14,0.234915,11.563
40000,14,0.230077,11.0542
40000,14,0.230475,10.9533
40000,14,0.239644,11.3503
40000,14,0.244948,11.6671
40000,14,0.262329,12.3919
40000,14,0.24868,11.6899
40000,14,0.24713,11.5951
40000,14,0.24667,11.711
40000,14,0.293858,13.6428
40000,14,0.236594,11.3629
40000,14,0.231875,11.1538
40000,14,0.229371,10.9671
40000,14,0.228892,10.8763
40000,14,0.232947,11.18
40000,14,0.255336,11.9727
40000,14,0.235011,11.2353
40000,14,0.228673,10.8507
40000,14,0.229004,10.9288
40000,14,0.230304,11.0302
40000,14,0.228827,10.9354
40000,14,0.231616,11.0086
40000,14,0.230339,10.9337
40000,14,0.273755,12.6861
40000,14,0.25472,11.9238
40000,14,0.24494,11.5804
40000,14,0.230135,10.9554
40000,14,0.231233,11.0723
40000,14,0.228787,10.8959
40000,14,0.250517,11.7157
40000,14,0.23798,11.2668
40000,14,0.232407,11.1386
40000,14,0.259924,12.0883
40000,14,0.231531,11.1404
40000,14,0.230293,10.9048
40000,14,0.231039,11.1028
40000,14,0.228659,10.9406
40000,14,0.235692,11.2102
40000,14,0.230543,10.9683
40000,14,0.231099,11.1256
40000,14,0.235084,11.2942
40000,14,0.230167,10.9299
40000,14,0.244046,11.5088
40000,14,0.230236,11.0148
40000,14,0.256389,12.0144
40000,14,0.230194,10.9871
40000,14,0.23176,11.2331
40000,14,0.250826,12.9088
40000,14,0.242619,12.6837
40000,14,0.232594,12.0933
40000,14,0.235126,12.3052
40000,14,0.255848,13.2743
40000,14,0.233255,12.2667
40000,14,0.257601,12.63
40000,14,0.271555,12.7312
40000,14,0.230582,11.2984
40000,14,0.257884,12.3078
40000,14,0.233593,11.5352
40000,14,0.269538,12.7935
40000,14,0.315188,14.7078
40000,14,0.229663,11.2265
40000,14,0.263232,13.4392
40000,14,0.299689,14.204
40000,14,0.278317,12.981
40000,14,0.260214,12.2292
40000,14,0.291854,13.4682
40000,14,0.228258,10.9081
40000,14,0.231692,11.1979
40000,14,0.229356,11.0009
40000,14,0.275215,12.8527
40000,14,0.228619,10.8369
40000,14,0.229385,10.9436
40000,14,0.245648,11.5338
40000,14,0.230582,11.0005
40000,14,0.252823,12.0296
40000,14,0.230862,11.148
40000,14,0.228682,10.9229
40000,14,0.230718,11.0976
40000,14,0.235373,11.2174
40000,14,0.23702,11.4153
40000,14,0.23779,11.3996
40000,14,0.238625,11.409
40000,14,0.231445,11.1093
40000,14,0.230289,11.0638
40000,14,0.242262,11.3925
40000,14,0.229698,11.047
40000,14,0.232564,11.1823
40000,14,0.228652,10.9247
40000,14,0.229985,11.0464
40000,14,0.23682,11.255
40000,14,0.230001,10.9071
40000,14,0.243879,11.5877
40000,14,0.264496,12.247
40000,14,0.228133,10.8824
40000,14,0.229563,11.0077
40000,14,0.243236,11.593
40000,14,0.229909,11.05
40000,14,0.230021,10.9411
40000,14,0.230903,10.9613
40000,14,0.230463,11.057
40000,14,0.23089,11.0237
40000,14,0.229909,10.9537
40000,14,0.231955,11.1144
40000,14,0.230725,11.1666
40000,14,0.230323,10.9382
40000,14,0.231148,11.1021
40000,14,0.243503,11.5657
40000,14,0.230851,11.0991
40000,14,0.238316,11.3049
40000,14,0.230314,11.0794
40000,14,0.231093,11.0131
40000,14,0.230332,11.0794
40000,14,0.245465,11.6407
40000,14,0.229635,10.9707
40000,14,0.229219,10.9631
40000,14,0.232159,11.2523
40000,14,0.229862,11.0337
40000,14,0.230423,11.0941
40000,14,0.227861,10.8158
40000,14,0.23073,11.0535
40000,14,0.230929,11.0736
40000,14,0.274098,12.8
40000,14,0.229404,10.9778
40000,14,0.23725,11.3575
40000,14,0.260145,12.1452
40000,14,0.249414,12.0783
40000,14,0.228576,10.8958
40000,14,0.229576,11.0487
40000,14,0.229685,10.9093
40000,14,0.230708,11.0774
40000,14,0.254412,11.8953
40000,14,0.228346,10.8775
40000,14,0.230903,11.0718
40000,14,0.230518,10.9914
40000,14,0.22885,10.9431
40000,14,0.252862,11.9436
40000,14,0.229617,11.0224
40000,14,0.230977,11.0911
40000,14,0.231428,11.1189
40000,14,0.230384,10.9608
40000,14,0.241496,11.4597
40000,14,0.246312,11.5865
40000,14,0.252996,12.0595
40000,14,0.247175,11.6886
40000,14,0.243461,11.5587
40000,14,0.239425,11.3857
40000,14,0.241978,11.4019
40000,14,0.244582,11.6338
40000,14,0.230342,11.0569
40000,14,0.244803,11.572
40000,14,0.228383,10.9115
40000,14,0.231929,11.1854
40000,14,0.228723,10.9325
40000,14,0.228921,10.8886
40000,14,0.23082,10.9711
40000,14,0.228968,10.9696
40000,14,0.229639,11.4199
40000,14,0.234816,11.3488
40000,14,0.230802,11.1136
40000,14,0.259338,12.1678
40000,14,0.229842,11.0229
40000,14,0.229659,10.9729
40000,14,0.229011,10.9075
40000,14,0.229682,11.0366
40000,14,0.231002,11.0681
40000,14,0.237613,11.4185
40000,14,0.231071,11.0702
40000,14,0.231563,11.1365
40000,14,0.228843,10.986
40000,14,0.229456,11.0674
40000,14,0.230705,11.0368
40000,14,0.231556,11.0562
40000,14,0.248034,11.6775
40000,14,0.232584,11.2274
40000,14,0.228895,10.8958
40000,14,0.233944,11.2085
40000,14,0.24477,11.6499
40000,14,0.231614,11.1356
40000,14,0.227844,10.8692
40000,14,0.232616,11.2731
40000,14,0.229069,11.0179
40000,14,0.234371,11.2794
40000,14,0.229204,10.9521
40000,14,0.230512,11.1483
40000,14,0.230269,11.0105
40000,14,0.23078,11.0649
40000,14,0.229715,11.0117
40000,14,0.229951,11.0652
40000,14,0.238302,11.4258
40000,14,0.22959,10.9931
40000,14,0.229983,11.0263
40000,14,0.229522,10.9697
40000,14,0.253266,11.9609
40000,14,0.232964,11.2083
40000,14,0.228935,10.9324
40000,14,0.228998,10.9522
40000,14,0.229898,11.0923
40000,14,0.228846,10.9855
40000,14,0.228117,10.8718
40000,14,0.230506,11.0293
40000,14,0.244889,11.5802
40000,14,0.240894,11.5893
40000,14,0.227893,10.8146
40000,14,0.230006,10.9908
40000,14,0.230459,11.0015
40000,14,0.234153,11.2861
40000,14,0.227728,10.81
40000,14,0.248619,11.8297
40000,14,0.2362,11.3485
40000,14,0.230748,11.0721
40000,14,0.230487,11.1266
40000,14,0.307329,14.1057
40000,14,0.238689,11.4295
40000,14,0.239891,11.3363
40000,14,0.257247,12.0869
40000,15,0.259202,12.6418
40000,15,0.214238,11.0763
40000,15,0.215154,11.1636
40000,15,0.216513,11.1919
40000,15,0.215402,11.2077
40000,15,0.215722,11.1823
40000,15,0.21649,11.215
40000,15,0.281556,14.0397
40000,15,0.220856,11.4688
40000,15,0.213904,11.0614
40000,15,0.216844,11.2378
40000,15,0.214759,11.2025
40000,15,0.216029,11.2708
40000,15,0.290162,14.3781
40000,15,0.213052,10.9885
40000,15,0.227632,11.7025
40000,15,0.21409,11.1275
40000,15,0.214809,11.1256
40000,15,0.213532,11.0144
40000,15,0.236314,12.0268
40000,15,0.216084,11.1853
40000,15,0.216858,11.2431
40000,15,0.236958,12.2182
40000,15,0.215779,11.2159
40000,15,0.217188,11.3759
40000,15,0.214149,11.0889
40000,15,0.21475,11.175
40000,15,0.214865,11.1475
40000,15,0.215675,11.1704
40000,15,0.253423,12.7472
40000,15,0.219017,11.3306
40000,15,0.219344,11.3644
40000,15,0.221085,11.4404
40000,15,0.215207,11.1955
40000,15,0.214402,11.1751
40000,15,0.214437,11.1186
40000,15,0.212998,11.0906
40000,15,0.214748,11.2478
40000,15,0.255873,12.9117
40000,15,0.225625,11.8751
40000,15,0.216728,11.3902
40000,15,0.216137,11.2406
40000,15,0.227201,11.7509
40000,15,0.282814,14.1809
40000,15,0.2217,11.4673
40000,15,0.213743,11.1413
40000,15,0.214755,11.2433
40000,15,0.248777,12.5516
40000,15,0.242017,12.3322
40000,15,0.21368,11.0789
40000,15,0.21441,11.1382
40000,15,0.216731,11.3104
40000,15,0.220895,11.5029
40000,15,0.214485,11.1864
40000,15,0.214837,11.2069
40000,15,0.221342,11.4769
40000,15,0.215917,11.2624
40000,15,0.214509,11.231
40000,15,0.217033,11.3446
40000,15,0.215035,11.1843
40000,15,0.216276,11.3987
40000,15,0.21577,11.2379
40000,15,0.218824,11.3694
40000,15,0.215533,11.2414
40000,15,0.214757,11.2527
40000,15,0.237388,12.211
40000,15,0.217118,11.3159
40000,15,0.214257,11.2184
40000,15,0.233447,11.9879
40000,15,0.235552,11.9895
40000,15,0.236785,12.1729
40000,15,0.235157,12.0887
40000,15,0.236747,12.0869
40000,15,0.236523,12.0395
40000,15,0.236014,12.135
40000,15,0.214892,11.2881
40000,15,0.214458,11.1418
40000,15,0.2137,11.0807
40000,15,0.216287,11.3755
40000,15,0.216268,11.2934
40000,15,0.214796,11.2721
40000,15,0.220047,11.4445
40000,15,0.252839,12.8552
40000,15,0.213497,11.1369
40000,15,0.243232,12.4007
40000,15,0.215362,11.2863
40000,15,0.220952,11.5425
40000,15,0.216501,11.3106
40000,15,0.215771,11.2889
40000,15,0.21519,11.2725
40000,15,0.239794,12.1977
40000,15,0.223753,11.7002
40000,15,0.218737,11.4659
40000,15,0.215784,11.2559
40000,15,0.215284,11.2599
40000,15,0.213363,11.1276
40000,15,0.215965,11.297
40000,15,0.214555,11.1222
40000,15,0.215542,11.2533
40000,15,0.214638,11.2692
40000,15,0.218828,11.4477
40000,15,0.213417,11.103
40000,15,0.223996,11.6197
40000,15,0.215249,11.2597
40000,15,0.214181,11.1278
40000,15,0.214862,11.1873
40000,15,0.214449,11.2423
40000,15,0.216305,11.3217
40000,15,0.234252,12.0919
40000,15,0.214731,11.2259
40000,15,0.250131,12.8161
40000,15,0.217819,11.4365
40000,15,0.213184,11.1103
40000,15,0.213714,11.1797
40000,15,0.22065,11.5395
40000,15,0.214901,11.2416
40000,15,0.216128,11.3284
40000,15,0.21435,11.1924
40000,15,0.215995,11.317
40000,15,0.242066,12.4304
40000,15,0.21455,11.1914
40000,15,0.298122,14.8094
40000,15,0.213496,11.1206
40000,15,0.214376,11.1961
40000,15,0.21538,11.3032
40000,15,0.214623,11.1354
40000,15,0.21578,11.2411
40000,15,0.213884,11.1649
40000,15,0.214719,11.2868
40000,15,0.213277,11.1676
40000,15,0.214478,11.2204
40000,15,0.215131,11.3538
40000,15,0.213838,11.1025
40000,15,0.216363,11.3058
40000,15,0.2159,11.3131
40000,15,0.214989,11.2102
40000,15,0.214378,11.179
40000,15,0.237503,12.1988
40000,15,0.217073,11.3939
40000,15,0.289627,14.4083
40000,15,0.216302,11.3285
40000,15,0.214979,11.2757
40000,15,0.214653,11.2819
40000,15,0.216046,11.2661
40000,15,0.215523,11.3493
40000,15,0.212566,11.0462
40000,15,0.246339,12.6792
40000,15,0.213269,11.121
40000,15,0.216816,11.3451
40000,15,0.213542,11.1864
40000,15,0.216352,11.3654
40000,15,0.212964,11.1608
40000,15,0.215841,11.3309
40000,15,0.215188,11.2342
40000,15,0.215241,11.185
40000,15,0.238733,12.302
40000,15,0.213223,11.1825
40000,15,0.288193,14.3883
40000,15,0.212556,11.0926
40000,15,0.213994,11.2
40000,15,0.213915,11.1415
40000,15,0.215198,11.2158
40000,15,0.213413,11.1972
40000,15,0.216106,11.3293
40000,15,0.242336,12.4584
40000,15,0.212469,11.0413
40000,15,0.213045,11.1176
40000,15,0.215886,11.3014
40000,15,0.213841,11.1322
40000,15,0.214888,11.2906
40000,15,0.214246,11.2378
40000,15,0.215564,11.2345
40000,15,0.216862,11.3397
40000,15,0.235597,12.1601
40000,15,0.222583,11.756
40000,15,0.289805,14.5089
40000,15,0.21566,11.3507
40000,15,0.216199,11.4253
40000,15,0.228747,12.2984
40000,15,0.23696,12.5785
40000,15,0.238865,12.6884
40000,15,0.265774,13.7699
40000,15,0.248445,13.0277
40000,15,0.21883,11.4947
40000,15,0.215559,11.3908
40000,15,0.213051,11.1449
40000,15,0.254393,13.0442
40000,15,0.214486,11.2727
40000,15,0.216184,11.3343
40000,15,0.21309,11.1046
40000,15,0.233051,12.0999
40000,15,0.274704,13.8732
40000,15,0.28695,14.344
40000,15,0.214031,11.2329
40000,15,0.252475,12.8264
40000,15,0.214354,11.2124
40000,15,0.215384,11.3438
40000,15,0.21368,11.1996
40000,15,0.216385,11.3409
40000,15,0.234685,12.1947
40000,15,0.214707,11.2918
40000,15,0.212444,11.0578
40000,15,0.214241,11.1496
40000,15,0.21376,11.2254
40000,15,0.214496,11.1763
40000,15,0.215577,11.3147
40000,15,0.213078,11.1234
40000,15,0.243146,12.7671
40000,15,0.257076,13.1593
40000,15,0.220972,11.4721
40000,15,0.214282,11.2041
40000,15,0.214275,11.1781
40000,15,0.228211,11.9073
40000,15,0.257921,13.2124
40000,15,0.226741,11.6886
40000,15,0.234479,12.1458
40000,15,0.234349,11.9965
40000,15,0.25105,12.7632
40000,15,0.234334,12.0172
40000,15,0.236256,12.1341
40000,15,0.232311,12.017
40000,15,0.222528,11.6415
40000,15,0.214532,11.2292
40000,15,0.215684,11.3324
40000,15,0.215234,11.2339
40000,15,0.253984,12.9125
40000,15,0.215038,11.2858
40000,15,0.276336,13.8616
40000,15,0.212695,11.1028
40000,15,0.215391,11.3098
40000,15,0.215633,11.2999
40000,15,0.215753,11.3058
40000,15,0.247827,12.5572
40000,15,0.215481,11.3459
40000,15,0.23633,12.2348
40000,15,0.213279,11.1849
40000,15,0.216761,11.484
40000,15,0.213598,11.1388
40000,15,0.213921,11.1825
40000,15,0.229539,11.9048
40000,15,0.22036,11.5089
40000,15,0.216066,11.3621
40000,15,0.213803,11.1967
40000,15,0.23156,12.0412
40000,15,0.25278,12.8208
40000,15,0.291326,14.6458
40000,15,0.214409,11.2365
40000,15,0.215245,11.3013
40000,15,0.215301,11.3043
40000,15,0.214796,11.2832
40000,16,0.271168,13.3025
40000,16,0.222339,11.7243
40000,16,0.224398,11.7713
40000,16,0.203529,10.8653
40000,16,0.202453,10.8131
40000,16,0.203463,10.9014
40000,16,0.238451,12.3084
40000,16,0.254519,13.0653
40000,16,0.203751,10.9535
40000,16,0.202903,10.873
40000,16,0.219442,11.5674
40000,16,0.206273,11.0431
40000,16,0.218932,11.5943
40000,16,0.202919,10.7869
40000,16,0.204005,10.9239
40000,16,0.213831,11.2201
40000,16,0.259784,13.2546
40000,16,0.20222,10.7553
40000,16,0.204087,10.8696
40000,16,0.203549,10.8915
40000,16,0.236407,12.1733
40000,16,0.205188,11.0262
40000,16,0.241982,12.3766
40000,16,0.203146,10.7849
40000,16,0.208416,11.0613
40000,16,0.247046,12.6223
40000,16,0.234258,12.1466
40000,16,0.201799,10.7555
40000,16,0.206393,11.0291
40000,16,0.232701,12.0493
40000,16,0.202554,10.9261
40000,16,0.273856,13.8242
40000,16,0.20295,10.9015
40000,16,0.209697,11.0869
40000,16,0.202361,10.9258
40000,16,0.229875,12.0586
40000,16,0.202234,10.8446
40000,16,0.202901,10.8976
40000,16,0.231193,12.1313
40000,16,0.240472,12.4539
40000,16,0.24417,12.6588
40000,16,0.204673,10.9032
40000,16,0.210677,11.2091
40000,16,0.216424,11.5652
40000,16,0.235312,12.3336
40000,16,0.207303,11.1009
40000,16,0.208009,11.1485
40000,16,0.219075,11.5698
40000,16,0.20417,11.0157
40000,16,0.252102,12.9765
40000,16,0.202302,10.871
40000,16,0.215333,11.4967
40000,16,0.244516,12.5708
40000,16,0.210263,11.2451
40000,16,0.201861,10.8495
40000,16,0.201022,10.7636
40000,16,0.227862,11.9821
40000,16,0.214805,11.4159
40000,16,0.257852,13.3656
40000,16,0.223652,11.7458
40000,16,0.207028,11.0863
40000,16,0.226294,11.8377
40000,16,0.205713,11.0245
40000,16,0.217227,11.6461
40000,16,0.256166,13.1573
40000,16,0.220863,11.6535
40000,16,0.203179,10.9341
40000,16,0.241685,12.5326
40000,16,0.217437,11.6818
40000,16,0.203967,10.8932
40000,16,0.240007,12.4061
40000,16,0.208986,11.1678
40000,16,0.225694,11.902
40000,16,0.210695,11.2841
40000,16,0.217735,11.5562
40000,16,0.204706,10.9947
40000,16,0.218132,11.4673
40000,16,0.205466,11.1206
40000,16,0.208182,11.2144
40000,16,0.229378,11.9989
40000,16,0.234302,12.1662
40000,16,0.240328,12.4519
40000,16,0.202159,10.9519
40000,16,0.203092,10.8404
40000,16,0.222531,11.7158
40000,16,0.221637,11.7103
40000,16,0.202413,10.935
40000,16,0.202878,10.7939
40000,16,0.213619,11.3214
40000,16,0.250759,12.9692
40000,16,0.237724,12.3631
40000,16,0.209259,11.1897
40000,16,0.213328,11.4972
40000,16,0.240279,12.5373
40000,16,0.206353,10.9989
40000,16,0.23002,12.0888
40000,16,0.211472,11.2527
40000,16,0.220978,11.602
40000,16,0.216042,11.5227
40000,16,0.203679,10.9239
40000,16,0.204604,11.0598
40000,16,0.203289,11.0146
40000,16,0.235903,12.3086
40000,16,0.20433,11.0029
40000,16,0.269067,13.7439
40000,16,0.230414,11.994
40000,16,0.246162,12.7226
40000,16,0.240931,12.4279
40000,16,0.201613,10.825
40000,16,0.237129,12.3263
40000,16,0.213088,11.4192
40000,16,0.2445,12.5995
40000,16,0.239346,12.5447
40000,16,0.236702,12.2253
40000,16,0.238069,12.3296
40000,16,0.236708,12.2482
40000,16,0.239769,12.4179
40000,16,0.235164,12.2145
40000,16,0.234672,12.2875
40000,16,0.231966,12.1702
40000,16,0.202828,10.996
40000,16,0.263529,13.5194
40000,16,0.205744,11.0104
40000,16,0.226715,11.8826
40000,16,0.235624,12.3662
40000,16,0.202686,10.8238
40000,16,0.204298,10.9869
40000,16,0.203067,10.8932
40000,16,0.240939,12.4284
40000,16,0.256359,13.1447
40000,16,0.209337,11.2699
40000,16,0.226891,11.9394
40000,16,0.224387,11.6616
40000,16,0.247337,12.7606
40000,16,0.202335,10.933
40000,16,0.204904,11.0155
40000,16,0.203213,10.9383
40000,16,0.232432,12.2444
40000,16,0.261406,13.4303
40000,16,0.28058,14.2841
40000,16,0.204104,10.9737
40000,16,0.203622,10.9229
40000,16,0.201872,10.9112
40000,16,0.202669,10.7845
40000,16,0.202122,10.842
40000,16,0.205414,10.9921
40000,16,0.22794,11.9676
40000,16,0.224714,11.7646
40000,16,0.203419,11.0124
40000,16,0.202961,10.9071
40000,16,0.22534,11.8223
40000,16,0.23934,12.4281
40000,16,0.209153,11.204
40000,16,0.204161,10.9005
40000,16,0.20891,11.1608
40000,16,0.238836,12.435
40000,16,0.244543,12.6761
40000,16,0.259635,13.3513
40000,16,0.215239,11.539
40000,16,0.205573,11.0561
40000,16,0.243514,12.5792
40000,16,0.203169,10.8392
40000,16,0.230537,12.0742
40000,16,0.20406,10.9148
40000,16,0.25365,13.0189
40000,16,0.228422,11.9373
40000,16,0.202353,10.8852
40000,16,0.204369,10.9247
40000,16,0.227692,11.9118
40000,16,0.208283,11.1106
40000,16,0.20254,10.9123
40000,16,0.203099,10.8736
40000,16,0.202518,10.8501
40000,16,0.225889,11.7718
40000,16,0.237459,12.3331
40000,16,0.241559,12.6035
40000,16,0.201955,10.8178
40000,16,0.213458,11.396
40000,16,0.236171,12.2559
40000,16,0.21139,11.263
40000,16,0.208492,11.1236
40000,16,0.208557,11.1313
40000,16,0.203222,10.8545
40000,16,0.213759,11.5122
40000,16,0.207934,11.1481
40000,16,0.204031,11.0302
40000,16,0.217545,11.5798
40000,16,0.240619,12.5423
40000,16,0.209814,11.2113
40000,16,0.202873,10.849
40000,16,0.202121,10.8636
40000,16,0.222759,11.7185
40000,16,0.242903,12.5797
40000,16,0.25814,13.3883
40000,16,0.202875,10.9203
40000,16,0.202832,10.8739
40000,16,0.236787,12.2327
40000,16,0.201567,10.8327
40000,16,0.221653,11.6523
40000,16,0.202634,10.841
40000,16,0.232511,12.0989
40000,16,0.233428,12.1714
40000,16,0.251383,12.8652
40000,16,0.20225,10.8664
40000,16,0.21427,11.4887
40000,16,0.216764,11.4989
40000,16,0.223272,11.7549
40000,16,0.201075,10.7843
40000,16,0.235959,12.2922
40000,16,0.204295,10.8336
40000,16,0.235858,12.273
40000,16,0.20464,11.0975
40000,16,0.271334,13.8805
40000,16,0.227961,11.9414
40000,16,0.213923,11.3354
40000,16,0.20194,10.8579
40000,16,0.204413,10.9209
40000,16,0.215054,11.4358
40000,16,0.207839,11.1156
40000,16,0.221563,11.5738
40000,16,0.217798,11.7066
40000,16,0.20178,10.8452
40000,16,0.207749,11.1608
40000,16,0.202571,10.8595
40000,16,0.23958,12.4279
40000,16,0.24289,12.524
40000,16,0.20209,10.8848
40000,16,0.203422,10.8506
40000,16,0.233806,12.3258
40000,16,0.262051,13.665
40000,16,0.257704,13.2783
40000,16,0.202093,10.7857
40000,16,0.239854,12.395
40000,16,0.256875,13.2668
40000,16,0.202204,10.7898
40000,16,0.235413,12.2738
40000,16,0.234854,12.1236
40000,16,0.27106,13.8141
40000,16,0.204228,11.0099
40000,16,0.235744,12.1778
40000,16,0.21474,11.5567
40000,16,0.226547,11.8569
40000,16,0.237627,12.3408
40000,16,0.201662,10.8059
40000,16,0.252879,13.0107
40000,16,0.20659,10.8965
40000,16,0.250006,12.9275
40000,16,0.247861,12.8334
40000,16,0.20191,10.8482
40000,16,0.202118,10.8965
