size,threads,runtime,energy
500,1,0.4405883,6.920331
500,1,0.4337646,6.849531
500,1,0.43376708,6.849348
500,1,0.43375528,6.855939
500,1,0.4337055,6.832625
500,1,0.4337014,6.844464
500,1,0.4336977,6.845747
500,1,0.43369892,6.830183
500,1,0.4337299,6.847638
500,1,0.43382668,6.868147
500,1,0.43395716,6.923749
500,1,0.43534702,7.063825
500,1,0.43390355,6.847517
500,1,0.43374506,6.84538
500,1,0.43369037,6.84361
500,1,0.43375424,6.842512
500,1,0.43370163,6.827803
500,1,0.43380097,6.876264
500,1,0.4337002,6.840864
500,1,0.43371478,6.825422
500,1,0.43368995,6.870343
500,1,0.43368512,6.83647
500,1,0.4337676,6.880414
500,1,0.43372744,6.861128
500,1,0.4337324,6.837384
500,1,0.43371445,6.828413
500,1,0.4336949,6.836592
500,1,0.43369237,6.8159
500,1,0.43367693,6.829145
500,1,0.43373737,6.832685
500,1,0.43366867,6.810225
500,1,0.43372947,6.833173
500,1,0.43369067,6.855817
500,1,0.43372,6.817793
500,1,0.4336822,6.829023
500,1,0.43368074,6.835615
500,1,0.43372202,6.831403
500,1,0.43366402,6.804304
500,1,0.43373054,6.828962
500,1,0.43368793,6.81938
500,1,0.43372875,6.816938
500,1,0.43368146,6.8029
500,1,0.43369123,6.821149
500,1,0.43370748,6.820906
500,1,0.43374264,7.003217
500,1,0.43374613,6.8336
500,1,0.43367139,6.854536
500,1,0.43370482,6.827314
500,1,0.43371722,6.823286
500,1,0.43370587,6.825117
500,1,0.4337076,6.839826
500,1,0.43369198,6.826276
500,1,0.43371135,6.85301
500,1,0.43367645,6.854475
500,1,0.43367994,6.85185
500,1,0.4336958,6.843
500,1,0.43369082,6.862104
500,1,0.433722,6.843244
500,1,0.4336887,6.961286
500,1,0.43373632,7.299847
500,1,0.4336722,7.313275
500,1,0.45261183,7.810283
500,1,0.43415597,7.27525
500,1,0.43383846,6.840924
500,1,0.4337689,6.808882
500,1,0.43387887,7.430462
500,1,0.4342992,7.675639
500,1,0.43391556,6.925398
500,1,0.43437436,8.753334
500,1,0.43415388,7.035749
500,1,0.43385205,6.826948
500,1,0.43372962,6.799604
500,1,0.43373257,6.843244
500,1,0.43369225,6.807661
500,1,0.43369347,6.814436
500,1,0.4337586,6.798871
500,1,0.43371195,6.801313
500,1,0.433715,6.804793
500,1,0.43374306,6.795942
500,1,0.4337044,6.814679
500,1,0.4337186,6.800947
500,1,0.4336894,6.814863
500,1,0.43376583,6.821211
500,1,0.4336896,6.795637
500,1,0.4336931,6.78404
500,1,0.43370077,6.809736
500,1,0.43370518,6.809187
500,1,0.43367848,6.793989
500,1,0.43371868,6.807172
500,1,0.4336857,6.804426
500,1,0.4336962,6.80467
500,1,0.4336901,6.809614
500,1,0.43371764,6.801496
500,1,0.43368572,6.77635
500,1,0.4336999,6.792402
500,1,0.43370533,6.804609
500,1,0.43370557,6.807417
500,1,0.43370476,6.849531
500,1,0.43373775,6.935163
500,1,0.43369585,6.799909
500,1,0.43367705,6.769575
500,1,0.4336744,6.724592
500,1,0.4337126,6.764143
500,1,0.43368083,6.789961
500,1,0.43370965,6.809369
500,1,0.4336996,6.797407
500,1,0.43370107,6.802961
500,1,0.4336729,6.80052
500,1,0.43368378,6.788557
500,1,0.43372405,6.814069
500,1,0.43368047,6.799299
500,1,0.43370155,6.790327
500,1,0.43368053,6.767622
500,1,0.4336779,6.693464
500,1,0.4337122,6.761763
500,1,0.43368694,6.812421
500,1,0.43370932,6.745894
500,1,0.43367693,6.67613
500,1,0.4337001,6.700361
500,1,0.4336761,6.70909
500,1,0.4336684,6.683637
500,1,0.433766,6.842817
500,1,0.43366966,6.796797
500,1,0.43371883,6.797224
500,1,0.43369216,6.775739
500,1,0.43389198,7.277814
500,1,0.43419376,6.970563
500,1,0.43385488,6.806989
500,1,0.4337629,6.676558
500,1,0.43372762,6.656172
500,1,0.44478804,7.186749
500,1,0.43401262,6.639876
500,1,0.43380666,6.652631
500,1,0.43371865,6.636397
500,1,0.43381178,7.102643
500,1,0.4337888,7.218182
500,1,0.4337044,7.190595
500,1,0.43373567,7.14439
500,1,0.4337093,6.760054
500,1,0.4337077,6.68022
500,1,0.43375844,6.785566
500,1,0.43370745,6.77104
500,1,0.43371677,6.623457
500,1,0.43368527,6.623274
500,1,0.43386695,6.75456
500,1,0.43375736,6.779158
500,1,0.43370438,6.813276
500,1,0.43368572,6.792158
500,1,0.43368927,6.78758
500,1,0.4337107,6.795209
500,1,0.43367356,6.793196
500,1,0.43374556,6.860517
500,1,0.433721,6.876203
500,1,0.43369433,6.710127
500,1,0.43371636,6.782087
500,1,0.43368086,6.732649
500,1,0.4336891,6.611433
500,1,0.4336758,6.605513
500,1,0.43371567,6.699568
500,1,0.43368906,6.57646
500,1,0.43370935,6.56169
500,1,0.4337053,6.610579
500,1,0.43369827,6.643049
500,1,0.4336973,6.769514
500,1,0.43369597,6.76042
500,1,0.433709,6.52696
500,1,0.43367332,6.528853
500,1,0.4336951,6.581404
500,1,0.43369728,6.775618
500,1,0.43370417,6.743574
500,1,0.43369,6.764326
500,1,0.43371764,6.761945
500,1,0.43367913,6.762556
500,1,0.43369153,6.765303
500,1,0.43368784,6.567915
500,1,0.4336963,6.520552
500,1,0.43369535,6.628218
500,1,0.43369615,6.76335
500,1,0.4336918,6.757551
500,1,0.4336937,6.732526
500,1,0.43369648,6.7451
500,1,0.43367913,6.759871
500,1,0.4337108,6.73271
500,1,0.43369022,6.756147
500,1,0.4337059,6.747785
500,1,0.43368733,6.741133
500,1,0.4336917,6.611921
500,1,0.4337018,6.520064
500,1,0.43369907,6.7227
500,1,0.43369892,6.735823
500,1,0.433684,6.739851
500,1,0.43368983,6.723738
500,1,0.4336889,6.749494
500,1,0.433688,6.71092
500,1,0.43371874,6.703719
500,1,0.43370488,6.586714
500,1,0.43370348,6.710798
500,1,0.43369442,6.721235
500,1,0.4336697,6.749617
500,1,0.44431847,6.923017
500,1,0.434204,6.845319
500,1,0.43433058,6.9362
500,1,0.43442148,6.968794
500,1,0.4338774,6.718427
500,1,0.43380412,6.758406
500,1,0.4337247,6.844465
500,1,0.43379655,6.764204
500,1,0.43373057,6.66905
500,1,0.43370447,6.680098
500,1,0.4336886,6.818708
500,1,0.4337454,7.177227
500,1,0.4337338,7.166486
500,1,0.4337099,7.19444
500,1,0.4337791,7.080426
500,1,0.4337285,6.509382
500,1,0.4337107,6.572921
500,1,0.43368754,6.674909
500,1,0.4337189,6.69377
500,1,0.43371975,6.705793
500,1,0.4337,6.69377
500,1,0.43370625,6.560591
500,1,0.433678,6.475081
500,1,0.43373048,6.4691
500,1,0.43371463,6.642011
500,1,0.43371415,6.673445
500,1,0.4337117,6.665205
500,1,0.43367675,6.690413
500,1,0.43382168,6.659773
500,1,0.43368232,6.650923
500,1,0.43369585,6.636518
500,1,0.43367416,6.665267
500,1,0.43370342,6.632978
500,1,0.43370306,6.466719
500,1,0.43368095,6.465987
500,1,0.43372703,6.636214
500,1,0.43369287,6.656721
500,1,0.43370944,6.626387
500,1,0.43367997,6.604536
500,1,0.433684,6.559371
500,1,0.43369442,6.445601
500,1,0.4336809,6.466048
500,1,0.43374065,6.529951
500,1,0.4336853,6.63658
500,1,0.4337411,6.619246
500,1,0.43367642,6.60832
500,1,0.43369994,6.535872
500,1,0.43369633,6.445784
500,1,0.43371204,6.486922
500,1,0.43370557,6.629988
500,1,0.43367594,6.60826
500,2,0.21780545,4.136708
500,2,0.2171816,4.111745
500,2,0.21705529,4.103932
500,2,0.2169769,4.089284
500,2,0.2169822,4.107228
500,2,0.21709797,4.128041
500,2,0.21699099,4.11559
500,2,0.217015,4.1079
500,2,0.21700849,4.10967
500,2,0.21705857,4.12914
500,2,0.21700661,4.108082
500,2,0.21706523,4.110708
500,2,0.21701255,4.121571
500,2,0.21696912,4.092702
500,2,0.2170208,4.12206
500,2,0.21701254,4.135426
500,2,0.2169927,4.115163
500,2,0.21695922,4.108815
500,2,0.216992,4.199269
500,2,0.21702029,4.236256
500,2,0.21705063,4.126821
500,2,0.21696793,4.111195
500,2,0.21712463,4.112844
500,2,0.21706851,4.108144
500,2,0.21701133,4.085133
500,2,0.21698873,4.118398
500,2,0.21702917,4.105336
500,2,0.21697126,4.106008
500,2,0.21731105,4.771411
500,2,0.21726887,4.344776
500,2,0.21705651,4.294606
500,2,0.217006,4.302479
500,2,0.21703905,4.291676
500,2,0.21699995,4.326649
500,2,0.21706873,4.346547
500,2,0.21700697,4.318714
500,2,0.216998,4.111989
500,2,0.21703205,4.158254
500,2,0.21739987,4.364429
500,2,0.2170548,4.115163
500,2,0.21698786,4.111623
500,2,0.21702954,4.114797
500,2,0.21706094,4.148671
500,2,0.21698552,4.364246
500,2,0.2169912,4.349721
500,2,0.21697785,4.366749
500,2,0.21700199,4.330555
500,2,0.2170025,4.378651
500,2,0.21698813,4.305165
500,2,0.21699733,4.120595
500,2,0.21696027,4.116017
500,2,0.21702506,4.117177
500,2,0.21704704,4.098317
500,2,0.21699464,4.101003
500,2,0.21696717,4.095143
500,2,0.21697514,4.137807
500,2,0.21697243,4.100087
500,2,0.21698783,4.138662
500,2,0.21698532,4.11681
500,2,0.21698226,4.12145
500,2,0.2171834,4.136769
500,2,0.21703404,4.108632
500,2,0.2169883,4.111562
500,2,0.21698304,4.11974
500,2,0.21698983,4.103078
500,2,0.21696492,4.115773
500,2,0.21695752,4.124868
500,2,0.21699078,4.114064
500,2,0.21696056,4.113515
500,2,0.21700767,4.115101
500,2,0.2169605,4.268178
500,2,0.21697162,4.350575
500,2,0.2169878,4.36034
500,2,0.21695627,4.350636
500,2,0.21711336,4.346669
500,2,0.21699832,4.341724
500,2,0.21697293,4.329701
500,2,0.217029,4.21996
500,2,0.2170142,4.109303
500,2,0.21710864,4.128103
500,2,0.21705195,4.111745
500,2,0.21698664,4.11443
500,2,0.2169735,4.114552
500,2,0.21698448,4.123464
500,2,0.21696167,4.115529
500,2,0.21696582,4.120717
500,2,0.21699971,4.119374
500,2,0.21697748,4.114186
500,2,0.21701361,4.117544
500,2,0.21696435,4.120839
500,2,0.21697915,4.117116
500,2,0.2170808,4.110096
500,2,0.21701026,4.122365
500,2,0.21698704,4.117849
500,2,0.2170023,4.129262
500,2,0.21701334,4.115895
500,2,0.21707459,4.120168
500,2,0.2176897,4.295643
500,2,0.21727239,4.372547
500,2,0.21708032,4.110585
500,2,0.21699157,4.111867
500,2,0.21698947,4.127675
500,2,0.21700828,4.102895
500,2,0.21701916,4.130849
500,2,0.21701993,4.131032
500,2,0.21703042,4.115041
500,2,0.21705025,4.092946
500,2,0.21697673,4.103932
500,2,0.21699552,4.129018
500,2,0.2169803,4.112477
500,2,0.21699291,4.111867
500,2,0.21698073,4.098317
500,2,0.2170234,4.139394
500,2,0.21700469,4.109669
500,2,0.21703185,4.111928
500,2,0.21698177,4.120107
500,2,0.21701899,4.113088
500,2,0.21697856,4.111256
500,2,0.21697482,4.103933
500,2,0.21699572,4.105458
500,2,0.21711083,4.129445
500,2,0.21701142,4.11797
500,2,0.2170759,4.117604
500,2,0.21697822,4.110341
500,2,0.21713696,4.120778
500,2,0.2169903,4.112783
500,2,0.2169742,4.164418
500,2,0.21706535,4.233265
500,2,0.21697758,4.141225
500,2,0.21700741,4.141713
500,2,0.2169819,4.108815
500,2,0.21697645,4.102773
500,2,0.2169722,4.139028
500,2,0.21698302,4.107472
500,2,0.21702114,4.131886
500,2,0.21702081,4.104604
500,2,0.21698162,4.114125
500,2,0.21696846,4.093984
500,2,0.21700336,4.134877
500,2,0.21696691,4.11736
500,2,0.21699403,4.104543
500,2,0.21700965,4.129079
500,2,0.21696839,4.107716
500,2,0.21703735,4.121328
500,2,0.21700214,4.104786
500,2,0.21697876,4.107107
500,2,0.21696937,4.109425
500,2,0.21698403,4.105886
500,2,0.21699259,4.105763
500,2,0.21701264,4.119252
500,2,0.21697208,4.108754
500,2,0.21701533,4.111867
500,2,0.2170401,4.115346
500,2,0.21701463,4.100576
500,2,0.2169946,4.106251
500,2,0.21697187,4.107106
500,2,0.21697555,4.11614
500,2,0.21699302,4.105946
500,2,0.21696785,4.114736
500,2,0.21700463,4.106984
500,2,0.21701604,4.108754
500,2,0.21701571,4.100331
500,2,0.21698885,4.105825
500,2,0.21698147,4.111134
500,2,0.217039,4.102224
500,2,0.21696937,4.114918
500,2,0.21710795,4.110586
500,2,0.21701266,4.132435
500,2,0.2169925,4.108999
500,2,0.2170159,4.114796
500,2,0.21701013,4.107412
500,2,0.21699321,4.087758
500,2,0.21696882,4.131154
500,2,0.21701233,4.110585
500,2,0.21696454,4.11205
500,2,0.21698755,4.113148
500,2,0.23365994,4.601307
500,2,0.2171476,4.116384
500,2,0.2170674,4.109608
500,2,0.21704917,4.097768
500,2,0.21707645,4.120351
500,2,0.21698515,4.123952
500,2,0.21704298,4.104664
500,2,0.21701336,4.111135
500,2,0.21698606,4.106618
500,2,0.21707685,4.109975
500,2,0.21701694,4.123219
500,2,0.21696152,4.117848
500,2,0.21700089,4.114492
500,2,0.21703482,4.10735
500,2,0.21712409,4.122731
500,2,0.21711297,4.109548
500,2,0.21699715,4.101369
500,2,0.21702348,4.112782
500,2,0.21700989,4.096303
500,2,0.2170941,4.119985
500,2,0.21701021,4.082936
500,2,0.21702334,4.129567
500,2,0.2170021,4.115407
500,2,0.21703702,4.119802
500,2,0.21704334,4.099904
500,2,0.2169785,4.101491
500,2,0.21700397,4.11736
500,2,0.21699022,4.101185
500,2,0.21709651,4.113393
500,2,0.21699755,4.112722
500,2,0.21697894,4.106984
500,2,0.21698648,4.113087
500,2,0.21697648,4.113271
500,2,0.21703288,4.110463
500,2,0.21696685,4.09789
500,2,0.21708703,4.117482
500,2,0.21712725,4.116994
500,2,0.21702111,4.12267
500,2,0.2169972,4.109426
500,2,0.21700287,4.083485
500,2,0.2170261,4.12145
500,2,0.21698731,4.106435
500,2,0.21699028,4.093312
500,2,0.2169701,4.131093
500,2,0.21706411,4.118703
500,2,0.21705115,4.274525
500,2,0.21698923,4.332752
500,2,0.2169928,4.317189
500,2,0.21696909,4.330189
500,2,0.2169724,4.337819
500,2,0.21698621,4.296192
500,2,0.21698016,4.286183
500,2,0.21699265,4.277272
500,2,0.21697576,4.187977
500,2,0.21698467,4.116201
500,2,0.21696068,4.10967
500,2,0.21698129,4.111195
500,2,0.21697344,4.117482
500,2,0.21702996,4.252858
500,2,0.21702884,4.189259
500,2,0.21700025,4.096486
500,2,0.21699093,4.112661
500,2,0.21696815,4.111989
500,2,0.21697547,4.106801
500,2,0.21696967,4.11443
500,2,0.21698055,4.127919
500,2,0.21702676,4.109609
500,2,0.21701457,4.110036
500,2,0.21702787,4.107899
500,2,0.2169792,4.105031
500,2,0.21713175,4.108205
500,2,0.21699291,4.102285
500,2,0.2169662,4.095692
500,2,0.21702795,4.114614
500,3,0.14925133,3.289786
500,3,0.14851049,3.233329
500,3,0.14848368,3.245719
500,3,0.14590208,3.191337
500,3,0.14595926,3.225456
500,3,0.14842443,3.234306
500,3,0.16225661,3.39733
500,3,0.14583166,3.207938
500,3,0.14944313,3.258171
500,3,0.14500828,3.198966
500,3,0.14839071,3.225822
500,3,0.1449674,3.195793
500,3,0.14593993,3.230155
500,3,0.14499171,3.191764
500,3,0.1458422,3.290336
500,3,0.14595518,3.21392
500,3,0.14849123,3.24102
500,3,0.16230482,3.395377
500,3,0.1451792,3.202689
500,3,0.16229892,3.412223
500,3,0.1483827,3.235893
500,3,0.16228873,3.386221
500,3,0.16237772,3.413444
500,3,0.16229871,3.408194
500,3,0.16224381,3.401969
500,3,0.16222474,3.403251
500,3,0.14591475,3.223014
500,3,0.16230296,3.399405
500,3,0.14846103,3.232048
500,3,0.14519651,3.195853
500,3,0.1484337,3.247734
500,3,0.14505409,3.197074
500,3,0.1622802,3.417411
500,3,0.16227183,3.440542
500,3,0.14839588,3.247856
500,3,0.16227706,3.401053
500,3,0.14846277,3.242668
500,3,0.14847359,3.245048
500,3,0.14589812,3.215506
500,3,0.16229106,3.394035
500,3,0.14516632,3.262137
500,3,0.14934613,3.253593
500,3,0.1622885,3.390128
500,3,0.14585894,3.219841
500,3,0.14532657,3.191642
500,3,0.14503305,3.200675
500,3,0.14577718,3.21154
500,3,0.14584145,3.21215
500,3,0.16228244,3.395072
500,3,0.14509599,3.217704
500,3,0.1623165,3.395865
500,3,0.14531589,3.198539
500,3,0.1623263,3.428764
500,3,0.16229872,3.400076
500,3,0.14501557,3.201103
500,3,0.14499258,3.191276
500,3,0.1493394,3.265739
500,3,0.16226985,3.400443
500,3,0.14511177,3.216544
500,3,0.14506951,3.179924
500,3,0.14499018,3.190726
500,3,0.14577307,3.223198
500,3,0.14576994,3.2116
500,3,0.14849547,3.249321
500,3,0.1449888,3.213187
500,3,0.14840415,3.280143
500,3,0.14584574,3.218437
500,3,0.14501515,3.234489
500,3,0.16226506,3.401541
500,3,0.14842355,3.249381
500,3,0.1623428,3.430717
500,3,0.14500065,3.230826
500,3,0.14581548,3.225334
500,3,0.16224362,3.44451
500,3,0.14499278,3.237907
500,3,0.16224733,3.437064
500,3,0.14499475,3.22692
500,3,0.1458114,3.258598
500,3,0.14870535,3.295646
500,3,0.14869037,3.743643
500,3,0.14955923,3.315299
500,3,0.14588661,3.215079
500,3,0.14842716,3.230461
500,3,0.14945857,3.263846
500,3,0.14849974,3.298088
500,3,0.16235903,3.398917
500,3,0.14593269,3.206779
500,3,0.14855315,3.280936
500,3,0.1623765,3.404838
500,3,0.1484248,3.229423
500,3,0.14931981,3.259513
500,3,0.14504328,3.228324
500,3,0.1487015,3.628836
500,3,0.16243505,3.53594
500,3,0.16226766,3.398002
500,3,0.16230424,3.422477
500,3,0.14507294,3.197929
500,3,0.16234775,3.421805
500,3,0.14845382,3.238761
500,3,0.16236946,3.398795
500,3,0.1458654,3.213859
500,3,0.14600807,3.221489
500,3,0.1622851,3.393973
500,3,0.14499542,3.20275
500,3,0.1450012,3.220878
500,3,0.14583318,3.219597
500,3,0.14842907,3.233085
500,3,0.14849623,3.252067
500,3,0.14847265,3.22985
500,3,0.14501087,3.197075
500,3,0.14494833,3.194938
500,3,0.1483741,3.329642
500,3,0.14845172,3.239067
500,3,0.1458467,3.218985
500,3,0.162272,3.392936
500,3,0.14844644,3.306815
500,3,0.16231279,3.40673
500,3,0.14935555,3.294181
500,3,0.16230945,3.499564
500,3,0.14513712,3.833974
500,3,0.145538,3.90978
500,3,0.1454807,3.751394
500,3,0.14525,4.159719
500,3,0.14527954,3.72283
500,3,0.14553557,3.442923
500,3,0.14608218,3.298453
500,3,0.14507596,3.275749
500,3,0.1484266,3.254691
500,3,0.14849782,3.270378
500,3,0.14852218,3.242545
500,3,0.14497225,3.232475
500,3,0.14498658,3.241996
500,3,0.1622739,3.404593
500,3,0.14534323,3.271476
500,3,0.1458687,3.290946
500,3,0.16235922,3.568778
500,3,0.14530936,3.193107
500,3,0.16225293,3.419913
500,3,0.16231008,3.407462
500,3,0.1622865,3.409232
500,3,0.14592992,3.211051
500,3,0.1458557,3.208488
500,3,0.14845496,3.241569
500,3,0.14849184,3.238212
500,3,0.14511864,3.190238
500,3,0.14851296,3.257072
500,3,0.1485459,3.252677
500,3,0.14592555,3.229606
500,3,0.14842045,3.231254
500,3,0.14939973,3.244682
500,3,0.14585012,3.210502
500,3,0.14945942,3.281974
500,3,0.14507645,3.199699
500,3,0.1450045,3.228202
500,3,0.1458197,3.240592
500,3,0.14509876,3.241996
500,3,0.14503676,3.198417
500,3,0.14841668,3.263847
500,3,0.14498226,3.223869
500,3,0.14500506,3.210624
500,3,0.14498384,3.196037
500,3,0.14583676,3.251395
500,3,0.14850105,3.26757
500,3,0.14851105,3.237968
500,3,0.16227865,3.398001
500,3,0.14498672,3.230033
500,3,0.14532979,3.196342
500,3,0.14498688,3.200004
500,3,0.14576365,3.215385
500,3,0.14500555,3.19683
500,3,0.14838742,3.241813
500,3,0.1484141,3.230583
500,3,0.14510252,3.194572
500,3,0.14583339,3.225028
500,3,0.14590386,3.215812
500,3,0.14504553,3.194023
500,3,0.14504367,3.276054
500,3,0.14503092,3.392996
500,3,0.14494589,3.353446
500,3,0.16230161,3.621817
500,3,0.14849904,3.416373
500,3,0.14533517,3.368705
500,3,0.1622856,3.616873
500,3,0.14582707,3.401908
500,3,0.14496674,3.386344
500,3,0.14577124,3.393424
500,3,0.14505547,3.382987
500,3,0.14842366,3.440054
500,3,0.14586005,3.359794
500,3,0.16227949,3.389884
500,3,0.1458459,3.234916
500,3,0.14840427,3.252555
500,3,0.14580981,3.21392
500,3,0.1450425,3.226371
500,3,0.14498663,3.198417
500,3,0.14837001,3.269584
500,3,0.14496073,3.218071
500,3,0.14581828,3.215629
500,3,0.14498731,3.205558
500,3,0.14500356,3.194511
500,3,0.16233882,3.425345
500,3,0.14502181,3.209037
500,3,0.14582682,3.212089
500,3,0.14503337,3.192497
500,3,0.14507891,3.199088
500,3,0.1450293,3.208549
500,3,0.16227011,3.415397
500,3,0.14501105,3.187736
500,3,0.1484155,3.253287
500,3,0.16229084,3.391837
500,3,0.14499319,3.219291
500,3,0.1622413,3.440543
500,3,0.1458396,3.234062
500,3,0.14519925,3.206351
500,3,0.14518248,3.20977
500,3,0.14837803,3.249381
500,3,0.14498658,3.202202
500,3,0.1622421,3.414481
500,3,0.14496608,3.18505
500,3,0.14500012,3.202323
500,3,0.16233523,3.429374
500,3,0.14499578,3.238334
500,3,0.14512613,3.191032
500,3,0.14586282,3.217338
500,3,0.14500195,3.192252
500,3,0.14504269,3.206413
500,3,0.14848776,3.278068
500,3,0.1450959,3.224662
500,3,0.14586003,3.216056
500,3,0.16230494,3.430472
500,3,0.14499578,3.202812
500,3,0.14839427,3.249503
500,3,0.14583938,3.225883
500,3,0.14501639,3.185905
500,3,0.14587311,3.216606
500,3,0.14582175,3.207572
500,3,0.14850335,3.232231
500,3,0.16235396,3.412588
500,3,0.14848723,3.256218
500,3,0.14846909,3.252311
500,3,0.1622836,3.398245
500,3,0.14500038,3.227165
500,3,0.14835776,3.248161
500,3,0.14842373,3.250846
500,3,0.14600186,3.210014
500,3,0.14495441,3.233817
500,3,0.16237661,3.444815
500,3,0.1459513,3.209648
500,3,0.14499652,3.217399
500,3,0.1451667,3.197135
500,4,0.10939327,2.822686
500,4,0.10890295,2.811211
500,4,0.1086552,2.810051
500,4,0.10943894,2.83001
500,4,0.108782336,2.819329
500,4,0.10864475,2.808037
500,4,0.108640745,2.831902
500,4,0.10857978,2.811333
500,4,0.10954711,2.841484
500,4,0.10863338,2.81878
500,4,0.10941858,2.830437
500,4,0.1088207,2.797539
500,4,0.108710416,2.827141
500,4,0.10953729,2.823968
500,4,0.109612286,2.842949
500,4,0.108740434,2.808281
500,4,0.10873407,2.794488
500,4,0.108713984,2.81353
500,4,0.10860451,2.824029
500,4,0.10869352,2.825798
500,4,0.109525,2.83117
500,4,0.1087448,2.807671
500,4,0.10868972,2.82885
500,4,0.10872543,2.791558
500,4,0.10854797,2.802605
500,4,0.10951465,2.839775
500,4,0.10865019,2.801079
500,4,0.10863135,2.810723
500,4,0.10861047,2.8023
500,4,0.10866047,2.809929
500,4,0.10863101,2.821832
500,4,0.10858188,2.83886
500,4,0.10951227,2.827263
500,4,0.1086724,2.790337
500,4,0.10871683,2.852898
500,4,0.109504096,2.829949
500,4,0.109463,2.844109
500,4,0.10864747,2.792046
500,4,0.10857263,2.810112
500,4,0.108603686,2.821892
500,4,0.10948858,2.83001
500,4,0.108642295,2.819756
500,4,0.10881112,2.812127
500,4,0.1086001,2.813408
500,4,0.10863584,2.812127
500,4,0.109448984,2.815788
500,4,0.10965102,2.846062
500,4,0.10872302,2.796014
500,4,0.10868792,2.822014
500,4,0.10860983,2.793084
500,4,0.10876457,2.81292
500,4,0.108665064,2.791924
500,4,0.10874943,2.835075
500,4,0.108619586,2.796136
500,4,0.10860125,2.865166
500,4,0.108712696,2.861199
500,4,0.10866453,2.832146
500,4,0.10868438,2.858391
500,4,0.108605005,2.83654
500,4,0.10956706,3.047173
500,4,0.10883417,2.913872
500,4,0.109516,2.849419
500,4,0.10942324,2.831291
500,4,0.108763866,2.819207
500,4,0.10950142,2.827446
500,4,0.10857006,2.832329
500,4,0.10864983,2.833733
500,4,0.10962632,2.830621
500,4,0.10868778,2.819878
500,4,0.10864938,2.831352
500,4,0.10957872,2.834649
500,4,0.11009522,2.84362
500,4,0.10964915,2.824761
500,4,0.10952184,2.833001
500,4,0.10965763,2.83532
500,4,0.10946096,2.843193
500,4,0.10922501,2.826714
500,4,0.10856991,2.832757
500,4,0.10857333,2.800224
500,4,0.10859155,2.842095
500,4,0.108610146,2.828911
500,4,0.10860445,2.807427
500,4,0.10863759,2.829461
500,4,0.10952901,2.829521
500,4,0.10858132,2.805596
500,4,0.10866473,2.829705
500,4,0.108637206,2.788262
500,4,0.10868567,2.833183
500,4,0.10864433,2.810723
500,4,0.10872454,2.811028
500,4,0.10961888,2.81292
500,4,0.10887078,2.81408
500,4,0.108596325,2.814202
500,4,0.109572396,2.833122
500,4,0.108603485,2.807488
500,4,0.10884904,2.83117
500,4,0.108625636,2.814568
500,4,0.10863653,2.791008
500,4,0.109477274,2.836541
500,4,0.10875149,2.822807
500,4,0.10951822,2.810601
500,4,0.10958026,2.827447
500,4,0.10878052,2.815361
500,4,0.108613454,2.795769
500,4,0.10872326,2.82354
500,4,0.10945553,2.828118
500,4,0.10962501,2.841912
500,4,0.10862254,2.825371
500,4,0.10868024,2.815667
500,4,0.109472275,2.805168
500,4,0.108621314,2.818413
500,4,0.109528705,2.845574
500,4,0.10859308,2.813958
500,4,0.10863134,2.831108
500,4,0.108596765,2.825371
500,4,0.108637735,2.805474
500,4,0.108573705,2.831231
500,4,0.108570576,2.803398
500,4,0.10946251,2.84948
500,4,0.108682066,2.787591
500,4,0.108616345,2.816033
500,4,0.10954085,2.841606
500,4,0.10860546,2.812432
500,4,0.10880828,2.805169
500,4,0.10882016,2.820976
500,4,0.108654544,2.807915
500,4,0.10957571,2.810418
500,4,0.109563865,2.830193
500,4,0.10863004,2.803521
500,4,0.109513715,2.848625
500,4,0.10876608,2.81469
500,4,0.10862417,2.796319
500,4,0.108800374,2.859306
500,4,0.108733736,2.80523
500,4,0.10860826,2.829827
500,4,0.10856358,2.838005
500,4,0.10861798,2.805962
500,4,0.10952479,2.84826
500,4,0.10860654,2.802544
500,4,0.11121678,2.883049
500,4,0.109504506,2.828972
500,4,0.108929984,2.819085
500,4,0.108638175,2.830559
500,4,0.10857874,2.805535
500,4,0.108592786,2.828606
500,4,0.10862229,2.831841
500,4,0.1085697,2.809929
500,4,0.10866374,2.801079
500,4,0.108755566,2.804986
500,4,0.10944125,2.817131
500,4,0.108573586,2.824029
500,4,0.10855508,2.809685
500,4,0.108776525,2.83123
500,4,0.10872886,2.802727
500,4,0.109486826,2.853692
500,4,0.1094905,2.849724
500,4,0.109646946,2.810723
500,4,0.10870408,2.805535
500,4,0.10861744,2.830193
500,4,0.10866976,2.823235
500,4,0.1087662,2.783074
500,4,0.109030835,3.21392
500,4,0.10903012,3.235648
500,4,0.10872093,3.285941
500,4,0.10966031,3.294364
500,4,0.10864217,3.272941
500,4,0.10887041,3.249931
500,4,0.10962462,3.289908
500,4,0.10875908,3.280693
500,4,0.10869005,3.265555
500,4,0.10960068,3.379936
500,4,0.10912503,3.385367
500,4,0.108906314,3.025139
500,4,0.10884484,2.871879
500,4,0.10861937,2.838189
500,4,0.10877428,2.877495
500,4,0.10961142,2.929253
500,4,0.11131091,2.956352
500,4,0.10873431,2.884819
500,4,0.10871593,2.857232
500,4,0.10857633,2.847832
500,4,0.10950423,2.953728
500,4,0.10952881,2.88665
500,4,0.10954757,2.891472
500,4,0.10875066,2.824028
500,4,0.10883556,2.801324
500,4,0.10869629,2.816887
500,4,0.10860481,2.831902
500,4,0.10865745,2.830315
500,4,0.11126802,2.882134
500,4,0.10879114,2.857659
500,4,0.10863972,2.869316
500,4,0.10890328,3.247855
500,4,0.10944847,3.448112
500,4,0.10944818,3.203666
500,4,0.10901091,3.15026
500,4,0.108869374,2.852715
500,4,0.10861953,2.836175
500,4,0.10946807,2.832817
500,4,0.108651645,2.83355
500,4,0.10865341,2.921196
500,4,0.10856825,2.927422
500,4,0.1086183,2.910637
500,4,0.10860129,2.918205
500,4,0.10880309,2.953179
500,4,0.108620994,2.895256
500,4,0.10862793,2.92321
500,4,0.108652145,2.890069
500,4,0.10956963,2.910942
500,4,0.10897591,2.927422
500,4,0.108600006,2.909721
500,4,0.10863184,2.951104
500,4,0.10863519,2.961113
500,4,0.108616926,2.933098
500,4,0.108644195,2.910637
500,4,0.10875526,2.849297
500,4,0.10864115,2.81292
500,4,0.10871707,2.829277
500,4,0.10856917,2.829583
500,4,0.10858951,2.808403
500,4,0.10935599,2.862297
500,4,0.10861519,2.80053
500,4,0.108572744,2.841973
500,4,0.1087319,2.82763
500,4,0.108574614,2.808098
500,4,0.10855825,2.842156
500,4,0.108576395,2.836845
500,4,0.10857902,2.802361
500,4,0.108551845,2.844048
500,4,0.108621635,2.824395
500,4,0.108578295,2.816216
500,4,0.1086614,2.831414
500,4,0.108654305,2.804009
500,4,0.10957102,2.85656
500,4,0.1086154,2.826591
500,4,0.10878784,2.804437
500,4,0.108604945,2.83886
500,4,0.1086775,2.836174
500,4,0.11209588,2.8648
500,4,0.10869903,2.800652
500,4,0.10874281,2.832512
500,4,0.10860516,2.825859
500,4,0.10949231,2.839471
500,4,0.10866569,2.803704
500,4,0.10857213,2.814751
500,4,0.108634226,2.817131
500,4,0.10855288,2.790032
500,4,0.1086201,2.832512
500,4,0.10878606,2.79229
500,4,0.10864453,2.82409
500,5,0.087886564,2.56286
500,5,0.0869539,2.537774
500,5,0.08699117,2.539789
500,5,0.08783751,2.564385
500,5,0.094689555,2.640984
500,5,0.087096825,2.527826
500,5,0.08783097,2.557306
500,5,0.08797322,2.554192
500,5,0.08715566,2.543817
500,5,0.08702035,2.526605
500,5,0.087011,2.54992
500,5,0.086986184,2.5617
500,5,0.08693557,2.548089
500,5,0.086939394,2.567926
500,5,0.08710938,2.551385
500,5,0.08691527,2.549432
500,5,0.08711207,2.565179
500,5,0.08698173,2.558953
500,5,0.087108254,2.537652
500,5,0.09469841,2.645623
500,5,0.08715811,2.531732
500,5,0.08691883,2.530206
500,5,0.08706238,2.572503
500,5,0.08716122,2.60003
500,5,0.08705517,2.605462
500,5,0.08702241,2.621515
500,5,0.08784983,2.595696
500,5,0.087079346,2.507684
500,5,0.087020546,2.540399
500,5,0.087087125,2.568048
500,5,0.09473943,2.64428
500,5,0.087122306,2.533197
500,5,0.087145664,2.543511
500,5,0.0870304,2.541253
500,5,0.087769665,2.559625
500,5,0.08719489,2.535943
500,5,0.08697066,2.536005
500,5,0.08694485,2.539361
500,5,0.0869319,2.543145
500,5,0.08697534,2.535516
500,5,0.087015755,2.544732
500,5,0.08712525,2.530817
500,5,0.08706372,2.537957
500,5,0.0877806,2.567193
500,5,0.08771414,2.558465
500,5,0.087076336,2.534296
500,5,0.08694467,2.541009
500,5,0.09472575,2.665459
500,5,0.087117,2.537652
500,5,0.087807685,2.555719
500,5,0.08693194,2.507074
500,5,0.08702427,2.540826
500,5,0.08708195,2.57055
500,5,0.0869581,2.542901
500,5,0.088734895,2.56994
500,5,0.086899385,2.527825
500,5,0.08689351,2.555841
500,5,0.08725129,2.526666
500,5,0.08713625,2.537713
500,5,0.087778896,2.565911
500,5,0.08775219,2.60473
500,5,0.08793138,2.585381
500,5,0.094714336,2.637384
500,5,0.08711261,2.536798
500,5,0.087149695,2.541314
500,5,0.08693895,2.536065
500,5,0.087022655,2.540643
500,5,0.09468742,2.647881
500,5,0.08730827,2.537103
500,5,0.08697348,2.555902
500,5,0.08689222,2.55639
500,5,0.08785195,2.571466
500,5,0.08696011,2.525994
500,5,0.08707452,2.546746
500,5,0.094722785,2.656976
500,5,0.08720402,2.54693
500,5,0.08784722,2.558831
500,5,0.08791165,2.55877
500,5,0.08717329,2.525323
500,5,0.08775777,2.567132
500,5,0.087478526,2.536066
500,5,0.08735561,2.569451
500,5,0.08797841,2.56109
500,5,0.08724016,2.606072
500,5,0.0870713,3.029717
500,5,0.087285936,2.592156
500,5,0.08712107,2.564264
500,5,0.087378666,2.543755
500,5,0.087125026,2.538202
500,5,0.086997576,2.538628
500,5,0.08702114,2.576044
500,5,0.0947334,2.63366
500,5,0.087053895,2.559381
500,5,0.0878353,2.55761
500,5,0.08784001,2.536127
500,5,0.08716789,2.541131
500,5,0.08718857,2.561395
500,5,0.08689862,2.537835
500,5,0.086926065,2.55285
500,5,0.08698569,2.563348
500,5,0.08692688,2.541802
500,5,0.0869157,2.543329
500,5,0.0869192,2.516778
500,5,0.08697547,2.564202
500,5,0.08710203,2.548151
500,5,0.08763709,2.836357
500,5,0.0879669,2.571527
500,5,0.094641626,2.694817
500,5,0.08724397,2.534234
500,5,0.09472959,2.649469
500,5,0.08718946,2.522515
500,5,0.08703709,2.567132
500,5,0.08779651,2.536737
500,5,0.08704386,2.562737
500,5,0.08703805,2.552606
500,5,0.08704435,2.57348
500,5,0.08689801,2.600274
500,5,0.08771901,2.635552
500,5,0.08700608,2.575128
500,5,0.08692358,2.552484
500,5,0.09465622,2.653741
500,5,0.08717556,2.550042
500,5,0.08698898,2.561028
500,5,0.08696829,2.509088
500,5,0.08696254,2.538141
500,5,0.08694535,2.551263
500,5,0.09472577,2.666497
500,5,0.08725041,2.536431
500,5,0.08785508,2.600824
500,5,0.08695754,2.627007
500,5,0.08706812,2.596551
500,5,0.08710657,2.571099
500,5,0.08689624,2.536249
500,5,0.087005645,2.5122
500,5,0.09467377,2.664483
500,5,0.08731598,2.525446
500,5,0.08778624,2.565789
500,5,0.09474128,2.661126
500,5,0.09468269,2.652276
500,5,0.087786816,2.53399
500,5,0.0871854,2.525506
500,5,0.087151006,2.57702
500,5,0.086986855,2.538873
500,5,0.08689333,2.539788
500,5,0.08725668,2.545709
500,5,0.086952984,2.561944
500,5,0.08698238,2.54107
500,5,0.087785915,2.541376
500,5,0.08708608,2.536309
500,5,0.09473718,2.659966
500,5,0.08786436,2.555231
500,5,0.08714298,2.548821
500,5,0.0871568,2.605645
500,5,0.087825075,2.559625
500,5,0.08731973,2.528436
500,5,0.08705622,2.564447
500,5,0.08716837,2.54931
500,5,0.08793062,2.565911
500,5,0.086958826,2.53515
500,5,0.087184414,2.559441
500,5,0.08696143,2.543329
500,5,0.08707712,2.546624
500,5,0.094691485,2.674493
500,5,0.08778477,2.549249
500,5,0.094728656,2.632989
500,5,0.08698372,2.522332
500,5,0.08779949,2.567987
500,5,0.08785868,2.564812
500,5,0.087125584,2.523981
500,5,0.086970516,2.545281
500,5,0.0869332,2.532953
500,5,0.08699418,2.596063
500,5,0.087042056,2.523492
500,5,0.086922035,2.532952
500,5,0.08687502,2.57287
500,5,0.0869262,2.526055
500,5,0.08780232,2.593072
500,5,0.087072976,2.570489
500,5,0.08703676,2.564813
500,5,0.08693585,2.526605
500,5,0.08690952,2.575555
500,5,0.087055184,2.542718
500,5,0.087001406,2.562493
500,5,0.086904414,2.589532
500,5,0.09474352,2.682794
500,5,0.08720241,2.535149
500,5,0.08697299,2.533197
500,5,0.08690657,2.539666
500,5,0.087940685,2.566217
500,5,0.08698116,2.52575
500,5,0.094682075,2.666253
500,5,0.09476804,2.623346
500,5,0.08697195,2.517632
500,5,0.08776048,2.570062
500,5,0.0872539,2.53277
500,5,0.0868904,2.569329
500,5,0.087804645,2.549066
500,5,0.08778376,2.598199
500,5,0.087765805,2.571587
500,5,0.087117344,2.542413
500,5,0.086900905,2.528253
500,5,0.08780698,2.566156
500,5,0.08715013,2.532403
500,5,0.08695573,2.542291
500,5,0.08699992,2.540581
500,5,0.086926505,2.549371
500,5,0.08712989,2.539117
500,5,0.08775354,2.573785
500,5,0.09469582,2.656854
500,5,0.08690951,2.511834
500,5,0.08793751,2.564203
500,5,0.08695663,2.532586
500,5,0.087108925,2.551263
500,5,0.0870181,2.561212
500,5,0.087741494,2.561517
500,5,0.08777357,2.553826
500,5,0.086922064,2.53576
500,5,0.08706513,2.539178
500,5,0.08689331,2.547113
500,5,0.08709146,2.535333
500,5,0.08712493,2.540948
500,5,0.08696304,2.536675
500,5,0.0870791,2.538751
500,5,0.08702307,2.570917
500,5,0.08709707,2.530633
500,5,0.08694499,2.545159
500,5,0.08697998,2.563409
500,5,0.08774016,2.546869
500,5,0.08731594,2.554681
500,5,0.08694965,2.564446
500,5,0.09469549,2.640252
500,5,0.08704849,2.526178
500,5,0.08721052,2.57702
500,5,0.08698167,2.551202
500,5,0.08690296,2.540703
500,5,0.08695213,2.553278
500,5,0.087789916,2.537835
500,5,0.08776314,2.579034
500,5,0.0869534,2.584222
500,5,0.09466294,2.707695
500,5,0.087252825,2.536615
500,5,0.08706732,2.542718
500,5,0.087012716,2.539728
500,5,0.08697327,2.593133
500,5,0.08706005,2.572869
500,5,0.08700739,2.51214
500,5,0.08701468,2.574883
500,5,0.086938635,2.545404
500,5,0.087003216,2.517938
500,5,0.08722191,2.568535
500,6,0.08172493,2.515314
500,6,0.07335263,2.384271
500,6,0.073311314,2.398004
500,6,0.07313573,2.389886
500,6,0.08094304,2.49859
500,6,0.07352621,2.3659
500,6,0.073130906,2.428461
500,6,0.073340945,2.400506
500,6,0.07313374,2.40838
500,6,0.07316736,2.406427
500,6,0.07399221,2.391901
500,6,0.07316417,2.397271
500,6,0.073227085,2.419855
500,6,0.0732295,2.407648
500,6,0.08083887,2.512505
500,6,0.07508715,2.404291
500,6,0.07411699,2.404535
500,6,0.07340827,2.396539
500,6,0.073292606,2.386896
500,6,0.07310334,2.397638
500,6,0.073272705,2.396295
500,6,0.073176846,2.396051
500,6,0.07324277,2.410333
500,6,0.07403113,2.419916
500,6,0.08088418,2.48388
500,6,0.07358281,2.427118
500,6,0.08090343,2.551202
500,6,0.0732372,2.409601
500,6,0.0734426,2.410821
500,6,0.0732558,2.396845
500,6,0.07305517,2.403558
500,6,0.073174894,2.410883
500,6,0.07396117,2.432611
500,6,0.073192306,2.404473
500,6,0.080862306,2.519586
500,6,0.07335239,2.400385
500,6,0.08087717,2.504083
500,6,0.07401486,2.429925
500,6,0.07322127,2.373224
500,6,0.07320034,2.426568
500,6,0.07395237,2.408564
500,6,0.07330172,2.403497
500,6,0.073134415,2.408197
500,6,0.07321639,2.42962
500,6,0.07324995,2.407709
500,6,0.07315005,2.414239
500,6,0.07395984,2.425409
500,6,0.07313734,2.437128
500,6,0.07396871,2.438348
500,6,0.07331669,2.418573
500,6,0.07322639,2.463372
500,6,0.07335639,2.398859
500,6,0.07317527,2.421502
500,6,0.073114015,2.409235
500,6,0.07322935,2.40545
500,6,0.07310125,2.411798
500,6,0.07325543,2.427484
500,6,0.07328112,2.416315
500,6,0.073256634,2.394647
500,6,0.073107935,2.421381
500,6,0.07316995,2.411249
500,6,0.073249996,2.401177
500,6,0.08083956,2.522882
500,6,0.073427394,2.39422
500,6,0.0740452,2.430597
500,6,0.08088254,2.481073
500,6,0.07343232,2.371515
500,6,0.07325778,2.417596
500,6,0.07404672,2.415887
500,6,0.073330104,2.416498
500,6,0.07400088,2.407281
500,6,0.073182456,2.425653
500,6,0.07332002,2.457758
500,6,0.073061794,2.453119
500,6,0.073356815,2.466912
500,6,0.07337648,2.444269
500,6,0.073134065,2.450921
500,6,0.07397031,2.456293
500,6,0.073990494,2.483148
500,6,0.073236234,2.427484
500,6,0.08089252,2.579705
500,6,0.07331274,2.450189
500,6,0.073292375,2.443964
500,6,0.08096843,2.56878
500,6,0.07330238,2.445795
500,6,0.073383406,2.447137
500,6,0.073094584,2.432428
500,6,0.07316921,2.48034
500,6,0.07308624,2.454096
500,6,0.07311089,2.442071
500,6,0.07395104,2.466485
500,6,0.0730905,2.460809
500,6,0.07320901,2.457758
500,6,0.07326762,2.449701
500,6,0.07401094,2.449273
500,6,0.073219486,2.399286
500,6,0.08086507,2.529657
500,6,0.073246054,2.426751
500,6,0.073099695,2.401056
500,6,0.07390294,2.427606
500,6,0.073169746,2.407587
500,6,0.07407925,2.425897
500,6,0.07335155,2.399042
500,6,0.07314284,2.40722
500,6,0.073141605,2.398431
500,6,0.073182434,2.429376
500,6,0.08089563,2.512567
500,6,0.07339916,2.380487
500,6,0.080872014,2.501642
500,6,0.07339118,2.40307
500,6,0.07311675,2.409967
500,6,0.073284864,2.404168
500,6,0.07333792,2.405329
500,6,0.073291615,2.396783
500,6,0.07396483,2.401727
500,6,0.073176414,2.39477
500,6,0.073231645,2.399102
500,6,0.0809032,2.546869
500,6,0.080930635,2.500299
500,6,0.07342486,2.41076
500,6,0.07321775,2.390375
500,6,0.07392722,2.421808
500,6,0.08095579,2.508111
500,6,0.07334264,2.404474
500,6,0.07327576,2.387872
500,6,0.07325999,2.394464
500,6,0.07314088,2.444269
500,6,0.07333424,2.398797
500,6,0.07328446,2.394159
500,6,0.07396488,2.415582
500,6,0.07327279,2.394098
500,6,0.073267154,2.392206
500,6,0.07332294,2.388117
500,6,0.08091553,2.532952
500,6,0.07332721,2.393915
500,6,0.074071534,2.422296
500,6,0.07317397,2.385553
500,6,0.07317234,2.418146
500,6,0.073118985,2.397698
500,6,0.073283166,2.381098
500,6,0.07396703,2.41961
500,6,0.073175535,2.413935
500,6,0.073115125,2.419854
500,6,0.073059656,2.416559
500,6,0.08085955,2.513604
500,6,0.07339738,2.394831
500,6,0.07311032,2.421807
500,6,0.073274,2.409418
500,6,0.073986985,2.419061
500,6,0.07317084,2.412653
500,6,0.07408503,2.412652
500,6,0.073169,2.40191
500,6,0.07326725,2.413568
500,6,0.08090877,2.513788
500,6,0.0733304,2.388788
500,6,0.07344316,2.401361
500,6,0.07336129,2.399713
500,6,0.08090419,2.503045
500,6,0.07328576,2.396845
500,6,0.07336971,2.42846
500,6,0.07405885,2.422723
500,6,0.07403322,2.425959
500,6,0.07319929,2.388787
500,6,0.08081154,2.511163
500,6,0.07404919,2.434076
500,6,0.07333641,2.409967
500,6,0.07332624,2.395014
500,6,0.073298275,2.3966
500,6,0.07316691,2.424493
500,6,0.07330451,2.404474
500,6,0.07325067,2.413385
500,6,0.08090717,2.505059
500,6,0.07348684,2.398981
500,6,0.07407997,2.429437
500,6,0.07402293,2.427057
500,6,0.080897346,2.510125
500,6,0.07328096,2.39654
500,6,0.07401234,2.407159
500,6,0.07319836,2.381952
500,6,0.07410997,2.438348
500,6,0.073260255,2.386774
500,6,0.08086864,2.509576
500,6,0.07331243,2.409723
500,6,0.07326155,2.392816
500,6,0.07322025,2.390863
500,6,0.0809372,2.514581
500,6,0.07334237,2.40545
500,6,0.073309004,2.395319
500,6,0.073135704,2.415826
500,6,0.073345415,2.422846
500,6,0.07318604,2.410333
500,6,0.0731356,2.41076
500,6,0.07319487,2.403681
500,6,0.073222,2.428399
500,6,0.07317967,2.407709
500,6,0.07319932,2.410882
500,6,0.07399862,2.427789
500,6,0.073313855,2.409662
500,6,0.07319506,2.41778
500,6,0.073945045,2.43255
500,6,0.07328431,2.409539
500,6,0.073227,2.396357
500,6,0.07393044,2.441827
500,6,0.073164746,2.402643
500,6,0.07310767,2.386956
500,6,0.073257856,2.399713
500,6,0.073093385,2.421747
500,6,0.07327207,2.40954
500,6,0.07393865,2.438226
500,6,0.073377535,2.387079
500,6,0.07309564,2.415399
500,6,0.073070616,2.400385
500,6,0.07320115,2.385491
500,6,0.07323922,2.385431
500,6,0.07328879,2.424738
500,6,0.07333792,2.381219
500,6,0.07325667,2.398981
500,6,0.073978186,2.419122
500,6,0.07402503,2.404779
500,6,0.07331022,2.409723
500,6,0.07349937,2.392633
500,6,0.07400711,2.410577
500,6,0.07330212,2.409967
500,6,0.07330515,2.403498
500,6,0.07390778,2.421991
500,6,0.07339093,2.395257
500,6,0.073989116,2.430597
500,6,0.07319088,2.395379
500,6,0.073993936,2.421076
500,6,0.07333509,2.391534
500,6,0.07323702,2.440668
500,6,0.07401481,2.475091
500,6,0.075367875,2.524103
500,6,0.07599097,2.60418
500,6,0.073291875,2.408868
500,6,0.07324313,2.410089
500,6,0.07396607,2.42486
500,6,0.0734805,2.402582
500,6,0.07331395,2.402154
500,6,0.07313918,2.418695
500,6,0.0731815,2.405084
500,6,0.07333459,2.414972
500,6,0.07407064,2.441156
500,6,0.07316691,2.414544
500,6,0.073142886,2.413324
500,6,0.07327721,2.402948
500,6,0.07314139,2.434198
500,6,0.07313903,2.412714
500,6,0.07393585,2.421746
500,6,0.07407717,2.422419
500,7,0.063714206,2.29217
500,7,0.06287469,2.248651
500,7,0.062886246,2.286921
500,7,0.0627199,2.270624
500,7,0.062856205,2.281061
500,7,0.062859565,2.268488
500,7,0.06289691,2.275934
500,7,0.062744014,2.274103
500,7,0.06283448,2.247125
500,7,0.06270502,2.273432
500,7,0.06277039,2.281427
500,7,0.06278541,2.279902
500,7,0.06269645,2.282831
500,7,0.0636954,2.281244
500,7,0.06295611,2.280451
500,7,0.06292072,2.240656
500,7,0.06299902,2.275567
500,7,0.062796846,2.279169
500,7,0.06285282,2.273066
500,7,0.06297582,2.279474
500,7,0.06273024,2.282892
500,7,0.06272459,2.274897
500,7,0.06300053,2.285577
500,7,0.06289996,2.275446
500,7,0.06302757,2.283503
500,7,0.06276766,2.267511
500,7,0.06283323,2.272943
500,7,0.062951684,2.271845
500,7,0.06284892,2.285211
500,7,0.06287051,2.23498
500,7,0.06278604,2.30694
500,7,0.06276418,2.247736
500,7,0.06269647,2.291071
500,7,0.06277983,2.266718
500,7,0.06313448,2.271051
500,7,0.06289023,2.272577
500,7,0.06286146,2.282892
500,7,0.06274728,2.267389
500,7,0.06291674,2.27624
500,7,0.06279592,2.250482
500,7,0.062945955,2.310602
500,7,0.06274631,2.257868
500,7,0.06269999,2.284784
500,7,0.06268678,2.269953
500,7,0.06276463,2.286127
500,7,0.062759414,2.27453
500,7,0.06703247,2.337335
500,7,0.06296359,2.265192
500,7,0.062769055,2.270991
500,7,0.06289765,2.259088
500,7,0.06356343,2.304315
500,7,0.06287936,2.263117
500,7,0.06273463,2.272944
500,7,0.0628007,2.277582
500,7,0.06284542,2.275384
500,7,0.062796175,2.26269
500,7,0.062911265,2.264948
500,7,0.06294899,2.289118
500,7,0.06268044,2.276666
500,7,0.062695816,2.276972
500,7,0.062717155,2.255914
500,7,0.06453541,2.310908
500,7,0.06697381,2.330011
500,7,0.06300739,2.270319
500,7,0.062808365,2.268121
500,7,0.062978484,2.278376
500,7,0.06292467,2.283929
500,7,0.06281097,2.271052
500,7,0.06279789,2.275324
500,7,0.06281263,2.248285
500,7,0.06272046,2.275446
500,7,0.06292939,2.286188
500,7,0.066998474,2.338067
500,7,0.06286271,2.266779
500,7,0.06292685,2.281794
500,7,0.06300236,2.27453
500,7,0.062773995,2.277887
500,7,0.0627079,2.278132
500,7,0.06286467,2.271112
500,7,0.06277541,2.270807
500,7,0.06276681,2.242182
500,7,0.06295554,2.277948
500,7,0.06305623,2.230524
500,7,0.062747315,2.31756
500,7,0.062745,2.25091
500,7,0.062882796,2.277033
500,7,0.063018695,2.275873
500,7,0.06366255,2.292108
500,7,0.06298612,2.265864
500,7,0.06286223,2.271906
500,7,0.06283574,2.286249
500,7,0.06357774,2.295038
500,7,0.06288828,2.265741
500,7,0.06291081,2.239435
500,7,0.06362588,2.307611
500,7,0.062814415,2.273066
500,7,0.0627368,2.269892
500,7,0.062935136,2.274408
500,7,0.063488826,2.277765
500,7,0.063021846,2.270319
500,7,0.06284413,2.281427
500,7,0.062891304,2.266169
500,7,0.0627871,2.28161
500,7,0.06695974,2.329157
500,7,0.062745325,2.270441
500,7,0.063027024,2.275384
500,7,0.06285314,2.280024
500,7,0.06297749,2.267999
500,7,0.06277784,2.284418
500,7,0.06287341,2.277155
500,7,0.06278474,2.250239
500,7,0.06291005,2.26629
500,7,0.06272349,2.289057
500,7,0.06283008,2.275263
500,7,0.06287696,2.270013
500,7,0.06276454,2.288569
500,7,0.062773146,2.268365
500,7,0.06294359,2.244929
500,7,0.06359665,2.323358
500,7,0.06292679,2.263239
500,7,0.06293678,2.270685
500,7,0.062763914,2.278131
500,7,0.06286525,2.28686
500,7,0.062989615,2.27691
500,7,0.06281489,2.269831
500,7,0.062998846,2.280329
500,7,0.06287923,2.269342
500,7,0.06274597,2.272638
500,7,0.062730186,2.274408
500,7,0.06306295,2.248713
500,7,0.063595995,2.348749
500,7,0.063139446,2.291315
500,7,0.06269302,2.284174
500,7,0.06264174,2.268121
500,7,0.06707372,2.345392
500,7,0.06308515,2.25915
500,7,0.062821776,2.27691
500,7,0.06273647,2.290827
500,7,0.063078746,2.273615
500,7,0.06281864,2.27038
500,7,0.06364596,2.30639
500,7,0.06294126,2.280634
500,7,0.06287289,2.274591
500,7,0.063010775,2.271906
500,7,0.06274262,2.27392
500,7,0.06282578,2.254084
500,7,0.062887296,2.271417
500,7,0.06289624,2.276728
500,7,0.06292588,2.28631
500,7,0.06282433,2.270685
500,7,0.06285409,2.285944
500,7,0.062757954,2.267633
500,7,0.06297705,2.277888
500,7,0.06270227,2.285455
500,7,0.06362844,2.293085
500,7,0.06372334,2.27862
500,7,0.06361695,2.283197
500,7,0.06715688,2.324518
500,7,0.062919326,2.272943
500,7,0.06287481,2.264826
500,7,0.06284286,2.278131
500,7,0.06267643,2.278132
500,7,0.06286762,2.257379
500,7,0.062803484,2.276179
500,7,0.06270671,2.266656
500,7,0.062931806,2.278315
500,7,0.06286547,2.286005
500,7,0.062896125,2.273615
500,7,0.06272783,2.273248
500,7,0.06272148,2.244867
500,7,0.06279029,2.308527
500,7,0.0627791,2.264155
500,7,0.064443685,2.301019
500,7,0.06288424,2.242182
500,7,0.06266836,2.269831
500,7,0.06274243,2.261103
500,7,0.062760934,2.269342
500,7,0.06296985,2.271601
500,7,0.062829666,2.280389
500,7,0.06278151,2.275812
500,7,0.06272515,2.278498
500,7,0.06278642,2.27038
500,7,0.06271058,2.2586
500,7,0.062743254,2.273737
500,7,0.0628373,2.275385
500,7,0.06273121,2.273737
500,7,0.06295015,2.249078
500,7,0.06348948,2.310297
500,7,0.06283878,2.270197
500,7,0.06365059,2.274713
500,7,0.06282223,2.293635
500,7,0.06294762,2.243463
500,7,0.06278956,2.276667
500,7,0.06280634,2.288812
500,7,0.06292515,2.275324
500,7,0.062745094,2.267999
500,7,0.06278374,2.275812
500,7,0.0629238,2.264704
500,7,0.06711927,2.350275
500,7,0.06279825,2.273737
500,7,0.062694095,2.238519
500,7,0.0627381,2.292292
500,7,0.06281034,2.271478
500,7,0.062822886,2.278986
500,7,0.06306083,2.273432
500,7,0.06288131,2.278376
500,7,0.06353299,2.277887
500,7,0.06280432,2.257562
500,7,0.06301216,2.286494
500,7,0.06273328,2.260248
500,7,0.06277371,2.28808
500,7,0.062853254,2.26861
500,7,0.06297579,2.273981
500,7,0.062883586,2.280756
500,7,0.06277582,2.276178
500,7,0.06280876,2.276788
500,7,0.0628188,2.249934
500,7,0.06285629,2.285028
500,7,0.06278524,2.26861
500,7,0.06289439,2.291498
500,7,0.06278332,2.274652
500,7,0.06270381,2.267023
500,7,0.06282769,2.276545
500,7,0.06694705,2.33941
500,7,0.063059665,2.269709
500,7,0.06280933,2.283929
500,7,0.06292348,2.266169
500,7,0.06283665,2.249201
500,7,0.06275298,2.305109
500,7,0.06368299,2.284723
500,7,0.0630462,2.261835
500,7,0.06288829,2.27215
500,7,0.062855214,2.279413
500,7,0.06272603,2.281305
500,7,0.062671505,2.275507
500,7,0.06271528,2.270075
500,7,0.06269689,2.262628
500,7,0.06273906,2.277277
500,7,0.06366139,2.277582
500,7,0.06283934,2.287897
500,7,0.06280146,2.250422
500,7,0.062883615,2.279596
500,7,0.0629362,2.272943
500,7,0.06699452,2.342279
500,7,0.0655568,2.313471
500,7,0.062935926,2.277582
500,7,0.063537784,2.298639
500,7,0.06291245,2.272516
500,7,0.06285829,2.273554
500,7,0.0627932,2.246088
500,8,0.058773857,2.185175
500,8,0.0549818,2.163813
500,8,0.054870855,2.167108
500,8,0.05485788,2.151728
500,8,0.055001143,2.172358
500,8,0.05498667,2.14715
500,8,0.05489953,2.195307
500,8,0.054863345,2.163996
500,8,0.05499212,2.127924
500,8,0.05496931,2.17248
500,8,0.054865647,2.148432
500,8,0.05492951,2.162226
500,8,0.0548812,2.164789
500,8,0.05483019,2.179255
500,8,0.055009633,2.154719
500,8,0.05491182,2.158746
500,8,0.054946426,2.169306
500,8,0.054925054,2.163996
500,8,0.05489357,2.154597
500,8,0.054955043,2.159968
500,8,0.05501867,2.169916
500,8,0.055083346,2.159967
500,8,0.055068128,2.155818
500,8,0.055170707,2.144831
500,8,0.05495374,2.146174
500,8,0.055129364,2.171137
500,8,0.05486749,2.148249
500,8,0.05507303,2.1784
500,8,0.054987486,2.144648
500,8,0.054916628,2.159479
500,8,0.054897737,2.159113
500,8,0.054931022,2.15771
500,8,0.054856703,2.164789
500,8,0.05497864,2.162592
500,8,0.05491476,2.161799
500,8,0.054998133,2.144403
500,8,0.054974195,2.143489
500,8,0.054951098,2.196222
500,8,0.054867387,2.157709
500,8,0.054970063,2.129878
500,8,0.05492557,2.175409
500,8,0.055076968,2.162165
500,8,0.05492566,2.167231
500,8,0.054990385,2.150324
500,8,0.055082288,2.175348
500,8,0.05509897,2.157649
500,8,0.054825906,2.175775
500,8,0.054949157,2.127864
500,8,0.055072054,2.19256
500,8,0.05496392,2.173944
500,8,0.054943018,2.154109
500,8,0.054850407,2.16839
500,8,0.054830387,2.117732
500,8,0.054931816,2.177423
500,8,0.05491095,2.179438
500,8,0.05498816,2.160334
500,8,0.05498518,2.159784
500,8,0.05499468,2.163752
500,8,0.05484114,2.161494
500,8,0.054969653,2.161249
500,8,0.05511693,2.162714
500,8,0.054873656,2.166987
500,8,0.054863863,2.152521
500,8,0.05504084,2.163691
500,8,0.054855492,2.161737
500,8,0.055109523,2.16302
500,8,0.054897007,2.172602
500,8,0.054973006,2.118708
500,8,0.05581227,2.235345
500,8,0.055769496,2.190669
500,8,0.05586675,2.158319
500,8,0.055866066,2.193354
500,8,0.055869605,2.201044
500,8,0.055699855,2.210932
500,8,0.055729244,2.187067
500,8,0.055751123,2.202204
500,8,0.05576134,2.175227
500,8,0.055711668,2.189569
500,8,0.055746295,2.203791
500,8,0.05582664,2.190851
500,8,0.055697825,2.192072
500,8,0.05586167,2.202631
500,8,0.05589178,2.195368
500,8,0.057257146,2.204096
500,8,0.05588165,2.175776
500,8,0.05578272,2.201776
500,8,0.055729084,2.195979
500,8,0.05571269,2.197138
500,8,0.05590234,2.191827
500,8,0.055834785,2.189204
500,8,0.055869345,2.187006
500,8,0.055662513,2.194269
500,8,0.055733357,2.166071
500,8,0.055832665,2.211665
500,8,0.055830386,2.186151
500,8,0.05598874,2.181696
500,8,0.054899447,2.155818
500,8,0.054933153,2.166132
500,8,0.055099655,2.194818
500,8,0.05499038,2.16601
500,8,0.05488772,2.145991
500,8,0.054867078,2.159113
500,8,0.05499417,2.179865
500,8,0.054863263,2.182307
500,8,0.05491989,2.165338
500,8,0.054850664,2.129145
500,8,0.055025745,2.178278
500,8,0.054997984,2.17541
500,8,0.05495471,2.142267
500,8,0.0549518,2.146296
500,8,0.055125937,2.160456
500,8,0.05505173,2.196161
500,8,0.054870084,2.158381
500,8,0.054886956,2.167841
500,8,0.055047728,2.137202
500,8,0.055146687,2.176508
500,8,0.055121683,2.159662
500,8,0.054840215,2.160822
500,8,0.055069633,2.17364
500,8,0.05532031,2.147821
500,8,0.05501957,2.156184
500,8,0.054877874,2.198542
500,8,0.054984096,2.158197
500,8,0.05492711,2.164362
500,8,0.054846644,2.164546
500,8,0.055085752,2.168451
500,8,0.054918144,2.154291
500,8,0.055030257,2.16186
500,8,0.054864287,2.161799
500,8,0.055145767,2.126459
500,8,0.054858997,2.204035
500,8,0.05506755,2.160822
500,8,0.05498001,2.151789
500,8,0.054971505,2.161677
500,8,0.054905944,2.160456
500,8,0.05517832,2.167352
500,8,0.05497606,2.151301
500,8,0.054978117,2.162531
500,8,0.05504085,2.162897
500,8,0.054964773,2.192988
500,8,0.055009052,2.161188
500,8,0.055005755,2.163447
500,8,0.055075716,2.125849
500,8,0.054894146,2.205927
500,8,0.05508394,2.166804
500,8,0.054931175,2.153742
500,8,0.054932892,2.168329
500,8,0.054887474,2.153498
500,8,0.054975785,2.160639
500,8,0.05498773,2.170649
500,8,0.055121824,2.151117
500,8,0.054863375,2.163935
500,8,0.055030517,2.156367
500,8,0.054871153,2.169794
500,8,0.054874487,2.165705
500,8,0.054923132,2.150995
500,8,0.054900248,2.161066
500,8,0.054801103,2.162898
500,8,0.054975193,2.166193
500,8,0.054886192,2.159784
500,8,0.054971017,2.138362
500,8,0.054901894,2.197077
500,8,0.054900024,2.166315
500,8,0.054873034,2.161615
500,8,0.055006925,2.163752
500,8,0.05482672,2.166132
500,8,0.055136472,2.16302
500,8,0.054860957,2.186945
500,8,0.055110592,2.130304
500,8,0.05501024,2.189143
500,8,0.05494424,2.173029
500,8,0.05502641,2.147333
500,8,0.05492573,2.169184
500,8,0.054913785,2.161494
500,8,0.055027504,2.127558
500,8,0.054817468,2.204706
500,8,0.05495396,2.156061
500,8,0.055171374,2.16186
500,8,0.054864127,2.161371
500,8,0.054911356,2.156184
500,8,0.055109072,2.171808
500,8,0.054895677,2.153437
500,8,0.054982163,2.167414
500,8,0.054896027,2.157892
500,8,0.055135567,2.159419
500,8,0.055078633,2.16131
500,8,0.054913737,2.165644
500,8,0.05508292,2.149103
500,8,0.054943092,2.192622
500,8,0.054974552,2.129023
500,8,0.054984525,2.194147
500,8,0.05509152,2.164301
500,8,0.054882776,2.163752
500,8,0.055059098,2.17254
500,8,0.05505198,2.170161
500,8,0.05498496,2.164484
500,8,0.05490892,2.161677
500,8,0.05500018,2.167963
500,8,0.055239577,2.159907
500,8,0.054950766,2.149164
500,8,0.055044603,2.166254
500,8,0.05733897,2.389337
500,8,0.05758823,2.396356
500,8,0.05702961,2.301325
500,8,0.055020615,2.169123
500,8,0.055265862,2.176447
500,8,0.055029184,2.167109
500,8,0.055095036,2.169672
500,8,0.05489039,2.151544
500,8,0.054967064,2.165583
500,8,0.055002946,2.159236
500,8,0.054984987,2.159296
500,8,0.054848857,2.162775
500,8,0.05497208,2.169794
500,8,0.055024803,2.160456
500,8,0.054937683,2.157893
500,8,0.055000372,2.149225
500,8,0.054979283,2.174555
500,8,0.05512164,2.182367
500,8,0.055094175,2.157099
500,8,0.054985173,2.164546
500,8,0.054859784,2.159357
500,8,0.05485797,2.163324
500,8,0.054816164,2.164729
500,8,0.055006,2.144953
500,8,0.05494975,2.155878
500,8,0.054995473,2.150385
500,8,0.055047374,2.194758
500,8,0.0548472,2.16424
500,8,0.05487952,2.160456
500,8,0.054832254,2.138605
500,8,0.05489137,2.135309
500,8,0.054859832,2.119807
500,8,0.056075085,2.309137
500,8,0.055866644,2.242243
500,8,0.057669327,2.354974
500,8,0.055162903,2.185542
500,8,0.05514891,2.161188
500,8,0.054898124,2.166742
500,8,0.05497931,2.180598
500,8,0.055312026,2.145807
500,8,0.055005632,2.158137
500,8,0.05502155,2.172175
500,8,0.054964416,2.166315
500,8,0.055016454,2.180048
500,8,0.05488499,2.127619
500,8,0.055007957,2.163141
500,8,0.054948326,2.164057
500,8,0.054979064,2.142451
500,8,0.05517758,2.163996
500,9,0.06136744,2.246455
500,9,0.054180197,2.151117
500,9,0.05402815,2.179194
500,9,0.054106273,2.160883
500,9,0.054041605,2.138971
500,9,0.054026376,2.151606
500,9,0.054030042,2.165522
500,9,0.05426838,2.132807
500,9,0.05412276,2.126154
500,9,0.054045085,2.171443
500,9,0.054240193,2.119318
500,9,0.054085713,2.170954
500,9,0.05406448,2.138544
500,9,0.05409735,2.117121
500,9,0.054107655,2.168269
500,9,0.054046184,2.156549
500,9,0.054056328,2.117426
500,9,0.05490469,2.186946
500,9,0.054868873,2.159662
500,9,0.054345444,2.128718
500,9,0.05403859,2.165155
500,9,0.053990785,2.162836
500,9,0.054000985,2.149043
500,9,0.05401611,2.139948
500,9,0.054097828,2.140986
500,9,0.054867163,2.167047
500,9,0.054056164,2.158747
500,9,0.053958446,2.16247
500,9,0.05409295,2.156306
500,9,0.054009862,2.153803
500,9,0.054237947,2.142939
500,9,0.054003224,2.141779
500,9,0.054027088,2.10876
500,9,0.053974237,2.187433
500,9,0.053976968,2.155451
500,9,0.05458863,2.172785
500,9,0.05489297,2.178766
500,9,0.054797824,2.178462
500,9,0.054115806,2.157282
500,9,0.055542007,2.19848
500,9,0.054637257,2.16424
500,9,0.05417422,2.135554
500,9,0.054162703,2.19018
500,9,0.054119673,2.135432
500,9,0.054169454,2.14715
500,9,0.053985152,2.149164
500,9,0.054066908,2.143183
500,9,0.054014016,2.139887
500,9,0.054087657,2.16363
500,9,0.054086305,2.168207
500,9,0.053987723,2.158686
500,9,0.05399341,2.129694
500,9,0.053936105,2.153743
500,9,0.053950872,2.17724
500,9,0.053943712,2.179743
500,9,0.05393584,2.161432
500,9,0.053913064,2.147273
500,9,0.05403284,2.171686
500,9,0.054036852,2.12884
500,9,0.054589503,2.204889
500,9,0.054808684,2.148676
500,9,0.054585353,2.167597
500,9,0.054667808,2.158625
500,9,0.05436822,2.173823
500,9,0.05419426,2.152826
500,9,0.054337554,2.143244
500,9,0.05405418,2.133052
500,9,0.054076724,2.155206
500,9,0.05407215,2.148921
500,9,0.054155905,2.178339
500,9,0.05410152,2.158503
500,9,0.054110087,2.110041
500,9,0.053987257,2.190302
500,9,0.05414624,2.144953
500,9,0.054298855,2.136957
500,9,0.054123227,2.163935
500,9,0.0541424,2.136469
500,9,0.054273862,2.138727
500,9,0.05420111,2.161372
500,9,0.054037936,2.128596
500,9,0.05403641,2.164423
500,9,0.054019544,2.128656
500,9,0.05398879,2.181147
500,9,0.05392019,2.142695
500,9,0.05403962,2.17486
500,9,0.053990614,2.129511
500,9,0.054057296,2.19018
500,9,0.05401284,2.138239
500,9,0.054079603,2.172663
500,9,0.054012302,2.152094
500,9,0.053988554,2.133845
500,9,0.054003526,2.193659
500,9,0.053971775,2.152521
500,9,0.053962197,2.170893
500,9,0.053990055,2.148005
500,9,0.05396112,2.157953
500,9,0.054042514,2.158137
500,9,0.0540264,2.165461
500,9,0.05397913,2.153864
500,9,0.053958207,2.169611
500,9,0.0539313,2.163202
500,9,0.054030005,2.153437
500,9,0.05412433,2.133845
500,9,0.05407199,2.148432
500,9,0.053971957,2.158991
500,9,0.05397028,2.140986
500,9,0.054339543,2.148981
500,9,0.054220036,2.193964
500,9,0.054126713,2.147639
500,9,0.05407893,2.15539
500,9,0.054055173,2.182855
500,9,0.05402703,2.156184
500,9,0.054020327,2.146418
500,9,0.054057512,2.168268
500,9,0.053962655,2.159907
500,9,0.05405985,2.15838
500,9,0.053939845,2.158991
500,9,0.05397032,2.159724
500,9,0.053869065,2.162775
500,9,0.05399515,2.162836
500,9,0.05396822,2.161494
500,9,0.05481626,2.162348
500,9,0.05417526,2.176142
500,9,0.053986248,2.153498
500,9,0.054075293,2.111261
500,9,0.054047104,2.191401
500,9,0.054858133,2.152521
500,9,0.05409231,2.150629
500,9,0.05483498,2.164851
500,9,0.05427343,2.157465
500,9,0.05417792,2.146784
500,9,0.054036707,2.168391
500,9,0.05396195,2.176264
500,9,0.054108378,2.159479
500,9,0.054179605,2.119745
500,9,0.054222815,2.191462
500,9,0.05421667,2.150385
500,9,0.054056276,2.151545
500,9,0.054206487,2.157038
500,9,0.054150935,2.188227
500,9,0.05405164,2.157343
500,9,0.054042622,2.152765
500,9,0.054081146,2.156062
500,9,0.05409381,2.157221
500,9,0.053976953,2.14599
500,9,0.054048855,2.123103
500,9,0.053943705,2.165888
500,9,0.05401646,2.16009
500,9,0.054066144,2.1607
500,9,0.053973094,2.157526
500,9,0.054157738,2.158625
500,9,0.053950347,2.160089
500,9,0.053955294,2.159541
500,9,0.053984325,2.158197
500,9,0.05398811,2.160761
500,9,0.053954843,2.164118
500,9,0.05401507,2.153926
500,9,0.05395353,2.168573
500,9,0.05400459,2.152033
500,9,0.053988215,2.170588
500,9,0.053975783,2.148615
500,9,0.05395849,2.164057
500,9,0.05396108,2.158991
500,9,0.054134335,2.162775
500,9,0.05485376,2.162043
500,9,0.05404072,2.147883
500,9,0.054851435,2.158747
500,9,0.054200318,2.14245
500,9,0.054131962,2.17309
500,9,0.054023184,2.155146
500,9,0.054205373,2.152766
500,9,0.054138612,2.144525
500,9,0.054277148,2.151057
500,9,0.054882195,2.147211
500,9,0.0542715,2.163142
500,9,0.054809548,2.162775
500,9,0.05414178,2.156366
500,9,0.05406792,2.161372
500,9,0.054098092,2.149531
500,9,0.05399575,2.150263
500,9,0.05482376,2.172357
500,9,0.0542306,2.164851
500,9,0.053994607,2.163019
500,9,0.05410168,2.148859
500,9,0.054830182,2.174189
500,9,0.054251224,2.145747
500,9,0.054222297,2.151605
500,9,0.05398583,2.158076
500,9,0.054161727,2.155756
500,9,0.054027434,2.149348
500,9,0.054011304,2.171137
500,9,0.053931545,2.143427
500,9,0.053950384,2.182428
500,9,0.053957827,2.146418
500,9,0.053967346,2.174799
500,9,0.0539728,2.162959
500,9,0.05395392,2.160761
500,9,0.053964566,2.162714
500,9,0.05395529,2.152582
500,9,0.053936373,2.146052
500,9,0.054059338,2.175531
500,9,0.05395756,2.148677
500,9,0.05391641,2.162592
500,9,0.053950995,2.173822
500,9,0.05395102,2.1477
500,9,0.053987503,2.167597
500,9,0.05407176,2.155573
500,9,0.054009862,2.161066
500,9,0.05398539,2.185724
500,9,0.054011248,2.159297
500,9,0.053951863,2.131037
500,9,0.054234,2.194025
500,9,0.054867227,2.157526
500,9,0.05407136,2.174738
500,9,0.054141983,2.163325
500,9,0.054024573,2.145624
500,9,0.05419315,2.158076
500,9,0.054289553,2.151911
500,9,0.05400497,2.165155
500,9,0.05396773,2.145075
500,9,0.05425372,2.172724
500,9,0.054099143,2.153864
500,9,0.053997077,2.15594
500,9,0.05410351,2.160395
500,9,0.054243013,2.164667
500,9,0.05421472,2.13537
500,9,0.054824583,2.18957
500,9,0.053920224,2.180658
500,9,0.05406919,2.133662
500,9,0.054087777,2.187861
500,9,0.054837648,2.183283
500,9,0.054399583,2.156305
500,9,0.05481811,2.171686
500,9,0.05412695,2.147761
500,9,0.054070752,2.152033
500,9,0.054038152,2.161066
500,9,0.05416576,2.157465
500,9,0.053974006,2.143916
500,9,0.05439285,2.166987
500,9,0.054835048,2.175592
500,9,0.05415626,2.163325
500,9,0.054878075,2.169367
500,9,0.05416073,2.145624
500,9,0.054224014,2.147761
500,9,0.05411323,2.156732
500,9,0.05408159,2.159785
500,9,0.053970084,2.160029
500,9,0.054008514,2.158869
500,9,0.05400261,2.161432
500,9,0.053973816,2.130305
500,10,0.060437333,2.247187
500,10,0.052821387,2.166864
500,10,0.052759744,2.137202
500,10,0.05293995,2.137201
500,10,0.05294162,2.131403
500,10,0.052667752,2.139766
500,10,0.052976407,2.1607
500,10,0.052957073,2.139093
500,10,0.05294809,2.147395
500,10,0.05272497,2.135187
500,10,0.052775744,2.160395
500,10,0.0532384,2.155756
500,10,0.052882217,2.132319
500,10,0.05279455,2.137812
500,10,0.05296215,2.15838
500,10,0.052731063,2.13647
500,10,0.052950896,2.095514
500,10,0.05266558,2.156001
500,10,0.052740883,2.140375
500,10,0.05293344,2.139338
500,10,0.054089833,2.154718
500,10,0.05277396,2.11468
500,10,0.05296944,2.16247
500,10,0.052955166,2.155756
500,10,0.0527882,2.15008
500,10,0.052737992,2.113947
500,10,0.052778568,2.161128
500,10,0.05285429,2.165094
500,10,0.05276768,2.108637
500,10,0.053905908,2.169367
500,10,0.05287491,2.148554
500,10,0.052956384,2.146296
500,10,0.059478555,2.205561
500,10,0.052740376,2.161616
500,10,0.05268997,2.144892
500,10,0.052958935,2.114008
500,10,0.053058147,2.125788
500,10,0.054029617,2.173517
500,10,0.052826606,2.139399
500,10,0.05290719,2.143488
500,10,0.052858904,2.130976
500,10,0.05287338,2.138239
500,10,0.052833367,2.126094
500,10,0.05396207,2.148554
500,10,0.052874953,2.109674
500,10,0.053013965,2.174922
500,10,0.052929144,2.151605
500,10,0.052790977,2.133296
500,10,0.05277428,2.108881
500,10,0.054456502,2.164057
500,10,0.053073242,2.130976
500,10,0.052805062,2.131342
500,10,0.053051304,2.118037
500,10,0.05295828,2.153864
500,10,0.052901153,2.155756
500,10,0.05276333,2.103877
500,10,0.05306188,2.154413
500,10,0.052936614,2.151362
500,10,0.052754767,2.16601
500,10,0.052717768,2.162409
500,10,0.052887984,2.135248
500,10,0.052793987,2.123835
500,10,0.052957743,2.139704
500,10,0.052739803,2.138056
500,10,0.052697506,2.13122
500,10,0.052891225,2.133967
500,10,0.05279067,2.117243
500,10,0.052807912,2.127924
500,10,0.052740984,2.149714
500,10,0.052662183,2.140986
500,10,0.05293397,2.150385
500,10,0.052863613,2.129206
500,10,0.05291015,2.148676
500,10,0.05272973,2.117731
500,10,0.052976955,2.154231
500,10,0.052950576,2.128901
500,10,0.05305459,2.124201
500,10,0.053978592,2.159479
500,10,0.05288059,2.126398
500,10,0.05283891,2.144587
500,10,0.05273952,2.164973
500,10,0.05283563,2.151666
500,10,0.052920125,2.135005
500,10,0.052983526,2.149164
500,10,0.05275672,2.1253
500,10,0.054494187,2.198603
500,10,0.053025298,2.1206
500,10,0.052711047,2.139032
500,10,0.05283214,2.092524
500,10,0.052887663,2.183283
500,10,0.053200755,2.132868
500,10,0.05268932,2.144099
500,10,0.052811112,2.149225
500,10,0.052630823,2.150263
500,10,0.052907486,2.157771
500,10,0.05273961,2.13537
500,10,0.05455034,2.198847
500,10,0.05288656,2.12646
500,10,0.052803215,2.133844
500,10,0.052995466,2.127741
500,10,0.052949257,2.159297
500,10,0.05271901,2.149347
500,10,0.05271116,2.118769
500,10,0.052955233,2.166559
500,10,0.052991513,2.14239
500,10,0.052729655,2.162958
500,10,0.05295779,2.14831
500,10,0.053015627,2.138667
500,10,0.05409386,2.190729
500,10,0.05294671,2.113947
500,10,0.052897807,2.13177
500,10,0.0530266,2.137323
500,10,0.05282153,2.13769
500,10,0.052804425,2.155085
500,10,0.052698366,2.139887
500,10,0.053149607,2.142023
500,10,0.052799586,2.136836
500,10,0.05285864,2.151361
500,10,0.05268216,2.145991
500,10,0.05273924,2.113825
500,10,0.052752726,2.170649
500,10,0.052819252,2.12121
500,10,0.052862983,2.139033
500,10,0.05268239,2.138422
500,10,0.053028896,2.156367
500,10,0.052847136,2.148981
500,10,0.052771207,2.137995
500,10,0.052862197,2.116266
500,10,0.052975763,2.167536
500,10,0.052896287,2.134516
500,10,0.052871633,2.117976
500,10,0.052794013,2.147822
500,10,0.05306401,2.143976
500,10,0.05447979,2.18603
500,10,0.052794073,2.132318
500,10,0.0528547,2.12237
500,10,0.05299039,2.168086
500,10,0.052770574,2.118708
500,10,0.05283527,2.182428
500,10,0.052912056,2.113032
500,10,0.053932544,2.186823
500,10,0.05279918,2.109736
500,10,0.052986614,2.142755
500,10,0.05284211,2.168025
500,10,0.05292109,2.111872
500,10,0.052790437,2.14715
500,10,0.05283073,2.143549
500,10,0.053139605,2.151972
500,10,0.053007305,2.180781
500,10,0.052800935,2.115961
500,10,0.052972794,2.153132
500,10,0.05295328,2.140558
500,10,0.05301512,2.185847
500,10,0.052808855,2.142084
500,10,0.052953105,2.119868
500,10,0.05288297,2.161249
500,10,0.052879374,2.118464
500,10,0.052825127,2.141901
500,10,0.05276847,2.151179
500,10,0.052744303,2.139887
500,10,0.053955194,2.173761
500,10,0.05273442,2.145686
500,10,0.052893378,2.130488
500,10,0.05282552,2.182367
500,10,0.05280159,2.164667
500,10,0.05273824,2.131587
500,10,0.05301323,2.182672
500,10,0.05294951,2.117854
500,10,0.053017363,2.169794
500,10,0.05320622,2.14892
500,10,0.053073872,2.13885
500,10,0.052789997,2.152216
500,10,0.053149313,2.193354
500,10,0.05322668,2.164789
500,10,0.05309005,2.172297
500,10,0.05308357,2.149897
500,10,0.053213447,2.159601
500,10,0.0530702,2.164667
500,10,0.053116594,2.194392
500,10,0.053140465,2.160883
500,10,0.053135794,2.178766
500,10,0.053288028,2.15655
500,10,0.054792464,2.194391
500,10,0.053309686,2.163752
500,10,0.053154867,2.143
500,10,0.053446155,2.163813
500,10,0.053229533,2.124994
500,10,0.053692117,2.222224
500,10,0.053334545,2.110407
500,10,0.053414587,2.201776
500,10,0.0535418,2.183222
500,10,0.05339888,2.141902
500,10,0.053201985,2.146784
500,10,0.053161766,2.195856
500,10,0.053352863,2.159235
500,10,0.05327186,2.130488
500,10,0.053277105,2.198297
500,10,0.053162016,2.166621
500,10,0.053233586,2.148249
500,10,0.053462546,2.165399
500,10,0.05318589,2.181452
500,10,0.053194873,2.157649
500,10,0.05332711,2.174127
500,10,0.05323082,2.172053
500,10,0.05325529,2.162531
500,10,0.054176312,2.175837
500,10,0.053012792,2.144953
500,10,0.05303646,2.136774
500,10,0.054569025,2.18957
500,10,0.053157985,2.141901
500,10,0.052797858,2.138605
500,10,0.053030472,2.157404
500,10,0.05286856,2.153803
500,10,0.05295788,2.163508
500,10,0.054461595,2.171625
500,10,0.052824315,2.140437
500,10,0.052848496,2.113031
500,10,0.052948654,2.13946
500,10,0.052743874,2.156245
500,10,0.053149965,2.140009
500,10,0.052851804,2.135676
500,10,0.054253805,2.206659
500,10,0.052795794,2.146174
500,10,0.05664676,2.22204
500,10,0.05295857,2.124384
500,10,0.052845843,2.175593
500,10,0.05287986,2.164606
500,10,0.054490943,2.180842
500,10,0.054178268,2.182794
500,10,0.052861966,2.138178
500,10,0.0545165,2.189448
500,10,0.05286199,2.153742
500,10,0.052934784,2.13946
500,10,0.05302295,2.156916
500,10,0.05287885,2.139948
500,10,0.05280301,2.145685
500,10,0.052862808,2.153986
500,10,0.052732788,2.135798
500,10,0.052813176,2.125483
500,10,0.053025354,2.158869
500,10,0.052929595,2.156245
500,10,0.05280512,2.142877
500,10,0.052833386,2.136286
500,10,0.052894525,2.141108
500,10,0.05279593,2.146357
500,10,0.053152133,2.141169
500,10,0.05306041,2.164789
500,10,0.053932723,2.164179
500,10,0.053034775,2.133357
500,10,0.052830514,2.140802
500,11,0.053926904,2.14947
500,11,0.051752854,2.139338
500,11,0.052054737,2.125177
500,11,0.0516616,2.123042
500,11,0.051796325,2.106196
500,11,0.053370304,2.16192
500,11,0.05207697,2.118891
500,11,0.051620673,2.121333
500,11,0.05207204,2.106623
500,11,0.052219372,2.13769
500,11,0.051793117,2.113764
500,11,0.052375212,2.123408
500,11,0.051827833,2.104486
500,11,0.052015107,2.127803
500,11,0.052032784,2.099604
500,11,0.05167464,2.11944
500,11,0.051876836,2.118464
500,11,0.051916894,2.097529
500,11,0.051807687,2.127619
500,11,0.0520314,2.105158
500,11,0.051803943,2.124872
500,11,0.05198518,2.105464
500,11,0.05188582,2.128107
500,11,0.052106503,2.103449
500,11,0.05188533,2.12115
500,11,0.051523063,2.109979
500,11,0.05174184,2.118586
500,11,0.052400444,2.104609
500,11,0.052008044,2.148249
500,11,0.0521736,2.121088
500,11,0.051841103,2.111628
500,11,0.051827747,2.116816
500,11,0.05163737,2.132441
500,11,0.05223879,2.134272
500,11,0.051718928,2.084894
500,11,0.051834207,2.145991
500,11,0.052298732,2.122431
500,11,0.05183294,2.12768
500,11,0.05169464,2.111567
500,11,0.05182729,2.087153
500,11,0.05199673,2.135371
500,11,0.05149123,2.114069
500,11,0.05344193,2.248224
500,11,0.054059457,2.301752
500,11,0.052084245,2.137567
500,11,0.05160613,2.143428
500,11,0.051721346,2.096308
500,11,0.05215451,2.142328
500,11,0.05185192,2.11059
500,11,0.051983297,2.130671
500,11,0.051909495,2.126093
500,11,0.051652804,2.108638
500,11,0.05181921,2.119806
500,11,0.051920254,2.129939
500,11,0.05182479,2.114984
500,11,0.05384722,2.155879
500,11,0.052120574,2.10998
500,11,0.051811043,2.090937
500,11,0.05200512,2.128778
500,11,0.05177874,2.127253
500,11,0.051877517,2.129084
500,11,0.0521574,2.116938
500,11,0.051952396,2.115839
500,11,0.05186534,2.117121
500,11,0.052029416,2.128596
500,11,0.051599108,2.109003
500,11,0.051704615,2.120112
500,11,0.052103877,2.119624
500,11,0.0538745,2.147211
500,11,0.05198496,2.072321
500,11,0.051714875,2.151728
500,11,0.051419396,2.088191
500,11,0.05218012,2.139093
500,11,0.051879123,2.134089
500,11,0.051935412,2.116816
500,11,0.051665843,2.120417
500,11,0.05171148,2.110041
500,11,0.051684085,2.129572
500,11,0.05163242,2.090388
500,11,0.052032057,2.129328
500,11,0.051951002,2.144831
500,11,0.051964097,2.099238
500,11,0.05205128,2.124811
500,11,0.051804043,2.154536
500,11,0.051562265,2.102411
500,11,0.051636834,2.123774
500,11,0.051821634,2.109187
500,11,0.05170177,2.120722
500,11,0.051850677,2.097223
500,11,0.051730413,2.122675
500,11,0.05169279,2.127131
500,11,0.051959682,2.11584
500,11,0.051815048,2.109308
500,11,0.05182064,2.150874
500,11,0.05176469,2.110224
500,11,0.051833928,2.126581
500,11,0.051717747,2.143671
500,11,0.05174813,2.107173
500,11,0.051812936,2.117914
500,11,0.05167103,2.102717
500,11,0.05227363,2.125483
500,11,0.051888082,2.116511
500,11,0.05180602,2.126276
500,11,0.052093334,2.123957
500,11,0.05151038,2.091425
500,11,0.0520582,2.156306
500,11,0.052941017,2.125482
500,11,0.051929664,2.09704
500,11,0.052052885,2.131953
500,11,0.051888105,2.119257
500,11,0.052034646,2.138728
500,11,0.05175739,2.123407
500,11,0.05196885,2.152338
500,11,0.05180166,2.130366
500,11,0.05197692,2.135798
500,11,0.052174352,2.118403
500,11,0.05196363,2.120783
500,11,0.052022938,2.130671
500,11,0.051725633,2.10943
500,11,0.051714014,2.156977
500,11,0.05189626,2.099543
500,11,0.0522004,2.115839
500,11,0.051968966,2.145442
500,11,0.0518945,2.102289
500,11,0.05164828,2.124629
500,11,0.053082585,2.165399
500,11,0.05155405,2.104365
500,11,0.051974468,2.125666
500,11,0.05195519,2.135554
500,11,0.052081097,2.127985
500,11,0.05162865,2.124933
500,11,0.051814303,2.088862
500,11,0.05181516,2.11822
500,11,0.0517717,2.120112
500,11,0.051500194,2.08703
500,11,0.051564764,2.133723
500,11,0.05158537,2.136774
500,11,0.05190566,2.130244
500,11,0.051715314,2.102473
500,11,0.05325717,2.21795
500,11,0.053965896,2.283075
500,11,0.053947818,2.297175
500,11,0.053612676,2.285638
500,11,0.05376635,2.302912
500,11,0.053957567,2.351678
500,11,0.054151155,2.275019
500,11,0.054442335,2.389032
500,11,0.056734487,2.391351
500,11,0.05316032,2.261286
500,11,0.053787112,2.293878
500,11,0.053508922,2.331965
500,11,0.054238115,2.359918
500,11,0.054385375,2.368402
500,11,0.054101408,2.336786
500,11,0.05572792,2.360224
500,11,0.052152153,2.199579
500,11,0.054403026,2.370538
500,11,0.054756314,2.326105
500,11,0.052196246,2.163996
500,11,0.05168789,2.158747
500,11,0.051856767,2.176935
500,11,0.052054815,2.163325
500,11,0.051640905,2.153986
500,11,0.052083727,2.153803
500,11,0.051704098,2.143549
500,11,0.052102603,2.132807
500,11,0.051827185,2.09405
500,11,0.05197705,2.126704
500,11,0.051850863,2.120966
500,11,0.051634856,2.128535
500,11,0.051918037,2.122553
500,11,0.053581297,2.142755
500,11,0.051990204,2.10998
500,11,0.051771507,2.094783
500,11,0.05179348,2.132685
500,11,0.05189703,2.120294
500,11,0.052200288,2.118525
500,11,0.05187748,2.1253
500,11,0.052039698,2.150935
500,11,0.051725265,2.099848
500,11,0.05155863,2.116327
500,11,0.05348715,2.15478
500,11,0.05197414,2.103266
500,11,0.0522838,2.109797
500,11,0.05161026,2.127497
500,11,0.052085444,2.139032
500,11,0.05182005,2.157832
500,11,0.052017983,2.170282
500,11,0.052113973,2.148554
500,11,0.051974017,2.1477
500,11,0.05198144,2.147211
500,11,0.051769983,2.150446
500,11,0.051817335,2.106074
500,11,0.051836677,2.149104
500,11,0.051861662,2.167047
500,11,0.05149492,2.151972
500,11,0.051379457,2.124507
500,11,0.051817942,2.149896
500,11,0.051952068,2.084651
500,11,0.052031156,2.164667
500,11,0.05175865,2.083796
500,11,0.051786743,2.15777
500,11,0.0518226,2.134577
500,11,0.051920764,2.099604
500,11,0.052063737,2.131526
500,11,0.051892415,2.129023
500,11,0.052047335,2.14184
500,11,0.05186055,2.09527
500,11,0.052015398,2.122859
500,11,0.051663388,2.141596
500,11,0.052179486,2.129999
500,11,0.051887132,2.119807
500,11,0.053639747,2.164179
500,11,0.052171923,2.105097
500,11,0.05185797,2.117609
500,11,0.05186412,2.123713
500,11,0.052010845,2.119563
500,11,0.05198783,2.122248
500,11,0.051871836,2.125788
500,11,0.051747236,2.12652
500,11,0.05134033,2.099299
500,11,0.051933415,2.161921
500,11,0.05176035,2.123407
500,11,0.052141502,2.122798
500,11,0.05166097,2.12945
500,11,0.05200612,2.081842
500,11,0.05165604,2.158381
500,11,0.0515055,2.098628
500,11,0.052486304,2.13244
500,11,0.051758673,2.108821
500,11,0.05163916,2.148127
500,11,0.051565327,2.129205
500,11,0.052017912,2.120906
500,11,0.051883988,2.125422
500,11,0.05178964,2.134088
500,11,0.05203372,2.142451
500,11,0.05196179,2.122492
500,11,0.051725883,2.140253
500,11,0.05185303,2.125727
500,11,0.05184478,2.14007
500,11,0.051804744,2.126032
500,11,0.051808763,2.130976
500,11,0.051852904,2.11822
500,11,0.05191893,2.11822
500,11,0.052011058,2.137018
500,11,0.05191176,2.124751
500,11,0.051737953,2.145563
500,11,0.05170687,2.115046
500,11,0.05175996,2.131342
500,11,0.051971577,2.13708
500,12,0.053934213,2.164667
500,12,0.050792698,2.130365
500,12,0.050944977,2.122615
500,12,0.050834406,2.127436
500,12,0.050831,2.09527
500,12,0.050711803,2.103571
500,12,0.051206496,2.124812
500,12,0.05080563,2.101069
500,12,0.05081678,2.136164
500,12,0.05094592,2.130793
500,12,0.050905567,2.095819
500,12,0.05055307,2.112544
500,12,0.050670408,2.11883
500,12,0.050574005,2.096491
500,12,0.050897054,2.111811
500,12,0.050786864,2.114497
500,12,0.05115099,2.113642
500,12,0.051032376,2.114618
500,12,0.05077968,2.112544
500,12,0.050906908,2.12414
500,12,0.05092704,2.11474
500,12,0.0510162,2.11761
500,12,0.050799057,2.111506
500,12,0.050705653,2.115595
500,12,0.050795145,2.081598
500,12,0.050919667,2.147395
500,12,0.050771385,2.115839
500,12,0.05073929,2.090388
500,12,0.05103548,2.112909
500,12,0.05045525,2.116572
500,12,0.05080101,2.08343
500,12,0.050668176,2.111017
500,12,0.050426975,2.127192
500,12,0.050872393,2.118464
500,12,0.05084932,2.114436
500,12,0.05068449,2.0805
500,12,0.05107647,2.12414
500,12,0.050728433,2.109736
500,12,0.05094178,2.118646
500,12,0.05053191,2.072322
500,12,0.05071242,2.170038
500,12,0.05076375,2.094477
500,12,0.05068612,2.073176
500,12,0.050703984,2.169489
500,12,0.05069159,2.094966
500,12,0.050756168,2.111261
500,12,0.050576385,2.118525
500,12,0.0506959,2.080805
500,12,0.050671738,2.145869
500,12,0.05069854,2.120295
500,12,0.050935417,2.107111
500,12,0.050795566,2.110529
500,12,0.05130433,2.123103
500,12,0.050725408,2.105097
500,12,0.050781697,2.119074
500,12,0.050626226,2.101679
500,12,0.050744504,2.118952
500,12,0.050991364,2.115229
500,12,0.050865497,2.12353
500,12,0.050918296,2.109431
500,12,0.050861944,2.119257
500,12,0.050939538,2.10113
500,12,0.05074991,2.083002
500,12,0.05104155,2.124751
500,12,0.05080544,2.114435
500,12,0.050883435,2.121638
500,12,0.050842736,2.118219
500,12,0.05074863,2.120906
500,12,0.05083176,2.10766
500,12,0.050802153,2.090022
500,12,0.05080292,2.116205
500,12,0.05084016,2.106318
500,12,0.0510531,2.120112
500,12,0.050772905,2.121638
500,12,0.050878204,2.122553
500,12,0.050933167,2.104548
500,12,0.0507496,2.131647
500,12,0.051062938,2.113215
500,12,0.050788037,2.105341
500,12,0.050777316,2.119135
500,12,0.050895788,2.121455
500,12,0.050660778,2.085383
500,12,0.050846677,2.107904
500,12,0.050933328,2.122859
500,12,0.051092908,2.116694
500,12,0.050774314,2.114984
500,12,0.050867427,2.128108
500,12,0.050925955,2.11352
500,12,0.050811723,2.072382
500,12,0.050742347,2.159785
500,12,0.05067613,2.085199
500,12,0.050681386,2.137202
500,12,0.050861917,2.117548
500,12,0.050839186,2.12237
500,12,0.050832592,2.116938
500,12,0.050759718,2.116755
500,12,0.050770376,2.110407
500,12,0.050769582,2.10174
500,12,0.050836664,2.122187
500,12,0.05069875,2.119075
500,12,0.050918385,2.0888
500,12,0.050771073,2.146418
500,12,0.050901264,2.116816
500,12,0.050870758,2.088618
500,12,0.05067607,2.153009
500,12,0.050791673,2.115168
500,12,0.050849892,2.114314
500,12,0.050981,2.123041
500,12,0.050861288,2.114558
500,12,0.050627172,2.087763
500,12,0.050794553,2.134516
500,12,0.050944842,2.121393
500,12,0.05041457,2.108455
500,12,0.050728105,2.094721
500,12,0.05083783,2.14068
500,12,0.05084672,2.101191
500,12,0.05118538,2.123347
500,12,0.050896306,2.131647
500,12,0.050717257,2.104182
500,12,0.050520528,2.127436
500,12,0.050709747,2.096125
500,12,0.050807077,2.108637
500,12,0.050561104,2.122004
500,12,0.050869636,2.11706
500,12,0.051039346,2.105219
500,12,0.050661832,2.079462
500,12,0.050839625,2.131099
500,12,0.05075393,2.129938
500,12,0.05084736,2.12121
500,12,0.050506383,2.087703
500,12,0.05082952,2.11706
500,12,0.050801,2.14892
500,12,0.05076321,2.135798
500,12,0.050688263,2.108759
500,12,0.050682943,2.119562
500,12,0.050824504,2.088557
500,12,0.05074722,2.119562
500,12,0.050701328,2.121211
500,12,0.05073588,2.125361
500,12,0.051057097,2.107599
500,12,0.05077344,2.136774
500,12,0.050637167,2.094416
500,12,0.051415145,2.148921
500,12,0.052087717,2.128229
500,12,0.050820615,2.161555
500,12,0.05094222,2.115717
500,12,0.05083623,2.104853
500,12,0.05073104,2.116205
500,12,0.05071623,2.122737
500,12,0.05062033,2.116755
500,12,0.051497884,2.128778
500,12,0.0506788,2.125605
500,12,0.050708774,2.116816
500,12,0.050768353,2.083735
500,12,0.050873857,2.134333
500,12,0.050907593,2.119501
500,12,0.05071452,2.122981
500,12,0.05078409,2.122309
500,12,0.050528985,2.118158
500,12,0.050870944,2.114924
500,12,0.051204953,2.136347
500,12,0.05073843,2.115595
500,12,0.050969698,2.085139
500,12,0.05081604,2.140009
500,12,0.050641578,2.108454
500,12,0.050992113,2.111445
500,12,0.050606765,2.11645
500,12,0.051053263,2.117609
500,12,0.050793637,2.119135
500,12,0.050820038,2.113093
500,12,0.050830495,2.122248
500,12,0.0507871,2.118342
500,12,0.050685786,2.082331
500,12,0.05173028,2.188288
500,12,0.05094773,2.150141
500,12,0.051183376,2.139704
500,12,0.0508449,2.132196
500,12,0.05092455,2.163447
500,12,0.050691735,2.115961
500,12,0.050920054,2.144892
500,12,0.050696727,2.093318
500,12,0.050725136,2.132135
500,12,0.05080333,2.124568
500,12,0.05074416,2.108515
500,12,0.050752357,2.146357
500,12,0.05087,2.100885
500,12,0.05085488,2.10821
500,12,0.051003143,2.113642
500,12,0.05075512,2.128291
500,12,0.050782114,2.112177
500,12,0.050751075,2.085383
500,12,0.05098704,2.136408
500,12,0.05084677,2.137995
500,12,0.05066892,2.07989
500,12,0.05061844,2.134699
500,12,0.050872345,2.12829
500,12,0.05074922,2.139826
500,12,0.05102778,2.102473
500,12,0.050752796,2.145014
500,12,0.050888065,2.126032
500,12,0.050904702,2.105097
500,12,0.050745346,2.105586
500,12,0.050679237,2.113031
500,12,0.050748184,2.120784
500,12,0.050747648,2.091669
500,12,0.050779175,2.093806
500,12,0.05070924,2.119562
500,12,0.050626323,2.13592
500,12,0.05093537,2.109675
500,12,0.05090592,2.118098
500,12,0.050842423,2.143183
500,12,0.05096533,2.121881
500,12,0.050570995,2.117366
500,12,0.050949022,2.123041
500,12,0.050744247,2.099116
500,12,0.05103618,2.133234
500,12,0.050797343,2.140498
500,12,0.050789945,2.118402
500,12,0.050672725,2.117182
500,12,0.0507778,2.11175
500,12,0.050678156,2.118891
500,12,0.050929744,2.10113
500,12,0.050722256,2.113215
500,12,0.050923824,2.122126
500,12,0.050980497,2.116022
500,12,0.051039353,2.133845
500,12,0.050726343,2.115168
500,12,0.051076047,2.113886
500,12,0.051232774,2.119441
500,12,0.051090684,2.113947
500,12,0.050819695,2.148066
500,12,0.050867178,2.092768
500,12,0.050838787,2.139154
500,12,0.051093776,2.115351
500,12,0.05066679,2.117182
500,12,0.05086805,2.132746
500,12,0.05086939,2.115351
500,12,0.050723646,2.091487
500,12,0.050730754,2.127253
500,12,0.050671913,2.122919
500,12,0.050877813,2.09344
500,12,0.05078789,2.148798
500,12,0.050978087,2.116694
500,12,0.050787736,2.099665
500,12,0.05071981,2.129083
500,12,0.05132586,2.137263
500,12,0.050738752,2.0982
500,12,0.050911337,2.135371
500,12,0.05070549,2.110346
500,12,0.050757863,2.136103
500,13,0.050170287,2.062129
500,13,0.04923481,2.123407
500,13,0.049525775,2.083491
500,13,0.04948429,2.069819
500,13,0.049472064,2.095454
500,13,0.04932597,2.112421
500,13,0.050343573,2.12237
500,13,0.049324185,2.057368
500,13,0.04928525,2.111689
500,13,0.04959428,2.083063
500,13,0.04927877,2.092402
500,13,0.049445678,2.077082
500,13,0.049379256,2.101923
500,13,0.049380638,2.073481
500,13,0.049668398,2.079707
500,13,0.050689694,2.131892
500,13,0.04949224,2.078485
500,13,0.049325205,2.102412
500,13,0.049433067,2.082514
500,13,0.049461015,2.097956
500,13,0.049272295,2.092952
500,13,0.04963892,2.05871
500,13,0.04930085,2.116145
500,13,0.04958242,2.063288
500,13,0.049277537,2.1029
500,13,0.04961466,2.107782
500,13,0.04926573,2.067622
500,13,0.04937779,2.069025
500,13,0.049323305,2.103999
500,13,0.049351137,2.080439
500,13,0.04925838,2.100947
500,13,0.049256314,2.078486
500,13,0.049267672,2.089594
500,13,0.05028442,2.088007
500,13,0.049210984,2.102229
500,13,0.049464688,2.076716
500,13,0.04929807,2.06933
500,13,0.049381945,2.109431
500,13,0.04946241,2.097407
500,13,0.049362548,2.080927
500,13,0.049654175,2.08996
500,13,0.04958661,2.0805
500,13,0.04957132,2.118159
500,13,0.049551513,2.077326
500,13,0.04933193,2.088984
500,13,0.049353104,2.09289
500,13,0.049254294,2.076899
500,13,0.049328044,2.075251
500,13,0.049348433,2.109675
500,13,0.049315944,2.085322
500,13,0.049529277,2.076899
500,13,0.049592417,2.097407
500,13,0.049342655,2.080683
500,13,0.0493506,2.103876
500,13,0.0495459,2.071833
500,13,0.04943226,2.059016
500,13,0.049438164,2.122675
500,13,0.04998431,2.099177
500,13,0.04993712,2.112604
500,13,0.05004046,2.056331
500,13,0.049981836,2.162286
500,13,0.050000142,2.092891
500,13,0.049945816,2.08404
500,13,0.05014472,2.087397
500,13,0.04998387,2.104609
500,13,0.050317075,2.114192
500,13,0.0501168,2.135187
500,13,0.049958143,2.125361
500,13,0.050230157,2.130976
500,13,0.05007458,2.06933
500,13,0.049979474,2.116084
500,13,0.049880344,2.153864
500,13,0.050000113,2.112543
500,13,0.050059315,2.113581
500,13,0.049902607,2.116877
500,13,0.049924526,2.113032
500,13,0.04993069,2.110773
500,13,0.050029106,2.090693
500,13,0.04987771,2.14007
500,13,0.049938574,2.071467
500,13,0.049979303,2.149958
500,13,0.050329655,2.113642
500,13,0.04977392,2.123408
500,13,0.04984243,2.099055
500,13,0.04992964,2.116266
500,13,0.049855825,2.106074
500,13,0.04997875,2.117792
500,13,0.049982954,2.114619
500,13,0.049942818,2.113215
500,13,0.049859297,2.072199
500,13,0.04997036,2.148737
500,13,0.04988382,2.110041
500,13,0.049326334,2.073969
500,13,0.049310032,2.094783
500,13,0.04946578,2.0982
500,13,0.049273025,2.088923
500,13,0.050699715,2.172296
500,13,0.051254477,2.301386
500,13,0.052074596,2.301325
500,13,0.049421187,2.106135
500,13,0.049339127,2.084528
500,13,0.04956892,2.068659
500,13,0.04939726,2.112483
500,13,0.049605325,2.068293
500,13,0.04952357,2.062922
500,13,0.04934108,2.105097
500,13,0.049250294,2.078669
500,13,0.04930678,2.078914
500,13,0.049329583,2.107782
500,13,0.049512234,2.089717
500,13,0.049487907,2.072016
500,13,0.049201675,2.101435
500,13,0.04976152,2.078364
500,13,0.049350128,2.085321
500,13,0.04945367,2.113765
500,13,0.049293566,2.072077
500,13,0.04935533,2.108027
500,13,0.049259193,2.085138
500,13,0.049443092,2.097956
500,13,0.04926337,2.080195
500,13,0.04931684,2.08697
500,13,0.049300328,2.062006
500,13,0.04925673,2.110652
500,13,0.04924216,2.081232
500,13,0.049460396,2.071711
500,13,0.049274728,2.07873
500,13,0.049286354,2.098811
500,13,0.04924674,2.10412
500,13,0.04928729,2.0852
500,13,0.05057252,2.176386
500,13,0.050631884,2.234186
500,13,0.05018604,2.159113
500,13,0.049258735,2.079219
500,13,0.049287602,2.109797
500,13,0.049382277,2.077387
500,13,0.04957511,2.090327
500,13,0.049397845,2.09942
500,13,0.049586944,2.074519
500,13,0.04940864,2.102839
500,13,0.04930344,2.074396
500,13,0.049561124,2.106074
500,13,0.049528603,2.077204
500,13,0.049323972,2.11706
500,13,0.049333032,2.080867
500,13,0.049412377,2.084101
500,13,0.04930297,2.088556
500,13,0.04956321,2.067012
500,13,0.049294434,2.098078
500,13,0.0493596,2.075434
500,13,0.04957011,2.070246
500,13,0.049320813,2.109553
500,13,0.049476057,2.107905
500,13,0.049417254,2.100824
500,13,0.049300063,2.079097
500,13,0.04924366,2.07818
500,13,0.04926154,2.070491
500,13,0.049295556,2.10882
500,13,0.049344297,2.08581
500,13,0.049278904,2.060297
500,13,0.0493772,2.114558
500,13,0.049216144,2.074946
500,13,0.04948417,2.096369
500,13,0.049388885,2.084711
500,13,0.04952245,2.069209
500,13,0.049317207,2.104731
500,13,0.049592298,2.076655
500,13,0.04946127,2.107416
500,13,0.049266484,2.07989
500,13,0.049449407,2.086481
500,13,0.04963861,2.106196
500,13,0.049368408,2.092463
500,13,0.049397673,2.081477
500,13,0.049590543,2.104731
500,13,0.049332578,2.076349
500,13,0.049330503,2.091975
500,13,0.04944273,2.094233
500,13,0.049584445,2.069941
500,13,0.049502455,2.115656
500,13,0.04969852,2.090388
500,13,0.04922497,2.0805
500,13,0.049469415,2.103388
500,13,0.049537957,2.073847
500,13,0.049451303,2.107783
500,13,0.049264334,2.081477
500,13,0.049350932,2.076105
500,13,0.04965869,2.097468
500,13,0.049347892,2.104487
500,13,0.049434952,2.075922
500,13,0.04938597,2.109858
500,13,0.04935505,2.083369
500,13,0.050296757,2.105524
500,13,0.049415424,2.106867
500,13,0.049276847,2.076533
500,13,0.04933988,2.105036
500,13,0.049369503,2.070551
500,13,0.049338426,2.102595
500,13,0.049733642,2.083918
500,13,0.04947922,2.098078
500,13,0.049344152,2.073908
500,13,0.04930985,2.103328
500,13,0.049293283,2.083612
500,13,0.04925321,2.085627
500,13,0.049374033,2.0946
500,13,0.04924802,2.078546
500,13,0.049342033,2.08105
500,13,0.049347896,2.095637
500,13,0.049378254,2.087091
500,13,0.049267232,2.081172
500,13,0.04929599,2.093134
500,13,0.049275413,2.089961
500,13,0.049373724,2.078302
500,13,0.049290244,2.093318
500,13,0.049352385,2.07818
500,13,0.049432024,2.101741
500,13,0.049331315,2.07757
500,13,0.04924419,2.090022
500,13,0.04946581,2.058771
500,13,0.04938364,2.119318
500,13,0.049487088,2.074519
500,13,0.049534768,2.09875
500,13,0.049517404,2.08172
500,13,0.049422856,2.096431
500,13,0.049259715,2.103632
500,13,0.049351912,2.080744
500,13,0.049320232,2.094538
500,13,0.04941327,2.078059
500,13,0.049489602,2.083613
500,13,0.049315035,2.0982
500,13,0.049447972,2.083796
500,13,0.04954332,2.095148
500,13,0.049445543,2.08105
500,13,0.04950414,2.101679
500,13,0.04946769,2.085688
500,13,0.04929335,2.105768
500,13,0.04971118,2.079707
500,13,0.049445428,2.101008
500,13,0.04935123,2.071222
500,13,0.049468536,2.106257
500,13,0.04948027,2.083796
500,13,0.049460243,2.097346
500,13,0.04943322,2.072504
500,13,0.049385928,2.133357
500,13,0.049437083,2.083063
500,13,0.04934631,2.102961
500,13,0.049493868,2.106623
500,13,0.04934218,2.093501
500,13,0.049328703,2.055353
500,13,0.04934126,2.112849
500,13,0.049405023,2.070856
500,13,0.04929862,2.112055
500,14,0.050290164,2.120478
500,14,0.048732515,2.066462
500,14,0.048321612,2.106684
500,14,0.048418496,2.107782
500,14,0.047934,2.049068
500,14,0.047909424,2.059198
500,14,0.047889873,2.077021
500,14,0.047877055,2.085261
500,14,0.04794748,2.072077
500,14,0.04792894,2.060664
500,14,0.04798428,2.084956
500,14,0.04796139,2.058954
500,14,0.047956977,2.072627
500,14,0.04801497,2.080439
500,14,0.04793664,2.05871
500,14,0.047846768,2.084773
500,14,0.047937658,2.074641
500,14,0.04794139,2.072565
500,14,0.047881965,2.062373
500,14,0.04804404,2.031061
500,14,0.047935825,2.112361
500,14,0.047936346,2.072748
500,14,0.04805133,2.073054
500,14,0.048034903,2.08404
500,14,0.047976796,2.066523
500,14,0.047970273,2.087947
500,14,0.04799897,2.063105
500,14,0.047879934,2.077448
500,14,0.047884617,2.072565
500,14,0.047897685,2.02093
500,14,0.048009668,2.08813
500,14,0.047906272,2.094477
500,14,0.047960375,2.039118
500,14,0.048631508,2.088252
500,14,0.04924852,2.116693
500,14,0.04859425,2.066523
500,14,0.04806803,2.055598
500,14,0.047899593,2.105891
500,14,0.047940135,2.050471
500,14,0.048120156,2.100763
500,14,0.04791542,2.068599
500,14,0.047977924,2.043879
500,14,0.04798227,2.095941
500,14,0.0480395,2.067012
500,14,0.048125748,2.04986
500,14,0.047958557,2.093928
500,14,0.04797516,2.076044
500,14,0.047955513,2.07043
500,14,0.047854237,2.033747
500,14,0.04788884,2.109003
500,14,0.047963735,2.053645
500,14,0.047943544,2.077021
500,14,0.047937173,2.056757
500,14,0.04795914,2.077632
500,14,0.04796447,2.068232
500,14,0.048012916,2.073969
500,14,0.047952812,2.075801
500,14,0.04804637,2.073725
500,14,0.047954835,2.069574
500,14,0.048257984,2.074641
500,14,0.04785117,2.101679
500,14,0.048070833,2.032832
500,14,0.04789313,2.106867
500,14,0.047914837,2.03741
500,14,0.047912806,2.076227
500,14,0.048090927,2.093379
500,14,0.04803239,2.070429
500,14,0.04798019,2.055415
500,14,0.048460014,2.105951
500,14,0.04802969,2.069209
500,14,0.04810761,2.071467
500,14,0.048140146,2.074457
500,14,0.048057497,2.105158
500,14,0.047983173,2.07281
500,14,0.047903873,2.073298
500,14,0.047989916,2.040278
500,14,0.048005756,2.074152
500,14,0.04788488,2.083613
500,14,0.047940142,2.0581
500,14,0.04784506,2.08697
500,14,0.047922377,2.062495
500,14,0.04802896,2.082697
500,14,0.04787175,2.064692
500,14,0.04783735,2.085322
500,14,0.0479294,2.060358
500,14,0.04797308,2.076655
500,14,0.047980767,2.077937
500,14,0.047923684,2.070124
500,14,0.04793458,2.050471
500,14,0.0479792,2.100153
500,14,0.047962733,2.075434
500,14,0.047995582,2.073359
500,14,0.04793992,2.070796
500,14,0.047959726,2.036249
500,14,0.0480657,2.084285
500,14,0.04801376,2.100397
500,14,0.048053473,2.07165
500,14,0.047926404,2.076289
500,14,0.047866102,2.032099
500,14,0.04787038,2.114741
500,14,0.047982655,2.070856
500,14,0.04799596,2.078303
500,14,0.048767768,2.081843
500,14,0.047966383,2.057856
500,14,0.047939777,2.060541
500,14,0.04790563,2.075679
500,14,0.047953032,2.074335
500,14,0.047969576,2.07281
500,14,0.0479751,2.070734
500,14,0.047994968,2.067256
500,14,0.047883537,2.076532
500,14,0.04798769,2.087092
500,14,0.04790745,2.064448
500,14,0.047915183,2.071467
500,14,0.047890168,2.082514
500,14,0.04787123,2.073115
500,14,0.047899716,2.06573
500,14,0.047909178,2.075739
500,14,0.0478995,2.073298
500,14,0.047870647,2.045954
500,14,0.047949407,2.104548
500,14,0.047936793,2.034418
500,14,0.04793788,2.07342
500,14,0.047868617,2.094172
500,14,0.047883585,2.061579
500,14,0.04791628,2.08575
500,14,0.04787157,2.071405
500,14,0.048055567,2.06335
500,14,0.047889777,2.072138
500,14,0.048135363,2.071711
500,14,0.047922146,2.063105
500,14,0.04815659,2.083002
500,14,0.048185658,2.083613
500,14,0.048018184,2.070918
500,14,0.047899317,2.100275
500,14,0.048040967,2.046565
500,14,0.048482433,2.121149
500,14,0.048846204,2.116267
500,14,0.047897432,2.098993
500,14,0.047983415,2.074092
500,14,0.04789867,2.073176
500,14,0.048026912,2.069757
500,14,0.047887504,2.049373
500,14,0.047974173,2.096613
500,14,0.047907706,2.072748
500,14,0.04793803,2.034846
500,14,0.048056535,2.113398
500,14,0.04809125,2.072322
500,14,0.048073005,2.080988
500,14,0.04839606,2.088923
500,14,0.047926202,2.062311
500,14,0.048015233,2.077876
500,14,0.0479406,2.079584
500,14,0.048063457,2.061519
500,14,0.0479567,2.073053
500,14,0.048681147,2.127253
500,14,0.048587974,2.058711
500,14,0.04801655,2.110651
500,14,0.04824056,2.072077
500,14,0.04857141,2.078975
500,14,0.048345264,2.085504
500,14,0.0479762,2.081538
500,14,0.047953855,2.061823
500,14,0.04805176,2.069514
500,14,0.04787166,2.07104
500,14,0.04793453,2.080927
500,14,0.04791568,2.062617
500,14,0.04810001,2.086298
500,14,0.047936175,2.060237
500,14,0.048065603,2.070673
500,14,0.04786161,2.08874
500,14,0.047937352,2.061274
500,14,0.048071463,2.073725
500,14,0.04796975,2.076838
500,14,0.04796754,2.075312
500,14,0.047918532,2.081049
500,14,0.047975086,2.065669
500,14,0.048060764,2.07165
500,14,0.047901306,2.070246
500,14,0.047995605,2.082819
500,14,0.04795922,2.065364
500,14,0.047967497,2.077021
500,14,0.047990073,2.07458
500,14,0.047900327,2.071527
500,14,0.047954388,2.046321
500,14,0.047992826,2.09936
500,14,0.04792562,2.036005
500,14,0.047896568,2.074336
500,14,0.047877677,2.111567
500,14,0.04799167,2.077814
500,14,0.047898628,2.027034
500,14,0.047970697,2.080805
500,14,0.04793244,2.100824
500,14,0.047926314,2.037044
500,14,0.047880553,2.075983
500,14,0.047925256,2.076777
500,14,0.048000354,2.070979
500,14,0.047953393,2.0711
500,14,0.04794341,2.070307
500,14,0.04786709,2.086116
500,14,0.048415206,2.092096
500,14,0.048074257,2.048152
500,14,0.047923815,2.091303
500,14,0.047981255,2.077509
500,14,0.047885485,2.039302
500,14,0.047852177,2.088373
500,14,0.047839552,2.071711
500,14,0.047919083,2.073054
500,14,0.047956947,2.075739
500,14,0.048020203,2.063167
500,14,0.047981203,2.070185
500,14,0.048393775,2.107416
500,14,0.04812971,2.031855
500,14,0.048081946,2.107722
500,14,0.04798864,2.071589
500,14,0.047938768,2.070856
500,14,0.047934245,2.03271
500,14,0.04789867,2.110468
500,14,0.047902863,2.071955
500,14,0.048007622,2.041072
500,14,0.04811705,2.072382
500,14,0.048014008,2.072261
500,14,0.047977135,2.084467
500,14,0.04797378,2.107477
500,14,0.048000187,2.06042
500,14,0.047997937,2.071223
500,14,0.047918133,2.03454
500,14,0.047951024,2.116206
500,14,0.047986507,2.070917
500,14,0.048095632,2.070796
500,14,0.04788268,2.074274
500,14,0.047901176,2.082881
500,14,0.048006177,2.06579
500,14,0.0478778,2.074641
500,14,0.048225623,2.047541
500,14,0.048215136,2.105769
500,14,0.047971047,2.064203
500,14,0.0480102,2.073298
500,14,0.048106443,2.075374
500,14,0.04799682,2.068476
500,14,0.04796569,2.078791
500,14,0.047902517,2.082453
500,14,0.048131477,2.063776
500,14,0.048177376,2.067988
500,14,0.047954213,2.110957
500,14,0.047934856,2.035029
500,14,0.047968384,2.072382
500,14,0.048014004,2.086543
500,14,0.04842373,2.10058
500,14,0.047990073,2.068659
500,15,0.049143467,2.088374
500,15,0.04687802,2.059748
500,15,0.047239497,2.067622
500,15,0.047025193,2.076837
500,15,0.04703824,2.053096
500,15,0.04692056,2.078669
500,15,0.046928097,2.06164
500,15,0.046935104,2.040644
500,15,0.047437117,2.052668
500,15,0.04713797,2.112544
500,15,0.047205523,2.035029
500,15,0.047012143,2.078486
500,15,0.047247883,2.085749
500,15,0.04695096,2.050593
500,15,0.047009107,2.053034
500,15,0.046948895,2.063532
500,15,0.047280304,2.046748
500,15,0.04686452,2.092035
500,15,0.047086626,2.014278
500,15,0.047007807,2.058954
500,15,0.04698156,2.108637
500,15,0.046939116,2.049006
500,15,0.047044683,2.072871
500,15,0.04716786,2.068965
500,15,0.04703995,2.0534
500,15,0.047161274,2.055354
500,15,0.047071207,2.077997
500,15,0.046994276,2.032893
500,15,0.047035333,2.086726
500,15,0.046965532,2.01153
500,15,0.04702428,2.036067
500,15,0.047196783,2.053583
500,15,0.046976145,2.045711
500,15,0.047015097,2.002864
500,15,0.04717705,2.101923
500,15,0.047141694,2.050715
500,15,0.046958037,2.050471
500,15,0.04687847,2.073481
500,15,0.046935745,2.043269
500,15,0.046902593,2.077387
500,15,0.046929255,2.068232
500,15,0.046918407,2.058344
500,15,0.047348365,2.05102
500,15,0.046921376,2.095881
500,15,0.04693518,2.024775
500,15,0.046961747,2.062739
500,15,0.04702778,2.094477
500,15,0.04737463,2.068476
500,15,0.046980456,2.036006
500,15,0.04700362,2.095392
500,15,0.046987686,2.022151
500,15,0.046985216,2.042841
500,15,0.046999812,2.111506
500,15,0.047033068,2.019526
500,15,0.047049727,2.100825
500,15,0.046970535,2.063593
500,15,0.046930395,2.047847
500,15,0.04691867,2.065668
500,15,0.046937104,2.014094
500,15,0.047870785,2.125178
500,15,0.046942096,2.054133
500,15,0.04702488,2.062311
500,15,0.047016315,2.057246
500,15,0.04703711,2.071162
500,15,0.04695421,2.04278
500,15,0.047087424,2.060664
500,15,0.047072187,2.070734
500,15,0.047043767,2.050471
500,15,0.04720329,2.079768
500,15,0.04705715,2.071894
500,15,0.046932884,2.05517
500,15,0.046955552,2.042171
500,15,0.047125656,2.086359
500,15,0.04695762,2.036494
500,15,0.04697881,2.053705
500,15,0.047238763,2.078547
500,15,0.04703429,2.04333
500,15,0.046963006,2.070551
500,15,0.046938486,2.042109
500,15,0.046927094,2.061518
500,15,0.046959445,2.049983
500,15,0.046993133,2.061701
500,15,0.046907537,2.057185
500,15,0.0471625,2.069147
500,15,0.04690163,2.045283
500,15,0.04699216,2.07342
500,15,0.046986327,2.088679
500,15,0.047112543,2.058344
500,15,0.04694531,2.054255
500,15,0.0469985,2.064753
500,15,0.04691726,2.009211
500,15,0.047088273,2.058467
500,15,0.046895627,2.104792
500,15,0.046969254,2.054926
500,15,0.047165897,2.065546
500,15,0.046933863,2.064936
500,15,0.046939712,2.059566
500,15,0.04698448,2.047602
500,15,0.046900816,2.063227
500,15,0.046896324,2.059321
500,15,0.046997886,2.072687
500,15,0.04692518,2.047541
500,15,0.0469242,2.06689
500,15,0.046930954,2.062433
500,15,0.047099113,2.028316
500,15,0.046959553,2.096674
500,15,0.04693624,2.058832
500,15,0.04693746,2.061458
500,15,0.046905737,2.024225
500,15,0.047029678,2.087275
500,15,0.04694976,2.066218
500,15,0.046977554,2.050837
500,15,0.046955094,2.081355
500,15,0.046909507,2.0628
500,15,0.046920057,2.052301
500,15,0.04722908,2.070491
500,15,0.047059644,2.070612
500,15,0.047055986,2.060176
500,15,0.046963625,2.056208
500,15,0.046941884,2.049006
500,15,0.047070432,2.049189
500,15,0.046999607,2.09466
500,15,0.04701679,2.053461
500,15,0.047049858,2.062556
500,15,0.047000095,2.069331
500,15,0.047174357,2.050165
500,15,0.047038227,2.067988
500,15,0.046939842,2.062068
500,15,0.046873055,2.018427
500,15,0.046881743,2.106684
500,15,0.047117654,2.036189
500,15,0.046964645,2.090937
500,15,0.04697996,2.067866
500,15,0.046938986,2.009089
500,15,0.047015417,2.112055
500,15,0.046963375,2.012385
500,15,0.047991477,2.125361
500,15,0.046959586,2.069025
500,15,0.047354802,2.062129
500,15,0.047182698,2.075556
500,15,0.046957955,2.06042
500,15,0.04743226,2.056208
500,15,0.046980735,2.050165
500,15,0.04704694,2.082392
500,15,0.046924096,2.052974
500,15,0.046960976,2.053339
500,15,0.046920046,2.05749
500,15,0.04728549,2.07635
500,15,0.04694533,2.081232
500,15,0.046973336,2.063654
500,15,0.04692315,2.028926
500,15,0.046984747,2.100947
500,15,0.046978816,2.062861
500,15,0.04699839,2.056452
500,15,0.047207743,2.060542
500,15,0.046968862,2.069696
500,15,0.04695526,2.065547
500,15,0.047090486,2.064875
500,15,0.047146138,2.079218
500,15,0.047145262,2.01501
500,15,0.046893645,2.109064
500,15,0.046949353,2.062129
500,15,0.046936143,2.061701
500,15,0.0469808,2.064143
500,15,0.04696132,2.056818
500,15,0.046925217,2.013056
500,15,0.04696681,2.061702
500,15,0.0470323,2.108576
500,15,0.04689132,2.066218
500,15,0.046973057,2.014277
500,15,0.04702414,2.064081
500,15,0.046982165,2.075862
500,15,0.04692893,2.097162
500,15,0.04692696,2.057612
500,15,0.047146864,2.067927
500,15,0.04724938,2.054072
500,15,0.0468571,2.068964
500,15,0.048078846,2.075435
500,15,0.047072735,2.048578
500,15,0.04745176,2.059565
500,15,0.046994977,2.106135
500,15,0.046964984,2.05511
500,15,0.04732719,2.064264
500,15,0.04749272,2.085871
500,15,0.047108304,2.059627
500,15,0.046948794,2.054071
500,15,0.046987105,2.082759
500,15,0.04692871,2.038447
500,15,0.04715505,2.062189
500,15,0.047041234,2.096491
500,15,0.047145814,2.035823
500,15,0.0470889,2.082514
500,15,0.04690461,2.061213
500,15,0.046938363,2.072505
500,15,0.04702147,2.069574
500,15,0.046999324,2.048884
500,15,0.046880484,2.057368
500,15,0.04692217,2.062434
500,15,0.046847865,2.022578
500,15,0.047003295,2.108576
500,15,0.046942566,2.029597
500,15,0.047094207,2.058344
500,15,0.046869017,2.059016
500,15,0.046938885,2.065546
500,15,0.046972606,2.075007
500,15,0.046916302,2.068903
500,15,0.04693709,2.089839
500,15,0.046978474,2.065546
500,15,0.04701114,2.058833
500,15,0.047055773,2.037104
500,15,0.047367465,2.095271
500,15,0.046897687,2.064936
500,15,0.046811286,2.059259
500,15,0.046945862,2.066707
500,15,0.04693448,2.076532
500,15,0.047063775,2.05981
500,15,0.04720319,2.057123
500,15,0.04690785,2.046931
500,15,0.046943255,2.065669
500,15,0.047009908,2.062922
500,15,0.046975043,2.052607
500,15,0.047123432,2.106317
500,15,0.04703148,2.01385
500,15,0.046909593,2.113215
500,15,0.047018982,2.063105
500,15,0.046954855,2.010005
500,15,0.04712868,2.063105
500,15,0.046895836,2.106867
500,15,0.046949893,2.071406
500,15,0.046894394,2.06341
500,15,0.04697496,2.028864
500,15,0.047025222,2.082698
500,15,0.04696084,2.052851
500,15,0.046961643,2.066035
500,15,0.04702047,2.079279
500,15,0.047060788,2.071101
500,15,0.04731994,2.040766
500,15,0.04735733,2.104243
500,15,0.04779973,2.074823
500,15,0.04739695,2.084346
500,15,0.049552172,2.129816
500,15,0.04805797,2.05749
500,15,0.04784885,2.124811
500,15,0.047690976,2.067256
500,15,0.047588143,2.096613
500,15,0.047491487,2.047907
500,15,0.047386285,2.123347
500,15,0.050530463,2.105402
500,15,0.04750092,2.082881
500,15,0.049987316,2.124811
500,16,0.04786872,2.067316
500,16,0.047275353,2.123774
500,16,0.047306094,2.083613
500,16,0.047436863,2.122309
500,16,0.048734665,2.16424
500,16,0.0494385,2.214533
500,16,0.049076732,2.245844
500,16,0.04694494,2.091242
500,16,0.048355557,2.097102
500,16,0.048509076,2.119135
500,16,0.047565732,2.113459
500,16,0.046943188,2.042231
500,16,0.046995074,2.111323
500,16,0.047041375,2.093744
500,16,0.047252253,2.083003
500,16,0.046880934,2.079157
500,16,0.046752997,2.102595
500,16,0.046963084,2.087519
500,16,0.04678016,2.034601
500,16,0.046882994,2.093379
500,16,0.04699956,2.120295
500,16,0.04676175,2.049433
500,16,0.04665273,2.092524
500,16,0.046529215,2.091913
500,16,0.04673652,2.075618
500,16,0.04665414,2.05871
500,16,0.046713337,2.083308
500,16,0.046872772,2.059382
500,16,0.04670083,2.080256
500,16,0.046763968,2.057307
500,16,0.046793424,2.052851
500,16,0.0468135,2.071222
500,16,0.04672201,2.07519
500,16,0.04663883,2.062129
500,16,0.04713264,2.045161
500,16,0.046683036,2.094965
500,16,0.046684302,2.06811
500,16,0.046808515,2.08227
500,16,0.04666373,2.065119
500,16,0.04669807,2.046138
500,16,0.046759818,2.034968
500,16,0.04701067,2.082819
500,16,0.04689104,2.071833
500,16,0.04669397,2.051265
500,16,0.046753593,2.046259
500,16,0.0468155,2.098505
500,16,0.04678413,2.032649
500,16,0.04678999,2.10058
500,16,0.04654768,2.039302
500,16,0.04687712,2.085078
500,16,0.046788152,2.058161
500,16,0.046924673,2.069514
500,16,0.046860095,2.07165
500,16,0.046825353,2.065729
500,16,0.0466161,2.070918
500,16,0.047182187,2.065973
500,16,0.046781015,2.07342
500,16,0.04677736,2.044734
500,16,0.046809297,2.11706
500,16,0.046690337,2.03924
500,16,0.046586193,2.077876
500,16,0.046936728,2.082636
500,16,0.04713182,2.059016
500,16,0.046871997,2.077509
500,16,0.046562534,2.088557
500,16,0.04668754,2.056818
500,16,0.046932857,2.049006
500,16,0.046886314,2.065852
500,16,0.046879772,2.069758
500,16,0.04671704,2.086542
500,16,0.046842854,2.061518
500,16,0.046859033,2.082209
500,16,0.04657168,2.029536
500,16,0.04709621,2.117976
500,16,0.046693575,2.027583
500,16,0.04680368,2.105951
500,16,0.04679101,2.067073
500,16,0.046739165,2.067255
500,16,0.046851195,2.081416
500,16,0.046840124,2.068598
500,16,0.04676371,2.024409
500,16,0.04675367,2.107355
500,16,0.04664348,2.048274
500,16,0.046939448,2.08996
500,16,0.04670535,2.069453
500,16,0.046617128,2.06164
500,16,0.04673619,2.070307
500,16,0.046740215,2.065669
500,16,0.0469286,2.046564
500,16,0.04680683,2.06634
500,16,0.046540592,2.072566
500,16,0.046883933,2.046442
500,16,0.046781085,2.078974
500,16,0.046687312,2.075374
500,16,0.04670154,2.091425
500,16,0.04665463,2.028742
500,16,0.046920512,2.090937
500,16,0.046708703,2.090632
500,16,0.047224328,2.071955
500,16,0.046906393,2.056514
500,16,0.047062468,2.102594
500,16,0.04718696,2.076167
500,16,0.04690501,2.060114
500,16,0.046681777,2.05688
500,16,0.04692989,2.085199
500,16,0.046775695,2.063106
500,16,0.04680273,2.095636
500,16,0.046680406,2.059626
500,16,0.04726421,2.07342
500,16,0.04674282,2.06988
500,16,0.047033016,2.079524
500,16,0.046695724,2.067133
500,16,0.046855703,2.074702
500,16,0.04705738,2.045405
500,16,0.046541568,2.086908
500,16,0.04678209,2.068355
500,16,0.04656897,2.041254
500,16,0.047011983,2.096125
500,16,0.04694043,2.080378
500,16,0.046845775,2.065058
500,16,0.04667647,2.074397
500,16,0.047374666,2.063105
500,16,0.046823867,2.058649
500,16,0.04671106,2.080561
500,16,0.046688218,2.079585
500,16,0.047154613,2.077692
500,16,0.046800066,2.067988
500,16,0.046791486,2.041621
500,16,0.046561357,2.066706
500,16,0.046785623,2.081111
500,16,0.04694089,2.073481
500,16,0.046804514,2.082514
500,16,0.04659371,2.028498
500,16,0.0467183,2.085566
500,16,0.046755686,2.076716
500,16,0.04681348,2.065668
500,16,0.046854008,2.048945
500,16,0.04670768,2.069392
500,16,0.04667432,2.078547
500,16,0.04682558,2.073603
500,16,0.04704379,2.072443
500,16,0.047081962,2.071101
500,16,0.046648014,2.082026
500,16,0.047001455,2.088007
500,16,0.04696739,2.080256
500,16,0.04709692,2.090205
500,16,0.046929296,2.089594
500,16,0.047253348,2.104182
500,16,0.04683501,2.069025
500,16,0.04683816,2.087092
500,16,0.046965737,2.077448
500,16,0.047156416,2.075007
500,16,0.047015406,2.07281
500,16,0.04697263,2.070856
500,16,0.046675656,2.052546
500,16,0.046904556,2.075129
500,16,0.046802983,2.076472
500,16,0.046951033,2.043086
500,16,0.0469343,2.103449
500,16,0.046911143,2.061579
500,16,0.047178607,2.076777
500,16,0.0470355,2.062922
500,16,0.04684857,2.077753
500,16,0.04708758,2.06219
500,16,0.046937957,2.068537
500,16,0.046899185,2.079402
500,16,0.046810668,2.070307
500,16,0.046922587,2.030329
500,16,0.047058295,2.104121
500,16,0.04684686,2.052912
500,16,0.047222644,2.09405
500,16,0.046795014,2.056269
500,16,0.04715316,2.086298
500,16,0.04688101,2.063838
500,16,0.04718077,2.081659
500,16,0.046966795,2.048579
500,16,0.046871483,2.104182
500,16,0.046738826,2.036433
500,16,0.04690661,2.089594
500,16,0.04687052,2.069636
500,16,0.047919333,2.088007
500,16,0.04737217,2.081233
500,16,0.046781376,2.080561
500,16,0.046785425,2.044001
500,16,0.046804253,2.09289
500,16,0.046803273,2.056269
500,16,0.046717223,2.083308
500,16,0.046750303,2.066828
500,16,0.046820432,2.087885
500,16,0.046644215,2.06103
500,16,0.046797857,2.080867
500,16,0.046895146,2.090021
500,16,0.04682991,2.065913
500,16,0.04672379,2.082392
500,16,0.046756946,2.080988
500,16,0.04674186,2.044368
500,16,0.046759095,2.041071
500,16,0.046735555,2.125239
500,16,0.046742123,2.064631
500,16,0.046838272,2.077997
500,16,0.047072414,2.05633
500,16,0.046767216,2.052974
500,16,0.046573695,2.076777
500,16,0.04696316,2.076471
500,16,0.046604294,2.019526
500,16,0.046868466,2.121577
500,16,0.047209073,2.065791
500,16,0.046763264,2.07165
500,16,0.046774227,2.074396
500,16,0.0466916,2.043269
500,16,0.046679456,2.08404
500,16,0.046641424,2.035883
500,16,0.046643395,2.090388
500,16,0.04673377,2.077082
500,16,0.04666349,2.06634
500,16,0.046612736,2.045344
500,16,0.046830144,2.080317
500,16,0.046666097,2.057612
500,16,0.046795502,2.078913
500,16,0.046772934,2.048457
500,16,0.046898983,2.080439
500,16,0.046687648,2.088862
500,16,0.046895456,2.057062
500,16,0.04664949,2.067927
500,16,0.046778448,2.077875
500,16,0.046550464,2.038569
500,16,0.04678165,2.101985
500,16,0.046837334,2.061213
500,16,0.046600074,2.063105
500,16,0.046945825,2.073176
500,16,0.047070313,2.036738
500,16,0.04652912,2.079218
500,16,0.046759967,2.07342
500,16,0.046863776,2.079035
500,16,0.046727102,2.07342
500,16,0.04666029,2.088557
500,16,0.046868376,2.069636
500,16,0.046846632,2.07696
500,16,0.046881437,2.032465
500,16,0.046780508,2.070124
500,16,0.046890564,2.073725
500,16,0.046835035,2.06811
500,16,0.04699168,2.088313
500,16,0.046847504,2.060175
500,16,0.04729446,2.094233
500,16,0.046913344,2.103022
500,16,0.046835355,2.037959
500,16,0.04811869,2.118097
500,16,0.046787616,2.086604
500,16,0.046754297,2.050898
1000,1,3.5215244,55.601543
1000,1,3.516584,55.327557
1000,1,3.5163767,55.483196
1000,1,3.5162213,55.653484
1000,1,3.5336828,56.700233
1000,1,3.5195117,56.87516
1000,1,3.5177932,56.701454
1000,1,3.5164862,55.40568
1000,1,3.5207746,55.46153
1000,1,3.51656,55.16087
1000,1,3.5163338,55.19328
1000,1,3.5166936,55.553753
1000,1,3.5162687,55.12193
1000,1,3.5191317,55.49772
1000,1,3.5163922,55.07475
1000,1,3.5165424,56.477455
1000,1,3.516426,55.07359
1000,1,3.5161805,55.066814
1000,1,3.516446,55.252117
1000,1,3.5125892,54.972694
1000,1,3.5082347,54.87797
1000,1,3.5246162,56.001137
1000,1,3.5122044,57.2692
1000,1,3.509258,55.562176
1000,1,3.5663233,60.730495
1000,1,3.5085142,55.23075
1000,1,3.5083323,54.81706
1000,1,3.508225,54.813885
1000,1,3.5079112,54.792583
1000,1,3.5077894,54.74626
1000,1,3.5100515,55.02647
1000,1,3.5082293,54.88194
1000,1,3.5081975,54.652203
1000,1,3.5141377,55.67106
1000,1,3.571476,63.809772
1000,1,3.5091848,54.60704
1000,1,3.5086734,54.768417
1000,1,3.5086403,54.481792
1000,1,3.5108657,54.97758
1000,1,3.54403,55.796246
1000,1,3.507763,54.37236
1000,1,3.5074847,54.520367
1000,1,3.507547,54.340923
1000,1,3.5093718,56.293865
1000,1,3.508031,54.87022
1000,1,3.508079,54.63719
1000,1,3.5079155,54.24095
1000,1,3.5195446,55.096966
1000,1,3.5083408,54.783737
1000,1,3.5080945,54.399883
1000,1,3.508001,54.124313
1000,1,3.5079226,54.195415
1000,1,3.5080657,55.78892
1000,1,3.5080502,54.754192
1000,1,3.5084379,53.965744
1000,1,3.5080314,53.727463
1000,1,3.5243814,54.67204
1000,1,3.5080543,53.622543
1000,1,3.507968,53.862103
1000,1,3.5079606,53.469833
1000,1,3.508279,54.50645
1000,1,3.5078647,54.554977
1000,1,3.5078845,55.38139
1000,1,3.5078301,53.7639
1000,1,3.5082102,54.698406
1000,1,3.5103998,54.449997
1000,1,3.5083222,53.322006
1000,1,3.568049,57.62058
1000,1,3.508348,52.919235
1000,1,3.5081933,52.867847
1000,1,3.5084112,54.25255
1000,1,3.508384,56.067116
1000,1,3.508325,53.508835
1000,1,3.5240772,53.775497
1000,1,3.5082664,53.085194
1000,1,3.5081859,53.373703
1000,1,3.5081892,52.583847
1000,1,3.5082107,52.443592
1000,1,3.5082188,54.393845
1000,1,3.5082023,52.839706
1000,1,3.508218,54.65739
1000,1,3.508186,53.032093
1000,1,3.511096,53.309616
1000,1,3.5083008,54.135727
1000,1,3.5083234,54.094646
1000,1,3.5082388,54.275616
1000,1,3.5081806,52.337143
1000,1,3.5083196,53.987103
1000,1,3.5081248,52.91423
1000,1,3.5082073,53.57524
1000,1,3.5268326,55.375164
1000,1,3.5084305,52.398422
1000,1,3.5088599,53.577316
1000,1,3.5082343,53.710556
1000,1,3.5144427,52.730885
1000,1,3.5083382,53.451828
1000,1,3.5081832,52.62108
1000,1,3.5079615,52.83806
1000,1,3.5081794,53.82054
1000,1,3.51474,54.779644
1000,1,3.5082352,51.995106
1000,1,3.508115,52.012928
1000,1,3.5080762,51.957203
1000,1,3.5079484,51.944633
1000,1,3.5080943,52.01195
1000,1,3.5081246,52.9229
1000,1,3.5079136,53.29204
1000,1,3.524472,54.020184
1000,1,3.5083325,54.92125
1000,1,3.5082185,52.314503
1000,1,3.5680292,56.919228
1000,1,3.5082603,53.240097
1000,1,3.5079973,52.248703
1000,1,3.5079727,52.12804
1000,1,3.5078242,51.904163
1000,1,3.5078168,51.87438
1000,1,3.5107028,53.137497
1000,1,3.5086694,53.210495
1000,1,3.5086231,54.01219
1000,1,3.5351577,59.082672
1000,1,3.5496898,56.27964
1000,1,3.5082543,53.280746
1000,1,3.5082731,52.462143
1000,1,3.5080047,52.760544
1000,1,3.5271628,55.11082
1000,1,3.5097268,54.211594
1000,1,3.508226,53.17125
1000,1,3.5082483,54.206463
1000,1,3.5100827,52.63164
1000,1,3.5129387,52.702625
1000,1,3.680689,70.6197
1000,1,3.80218,74.84441
1000,1,3.6322496,68.450386
1000,1,3.5115752,52.501392
1000,1,3.508856,51.868824
1000,1,3.5382638,54.35283
1000,1,3.5091186,54.524338
1000,1,3.5088124,53.015244
1000,1,3.5088074,52.453236
1000,1,3.5087276,52.007866
1000,1,3.5085814,52.286182
1000,1,3.5437024,53.939865
1000,1,3.5091267,52.78575
1000,1,3.508933,52.82073
1000,1,3.509035,52.07677
1000,1,3.5090766,54.66923
1000,1,3.5092325,52.27959
1000,1,3.508874,52.29143
1000,1,3.508636,52.481674
1000,1,3.508746,52.42052
1000,1,3.5113852,52.15874
1000,1,3.508833,52.92369
1000,1,3.5225086,53.273056
1000,1,3.5537624,55.85984
1000,1,3.5089326,52.765182
1000,1,3.509019,54.00322
1000,1,3.5086927,52.773853
1000,1,3.5086713,53.14507
1000,1,3.5245192,54.08647
1000,1,3.509073,51.809013
1000,1,3.5086403,51.75133
1000,1,3.5088096,52.642075
1000,1,3.5089679,51.99956
1000,1,3.5092406,51.788506
1000,1,3.508983,54.895367
1000,1,3.5087276,52.45598
1000,1,3.5087748,52.13628
1000,1,3.5107684,52.377247
1000,1,3.5088627,51.76604
1000,1,3.5086803,51.758656
1000,1,3.508648,51.700367
1000,1,3.5087147,52.512375
1000,1,3.508743,52.344894
1000,1,3.5088387,54.005047
1000,1,3.5087056,52.277637
1000,1,3.5358324,53.06639
1000,1,3.5091362,51.74529
1000,1,3.5094864,51.88744
1000,1,3.5091372,52.024464
1000,1,3.5133111,52.330982
1000,1,3.5090263,52.256943
1000,1,3.5097034,52.489307
1000,1,3.5090623,52.613087
1000,1,3.509069,53.804977
1000,1,3.5422683,53.07115
1000,1,3.5090914,51.77605
1000,1,3.5090775,52.360035
1000,1,3.5088696,52.51213
1000,1,3.5088117,52.00652
1000,1,3.5088482,51.674553
1000,1,3.5089765,51.62987
1000,1,3.5088756,51.959038
1000,1,3.5367389,55.701336
1000,1,3.509149,51.624195
1000,1,3.5088758,51.760975
1000,1,3.5301778,53.96483
1000,1,3.5466876,54.865215
1000,1,3.50885,52.086475
1000,1,3.509757,52.12694
1000,1,3.5087757,51.763054
1000,1,3.5088122,51.854546
1000,1,3.5128264,54.665386
1000,1,3.5089283,52.210194
1000,1,3.5089278,51.800465
1000,1,3.5342288,58.40732
1000,1,3.5521345,55.994728
1000,1,3.508483,51.860096
1000,1,3.5079503,51.8604
1000,1,3.5080957,51.848255
1000,1,3.5215373,52.8358
1000,1,3.5302057,53.40129
1000,1,3.5080135,53.558823
1000,1,3.5079675,52.174976
1000,1,3.5092874,51.95641
1000,1,3.5083423,52.154102
1000,1,3.5082676,51.739307
1000,1,3.5080874,51.779896
1000,1,3.5080285,51.871513
1000,1,3.5211096,52.47893
1000,1,3.5090406,52.371815
1000,1,3.5083063,54.049667
1000,1,3.5080318,52.29552
1000,1,3.5080607,52.00774
1000,1,3.5081818,51.812
1000,1,3.5084777,52.038746
1000,1,3.5079858,51.86907
1000,1,3.50804,51.71532
1000,1,3.529478,55.324688
1000,1,3.5092578,53.43651
1000,1,3.5085077,53.944874
1000,1,3.508426,51.809803
1000,1,3.5085776,52.169727
1000,1,3.5083907,51.83318
1000,1,3.5082192,51.872
1000,1,3.5082793,51.657276
1000,1,3.5111547,52.069813
1000,1,3.5086346,52.2412
1000,1,3.5082545,51.996937
1000,1,3.535742,55.08195
1000,1,3.5402699,55.074444
1000,1,3.5081384,51.816273
1000,1,3.508207,51.897327
1000,1,3.508313,51.80437
1000,1,3.50853,51.818104
1000,1,3.5276034,53.39946
1000,1,3.5082707,51.612904
1000,1,3.5079837,52.003162
1000,1,3.508041,52.004444
1000,1,3.5081725,54.397873
1000,1,3.5086358,51.834705
1000,2,1.7588882,32.97843
1000,2,1.7550117,32.949867
1000,2,1.7550607,33.152077
1000,2,1.7550261,32.937233
1000,2,1.755148,32.98417
1000,2,1.7583492,33.300453
1000,2,1.7550373,32.955666
1000,2,1.7576396,33.0073
1000,2,1.7586005,33.22941
1000,2,1.7545123,32.951088
1000,2,1.754518,32.99485
1000,2,1.757432,33.015785
1000,2,1.7588265,33.028847
1000,2,1.7547263,32.952003
1000,2,1.7550426,33.16874
1000,2,1.7579415,35.023712
1000,2,1.7574396,33.003395
1000,2,1.7553694,32.985756
1000,2,1.7546393,33.010475
1000,2,1.7548358,32.974648
1000,2,1.7546936,32.978794
1000,2,1.7549419,33.029396
1000,2,1.7894623,34.32456
1000,2,1.7551594,32.980385
1000,2,1.7548721,33.02128
1000,2,1.7576816,33.044777
1000,2,1.7575915,33.016335
1000,2,1.7574555,33.085854
1000,2,1.7566602,33.007423
1000,2,1.7867038,36.020477
1000,2,1.7548198,32.9896
1000,2,1.7575576,33.0402
1000,2,1.7579739,33.1052
1000,2,1.7578998,34.17374
1000,2,1.7577182,33.738377
1000,2,1.7575579,33.063698
1000,2,1.7574991,33.05979
1000,2,1.7575104,33.047096
1000,2,1.7575872,33.065468
1000,2,1.7799962,33.62528
1000,2,1.7549379,33.00077
1000,2,1.7547767,33.002846
1000,2,1.7552621,33.27622
1000,2,1.7547135,32.98899
1000,2,1.7549701,33.291782
1000,2,1.754665,32.99485
1000,2,1.7547989,33.049843
1000,2,1.7544893,33.040443
1000,2,1.754697,33.022316
1000,2,1.754776,33.03971
1000,2,1.7547503,33.084633
1000,2,1.7573643,33.077248
1000,2,1.7575281,34.963108
1000,2,1.7573485,33.29618
1000,2,1.7572365,33.069862
1000,2,1.757553,33.30674
1000,2,1.78044,34.534763
1000,2,1.7549999,33.01853
1000,2,1.7548997,33.04783
1000,2,1.7549785,33.07981
1000,2,1.7550545,33.045876
1000,2,1.7575989,33.07444
1000,2,1.757688,33.118446
1000,2,1.8022952,36.79965
1000,2,1.7661784,33.963047
1000,2,1.7574569,33.039772
1000,2,1.7577294,33.127357
1000,2,1.7576509,33.100014
1000,2,1.7576435,33.223976
1000,2,1.7576892,33.136574
1000,2,1.7574486,33.531284
1000,2,1.7575321,34.38785
1000,2,1.7576262,33.074684
1000,2,1.7675924,33.507908
1000,2,1.7548274,33.032814
1000,2,1.7544757,33.01316
1000,2,1.7544711,33.015785
1000,2,1.7544212,32.989967
1000,2,1.7576718,33.05259
1000,2,1.7601259,33.447544
1000,2,1.7986143,40.683613
1000,2,1.7907863,36.55618
1000,2,1.7626323,33.75577
1000,2,1.7551849,33.037514
1000,2,1.755066,33.035683
1000,2,1.7546848,33.059547
1000,2,1.7549088,33.020912
1000,2,1.754812,33.08152
1000,2,1.7546861,33.05314
1000,2,1.7553107,34.31015
1000,2,1.7698307,34.988983
1000,2,1.7550378,33.05094
1000,2,1.7547143,32.988747
1000,2,1.7548962,33.05314
1000,2,1.7547398,33.017128
1000,2,1.7549496,33.2963
1000,2,1.7547584,33.043068
1000,2,1.7547362,33.03196
1000,2,1.7548151,33.036537
1000,2,1.7557535,33.1287
1000,2,1.7549193,33.031776
1000,2,1.7546768,33.055397
1000,2,1.755044,33.026283
1000,2,1.7547215,33.03312
1000,2,1.754736,33.038857
1000,2,1.7545979,33.06736
1000,2,1.7547874,33.02372
1000,2,1.7572403,33.378944
1000,2,1.7552826,34.900726
1000,2,1.7547429,33.099648
1000,2,1.7581263,33.105446
1000,2,1.7574935,33.098427
1000,2,1.7574763,33.073154
1000,2,1.7573642,33.05326
1000,2,1.7575107,33.27732
1000,2,1.7575339,33.069923
1000,2,1.7574627,33.094887
1000,2,1.7549037,33.05875
1000,2,1.7575243,33.062965
1000,2,1.7575576,33.07334
1000,2,1.7574233,33.03965
1000,2,1.757534,33.02976
1000,2,1.7579145,33.353737
1000,2,1.757725,33.08976
1000,2,1.7903211,33.885532
1000,2,1.765671,33.68613
1000,2,1.7546883,33.665993
1000,2,1.7545623,34.503696
1000,2,1.7549896,33.078163
1000,2,1.754838,33.031776
1000,2,1.7543769,33.008095
1000,2,1.7544694,33.068275
1000,2,1.7547015,33.02897
1000,2,1.754628,33.013832
1000,2,1.7568394,33.059547
1000,2,1.7570345,33.305824
1000,2,1.7569228,33.045692
1000,2,1.7569828,33.06846
1000,2,1.7568791,33.05509
1000,2,1.7568722,33.06388
1000,2,1.7570417,33.095985
1000,2,1.7586169,33.37754
1000,2,1.7562195,33.059364
1000,2,1.7548907,33.037697
1000,2,1.7546371,32.985817
1000,2,1.7547618,34.346226
1000,2,1.7547724,33.498386
1000,2,1.7545073,33.01139
1000,2,1.7577232,33.32566
1000,2,1.8080384,37.505703
1000,2,1.7588835,33.394936
1000,2,1.7576623,33.09501
1000,2,1.7576184,33.106056
1000,2,1.7576089,33.05137
1000,2,1.75531,33.042213
1000,2,1.7551425,33.03733
1000,2,1.7551317,33.01041
1000,2,1.7552384,33.051064
1000,2,1.7586449,33.41697
1000,2,1.7687509,35.567963
1000,2,1.7556252,33.232216
1000,2,1.7565397,34.676975
1000,2,1.7551789,33.30863
1000,2,1.7546635,33.15989
1000,2,1.7546725,34.75278
1000,2,1.754725,33.042152
1000,2,1.7562964,33.181007
1000,2,1.7547536,33.05149
1000,2,1.7547121,33.03074
1000,2,1.7555401,33.12626
1000,2,1.7549372,33.0438
1000,2,1.754956,33.03849
1000,2,1.7549238,33.039833
1000,2,1.7554512,33.058876
1000,2,1.755127,33.06681
1000,2,1.7549117,33.307102
1000,2,1.75809,33.417152
1000,2,1.7572093,33.09208
1000,2,1.7572842,33.056435
1000,2,1.7571251,33.0532
1000,2,1.7571025,33.076637
1000,2,1.7572045,33.083656
1000,2,1.7571707,33.84385
1000,2,1.7571869,34.13602
1000,2,1.7575065,33.05979
1000,2,1.7573001,33.276466
1000,2,1.757273,33.114723
1000,2,1.7572913,33.087196
1000,2,1.7578691,33.355324
1000,2,1.7549124,33.04783
1000,2,1.7547815,33.02189
1000,2,1.7575059,33.08262
1000,2,1.7586697,33.104527
1000,2,1.7702317,34.15769
1000,2,1.755123,33.04435
1000,2,1.7553198,33.078587
1000,2,1.7546904,33.036354
1000,2,1.7545947,33.022743
1000,2,1.7545527,33.056984
1000,2,1.7547063,33.040077
1000,2,1.7580469,33.28019
1000,2,1.7560327,34.76181
1000,2,1.7557135,33.387672
1000,2,1.7568657,33.111916
1000,2,1.7564431,33.042274
1000,2,1.7554576,33.27793
1000,2,1.7548971,33.06199
1000,2,1.7548785,33.00669
1000,2,1.754826,33.03635
1000,2,1.7548368,33.024757
1000,2,1.7578537,33.40354
1000,2,1.755023,33.045876
1000,2,1.7548275,33.052773
1000,2,1.7548413,33.016273
1000,2,1.7550769,33.04899
1000,2,1.7555974,33.352943
1000,2,1.754782,33.03141
1000,2,1.7547567,33.03086
1000,2,1.7550595,33.038857
1000,2,1.7549905,33.238136
1000,2,1.7567198,35.146885
1000,2,1.7550485,33.257847
1000,2,1.7547739,33.041786
1000,2,1.7545547,33.049843
1000,2,1.7550166,33.02836
1000,2,1.7547398,33.028664
1000,2,1.7551022,33.0496
1000,2,1.7669933,34.109043
1000,2,1.7559857,33.300266
1000,2,1.7548239,33.082985
1000,2,1.7546573,33.0261
1000,2,1.7547944,33.039528
1000,2,1.7547051,33.05759
1000,2,1.7548082,33.05253
1000,2,1.7547853,33.056007
1000,2,1.805647,37.185635
1000,2,1.7547345,33.071205
1000,2,1.7547328,33.056557
1000,2,1.755479,34.089146
1000,2,1.7553344,34.010105
1000,2,1.7548338,33.035072
1000,2,1.7547381,33.01957
1000,2,1.7555695,33.2703
1000,2,1.7548282,33.05326
1000,2,1.7759533,33.628273
1000,2,1.7548275,33.020973
1000,2,1.7548304,33.05216
1000,2,1.7546976,33.046913
1000,2,1.7825599,35.69162
1000,2,1.83916,41.908585
1000,3,1.2389296,33.67588
1000,3,1.3365847,39.640583
1000,3,1.2556123,33.130043
1000,3,1.3121399,35.349033
1000,3,1.2885661,33.966286
1000,3,1.2508757,33.198524
1000,3,1.223383,32.687782
1000,3,1.3236043,29.036364
1000,3,1.1720705,26.82476
1000,3,1.1759008,26.748772
1000,3,1.2038099,28.396288
1000,3,1.2041105,27.564077
1000,3,1.2031825,26.978811
1000,3,1.2034485,26.979973
1000,3,1.343726,30.69212
1000,3,1.1761713,26.795404
1000,3,1.1845481,27.794119
1000,3,1.1755677,26.689873
1000,3,1.1723676,26.658136
1000,3,1.1750307,26.683464
1000,3,1.2034463,27.007866
1000,3,1.2027802,26.984612
1000,3,1.2030861,26.99108
1000,3,1.2031265,27.023611
1000,3,1.203131,27.002373
1000,3,1.2027913,27.018305
1000,3,1.2030975,27.188408
1000,3,1.1754235,26.722832
1000,3,1.2038628,27.06292
1000,3,1.1719474,26.65264
1000,3,1.203159,27.012075
1000,3,1.3152285,28.35442
1000,3,1.202998,27.010551
1000,3,1.1721988,26.631037
1000,3,1.1749552,26.67144
1000,3,1.1754177,26.664907
1000,3,1.1750122,26.660517
1000,3,1.1721752,27.546013
1000,3,1.2032917,27.919361
1000,3,1.2031531,27.006828
1000,3,1.2029489,27.0205
1000,3,1.1782448,27.072195
1000,3,1.2035272,27.018547
1000,3,1.2029321,26.994743
1000,3,1.1749836,26.67974
1000,3,1.2034137,27.055471
1000,3,1.172567,26.837639
1000,3,1.2037516,27.062004
1000,3,1.1754212,26.664177
1000,3,1.1751646,26.6737
1000,3,1.203078,26.994072
1000,3,1.1714808,26.635857
1000,3,1.315232,28.341295
1000,3,1.3151863,28.355518
1000,3,1.2029929,27.02703
1000,3,1.1750822,26.688408
1000,3,1.2030276,27.008108
1000,3,1.2029686,26.996086
1000,3,1.1750879,26.679314
1000,3,1.2031066,27.162712
1000,3,1.3152342,28.290638
1000,3,1.2029798,27.004265
1000,3,1.175103,26.671196
1000,3,1.1751131,26.68969
1000,3,1.1721925,27.419973
1000,3,1.3169246,29.832748
1000,3,1.327008,29.231005
1000,3,1.171965,26.643547
1000,3,1.3151673,28.372852
1000,3,1.1750102,26.6903
1000,3,1.1722144,26.650505
1000,3,1.3151858,28.350636
1000,3,1.1717207,26.638725
1000,3,1.203494,27.011894
1000,3,1.2034636,27.026299
1000,3,1.2030973,27.029594
1000,3,1.315255,28.301683
1000,3,1.3159006,28.356312
1000,3,1.3152251,28.295889
1000,3,1.1750402,26.679865
1000,3,1.3152597,28.285269
1000,3,1.2030535,27.026848
1000,3,1.2030294,27.012505
1000,3,1.3151226,28.326954
1000,3,1.1719037,26.845146
1000,3,1.2029804,27.02343
1000,3,1.315113,28.3167
1000,3,1.2028499,27.012932
1000,3,1.2031229,27.00524
1000,3,1.1752188,26.679008
1000,3,1.2049494,27.437428
1000,3,1.2030416,28.239248
1000,3,1.3152813,28.689747
1000,3,1.2031897,27.044424
1000,3,1.3150152,28.297108
1000,3,1.2035038,27.04522
1000,3,1.172071,26.66613
1000,3,1.1751046,26.69146
1000,3,1.3155472,28.345144
1000,3,1.2029334,27.011831
1000,3,1.1751536,26.69384
1000,3,1.2032384,27.03228
1000,3,1.2326124,29.75969
1000,3,1.1964417,28.657152
1000,3,1.2032539,27.030264
1000,3,1.203175,27.011528
1000,3,1.1717162,26.666252
1000,3,1.1752243,26.691216
1000,3,1.1751244,26.689753
1000,3,1.2032552,27.008171
1000,3,1.1752305,26.855644
1000,3,1.2031093,27.003716
1000,3,1.1750362,26.713982
1000,3,1.1753645,26.696589
1000,3,1.2084285,27.137136
1000,3,1.1867471,27.670769
1000,3,1.2033552,27.037407
1000,3,1.1751605,26.71618
1000,3,1.1754453,27.814564
1000,3,1.2030388,27.820852
1000,3,1.2037221,27.044914
1000,3,1.1752917,26.718073
1000,3,1.2031766,27.021599
1000,3,1.2029879,27.227776
1000,3,1.1751916,26.701223
1000,3,1.1717708,26.655937
1000,3,1.2029746,27.070488
1000,3,1.3153682,28.398182
1000,3,1.1751355,26.698236
1000,3,1.1751022,26.706535
1000,3,1.2030901,27.058523
1000,3,1.1750796,26.710442
1000,3,1.1755095,26.711664
1000,3,1.2029892,27.034292
1000,3,1.2035408,27.062796
1000,3,1.2027984,27.080132
1000,3,1.2028754,27.02703
1000,3,1.171539,26.653803
1000,3,1.2031353,27.048208
1000,3,1.2031224,27.034355
1000,3,1.204993,27.369804
1000,3,1.3152938,28.362598
1000,3,1.1719265,26.877678
1000,3,1.3153822,28.389149
1000,3,1.3150104,28.349964
1000,3,1.1721455,27.709768
1000,3,1.1758363,27.560476
1000,3,1.203374,27.02581
1000,3,1.2033845,27.089104
1000,3,1.2029762,27.029104
1000,3,1.2028681,27.014397
1000,3,1.175134,26.716972
1000,3,1.3152852,28.37688
1000,3,1.3153917,28.381395
1000,3,1.1719161,26.668144
1000,3,1.203197,27.058647
1000,3,1.1751484,26.715874
1000,3,1.2031529,27.054192
1000,3,1.3151345,28.367052
1000,3,1.1750654,26.713615
1000,3,1.203356,27.03344
1000,3,1.1722499,26.887384
1000,3,1.172171,26.87896
1000,3,1.2032021,27.08007
1000,3,1.1737344,27.003288
1000,3,1.1878228,28.030445
1000,3,1.2035885,28.175098
1000,3,1.203728,27.072868
1000,3,1.1753443,27.910572
1000,3,1.1724012,27.252981
1000,3,1.2029066,27.054924
1000,3,1.2029604,27.061941
1000,3,1.1749486,27.341543
1000,3,1.3157527,29.572678
1000,3,1.1754341,26.714289
1000,3,1.3221136,28.969105
1000,3,1.1718593,26.726128
1000,3,1.3153629,28.378956
1000,3,1.1718866,26.657707
1000,3,1.1720818,26.737358
1000,3,1.1750528,26.730522
1000,3,1.1715032,26.884695
1000,3,1.2031949,27.038872
1000,3,1.1716741,26.661858
1000,3,1.1750494,26.725824
1000,3,1.3150995,28.39043
1000,3,1.1722867,26.715508
1000,3,1.1752481,26.71142
1000,3,1.1751784,26.7293
1000,3,1.2048156,27.37548
1000,3,1.20317,27.04113
1000,3,1.3153619,28.422108
1000,3,1.175314,26.702692
1000,3,1.2034589,27.086906
1000,3,1.1715314,26.659416
1000,3,1.2036885,27.082144
1000,3,1.1719414,26.663628
1000,3,1.3150005,28.380665
1000,3,1.2032119,27.038872
1000,3,1.203161,27.632864
1000,3,1.1752954,27.735708
1000,3,1.1719464,26.675774
1000,3,1.1715693,26.699087
1000,3,1.1752564,26.734428
1000,3,1.175271,26.734488
1000,3,1.1721387,26.67315
1000,3,1.3151928,28.374315
1000,3,1.1717454,26.665398
1000,3,1.171719,26.674189
1000,3,1.1750681,26.73858
1000,3,1.1716293,26.6784
1000,3,1.315182,28.37627
1000,3,1.2034822,27.049187
1000,3,1.1717551,26.867912
1000,3,1.177963,27.038628
1000,3,1.1810782,27.404898
1000,3,1.1717571,26.681635
1000,3,1.2036903,27.066153
1000,3,1.315228,28.410206
1000,3,1.1751276,26.723076
1000,3,1.1754631,26.950432
1000,3,1.1751076,26.711662
1000,3,1.175024,26.71447
1000,3,1.1750709,26.72979
1000,3,1.2029077,27.05816
1000,3,1.1716582,26.695547
1000,3,1.3150706,28.549976
1000,3,1.3163931,29.873396
1000,3,1.2217562,31.162762
1000,3,1.1717693,26.688349
1000,3,1.3152088,28.411549
1000,3,1.3151313,28.387928
1000,3,1.1716554,26.666252
1000,3,1.3160099,28.399769
1000,3,1.2035336,27.0606
1000,3,1.1714952,26.681755
1000,3,1.1757721,26.746147
1000,3,1.3153344,28.374012
1000,3,1.1719512,26.681631
1000,3,1.317392,28.899096
1000,3,1.1752834,26.72686
1000,3,1.171739,26.673882
1000,3,1.3157358,28.36565
1000,3,1.1721312,26.698906
1000,3,1.1715227,26.655876
1000,3,1.2036124,27.10601
1000,3,1.1720682,26.68316
1000,3,1.1716064,26.698296
1000,3,1.1865376,29.693956
1000,3,1.1866348,30.095932
1000,4,0.8868405,24.06726
1000,4,0.90592706,25.769833
1000,4,0.88511294,23.566345
1000,4,0.8853489,23.623352
1000,4,0.8812705,23.5459
1000,4,0.88162655,24.121763
1000,4,0.88144773,24.002869
1000,4,0.88127345,23.553469
1000,4,0.8814507,23.525085
1000,4,0.8812442,23.55652
1000,4,0.88118404,23.584536
1000,4,0.88144964,23.596191
1000,4,0.8814711,23.634766
1000,4,0.88139236,23.542664
1000,4,0.885168,23.61316
1000,4,0.881319,23.555908
1000,4,0.8813887,23.52594
1000,4,0.88141096,23.570436
1000,4,0.88506746,23.582825
1000,4,0.8930848,23.965635
1000,4,0.89293766,24.423094
1000,4,0.8813859,23.537476
1000,4,0.8816549,23.521667
1000,4,0.8816819,23.5141
1000,4,0.8817703,23.5412
1000,4,0.88165087,23.585144
1000,4,0.8815306,23.547668
1000,4,0.8852326,23.615112
1000,4,0.8810628,23.544312
1000,4,0.881181,23.567507
1000,4,0.8849362,23.604797
1000,4,0.88139427,23.511536
1000,4,0.8813515,23.51996
1000,4,0.8815019,23.518923
1000,4,0.8813556,23.562134
1000,4,0.88173604,23.583801
1000,4,0.88142794,23.528503
1000,4,0.88144374,23.559023
1000,4,0.8810747,23.68451
1000,4,0.8815091,23.5578
1000,4,0.8814251,23.589905
1000,4,0.88136286,23.552917
1000,4,0.88146657,24.106567
1000,4,0.8815975,24.128843
1000,4,0.88134223,23.64154
1000,4,0.8813098,23.563845
1000,4,0.8813542,23.561646
1000,4,0.8812694,23.578247
1000,4,0.88153136,23.552673
1000,4,0.88151133,23.52411
1000,4,0.8816453,23.561096
1000,4,0.88154536,23.545656
1000,4,0.88124496,23.58142
1000,4,0.88294095,23.817078
1000,4,0.88145685,23.586245
1000,4,0.8813407,23.580872
1000,4,0.8814231,23.527466
1000,4,0.88515794,23.616455
1000,4,0.8817987,23.579712
1000,4,0.8851637,23.61072
1000,4,0.8817696,23.58484
1000,4,0.8815705,23.57068
1000,4,0.8813893,23.564392
1000,4,0.88128257,23.56012
1000,4,0.88150126,23.58258
1000,4,0.88132596,23.671509
1000,4,0.8811553,23.555725
1000,4,0.88111955,23.53186
1000,4,0.8811005,23.550112
1000,4,0.8812454,23.559023
1000,4,0.8812253,23.549685
1000,4,0.88127863,23.57538
1000,4,0.88131815,23.562868
1000,4,0.8814901,23.606567
1000,4,0.8812776,23.55005
1000,4,0.8813781,23.59082
1000,4,0.881369,23.557924
1000,4,0.8815575,23.558168
1000,4,0.88146824,23.598694
1000,4,0.88193756,24.210388
1000,4,0.8816384,24.271421
1000,4,0.8813859,23.580994
1000,4,0.8812766,23.558413
1000,4,0.8812631,23.604553
1000,4,0.88136965,23.573181
1000,4,0.88143855,23.717957
1000,4,0.88146126,23.589172
1000,4,0.8886056,23.94934
1000,4,0.8919016,24.509092
1000,4,0.8851317,23.619509
1000,4,0.8805553,23.655703
1000,4,0.8813478,23.699583
1000,4,0.88539743,23.604736
1000,4,0.88153774,23.559204
1000,4,0.8813652,23.599731
1000,4,0.88501024,23.613832
1000,4,0.88395435,23.6084
1000,4,0.88116544,23.568056
1000,4,0.88153875,23.558779
1000,4,0.8918996,23.710571
1000,4,0.88143957,23.583435
1000,4,0.88524574,23.60956
1000,4,0.8817895,23.565737
1000,4,0.881669,23.610474
1000,4,0.88153785,23.56476
1000,4,0.88502604,23.638184
1000,4,0.881374,23.584656
1000,4,0.8813389,23.587524
1000,4,0.88127434,23.570864
1000,4,0.88500017,23.624329
1000,4,0.8810112,23.55542
1000,4,0.881436,23.570984
1000,4,0.88148695,23.598083
1000,4,0.8813979,23.55884
1000,4,0.8813247,23.600464
1000,4,0.8811984,23.569336
1000,4,0.8851622,24.0755
1000,4,0.8818475,24.096556
1000,4,0.881766,23.764343
1000,4,0.88175577,23.592775
1000,4,0.88159114,23.584778
1000,4,0.8831408,23.888672
1000,4,0.8818201,23.601564
1000,4,0.88144916,23.573792
1000,4,0.88145137,23.572876
1000,4,0.8851207,23.6474
1000,4,0.88137287,23.553225
1000,4,0.8814486,23.589233
1000,4,0.88126236,23.563293
1000,4,0.8814247,23.564148
1000,4,0.88154763,23.576357
1000,4,0.8814446,23.59906
1000,4,0.8811561,23.562927
1000,4,0.8813675,23.564941
1000,4,0.8848633,23.63318
1000,4,0.8813558,23.56964
1000,4,0.88132143,23.57306
1000,4,0.8815155,23.58728
1000,4,0.88140446,23.568665
1000,4,0.88144577,23.601564
1000,4,0.8914667,24.98901
1000,4,0.9074808,26.46142
1000,4,0.88144666,23.566528
1000,4,0.88132936,23.58368
1000,4,0.8810632,23.73877
1000,4,0.881379,23.572449
1000,4,0.88144475,23.573547
1000,4,0.881566,23.606812
1000,4,0.8815644,23.60907
1000,4,0.8814069,23.581787
1000,4,0.8813614,23.593872
1000,4,0.88140583,23.572144
1000,4,0.881543,23.582275
1000,4,0.8814166,23.89862
1000,4,0.88127816,24.166016
1000,4,0.8897324,24.300535
1000,4,0.8896693,24.287659
1000,4,0.8815971,23.574097
1000,4,0.881265,23.615236
1000,4,0.88517463,23.636414
1000,4,0.88139874,23.693848
1000,4,0.88126093,23.5802
1000,4,0.88152325,23.55536
1000,4,0.8813919,23.60608
1000,4,0.88130665,23.590212
1000,4,0.88137466,23.56482
1000,4,0.88133395,23.568544
1000,4,0.8812983,23.59961
1000,4,0.88150865,23.570496
1000,4,0.88161576,23.589724
1000,4,0.8813868,23.583069
1000,4,0.8808757,23.74884
1000,4,0.8813205,23.602968
1000,4,0.88128793,23.58783
1000,4,0.8812343,23.585632
1000,4,0.8811566,23.584412
1000,4,0.8815206,23.589052
1000,4,0.88125885,23.595217
1000,4,0.88124853,23.582642
1000,4,0.88480526,23.647522
1000,4,0.8812414,23.567629
1000,4,0.88127106,23.613647
1000,4,0.8816876,23.618713
1000,4,0.88164693,23.594116
1000,4,0.88168764,23.57959
1000,4,0.8813542,23.561157
1000,4,0.8849937,23.67206
1000,4,0.88141656,23.590088
1000,4,0.8813468,23.572388
1000,4,0.91049075,24.220457
1000,4,0.88145393,23.80432
1000,4,0.88154125,24.140259
1000,4,0.88501096,24.271667
1000,4,0.8816416,23.597471
1000,4,0.8848768,23.64142
1000,4,0.88117266,23.56952
1000,4,0.8813466,23.59723
1000,4,0.8806874,23.71466
1000,4,0.88191056,23.604004
1000,4,0.88139415,23.610292
1000,4,0.8814817,23.601746
1000,4,0.88134664,23.575684
1000,4,0.8812029,23.589172
1000,4,0.8812382,23.611511
1000,4,0.8811898,23.607727
1000,4,0.8812278,23.584412
1000,4,0.88126206,23.579897
1000,4,0.88139874,23.600037
1000,4,0.88150406,23.587097
1000,4,0.88133395,23.607971
1000,4,0.8815368,23.579897
1000,4,0.8849663,23.641052
1000,4,0.8814343,23.595825
1000,4,0.8813153,23.568237
1000,4,0.881177,23.578308
1000,4,0.88142794,23.603333
1000,4,0.88133425,23.58008
1000,4,0.8814792,23.598694
1000,4,0.88122547,23.576965
1000,4,0.88145435,23.602844
1000,4,0.8849789,23.630312
1000,4,0.8814716,23.607607
1000,4,0.88161457,23.593445
1000,4,0.883557,23.949951
1000,4,0.8905026,24.46234
1000,4,0.881672,23.60852
1000,4,0.88173467,23.617373
1000,4,0.88335335,23.827454
1000,4,0.8814535,24.337645
1000,4,0.88136995,24.070435
1000,4,0.88146013,23.593994
1000,4,0.8813535,23.721497
1000,4,0.88134706,23.584536
1000,4,0.8813437,23.600525
1000,4,0.8814114,23.578735
1000,4,0.8813593,23.607363
1000,4,0.88138056,23.61493
1000,4,0.88656,23.892822
1000,4,0.88156,23.613098
1000,4,0.88144386,23.59839
1000,4,0.88124806,23.579409
1000,4,0.881317,23.620544
1000,4,0.8812757,23.586182
1000,4,0.88134855,23.619324
1000,4,0.88141334,23.586
1000,4,0.8813268,23.56598
1000,4,0.8813405,23.635132
1000,4,0.88150734,23.782228
1000,4,0.88149416,23.592773
1000,4,0.8813215,23.610962
1000,5,0.7097906,21.791449
1000,5,0.7065793,21.63654
1000,5,0.70651585,21.511541
1000,5,0.71374565,21.51026
1000,5,0.71355546,21.67542
1000,5,0.7696108,22.360111
1000,5,0.70668876,21.655155
1000,5,0.71357745,21.57337
1000,5,0.7152929,21.891727
1000,5,0.71350825,21.646915
1000,5,0.7135725,21.702032
1000,5,0.7101701,21.586187
1000,5,0.7066863,21.558355
1000,5,0.709862,21.655888
1000,5,0.70645803,21.621466
1000,5,0.7136869,21.681952
1000,5,0.7134988,21.599249
1000,5,0.76969177,22.428532
1000,5,0.7064436,21.978886
1000,5,0.713803,22.231632
1000,5,0.7064776,22.06348
1000,5,0.7205333,21.719
1000,5,0.7135631,21.690924
1000,5,0.7064621,21.610909
1000,5,0.7137165,21.618048
1000,5,0.70632446,21.60993
1000,5,0.76951194,22.38654
1000,5,0.7136271,21.597725
1000,5,0.70628655,21.4997
1000,5,0.70634234,21.518072
1000,5,0.7134307,21.739449
1000,5,0.7134985,21.74494
1000,5,0.71345794,21.713812
1000,5,0.7700198,22.55286
1000,5,0.7134549,21.686836
1000,5,0.70674306,21.48908
1000,5,0.7062664,21.563665
1000,5,0.7694606,22.326786
1000,5,0.7063724,21.643375
1000,5,0.71350324,21.786627
1000,5,0.76962095,22.262213
1000,5,0.70632726,21.64008
1000,5,0.70641536,21.699163
1000,5,0.7135137,21.650335
1000,5,0.7065914,21.656012
1000,5,0.71326745,21.767645
1000,5,0.71355134,21.7378
1000,5,0.7065669,21.6659
1000,5,0.71370333,21.684088
1000,5,0.7137132,21.688482
1000,5,0.7134727,21.997564
1000,5,0.71356213,21.694828
1000,5,0.72323906,22.61658
1000,5,0.7142625,22.326296
1000,5,0.707083,22.131475
1000,5,0.71340364,21.7439
1000,5,0.7136601,21.768805
1000,5,0.70723045,22.233707
1000,5,0.71771824,22.438602
1000,5,0.706799,21.732672
1000,5,0.7063662,21.692633
1000,5,0.76951516,22.416996
1000,5,0.70687383,21.72431
1000,5,0.7063145,21.762152
1000,5,0.7063847,22.117008
1000,5,0.7063735,22.073124
1000,5,0.70657,21.878971
1000,5,0.71330726,21.767584
1000,5,0.70642215,21.618477
1000,5,0.7066422,21.630072
1000,5,0.7134183,21.73438
1000,5,0.70624727,21.677374
1000,5,0.7064115,21.676764
1000,5,0.7061005,21.679571
1000,5,0.70979446,21.723331
1000,5,0.76957804,22.4173
1000,5,0.73708576,25.163263
1000,5,0.7181033,22.32404
1000,5,0.70798796,21.84052
1000,5,0.7135934,21.784307
1000,5,0.7063786,21.629644
1000,5,0.76957864,22.477907
1000,5,0.76970303,22.427555
1000,5,0.7065332,21.680977
1000,5,0.7065888,21.661991
1000,5,0.7063123,21.70612
1000,5,0.71357626,21.779669
1000,5,0.7134935,21.775396
1000,5,0.7696849,22.436588
1000,5,0.7136174,21.761784
1000,5,0.7134466,21.791573
1000,5,0.70650804,21.683538
1000,5,0.7177312,22.146185
1000,5,0.71342623,21.732916
1000,5,0.70640254,21.650824
1000,5,0.71354574,21.7945
1000,5,0.7133559,21.764776
1000,5,0.70648843,21.65772
1000,5,0.7065426,21.81043
1000,5,0.7136141,21.798285
1000,5,0.70639175,21.719854
1000,5,0.7064385,21.630133
1000,5,0.7134733,21.80506
1000,5,0.71350574,21.787115
1000,5,0.71355295,21.787786
1000,5,0.7240637,21.871649
1000,5,0.7694754,22.475529
1000,5,0.71370333,21.787054
1000,5,0.72097856,23.681824
1000,5,0.71344537,24.94586
1000,5,0.72270477,23.398195
1000,5,0.7080397,22.4704
1000,5,0.7308558,23.985779
1000,5,0.713539,21.807137
1000,5,0.70643085,21.705938
1000,5,0.7137362,21.80048
1000,5,0.70663923,21.704535
1000,5,0.7064448,21.692694
1000,5,0.70645785,21.68305
1000,5,0.7693537,22.42194
1000,5,0.7065301,21.713997
1000,5,0.71382385,21.780096
1000,5,0.7134449,21.799444
1000,5,0.713604,21.737188
1000,5,0.71359456,21.78626
1000,5,0.7101157,21.709784
1000,5,0.7064325,21.703312
1000,5,0.7064985,21.693607
1000,5,0.71345854,21.775211
1000,5,0.71343654,21.747503
1000,5,0.7135253,21.777044
1000,5,0.7137388,21.950748
1000,5,0.7136436,21.766483
1000,5,0.7136954,21.74976
1000,5,0.7075669,21.93366
1000,5,0.70648944,21.695196
1000,5,0.71858376,22.445131
1000,5,0.71368384,21.768316
1000,5,0.70628345,21.705084
1000,5,0.7063465,21.682316
1000,5,0.7062444,21.731209
1000,5,0.7065284,21.704046
1000,5,0.71001637,21.76862
1000,5,0.7134306,21.760748
1000,5,0.7063681,21.704535
1000,5,0.7064392,21.699224
1000,5,0.71384114,21.76624
1000,5,0.71376866,21.751717
1000,5,0.71358085,21.775824
1000,5,0.71357983,21.866764
1000,5,0.7137939,21.82862
1000,5,0.7080693,21.85108
1000,5,0.71371335,21.848639
1000,5,0.7064816,21.67304
1000,5,0.7141579,21.877935
1000,5,0.70681596,21.938725
1000,5,0.7074526,22.173588
1000,5,0.7157464,22.359806
1000,5,0.769752,22.4491
1000,5,0.71383846,21.80506
1000,5,0.71341294,21.77326
1000,5,0.707055,21.711065
1000,5,0.70625114,21.727057
1000,5,0.7699095,22.482973
1000,5,0.7067444,21.840887
1000,5,0.7064687,21.718388
1000,5,0.70641947,21.667486
1000,5,0.7136797,21.802008
1000,5,0.71341157,21.79224
1000,5,0.7066505,21.680977
1000,5,0.7064165,21.67298
1000,5,0.7135633,21.765265
1000,5,0.70634943,21.684332
1000,5,0.7063605,21.683784
1000,5,0.71341836,21.784124
1000,5,0.7065936,21.694769
1000,5,0.71306545,22.068548
1000,5,0.7696564,22.479437
1000,5,0.7136125,21.814276
1000,5,0.70632935,21.71308
1000,5,0.70629,21.70484
1000,5,0.7064842,21.655767
1000,5,0.71336985,21.817144
1000,5,0.7067431,21.727545
1000,5,0.70643085,21.738651
1000,5,0.7695736,22.460451
1000,5,0.7135274,21.779364
1000,5,0.7062407,21.705875
1000,5,0.70635706,21.731571
1000,5,0.7064586,21.695744
1000,5,0.7062512,21.687689
1000,5,0.71366626,21.806095
1000,5,0.71370125,21.782536
1000,5,0.7134235,21.79804
1000,5,0.7135698,21.800604
1000,5,0.7065219,21.705816
1000,5,0.7065301,21.864872
1000,5,0.7696698,22.496769
1000,5,0.7134278,21.793402
1000,5,0.71359515,21.814276
1000,5,0.7063997,21.701483
1000,5,0.706846,22.094488
1000,5,0.7122671,22.300114
1000,5,0.70565856,22.02686
1000,5,0.706464,21.748358
1000,5,0.70637435,21.703009
1000,5,0.7134958,21.821966
1000,5,0.71357256,21.78266
1000,5,0.71364915,21.809696
1000,5,0.7132802,21.790045
1000,5,0.70658267,21.728764
1000,5,0.7064692,21.703377
1000,5,0.7064953,21.682013
1000,5,0.70637345,21.736212
1000,5,0.70987433,21.771795
1000,5,0.7313078,22.038456
1000,5,0.7062749,21.696966
1000,5,0.70657223,21.719366
1000,5,0.71459794,22.072636
1000,5,0.70652276,21.70783
1000,5,0.7216809,22.481022
1000,5,0.7101472,21.794315
1000,5,0.70635635,21.681524
1000,5,0.7062558,21.730597
1000,5,0.7064837,21.713507
1000,5,0.7169955,21.84522
1000,5,0.76954514,22.471134
1000,5,0.713551,21.778751
1000,5,0.7064761,21.735418
1000,5,0.70683867,21.924076
1000,5,0.7136328,21.819708
1000,5,0.7207491,21.87171
1000,5,0.7136848,21.814215
1000,5,0.7065595,21.697332
1000,5,0.7064689,21.69782
1000,5,0.70643944,21.753853
1000,5,0.7063646,21.792791
1000,5,0.70643556,21.745428
1000,5,0.7136658,21.814152
1000,5,0.7065128,21.71674
1000,5,0.7066425,21.73548
1000,5,0.7695113,22.464176
1000,5,0.76984537,22.482609
1000,5,0.70646477,21.7049
1000,5,0.7136078,21.829779
1000,5,0.7695491,22.465824
1000,5,0.7695025,22.455385
1000,5,0.706944,22.20667
1000,5,0.7125253,22.442204
1000,5,0.71363753,22.061956
1000,6,0.59088665,20.197214
1000,6,0.5873814,20.123425
1000,6,0.5872245,20.299995
1000,6,0.5871318,20.306225
1000,6,0.58708465,20.304453
1000,6,0.59056306,20.173166
1000,6,0.58765996,20.074411
1000,6,0.5879459,20.088938
1000,6,0.5871914,20.268135
1000,6,0.58727807,20.32722
1000,6,0.58788884,20.32734
1000,6,0.659253,21.241768
1000,6,0.5887579,20.528328
1000,6,0.5877969,20.282907
1000,6,0.58763605,20.4759
1000,6,0.6573753,21.179815
1000,6,0.58791465,20.108835
1000,6,0.6577491,21.130013
1000,6,0.59116554,20.226206
1000,6,0.58788735,20.201487
1000,6,0.6576865,21.143562
1000,6,0.6017092,20.46644
1000,6,0.5877334,20.336374
1000,6,0.58725744,20.286448
1000,6,0.5877118,20.141672
1000,6,0.5876337,20.336618
1000,6,0.6011656,20.434456
1000,6,0.58715427,20.182505
1000,6,0.60172796,20.421944
1000,6,0.58780485,20.222849
1000,6,0.5875695,20.334297
1000,6,0.58801824,20.168344
1000,6,0.58778834,20.370613
1000,6,0.5878832,20.361885
1000,6,0.5877738,20.345713
1000,6,0.58776546,20.38038
1000,6,0.5879659,20.34504
1000,6,0.58781856,20.29957
1000,6,0.5878094,20.385569
1000,6,0.5878332,20.363047
1000,6,0.58781916,20.34144
1000,6,0.58783615,20.303476
1000,6,0.587883,20.375252
1000,6,0.5879435,20.34382
1000,6,0.587862,20.206247
1000,6,0.6024773,22.00855
1000,6,0.60923296,22.639467
1000,6,0.60191494,20.581919
1000,6,0.5877223,20.309519
1000,6,0.5878536,20.3285
1000,6,0.5876576,20.355783
1000,6,0.5875384,20.413279
1000,6,0.5870212,20.774544
1000,6,0.5869615,20.703863
1000,6,0.5911524,20.539253
1000,6,0.65775746,21.191168
1000,6,0.5876947,20.212412
1000,6,0.5911251,20.280771
1000,6,0.59110326,20.321724
1000,6,0.5878371,20.3462
1000,6,0.5878606,20.3733
1000,6,0.5878178,20.365429
1000,6,0.5951278,20.70472
1000,6,0.5911736,20.382212
1000,6,0.5878917,20.317085
1000,6,0.5961635,21.12641
1000,6,0.5915341,20.439463
1000,6,0.58787364,20.287058
1000,6,0.5878506,20.36451
1000,6,0.60155535,20.496347
1000,6,0.58783853,20.283825
1000,6,0.5870732,20.294992
1000,6,0.59132266,20.371712
1000,6,0.5879221,20.36329
1000,6,0.6010676,20.502756
1000,6,0.5878333,20.364143
1000,6,0.60519135,20.58332
1000,6,0.5879688,20.251108
1000,6,0.6011005,20.506723
1000,6,0.5877011,20.285835
1000,6,0.58761364,20.369638
1000,6,0.5873386,20.331308
1000,6,0.58767426,20.379036
1000,6,0.5876621,20.358774
1000,6,0.5878717,20.284065
1000,6,0.58712626,20.309336
1000,6,0.58725524,20.32734
1000,6,0.5873562,20.356577
1000,6,0.5868159,20.48188
1000,6,0.5874133,20.378916
1000,6,0.6577417,21.193548
1000,6,0.58776015,20.34443
1000,6,0.5879316,20.319773
1000,6,0.58743346,20.439156
1000,6,0.5875549,20.391855
1000,6,0.58765566,20.38636
1000,6,0.58764225,20.35914
1000,6,0.58767414,20.370857
1000,6,0.58765686,20.366953
1000,6,0.587798,20.332588
1000,6,0.5986715,20.463144
1000,6,0.6016702,20.463999
1000,6,0.5876907,20.326057
1000,6,0.5873104,20.335398
1000,6,0.5876295,20.368479
1000,6,0.58788544,20.395638
1000,6,0.58757454,20.44111
1000,6,0.59746593,20.979866
1000,6,0.5869461,20.73011
1000,6,0.587137,20.768867
1000,6,0.6016242,20.571114
1000,6,0.58771425,20.346262
1000,6,0.5872548,20.36042
1000,6,0.5921527,20.668772
1000,6,0.6012334,20.51899
1000,6,0.5912139,20.3874
1000,6,0.6576655,21.166693
1000,6,0.6578557,21.178047
1000,6,0.5877058,20.315804
1000,6,0.5877459,20.36146
1000,6,0.58735496,20.387644
1000,6,0.58770025,20.378977
1000,6,0.5875542,20.315256
1000,6,0.5878244,20.399424
1000,6,0.5878061,20.366648
1000,6,0.5878794,20.364143
1000,6,0.65758693,21.24665
1000,6,0.58780074,20.32435
1000,6,0.58780736,20.361765
1000,6,0.58767205,20.391916
1000,6,0.65767175,21.211248
1000,6,0.5878268,20.351938
1000,6,0.5876973,20.610481
1000,6,0.59133327,20.425117
1000,6,0.58788216,20.359324
1000,6,0.58781606,20.384104
1000,6,0.6013745,20.595284
1000,6,0.5912436,20.42756
1000,6,0.65776414,21.210213
1000,6,0.5877526,20.362984
1000,6,0.5874662,20.323984
1000,6,0.58762765,20.374216
1000,6,0.58775204,20.365976
1000,6,0.5874954,20.348152
1000,6,0.6016497,20.58973
1000,6,0.58781755,20.34614
1000,6,0.5981537,20.53486
1000,6,0.5877413,20.3509
1000,6,0.5872706,20.30482
1000,6,0.60131574,20.550608
1000,6,0.6017738,20.575632
1000,6,0.59144473,20.42176
1000,6,0.5877358,20.336496
1000,6,0.65773416,21.26081
1000,6,0.5878879,20.355722
1000,6,0.5873309,20.362251
1000,6,0.58740693,20.39686
1000,6,0.5872118,20.407417
1000,6,0.58714396,20.360971
1000,6,0.5877653,20.39692
1000,6,0.60148305,20.557808
1000,6,0.58776194,20.563667
1000,6,0.60086757,21.04383
1000,6,0.65866613,22.03919
1000,6,0.5878897,20.419077
1000,6,0.587818,20.401133
1000,6,0.6084125,21.220589
1000,6,0.5880184,20.388498
1000,6,0.5876865,20.345224
1000,6,0.58749855,20.377144
1000,6,0.5907731,20.441048
1000,6,0.58763,20.529673
1000,6,0.5876457,20.387276
1000,6,0.58781606,20.410652
1000,6,0.5877248,20.397532
1000,6,0.6577378,21.256964
1000,6,0.5877816,20.384409
1000,6,0.59119356,20.432932
1000,6,0.58790976,20.386484
1000,6,0.58773375,20.348335
1000,6,0.60164595,20.57319
1000,6,0.58791226,20.371897
1000,6,0.6576681,21.254217
1000,6,0.58894485,20.476692
1000,6,0.6022815,20.838448
1000,6,0.5874592,20.328804
1000,6,0.6012911,20.548164
1000,6,0.5876044,20.319588
1000,6,0.5871452,20.32722
1000,6,0.5877705,20.414927
1000,6,0.58777887,20.404428
1000,6,0.601765,20.583748
1000,6,0.58743405,20.499949
1000,6,0.5877112,20.363962
1000,6,0.58766675,20.400337
1000,6,0.5876989,20.406199
1000,6,0.5879129,20.414375
1000,6,0.5914268,20.404305
1000,6,0.58781874,20.373728
1000,6,0.5877135,20.396494
1000,6,0.588071,20.385813
1000,6,0.58759284,20.39332
1000,6,0.58731776,20.336985
1000,6,0.5873052,20.3957
1000,6,0.587841,20.378183
1000,6,0.59117043,20.412483
1000,6,0.5877115,20.368296
1000,6,0.587519,20.361399
1000,6,0.58716834,20.415049
1000,6,0.59103215,20.439707
1000,6,0.58778805,20.37336
1000,6,0.58728325,20.523996
1000,6,0.5877445,20.381907
1000,6,0.65877324,21.544012
1000,6,0.5878244,20.373178
1000,6,0.6015128,20.557688
1000,6,0.5878128,20.470345
1000,6,0.590704,20.92292
1000,6,0.60099775,20.954107
1000,6,0.60197866,20.663584
1000,6,0.5877039,20.357737
1000,6,0.60166115,20.593758
1000,6,0.5878089,20.364511
1000,6,0.5872894,20.359016
1000,6,0.5906151,20.435127
1000,6,0.5877691,20.382639
1000,6,0.5877256,20.39686
1000,6,0.59101206,20.440866
1000,6,0.58761823,20.371223
1000,6,0.5875002,20.377268
1000,6,0.60161346,20.605537
1000,6,0.6016987,20.552073
1000,6,0.6013941,20.548103
1000,6,0.59825665,20.500437
1000,6,0.5874188,20.351084
1000,6,0.58762693,20.39576
1000,6,0.5910803,20.444223
1000,6,0.58773094,20.393808
1000,6,0.58775586,20.387705
1000,6,0.60532635,20.637093
1000,6,0.58765334,20.365305
1000,6,0.59763336,20.526743
1000,6,0.5873846,20.399544
1000,6,0.5876966,20.35151
1000,6,0.58780533,20.397896
1000,6,0.58769125,20.414682
1000,6,0.5878011,20.40168
1000,6,0.5879223,20.393867
1000,6,0.5877018,20.425303
1000,6,0.59827757,20.533638
1000,7,0.5203184,19.23982
1000,7,0.5087288,19.239635
1000,7,0.5057531,18.94856
1000,7,0.50580776,19.055004
1000,7,0.5091798,19.202772
1000,7,0.50601983,19.005749
1000,7,0.5056809,19.071424
1000,7,0.5194704,19.37306
1000,7,0.50576144,19.141918
1000,7,0.5056404,19.146437
1000,7,0.5053802,19.068432
1000,7,0.52317643,19.301891
1000,7,0.50567496,19.083263
1000,7,0.50595176,19.073376
1000,7,0.5511823,19.688547
1000,7,0.50559115,19.073742
1000,7,0.51275426,19.514357
1000,7,0.50601614,19.043348
1000,7,0.50591576,19.145275
1000,7,0.50581956,19.21626
1000,7,0.5117727,19.792124
1000,7,0.5198668,19.382883
1000,7,0.5058016,19.104933
1000,7,0.50584257,19.186352
1000,7,0.5056824,19.142408
1000,7,0.50937647,19.269482
1000,7,0.51512986,19.351452
1000,7,0.51482624,19.39082
1000,7,0.5116285,19.30946
1000,7,0.5512883,19.724804
1000,7,0.50571865,19.111462
1000,7,0.50584984,19.116468
1000,7,0.50569916,19.215832
1000,7,0.50576454,19.189892
1000,7,0.5056445,19.173168
1000,7,0.50566936,19.045116
1000,7,0.50583076,19.102308
1000,7,0.5056697,19.190746
1000,7,0.50547445,19.163708
1000,7,0.50582665,19.034252
1000,7,0.50637233,19.296091
1000,7,0.50595725,19.190258
1000,7,0.5232913,19.41621
1000,7,0.51980066,19.298656
1000,7,0.5057787,19.06056
1000,7,0.50573087,19.131056
1000,7,0.5080513,19.220716
1000,7,0.5056741,19.131847
1000,7,0.5056524,19.115671
1000,7,0.5060876,19.077465
1000,7,0.50578237,19.13734
1000,7,0.50599426,19.226452
1000,7,0.5092918,19.232431
1000,7,0.5056625,19.19618
1000,7,0.5089582,19.248486
1000,7,0.503811,19.13014
1000,7,0.50578177,19.157604
1000,7,0.5159928,20.697212
1000,7,0.5326176,21.145088
1000,7,0.5122888,19.8155
1000,7,0.55113184,19.78358
1000,7,0.5057403,19.127453
1000,7,0.5094003,19.260817
1000,7,0.5056983,19.177624
1000,7,0.50592345,19.174816
1000,7,0.5056719,19.202526
1000,7,0.5055427,19.185316
1000,7,0.50594133,19.176525
1000,7,0.5059329,19.098768
1000,7,0.50578517,19.182508
1000,7,0.5056326,19.208141
1000,7,0.5055348,19.2234
1000,7,0.5056289,19.194653
1000,7,0.50599146,19.150707
1000,7,0.50568175,19.176464
1000,7,0.5103423,19.545176
1000,7,0.50551933,19.15852
1000,7,0.505853,19.183666
1000,7,0.5058408,19.188856
1000,7,0.5057441,19.219372
1000,7,0.50566113,19.181105
1000,7,0.50566554,19.171703
1000,7,0.5058644,19.253918
1000,7,0.5057936,19.16554
1000,7,0.50555515,19.19984
1000,7,0.5059054,19.156261
1000,7,0.5056172,19.15858
1000,7,0.5057874,19.150707
1000,7,0.5513147,19.786081
1000,7,0.5093342,19.188185
1000,7,0.5499015,19.889355
1000,7,0.51497954,19.343027
1000,7,0.5113779,19.312023
1000,7,0.5088787,19.23878
1000,7,0.50556314,19.164808
1000,7,0.5059209,19.182568
1000,7,0.5059408,19.194347
1000,7,0.5085477,19.467785
1000,7,0.52824825,21.194893
1000,7,0.5604618,22.468264
1000,7,0.51941746,20.402168
1000,7,0.50770485,19.555004
1000,7,0.507792,19.635632
1000,7,0.51977235,20.830149
1000,7,0.5096376,19.62678
1000,7,0.5058868,19.230177
1000,7,0.5513512,19.773752
1000,7,0.5058365,19.171581
1000,7,0.50568694,19.19276
1000,7,0.5055369,19.210705
1000,7,0.5060213,19.16792
1000,7,0.5057832,19.213818
1000,7,0.50581884,19.199108
1000,7,0.5057761,19.232372
1000,7,0.5058249,19.149733
1000,7,0.5058194,19.193617
1000,7,0.5060157,19.217236
1000,7,0.5057925,19.235973
1000,7,0.5057924,19.23164
1000,7,0.505903,19.213512
1000,7,0.5056735,19.217602
1000,7,0.506051,19.172314
1000,7,0.50917506,19.274303
1000,7,0.5058603,19.17854
1000,7,0.50582874,19.206432
1000,7,0.5057206,19.252026
1000,7,0.5154237,19.73402
1000,7,0.5257586,21.384712
1000,7,0.5293902,22.162968
1000,7,0.5235721,21.95258
1000,7,0.5181798,21.846136
1000,7,0.5182086,21.775885
1000,7,0.5400904,21.555548
1000,7,0.5363902,22.314762
1000,7,0.5317539,22.049747
1000,7,0.5375605,21.859137
1000,7,0.5356403,22.093021
1000,7,0.5361312,22.080448
1000,7,0.54492664,22.988161
1000,7,0.53681874,21.95026
1000,7,0.5287467,22.14124
1000,7,0.5400122,22.507265
1000,7,0.5505042,22.609806
1000,7,0.53432024,22.304752
1000,7,0.5277346,22.047977
1000,7,0.5636944,22.772951
1000,7,0.52655566,22.015692
1000,7,0.56144255,20.811045
1000,7,0.5058079,19.216686
1000,7,0.55142164,19.784924
1000,7,0.5059826,19.150158
1000,7,0.5057543,19.200148
1000,7,0.50902283,19.29359
1000,7,0.51500237,19.445324
1000,7,0.51472884,19.417248
1000,7,0.5149826,19.409496
1000,7,0.5082299,19.26582
1000,7,0.50571185,19.192944
1000,7,0.50580376,19.231825
1000,7,0.5055213,19.17732
1000,7,0.5094518,19.323923
1000,7,0.50621074,19.255444
1000,7,0.50609577,19.249159
1000,7,0.50584465,19.270458
1000,7,0.51950747,20.805183
1000,7,0.5138843,20.102793
1000,7,0.5057279,19.307508
1000,7,0.50560945,19.23982
1000,7,0.50584835,19.218945
1000,7,0.50595665,19.22566
1000,7,0.50581664,19.193249
1000,7,0.5060364,19.24348
1000,7,0.505875,19.233835
1000,7,0.5055561,19.24928
1000,7,0.50578094,19.189892
1000,7,0.5087568,19.30232
1000,7,0.5058758,19.196606
1000,7,0.5057982,19.208448
1000,7,0.5057059,19.259106
1000,7,0.50577474,19.221264
1000,7,0.50554377,19.191906
1000,7,0.5058018,19.208815
1000,7,0.5057796,19.197216
1000,7,0.5083967,19.301832
1000,7,0.5060047,19.172314
1000,7,0.50599164,19.247631
1000,7,0.50538355,19.194347
1000,7,0.50570816,19.231825
1000,7,0.5093876,19.286694
1000,7,0.50573164,19.190992
1000,7,0.5059634,19.207897
1000,7,0.5073746,19.528576
1000,7,0.50554556,19.223583
1000,7,0.5056252,19.19923
1000,7,0.50586903,19.298962
1000,7,0.5057149,19.212843
1000,7,0.509272,19.260632
1000,7,0.5059356,19.19154
1000,7,0.5057391,19.207592
1000,7,0.50570494,19.212109
1000,7,0.5057096,19.249523
1000,7,0.50602007,19.235851
1000,7,0.50569403,19.200453
1000,7,0.50564843,19.212414
1000,7,0.5056976,19.20222
1000,7,0.5058604,19.18098
1000,7,0.5512108,19.81538
1000,7,0.5058097,19.201061
1000,7,0.5057495,19.216503
1000,7,0.50916725,19.272108
1000,7,0.5057069,19.20448
1000,7,0.50929195,19.277172
1000,7,0.5057134,19.21156
1000,7,0.5059288,19.208996
1000,7,0.5054432,19.216623
1000,7,0.50567067,19.203016
1000,7,0.51304775,19.290234
1000,7,0.5119249,19.346205
1000,7,0.5153104,19.444653
1000,7,0.5152074,19.478647
1000,7,0.5081512,19.259106
1000,7,0.55128556,19.799816
1000,7,0.5059458,19.204967
1000,7,0.51994985,19.421335
1000,7,0.505774,19.20686
1000,7,0.5057352,19.205578
1000,7,0.5056282,19.1916
1000,7,0.50589556,19.283154
1000,7,0.50570005,19.187084
1000,7,0.5113952,19.317394
1000,7,0.5057203,19.204784
1000,7,0.5056722,19.243725
1000,7,0.5057862,19.181105
1000,7,0.50576216,19.244823
1000,7,0.5055912,19.230297
1000,7,0.5058844,19.21516
1000,7,0.50577015,19.157787
1000,7,0.5513062,19.84486
1000,7,0.5057514,19.190992
1000,7,0.5057447,19.185986
1000,7,0.5512392,19.757944
1000,7,0.5058403,19.191174
1000,7,0.50576746,19.189037
1000,7,0.54700655,19.701366
1000,7,0.55139,19.779308
1000,7,0.50577706,19.174694
1000,7,0.50590616,19.251844
1000,7,0.5056698,19.182753
1000,7,0.5057583,19.229689
1000,7,0.50593597,19.199291
1000,8,0.45215902,18.893444
1000,8,0.44109437,18.441969
1000,8,0.44466764,18.553053
1000,8,0.44125387,18.456617
1000,8,0.4411381,18.47438
1000,8,0.44649905,18.645887
1000,8,0.44830135,18.966076
1000,8,0.44121403,18.491283
1000,8,0.4411886,18.533096
1000,8,0.44152,18.460035
1000,8,0.44121322,18.442884
1000,8,0.4411923,18.50386
1000,8,0.44131434,18.447096
1000,8,0.44090495,18.46443
1000,8,0.44118446,18.538465
1000,8,0.44110075,18.460829
1000,8,0.4413307,18.490004
1000,8,0.4411653,18.519606
1000,8,0.44109997,18.498732
1000,8,0.4412859,18.506544
1000,8,0.44115222,18.591688
1000,8,0.4412729,18.532484
1000,8,0.4411459,18.43434
1000,8,0.44101945,18.537306
1000,8,0.44113702,18.492443
1000,8,0.4412193,18.488356
1000,8,0.4412264,18.493422
1000,8,0.4411277,18.51515
1000,8,0.4441937,18.555984
1000,8,0.4436116,18.57765
1000,8,0.4411584,18.485731
1000,8,0.4411092,18.537731
1000,8,0.44120735,18.490065
1000,8,0.44126162,18.489332
1000,8,0.44113314,18.55116
1000,8,0.4422203,18.52046
1000,8,0.44754484,18.711744
1000,8,0.4476444,18.678358
1000,8,0.44694358,18.672926
1000,8,0.44384956,18.52156
1000,8,0.44110394,18.538343
1000,8,0.4410229,18.498
1000,8,0.44123423,18.473583
1000,8,0.4448237,18.584488
1000,8,0.44126326,18.487988
1000,8,0.44099414,18.485916
1000,8,0.44136524,18.508924
1000,8,0.44125414,18.483597
1000,8,0.44131076,18.552565
1000,8,0.44141474,18.498
1000,8,0.44120744,18.5381
1000,8,0.4413321,18.492443
1000,8,0.44117936,18.483168
1000,8,0.44546723,18.626356
1000,8,0.4441495,18.546705
1000,8,0.44129288,18.527355
1000,8,0.4412292,18.491957
1000,8,0.44121397,18.474625
1000,8,0.44110987,18.529556
1000,8,0.44118148,18.479813
1000,8,0.4412228,18.495802
1000,8,0.4519193,18.661268
1000,8,0.44122648,18.484877
1000,8,0.44111308,18.542557
1000,8,0.44112706,18.502333
1000,8,0.441186,18.489456
1000,8,0.44506624,18.573988
1000,8,0.44108406,18.503798
1000,8,0.44778773,18.834974
1000,8,0.44136053,18.506603
1000,8,0.44125617,18.4969
1000,8,0.441222,18.499525
1000,8,0.4411024,18.540968
1000,8,0.44107488,18.49745
1000,8,0.44096372,18.502516
1000,8,0.44116592,18.56227
1000,8,0.44114575,18.537731
1000,8,0.4411626,18.558851
1000,8,0.44120225,18.552504
1000,8,0.44486582,18.5912
1000,8,0.44128314,18.51448
1000,8,0.4444576,18.603527
1000,8,0.44105205,18.519913
1000,8,0.44107804,18.48738
1000,8,0.44150415,18.473892
1000,8,0.44099352,18.493729
1000,8,0.44093928,18.554457
1000,8,0.44126305,18.52101
1000,8,0.4411674,18.5417
1000,8,0.44119725,18.487928
1000,8,0.44101673,18.487867
1000,8,0.44105038,18.504469
1000,8,0.44491503,18.562574
1000,8,0.44122314,18.47792
1000,8,0.4412236,18.545973
1000,8,0.44132093,18.47096
1000,8,0.4411889,18.49562
1000,8,0.44154063,18.5016
1000,8,0.4411333,18.488052
1000,8,0.4411312,18.541151
1000,8,0.4409958,18.516188
1000,8,0.44110572,18.488052
1000,8,0.441076,18.487137
1000,8,0.44113922,18.550308
1000,8,0.44112492,18.490065
1000,8,0.44132388,18.504349
1000,8,0.4411069,18.469374
1000,8,0.4410715,18.500135
1000,8,0.44140497,18.535477
1000,8,0.44104344,18.474562
1000,8,0.44788176,18.694838
1000,8,0.4958402,19.25404
1000,8,0.44729632,18.651684
1000,8,0.4470815,18.659925
1000,8,0.44116214,18.503736
1000,8,0.44109002,18.51686
1000,8,0.44125724,18.551771
1000,8,0.4410893,18.530104
1000,8,0.46621332,20.113293
1000,8,0.46847102,20.433723
1000,8,0.45095682,19.214611
1000,8,0.4405819,18.520704
1000,8,0.44122118,18.506056
1000,8,0.44117257,18.49568
1000,8,0.44131076,18.5605
1000,8,0.44117194,18.58876
1000,8,0.44116914,18.560987
1000,8,0.4443747,18.564713
1000,8,0.44120863,18.534744
1000,8,0.44121745,18.500565
1000,8,0.44181114,18.544935
1000,8,0.44083822,18.529371
1000,8,0.4411206,18.530289
1000,8,0.44379577,18.611952
1000,8,0.44387087,18.618238
1000,8,0.44528458,18.711256
1000,8,0.44451824,18.782425
1000,8,0.4412712,18.543715
1000,8,0.44109622,18.593151
1000,8,0.44106832,18.508192
1000,8,0.44166508,18.528822
1000,8,0.45237333,19.246777
1000,8,0.44138315,18.557386
1000,8,0.44097176,18.518568
1000,8,0.44118127,18.507338
1000,8,0.4410299,18.578505
1000,8,0.44130602,18.553724
1000,8,0.4415409,18.493116
1000,8,0.44124046,18.549025
1000,8,0.44112122,18.549086
1000,8,0.4411393,18.504286
1000,8,0.4411327,18.50215
1000,8,0.44117814,18.546034
1000,8,0.44132063,18.512037
1000,8,0.4417757,18.61714
1000,8,0.44112527,18.481152
1000,8,0.44111747,18.553055
1000,8,0.4409953,18.508192
1000,8,0.44116125,18.520094
1000,8,0.4410449,18.483961
1000,8,0.441095,18.528517
1000,8,0.44126084,18.492628
1000,8,0.44126153,18.491837
1000,8,0.4411166,18.558668
1000,8,0.44122756,18.510878
1000,8,0.44125414,18.490004
1000,8,0.4409968,18.466017
1000,8,0.4411769,18.481949
1000,8,0.4412617,18.563124
1000,8,0.44120848,18.475721
1000,8,0.4410553,18.465834
1000,8,0.44115347,18.530348
1000,8,0.441132,18.464737
1000,8,0.44108698,18.471329
1000,8,0.44111347,18.445633
1000,8,0.44096655,18.476637
1000,8,0.44098642,18.49452
1000,8,0.4411671,18.508316
1000,8,0.44102848,18.455824
1000,8,0.4411627,18.457657
1000,8,0.44118643,18.46614
1000,8,0.44119313,18.49861
1000,8,0.44117555,18.455091
1000,8,0.44242355,18.502333
1000,8,0.44717702,18.670788
1000,8,0.4473448,18.73384
1000,8,0.4470856,18.674755
1000,8,0.44397277,18.616224
1000,8,0.44115597,18.468033
1000,8,0.44117868,18.438309
1000,8,0.44124293,18.47859
1000,8,0.44114712,18.4355
1000,8,0.44109052,18.494764
1000,8,0.44135818,18.461988
1000,8,0.44404188,18.52168
1000,8,0.44119152,18.430433
1000,8,0.4411781,18.488173
1000,8,0.44126177,18.436049
1000,8,0.44130582,18.425064
1000,8,0.44142884,18.468033
1000,8,0.4411246,18.427809
1000,8,0.44102013,18.42732
1000,8,0.44126302,18.484388
1000,8,0.44732097,18.800243
1000,8,0.44452155,18.530045
1000,8,0.44109184,18.441116
1000,8,0.44131985,18.42549
1000,8,0.4412702,18.483109
1000,8,0.44115636,18.47084
1000,8,0.4448829,18.493176
1000,8,0.4411436,18.44972
1000,8,0.44162214,18.454847
1000,8,0.441421,18.480057
1000,8,0.44121936,18.429947
1000,8,0.44144207,18.454176
1000,8,0.4413165,18.472488
1000,8,0.44121134,18.471329
1000,8,0.44105896,18.453566
1000,8,0.44102085,18.458143
1000,8,0.44096583,18.437757
1000,8,0.44260094,18.49684
1000,8,0.44110957,18.437576
1000,8,0.44121125,18.54048
1000,8,0.44117388,18.434584
1000,8,0.44130674,18.431166
1000,8,0.4412149,18.423841
1000,8,0.44114068,18.56111
1000,8,0.44129628,18.436172
1000,8,0.44122905,18.465897
1000,8,0.44121802,18.467545
1000,8,0.44102654,18.419325
1000,8,0.44122055,18.473768
1000,8,0.444844,18.525345
1000,8,0.44121882,18.465652
1000,8,0.44123667,18.440872
1000,8,0.44123188,18.470106
1000,8,0.4411693,18.477552
1000,8,0.44123057,18.456984
1000,8,0.4412026,18.511
1000,8,0.44494098,18.561354
1000,8,0.44381025,18.551529
1000,8,0.44136477,18.46388
1000,8,0.44112694,18.47212
1000,8,0.44113287,18.492811
1000,8,0.44122258,18.606276
1000,8,0.44488612,18.51808
1000,8,0.4412168,18.451063
1000,8,0.44467562,18.490004
1000,8,0.44097131,18.442884
1000,8,0.44488418,18.495497
1000,9,0.44506,18.4886
1000,9,0.44256172,18.471449
1000,9,0.44157964,18.41554
1000,9,0.4418073,18.44606
1000,9,0.44109717,18.509108
1000,9,0.43789503,18.318556
1000,9,0.43774477,18.275282
1000,9,0.43807983,18.403152
1000,9,0.4445402,18.584791
1000,9,0.44429466,18.561108
1000,9,0.44557375,18.683546
1000,9,0.44583565,18.701183
1000,9,0.44270822,18.403456
1000,9,0.44245204,18.555616
1000,9,0.4426197,18.40492
1000,9,0.441118,18.436232
1000,9,0.44227022,18.536695
1000,9,0.44270977,18.398575
1000,9,0.44078776,18.40724
1000,9,0.4374293,18.284376
1000,9,0.43727845,18.25386
1000,9,0.4425967,18.70674
1000,9,0.43749514,18.292557
1000,9,0.4407001,18.535536
1000,9,0.43757367,18.299086
1000,9,0.43753225,18.294264
1000,9,0.43745285,18.516798
1000,9,0.44638965,19.07179
1000,9,0.4550211,18.988539
1000,9,0.4373713,18.459423
1000,9,0.4374189,18.395704
1000,9,0.43769813,18.399305
1000,9,0.43743283,18.49092
1000,9,0.43950498,18.614576
1000,9,0.44290614,18.41725
1000,9,0.4409762,18.5323
1000,9,0.43751475,18.290113
1000,9,0.44072285,18.38948
1000,9,0.43750417,18.343704
1000,9,0.4394133,18.447218
1000,9,0.43764395,18.329481
1000,9,0.43757915,18.3116
1000,9,0.4391096,18.438246
1000,9,0.43789318,18.502882
1000,9,0.44111547,18.432997
1000,9,0.43744084,18.314161
1000,9,0.4374801,18.444838
1000,9,0.43774414,18.438187
1000,9,0.43724677,18.505568
1000,9,0.44068316,18.672804
1000,9,0.43773302,18.47737
1000,9,0.4401872,18.435196
1000,9,0.43747032,18.476273
1000,9,0.44074592,18.46614
1000,9,0.43772402,18.386856
1000,9,0.44068387,18.605663
1000,9,0.43738925,18.318983
1000,9,0.4373977,18.357985
1000,9,0.43766275,18.41316
1000,9,0.43743807,18.488234
1000,9,0.43727198,18.518385
1000,9,0.43777072,18.45967
1000,9,0.43849283,18.336012
1000,9,0.43830326,18.372452
1000,9,0.4378598,18.326492
1000,9,0.43787524,18.299576
1000,9,0.43718973,18.444656
1000,9,0.43748793,18.406448
1000,9,0.43750188,18.28279
1000,9,0.44074637,18.723646
1000,9,0.43957898,18.425978
1000,9,0.43750843,18.458754
1000,9,0.4373967,18.513685
1000,9,0.4373565,18.455214
1000,9,0.43775228,18.462477
1000,9,0.43747717,18.295057
1000,9,0.43931744,18.507765
1000,9,0.43722486,18.470716
1000,9,0.43728355,18.450577
1000,9,0.43768817,18.426163
1000,9,0.4404165,18.440807
1000,9,0.44080642,18.627882
1000,9,0.44071108,18.418228
1000,9,0.44628197,18.677992
1000,9,0.4440975,18.64076
1000,9,0.44417363,18.615795
1000,9,0.44094726,18.573317
1000,9,0.44076073,18.371412
1000,9,0.4376662,18.38124
1000,9,0.438351,18.414867
1000,9,0.44125488,18.768871
1000,9,0.44068736,18.581373
1000,9,0.4375451,18.520275
1000,9,0.43755788,18.41896
1000,9,0.43715748,18.527664
1000,9,0.43735206,18.502333
1000,9,0.44004816,18.507277
1000,9,0.4401812,18.46968
1000,9,0.43942833,18.340773
1000,9,0.43864265,18.362745
1000,9,0.43888932,18.410109
1000,9,0.4406846,18.527784
1000,9,0.4375353,18.33705
1000,9,0.43738326,18.501415
1000,9,0.43760166,18.540358
1000,9,0.43745434,18.502945
1000,9,0.43706635,18.438553
1000,9,0.44132167,18.511915
1000,9,0.43918604,18.542189
1000,9,0.44106174,18.414137
1000,9,0.44071656,18.435316
1000,9,0.43731236,18.338028
1000,9,0.44080892,18.401442
1000,9,0.43760625,18.509962
1000,9,0.43731996,18.399427
1000,9,0.44087845,18.501295
1000,9,0.43743858,18.393509
1000,9,0.44086295,18.603224
1000,9,0.43763846,18.330765
1000,9,0.44086528,18.512589
1000,9,0.43734944,18.333754
1000,9,0.4373771,18.434036
1000,9,0.43800262,18.540724
1000,9,0.43973336,18.581371
1000,9,0.43757623,18.535536
1000,9,0.4374523,18.571852
1000,9,0.44094595,18.637648
1000,9,0.44003415,18.402784
1000,9,0.44075838,18.549084
1000,9,0.44055405,18.57527
1000,9,0.44098118,18.423964
1000,9,0.44080013,18.46144
1000,9,0.44065055,18.455153
1000,9,0.4376988,18.383316
1000,9,0.4375028,18.34834
1000,9,0.43714294,18.461683
1000,9,0.4373967,18.451612
1000,9,0.4406596,18.561172
1000,9,0.43737423,18.342789
1000,9,0.43735367,18.309095
1000,9,0.44076625,18.540724
1000,9,0.45146373,18.522535
1000,9,0.4373732,18.391066
1000,9,0.43768606,18.419327
1000,9,0.44079742,18.441725
1000,9,0.43737173,18.30928
1000,9,0.4408399,18.510328
1000,9,0.44077158,18.448929
1000,9,0.4374333,18.328568
1000,9,0.44094136,18.53456
1000,9,0.43836585,18.54866
1000,9,0.44083104,18.442396
1000,9,0.4374323,18.356094
1000,9,0.4376299,18.490248
1000,9,0.44208413,18.658216
1000,9,0.4408932,18.553663
1000,9,0.43729728,18.370497
1000,9,0.44572356,18.600416
1000,9,0.452576,19.143812
1000,9,0.44464266,18.590345
1000,9,0.44381094,18.579054
1000,9,0.43743357,18.439589
1000,9,0.43905172,18.387648
1000,9,0.44239292,18.623732
1000,9,0.45143354,19.17323
1000,9,0.44173732,18.501112
1000,9,0.444507,18.515152
1000,9,0.43760672,18.367811
1000,9,0.43768764,18.393568
1000,9,0.43820003,18.487684
1000,9,0.43953538,18.422682
1000,9,0.4376827,18.492325
1000,9,0.4409078,18.472733
1000,9,0.44029748,18.448256
1000,9,0.43752882,18.433058
1000,9,0.44025132,18.528944
1000,9,0.44236484,18.553602
1000,9,0.4426104,18.563185
1000,9,0.4425067,18.518936
1000,9,0.44252452,18.48512
1000,9,0.44283462,18.44258
1000,9,0.4425653,18.427565
1000,9,0.44177917,18.603165
1000,9,0.4415769,18.528456
1000,9,0.44162753,18.455153
1000,9,0.44147477,18.546278
1000,9,0.44151258,18.43904
1000,9,0.43783224,18.357008
1000,9,0.4376332,18.40138
1000,9,0.4408424,18.527967
1000,9,0.4375726,18.421097
1000,9,0.43998566,18.50929
1000,9,0.43916693,18.54341
1000,9,0.43944797,18.4933
1000,9,0.43715283,18.57118
1000,9,0.43752787,18.525467
1000,9,0.44086623,18.398453
1000,9,0.4408602,18.515577
1000,9,0.43776798,18.396317
1000,9,0.4373036,18.526136
1000,9,0.43796986,18.464005
1000,9,0.43746147,18.429825
1000,9,0.4386672,18.63838
1000,9,0.44047454,18.623426
1000,9,0.4371177,18.40834
1000,9,0.44080293,18.434828
1000,9,0.4375289,18.463207
1000,9,0.43748006,18.426163
1000,9,0.43944183,18.591747
1000,9,0.44090644,18.576857
1000,9,0.43949607,18.52931
1000,9,0.45475057,19.586435
1000,9,0.46440595,20.38453
1000,9,0.46773845,19.969797
1000,9,0.43940634,18.607311
1000,9,0.43849492,18.464796
1000,9,0.4408161,18.505997
1000,9,0.43748543,18.336378
1000,9,0.43735474,18.332047
1000,9,0.44186237,18.577831
1000,9,0.44086063,18.443434
1000,9,0.44104713,18.672804
1000,9,0.43752393,18.44618
1000,9,0.44086516,18.651258
1000,9,0.44026494,18.375257
1000,9,0.43737704,18.506668
1000,9,0.44484553,18.876537
1000,9,0.44023,18.555252
1000,9,0.44312194,18.606459
1000,9,0.44281945,18.5392
1000,9,0.44018754,18.467054
1000,9,0.442386,18.687086
1000,9,0.4441997,18.701736
1000,9,0.44427702,18.754347
1000,9,0.44422385,18.744764
1000,9,0.4414007,18.576736
1000,9,0.43768182,18.39186
1000,9,0.44072378,18.550308
1000,9,0.43744126,18.401564
1000,9,0.43713513,18.432997
1000,9,0.44059238,18.56764
1000,9,0.43753672,18.419996
1000,9,0.43749684,18.55226
1000,9,0.43731833,18.532852
1000,9,0.43755472,18.56166
1000,9,0.43750206,18.353346
1000,9,0.43955335,18.553968
1000,9,0.4417059,18.615248
1000,9,0.43759453,18.420301
1000,9,0.44079384,18.649427
1000,10,0.44121075,18.610548
1000,10,0.44747937,19.286083
1000,10,0.45285198,20.068735
1000,10,0.45331317,20.112864
1000,10,0.45419416,20.099436
1000,10,0.4479144,19.679638
1000,10,0.4398195,18.69142
1000,10,0.43497825,18.534073
1000,10,0.4338954,18.542738
1000,10,0.4538689,19.953074
1000,10,0.44032258,18.898512
1000,10,0.43286332,18.38777
1000,10,0.4346838,18.444227
1000,10,0.4347093,18.478895
1000,10,0.4349866,18.429825
1000,10,0.43323943,18.370192
1000,10,0.43684244,18.444288
1000,10,0.43680832,18.453505
1000,10,0.4330084,18.376112
1000,10,0.43473607,18.442213
1000,10,0.43289217,18.367262
1000,10,0.43382663,18.374647
1000,10,0.43336374,18.409803
1000,10,0.43360233,18.408216
1000,10,0.43356466,18.40193
1000,10,0.4332033,18.379835
1000,10,0.43344402,18.387833
1000,10,0.4343516,18.468704
1000,10,0.43443716,18.425428
1000,10,0.43449074,18.445875
1000,10,0.43440828,18.478165
1000,10,0.43269876,18.382704
1000,10,0.4333198,18.380629
1000,10,0.44127002,18.49678
1000,10,0.4412669,18.478773
1000,10,0.43128508,18.351576
1000,10,0.4338514,18.392836
1000,10,0.4331069,18.375809
1000,10,0.43273607,18.376783
1000,10,0.4344606,18.456924
1000,10,0.4326035,18.378616
1000,10,0.43286848,18.378616
1000,10,0.43635756,18.42488
1000,10,0.4364342,18.446852
1000,10,0.4400694,18.791271
1000,10,0.43464974,18.436905
1000,10,0.43473756,18.430008
1000,10,0.43326214,18.402662
1000,10,0.43573397,18.469437
1000,10,0.44286007,18.605787
1000,10,0.4327939,18.38594
1000,10,0.44706255,19.13075
1000,10,0.43211612,18.382032
1000,10,0.43193185,18.354813
1000,10,0.4358691,18.427626
1000,10,0.43225318,18.370192
1000,10,0.43902743,18.534376
1000,10,0.44088235,18.627638
1000,10,0.4436524,18.724072
1000,10,0.44179338,18.649
1000,10,0.4344223,18.50685
1000,10,0.43180647,18.40602
1000,10,0.43192914,18.387527
1000,10,0.43566847,18.439222
1000,10,0.4340909,18.424086
1000,10,0.4344479,18.418165
1000,10,0.43161255,18.36299
1000,10,0.43535697,18.485245
1000,10,0.43723297,18.45326
1000,10,0.43302193,18.377579
1000,10,0.43921542,18.465284
1000,10,0.43301734,18.37062
1000,10,0.4332922,18.386547
1000,10,0.43447065,18.410292
1000,10,0.43248367,18.364147
1000,10,0.43258688,18.385756
1000,10,0.43258038,18.373487
1000,10,0.43479165,18.404676
1000,10,0.43489102,18.4662
1000,10,0.43145496,18.356642
1000,10,0.43177834,18.337784
1000,10,0.43230286,18.390396
1000,10,0.43456915,18.418104
1000,10,0.4337438,18.382826
1000,10,0.43414772,18.398024
1000,10,0.43470958,18.428236
1000,10,0.43455648,18.426832
1000,10,0.4350152,18.416456
1000,10,0.43403068,18.395887
1000,10,0.44125235,18.517044
1000,10,0.432415,18.360365
1000,10,0.4320786,18.35652
1000,10,0.4322876,18.383986
1000,10,0.43199298,18.361893
1000,10,0.43297753,18.390396
1000,10,0.43414313,18.399244
1000,10,0.43280888,18.369217
1000,10,0.43260297,18.375624
1000,10,0.43288884,18.388563
1000,10,0.43301213,18.372328
1000,10,0.43452913,18.427504
1000,10,0.43330082,18.399183
1000,10,0.4345117,18.40834
1000,10,0.43493918,18.46608
1000,10,0.44144365,18.555067
1000,10,0.43211922,18.370436
1000,10,0.4318707,18.343641
1000,10,0.43443167,18.46736
1000,10,0.43497342,18.490795
1000,10,0.44114336,18.49446
1000,10,0.43306518,18.368116
1000,10,0.43399674,18.392044
1000,10,0.4343695,18.418043
1000,10,0.43997872,18.885265
1000,10,0.43322295,18.400284
1000,10,0.43190148,18.330702
1000,10,0.43269134,18.392591
1000,10,0.43449903,18.464188
1000,10,0.43877763,18.590956
1000,10,0.43371195,18.391188
1000,10,0.43315262,18.395887
1000,10,0.43254468,18.364271
1000,10,0.43454754,18.46608
1000,10,0.43455997,18.461683
1000,10,0.43289053,18.402723
1000,10,0.43251488,18.36476
1000,10,0.4331782,18.392591
1000,10,0.43380123,18.424088
1000,10,0.4338875,18.44087
1000,10,0.43446934,18.41774
1000,10,0.43258426,18.377457
1000,10,0.4343959,18.432997
1000,10,0.4389653,18.630323
1000,10,0.44126478,18.64424
1000,10,0.4384811,18.56398
1000,10,0.43799272,18.538588
1000,10,0.43729666,18.499588
1000,10,0.44115597,18.489637
1000,10,0.43293566,18.379408
1000,10,0.433045,18.378065
1000,10,0.43241498,18.425611
1000,10,0.43261084,18.366896
1000,10,0.43466115,18.439468
1000,10,0.43452394,18.432388
1000,10,0.4321092,18.39314
1000,10,0.43522727,18.417921
1000,10,0.43737388,18.452955
1000,10,0.43576434,18.43678
1000,10,0.4355017,18.428663
1000,10,0.43624738,18.43965
1000,10,0.4358601,18.41426
1000,10,0.43552136,18.446241
1000,10,0.43603233,18.40126
1000,10,0.43623573,18.443373
1000,10,0.436002,18.43788
1000,10,0.43650094,18.443253
1000,10,0.43593287,18.46083
1000,10,0.43310803,18.401808
1000,10,0.43438908,18.424452
1000,10,0.43484476,18.445204
1000,10,0.43410638,18.416946
1000,10,0.43454787,18.461744
1000,10,0.43290597,18.379652
1000,10,0.43301183,18.37294
1000,10,0.43302706,18.44673
1000,10,0.43396693,18.400282
1000,10,0.43598643,18.438309
1000,10,0.43779123,18.555555
1000,10,0.43405885,18.399427
1000,10,0.43338686,18.379349
1000,10,0.43281215,18.379105
1000,10,0.43435538,18.460585
1000,10,0.43336967,18.389051
1000,10,0.4353402,18.493544
1000,10,0.43698385,18.443617
1000,10,0.4343435,18.416212
1000,10,0.4335508,18.398453
1000,10,0.43426362,18.446608
1000,10,0.43200597,18.367264
1000,10,0.43231267,18.369703
1000,10,0.43393776,18.44081
1000,10,0.43440458,18.436964
1000,10,0.441094,18.868664
1000,10,0.43478298,18.459488
1000,10,0.43289375,18.396376
1000,10,0.43126684,18.323196
1000,10,0.43221146,18.367872
1000,10,0.43331754,18.377577
1000,10,0.4325057,18.385511
1000,10,0.44213504,19.046095
1000,10,0.44299546,18.828505
1000,10,0.46941212,19.095104
1000,10,0.43965566,18.651684
1000,10,0.43151805,18.346937
1000,10,0.43344855,18.425611
1000,10,0.43224972,18.43324
1000,10,0.4344638,18.4626
1000,10,0.43952036,18.63844
1000,10,0.44113293,18.717115
1000,10,0.44223353,18.726515
1000,10,0.43454558,18.45259
1000,10,0.43431857,18.389051
1000,10,0.43370387,18.409073
1000,10,0.43456867,18.442945
1000,10,0.4328859,18.406385
1000,10,0.43380046,18.398575
1000,10,0.43431845,18.439405
1000,10,0.43800563,18.569654
1000,10,0.4386713,18.576063
1000,10,0.43907195,18.610548
1000,10,0.43888506,18.561293
1000,10,0.43284252,18.392836
1000,10,0.43337694,18.398634
1000,10,0.4342302,18.47792
1000,10,0.43440774,18.493116
1000,10,0.4322424,18.360853
1000,10,0.43255445,18.39192
1000,10,0.4375169,18.468458
1000,10,0.43194124,18.409864
1000,10,0.432672,18.370499
1000,10,0.43439618,18.439589
1000,10,0.43441728,18.485851
1000,10,0.43325397,18.393143
1000,10,0.43530855,18.465834
1000,10,0.43436807,18.402967
1000,10,0.43466708,18.429943
1000,10,0.43459648,18.40602
1000,10,0.43442842,18.421827
1000,10,0.43409836,18.446608
1000,10,0.43607998,18.435072
1000,10,0.43520156,18.439528
1000,10,0.43235168,18.363907
1000,10,0.4351475,18.447828
1000,10,0.4354129,18.439589
1000,10,0.43536207,18.421827
1000,10,0.43508288,18.429825
1000,10,0.4413533,18.534681
1000,10,0.43313128,18.390455
1000,10,0.4325946,18.387955
1000,10,0.43482593,18.416336
1000,10,0.436417,18.447706
1000,10,0.4337313,18.405533
1000,10,0.43233058,18.365795
1000,10,0.4344245,18.442335
1000,10,0.43341175,18.4001
1000,10,0.43441886,18.468948
1000,10,0.43290442,18.408033
1000,10,0.43279383,18.38777
1000,10,0.4340955,18.4131
1000,10,0.43179312,18.361097
1000,11,0.43448484,18.480972
1000,11,0.43586135,18.777355
1000,11,0.43023598,18.478409
1000,11,0.4286905,18.28688
1000,11,0.42669597,18.236708
1000,11,0.42906177,18.268448
1000,11,0.42894658,18.313736
1000,11,0.42937014,18.474869
1000,11,0.42955342,18.378004
1000,11,0.4285816,18.42018
1000,11,0.429473,18.442274
1000,11,0.43923807,18.521072
1000,11,0.42670572,18.233109
1000,11,0.42865604,18.3459
1000,11,0.42882577,18.30586
1000,11,0.4295466,18.357801
1000,11,0.42828846,18.251783
1000,11,0.4313585,18.44386
1000,11,0.42794934,18.350904
1000,11,0.4287962,18.322159
1000,11,0.42918095,18.301893
1000,11,0.43183517,18.393692
1000,11,0.42713252,18.422132
1000,11,0.4375792,18.507704
1000,11,0.4317443,18.359938
1000,11,0.43217415,18.453995
1000,11,0.42703187,18.402355
1000,11,0.4264803,18.19142
1000,11,0.42979205,18.442823
1000,11,0.42836973,18.241592
1000,11,0.42869976,18.328629
1000,11,0.4287789,18.230604
1000,11,0.43922797,18.601088
1000,11,0.43485582,18.552992
1000,11,0.43506214,18.574291
1000,11,0.43577307,18.58357
1000,11,0.42832908,18.386063
1000,11,0.43001288,18.330276
1000,11,0.4287386,18.362259
1000,11,0.4271568,18.220108
1000,11,0.42943552,18.307264
1000,11,0.42910546,18.3058
1000,11,0.42585853,18.239334
1000,11,0.42950678,18.372145
1000,11,0.42817175,18.38252
1000,11,0.42943335,18.40364
1000,11,0.42986268,18.334242
1000,11,0.42889923,18.272535
1000,11,0.42981562,18.271988
1000,11,0.42757776,18.329788
1000,11,0.42709395,18.261671
1000,11,0.42847735,18.376417
1000,11,0.4276762,18.252516
1000,11,0.4260986,18.320816
1000,11,0.42813602,18.33406
1000,11,0.42848572,18.355848
1000,11,0.42793334,18.380692
1000,11,0.4287813,18.325026
1000,11,0.430146,18.522108
1000,11,0.45168492,20.143503
1000,11,0.46655223,20.351694
1000,11,0.43376464,18.859999
1000,11,0.42937976,18.323072
1000,11,0.43098924,18.476637
1000,11,0.42998552,18.394669
1000,11,0.42858398,18.289991
1000,11,0.4318066,18.47212
1000,11,0.42843172,18.321793
1000,11,0.4285906,18.361404
1000,11,0.42920357,18.36476
1000,11,0.42907348,18.441116
1000,11,0.43455908,18.820751
1000,11,0.42932057,18.348707
1000,11,0.4310732,18.336197
1000,11,0.4274139,18.227308
1000,11,0.4304523,18.302383
1000,11,0.42804682,18.2292
1000,11,0.42739832,18.407059
1000,11,0.43829176,18.96864
1000,11,0.4350323,18.654676
1000,11,0.43162036,18.516554
1000,11,0.4303381,18.42732
1000,11,0.42826304,18.369156
1000,11,0.4257623,18.224808
1000,11,0.4301293,18.430067
1000,11,0.4276347,18.397049
1000,11,0.4284963,18.330948
1000,11,0.42919424,18.43428
1000,11,0.4295613,18.39668
1000,11,0.42802536,18.37776
1000,11,0.42853382,18.352797
1000,11,0.42883036,18.396498
1000,11,0.431841,18.379408
1000,11,0.42886922,18.274672
1000,11,0.4294771,18.419449
1000,11,0.43072295,18.31294
1000,11,0.42966044,18.412552
1000,11,0.42896646,18.269424
1000,11,0.42636698,18.243607
1000,11,0.4314052,18.460953
1000,11,0.43116152,18.473463
1000,11,0.43106672,18.336012
1000,11,0.4265932,18.343155
1000,11,0.42841613,18.418104
1000,11,0.42643753,18.270887
1000,11,0.42644235,18.21254
1000,11,0.4286664,18.335035
1000,11,0.42965624,18.346085
1000,11,0.43258184,18.489456
1000,11,0.43571076,18.65431
1000,11,0.43421498,18.573744
1000,11,0.43544066,18.639845
1000,11,0.43431884,18.468702
1000,11,0.42716244,18.275528
1000,11,0.43151093,18.399427
1000,11,0.4300269,18.289564
1000,11,0.42800346,18.371048
1000,11,0.4293867,18.416092
1000,11,0.4281895,18.292616
1000,11,0.42828283,18.360245
1000,11,0.42952722,18.33406
1000,11,0.4269823,18.311417
1000,11,0.430177,18.326857
1000,11,0.43083742,18.37544
1000,11,0.42868865,18.42958
1000,11,0.42895043,18.277723
1000,11,0.4286088,18.357557
1000,11,0.43089497,18.400831
1000,11,0.42817792,18.290602
1000,11,0.42643732,18.205154
1000,11,0.43129146,18.37898
1000,11,0.430501,18.437576
1000,11,0.43030676,18.319777
1000,11,0.43198556,18.439161
1000,11,0.42744306,18.403397
1000,11,0.42914099,18.300856
1000,11,0.42807555,18.349745
1000,11,0.42817143,18.309402
1000,11,0.42772567,18.27992
1000,11,0.42971656,18.331495
1000,11,0.43322936,18.607985
1000,11,0.43024465,18.468092
1000,11,0.42864892,18.372877
1000,11,0.42765066,18.344315
1000,11,0.4295803,18.387892
1000,11,0.42905137,18.391676
1000,11,0.42811498,18.38008
1000,11,0.4286983,18.287308
1000,11,0.429028,18.46492
1000,11,0.4284441,18.281204
1000,11,0.43000415,18.418716
1000,11,0.4306456,18.319227
1000,11,0.4278783,18.341444
1000,11,0.42838186,18.41316
1000,11,0.42752087,18.304457
1000,11,0.4345542,18.477552
1000,11,0.43156865,18.361525
1000,11,0.42703623,18.347792
1000,11,0.42772827,18.362867
1000,11,0.43013307,18.536146
1000,11,0.43047613,18.39131
1000,11,0.42894045,18.260208
1000,11,0.42821133,18.417679
1000,11,0.42925823,18.392408
1000,11,0.4314628,18.415236
1000,11,0.4343607,18.427809
1000,11,0.42738268,18.372513
1000,11,0.43042764,18.443008
1000,11,0.43027526,18.386547
1000,11,0.42893785,18.27864
1000,11,0.43031475,18.332169
1000,11,0.43079844,18.410416
1000,11,0.42874542,18.270887
1000,11,0.42861763,18.398085
1000,11,0.42846084,18.319715
1000,11,0.4288413,18.377028
1000,11,0.42882174,18.41188
1000,11,0.4295026,18.333693
1000,11,0.4265718,18.326612
1000,11,0.42778927,18.262772
1000,11,0.42800578,18.390333
1000,11,0.42677888,18.35774
1000,11,0.4292717,18.422316
1000,11,0.42976335,18.47084
1000,11,0.4285419,18.380873
1000,11,0.4358272,18.653944
1000,11,0.4354229,18.639784
1000,11,0.43564188,18.605238
1000,11,0.43206963,18.558058
1000,11,0.42842183,18.38472
1000,11,0.42960143,18.422438
1000,11,0.42747772,18.328321
1000,11,0.42850015,18.320328
1000,11,0.42870605,18.367443
1000,11,0.42809758,18.290968
1000,11,0.4308952,18.370253
1000,11,0.4306744,18.503248
1000,11,0.4315303,18.390152
1000,11,0.43055743,18.435255
1000,11,0.42906672,18.425797
1000,11,0.42780405,18.325027
1000,11,0.42882547,18.402296
1000,11,0.42679146,18.294632
1000,11,0.42761046,18.37886
1000,11,0.42675534,18.358292
1000,11,0.430084,18.535109
1000,11,0.43116087,18.486893
1000,11,0.42807326,18.42787
1000,11,0.42702112,18.4344
1000,11,0.42923206,18.484327
1000,11,0.43329072,18.773512
1000,11,0.42838863,18.374344
1000,11,0.4289407,18.469984
1000,11,0.42861682,18.383133
1000,11,0.42962116,18.446913
1000,11,0.43148848,18.426893
1000,11,0.42647287,18.255997
1000,11,0.4284791,18.451246
1000,11,0.43973276,19.058483
1000,11,0.42939654,18.422989
1000,11,0.43018883,18.396864
1000,11,0.4303647,18.40364
1000,11,0.42817485,18.372631
1000,11,0.42892453,18.329725
1000,11,0.4287921,18.3282
1000,11,0.42738408,18.389725
1000,11,0.42916253,18.425673
1000,11,0.42791387,18.346937
1000,11,0.42808473,18.364088
1000,11,0.4283322,18.450636
1000,11,0.4284794,18.401197
1000,11,0.42701706,18.356827
1000,11,0.42675588,18.244032
1000,11,0.42860457,18.445997
1000,11,0.4283298,18.328688
1000,11,0.42738876,18.34584
1000,11,0.42882288,18.367018
1000,11,0.42812783,18.354628
1000,11,0.43062454,18.421583
1000,11,0.43199313,18.61537
1000,11,0.44088802,18.976757
1000,11,0.42955643,18.364576
1000,11,0.4290255,18.384537
1000,11,0.4297098,18.490858
1000,11,0.42871356,18.296827
1000,11,0.4284596,18.415848
1000,11,0.4281347,18.346022
1000,11,0.4276054,18.467848
1000,11,0.42751527,18.412672
1000,11,0.42908615,18.343033
1000,12,0.42864448,18.441725
1000,12,0.42626905,18.352736
1000,12,0.42792284,18.427689
1000,12,0.42291108,18.2762
1000,12,0.42531583,18.287855
1000,12,0.4253407,18.296768
1000,12,0.4253069,18.29994
1000,12,0.42511946,18.293531
1000,12,0.42243376,18.231094
1000,12,0.42234457,18.261488
1000,12,0.42269424,18.292921
1000,12,0.42933172,18.458328
1000,12,0.43161875,18.491774
1000,12,0.42890024,18.444715
1000,12,0.430479,18.511
1000,12,0.42619354,18.360672
1000,12,0.4226852,18.240248
1000,12,0.42322022,18.300734
1000,12,0.42258173,18.2668
1000,12,0.42540535,18.31764
1000,12,0.4251234,18.279982
1000,12,0.42278722,18.25392
1000,12,0.42509004,18.311293
1000,12,0.422657,18.239271
1000,12,0.42537495,18.353895
1000,12,0.42324758,18.264296
1000,12,0.422704,18.282972
1000,12,0.4278669,18.396254
1000,12,0.42449912,18.262589
1000,12,0.42522925,18.271439
1000,12,0.4305404,18.687208
1000,12,0.425631,18.344618
1000,12,0.42530444,18.318497
1000,12,0.42238373,18.25514
1000,12,0.42262056,18.257645
1000,12,0.4232032,18.301893
1000,12,0.4228287,18.288773
1000,12,0.42553133,18.30635
1000,12,0.42256635,18.267897
1000,12,0.42520145,18.31697
1000,12,0.42399645,18.28932
1000,12,0.425152,18.262648
1000,12,0.42519343,18.320875
1000,12,0.42314437,18.268812
1000,12,0.4251151,18.28871
1000,12,0.42306966,18.274979
1000,12,0.42609337,18.306717
1000,12,0.4253389,18.384293
1000,12,0.42752007,18.39888
1000,12,0.4256339,18.348097
1000,12,0.42610666,18.350843
1000,12,0.42561594,18.352798
1000,12,0.42642742,18.378004
1000,12,0.42633057,18.356276
1000,12,0.42316157,18.274246
1000,12,0.42680377,18.400587
1000,12,0.4224023,18.274672
1000,12,0.4277782,18.40901
1000,12,0.42851037,18.454725
1000,12,0.42662132,18.356888
1000,12,0.42670184,18.38484
1000,12,0.42556617,18.348524
1000,12,0.42264038,18.253004
1000,12,0.4248581,18.284864
1000,12,0.4249408,18.34529
1000,12,0.42675692,18.367384
1000,12,0.42493474,18.266432
1000,12,0.4232914,18.304457
1000,12,0.42382342,18.303236
1000,12,0.42507315,18.330704
1000,12,0.4225954,18.24452
1000,12,0.4224956,18.237928
1000,12,0.42431718,18.330214
1000,12,0.42452538,18.296156
1000,12,0.42508402,18.327284
1000,12,0.42597035,18.32997
1000,12,0.42501572,18.295912
1000,12,0.4257458,18.344925
1000,12,0.42515582,18.33467
1000,12,0.42437556,18.314405
1000,12,0.4267696,18.384415
1000,12,0.42590195,18.352613
1000,12,0.42553157,18.335953
1000,12,0.42260617,18.237259
1000,12,0.42329496,18.31758
1000,12,0.42369536,18.264051
1000,12,0.42228854,18.249464
1000,12,0.42209157,18.233475
1000,12,0.43144336,18.566175
1000,12,0.4307737,18.485672
1000,12,0.43248802,18.523634
1000,12,0.42918998,18.458876
1000,12,0.42666134,18.382156
1000,12,0.42456317,18.290176
1000,12,0.4227917,18.281324
1000,12,0.4250515,18.295912
1000,12,0.42498958,18.360428
1000,12,0.4255556,18.349012
1000,12,0.42502326,18.301407
1000,12,0.42507654,18.282425
1000,12,0.4227893,18.297745
1000,12,0.42785367,18.634535
1000,12,0.4253997,18.370316
1000,12,0.42511395,18.3069
1000,12,0.42241293,18.267653
1000,12,0.42492822,18.326307
1000,12,0.42770687,18.351332
1000,12,0.4232598,18.2845
1000,12,0.42508104,18.313734
1000,12,0.43426907,19.006847
1000,12,0.42744678,18.496656
1000,12,0.42598087,18.36299
1000,12,0.42722216,18.382338
1000,12,0.42520833,18.270828
1000,12,0.4243179,18.32875
1000,12,0.4246433,18.32881
1000,12,0.4252913,18.339676
1000,12,0.42528558,18.36299
1000,12,0.42635253,18.354261
1000,12,0.42206386,18.266981
1000,12,0.42432633,18.301285
1000,12,0.42277223,18.271376
1000,12,0.4230774,18.284315
1000,12,0.42252594,18.277176
1000,12,0.42806414,18.409803
1000,12,0.42296153,18.276443
1000,12,0.42643175,18.375624
1000,12,0.42669612,18.376236
1000,12,0.42505428,18.327162
1000,12,0.42265192,18.259476
1000,12,0.42578337,18.385267
1000,12,0.4255119,18.346512
1000,12,0.4247711,18.351393
1000,12,0.422321,18.239212
1000,12,0.4248264,18.297194
1000,12,0.42540315,18.351212
1000,12,0.4252509,18.317152
1000,12,0.42676672,18.394728
1000,12,0.42510977,18.336805
1000,12,0.42532623,18.326004
1000,12,0.4245974,18.28279
1000,12,0.42841262,18.458632
1000,12,0.4246785,18.289503
1000,12,0.42255354,18.29756
1000,12,0.42573732,18.35237
1000,12,0.4224601,18.274244
1000,12,0.42515972,18.29762
1000,12,0.42522138,18.312208
1000,12,0.4254802,18.344496
1000,12,0.4250576,18.295668
1000,12,0.42457289,18.303663
1000,12,0.42522863,18.3069
1000,12,0.42278045,18.28566
1000,12,0.42514965,18.289991
1000,12,0.42379302,18.312147
1000,12,0.42227793,18.277664
1000,12,0.42513588,18.319471
1000,12,0.42638108,18.445751
1000,12,0.42242378,18.285355
1000,12,0.42293096,18.3047
1000,12,0.42490095,18.280167
1000,12,0.42252502,18.256056
1000,12,0.4330368,19.108837
1000,12,0.44693056,20.000254
1000,12,0.44489342,19.815561
1000,12,0.4315176,18.647535
1000,12,0.4317828,18.549393
1000,12,0.43419504,18.671522
1000,12,0.42725408,18.409803
1000,12,0.4250671,18.286757
1000,12,0.4240407,18.291946
1000,12,0.42904153,18.668715
1000,12,0.42470255,18.286148
1000,12,0.42572296,18.343641
1000,12,0.42594042,18.384659
1000,12,0.42228246,18.274305
1000,12,0.42928928,18.360365
1000,12,0.42377856,18.281876
1000,12,0.42275262,18.265516
1000,12,0.4250115,18.312208
1000,12,0.42245665,18.247452
1000,12,0.42451808,18.327833
1000,12,0.42510617,18.320082
1000,12,0.42329958,18.286024
1000,12,0.4241321,18.286268
1000,12,0.4245927,18.28816
1000,12,0.4252287,18.358109
1000,12,0.42251167,18.280716
1000,12,0.4253313,18.302504
1000,12,0.422258,18.26222
1000,12,0.4223862,18.265396
1000,12,0.42670387,18.415602
1000,12,0.42629048,18.382093
1000,12,0.42596182,18.343155
1000,12,0.4261645,18.388136
1000,12,0.42687255,18.438675
1000,12,0.4224144,18.254713
1000,12,0.4231841,18.31874
1000,12,0.42294368,18.239578
1000,12,0.4262061,18.538038
1000,12,0.44460094,19.987986
1000,12,0.4402755,19.85786
1000,12,0.44145244,19.945263
1000,12,0.44421571,19.997446
1000,12,0.4273664,18.60536
1000,12,0.4261117,18.485792
1000,12,0.42579067,18.516066
1000,12,0.4288485,18.69679
1000,12,0.44525492,19.763193
1000,12,0.42699125,18.559889
1000,12,0.4252722,18.324171
1000,12,0.4254547,18.307144
1000,12,0.42519274,18.399733
1000,12,0.42478028,18.328016
1000,12,0.42343268,18.283766
1000,12,0.42265674,18.280348
1000,12,0.4231968,18.294691
1000,12,0.42325932,18.286573
1000,12,0.42503563,18.288956
1000,12,0.4253385,18.36238
1000,12,0.42253333,18.29396
1000,12,0.42264715,18.274672
1000,12,0.4251286,18.313002
1000,12,0.42252216,18.256424
1000,12,0.4252731,18.336683
1000,12,0.42509902,18.311476
1000,12,0.42446613,18.299393
1000,12,0.42547974,18.312635
1000,12,0.4222902,18.290909
1000,12,0.42340893,18.314224
1000,12,0.4243021,18.299026
1000,12,0.42431486,18.314468
1000,12,0.4247048,18.29988
1000,12,0.42406097,18.325148
1000,12,0.4233765,18.276627
1000,12,0.42538336,18.34059
1000,12,0.44007987,18.531448
1000,12,0.42243767,18.283033
1000,12,0.42642,18.379349
1000,12,0.42604947,18.361708
1000,12,0.42660952,18.377823
1000,12,0.42653736,18.419811
1000,12,0.43586472,18.894484
1000,12,0.4320409,18.526869
1000,12,0.43116203,18.524183
1000,12,0.4291117,18.483412
1000,12,0.4252378,18.330765
1000,12,0.42426512,18.30806
1000,12,0.4262595,18.388807
1000,12,0.42553303,18.38002
1000,13,0.4317936,18.872204
1000,13,0.41801354,18.137833
1000,13,0.41778407,18.066116
1000,13,0.41813794,18.051893
1000,13,0.41555017,18.03627
1000,13,0.41727808,18.090103
1000,13,0.4393827,18.337477
1000,13,0.41542095,18.100784
1000,13,0.4201947,18.124529
1000,13,0.42027232,18.203629
1000,13,0.41875675,18.155472
1000,13,0.4157693,18.07399
1000,13,0.42038795,18.138441
1000,13,0.42009017,18.134352
1000,13,0.42046613,18.138931
1000,13,0.42017075,18.144361
1000,13,0.4202286,18.175735
1000,13,0.42078567,18.22078
1000,13,0.41582748,18.054459
1000,13,0.42087197,18.135208
1000,13,0.417144,18.123611
1000,13,0.41982803,18.148756
1000,13,0.41783342,18.05629
1000,13,0.4182046,18.067276
1000,13,0.41584057,18.02742
1000,13,0.41724825,18.071426
1000,13,0.41538444,17.979568
1000,13,0.41546002,18.08113
1000,13,0.41759896,18.062943
1000,13,0.41802257,18.142347
1000,13,0.4172399,18.108047
1000,13,0.41695017,18.078812
1000,13,0.41611218,18.08345
1000,13,0.41710192,18.082472
1000,13,0.42017314,18.227615
1000,13,0.4181505,18.083632
1000,13,0.42029354,18.13539
1000,13,0.4197557,18.118544
1000,13,0.41760665,18.026564
1000,13,0.41688815,18.058548
1000,13,0.41689172,18.076124
1000,13,0.41575333,18.016678
1000,13,0.4175651,18.057447
1000,13,0.41646203,18.05818
1000,13,0.41798034,18.060987
1000,13,0.4202488,18.14308
1000,13,0.4201492,18.12422
1000,13,0.42046705,18.145706
1000,13,0.41708675,18.11769
1000,13,0.41767067,18.08882
1000,13,0.42081174,18.15596
1000,13,0.41577378,18.023697
1000,13,0.4157802,18.008743
1000,13,0.42020047,18.137772
1000,13,0.42056397,18.144484
1000,13,0.4203488,18.201124
1000,13,0.41708,18.055923
1000,13,0.41592696,18.000992
1000,13,0.4178612,18.070875
1000,13,0.41551882,18.03444
1000,13,0.41977894,18.188309
1000,13,0.41762358,18.02986
1000,13,0.4187952,18.13484
1000,13,0.422306,18.45668
1000,13,0.41581807,18.08162
1000,13,0.4150116,18.055128
1000,13,0.42061237,18.173904
1000,13,0.41727102,18.095352
1000,13,0.4187774,18.157486
1000,13,0.42054096,18.196793
1000,13,0.42551094,18.385452
1000,13,0.4258155,18.38484
1000,13,0.4249643,18.37831
1000,13,0.42205235,18.292435
1000,13,0.4279305,18.40254
1000,13,0.41810167,18.089493
1000,13,0.41713652,18.074356
1000,13,0.41527727,18.00624
1000,13,0.41540593,18.144728
1000,13,0.41713434,18.037796
1000,13,0.41554716,18.033035
1000,13,0.41638637,18.128187
1000,13,0.4175924,18.097672
1000,13,0.41992992,18.182877
1000,13,0.4162072,18.079544
1000,13,0.4162042,18.05635
1000,13,0.4176908,18.113419
1000,13,0.4172278,18.143324
1000,13,0.41728342,18.106764
1000,13,0.4187182,18.075394
1000,13,0.41565317,18.051771
1000,13,0.4201062,18.138504
1000,13,0.4197484,18.186539
1000,13,0.41767997,18.146254
1000,13,0.41764596,18.099564
1000,13,0.41734523,18.139051
1000,13,0.41762972,18.131056
1000,13,0.4203497,18.345472
1000,13,0.41721308,18.052383
1000,13,0.41671544,18.03798
1000,13,0.4393612,18.374283
1000,13,0.41540098,18.029984
1000,13,0.4175809,18.070572
1000,13,0.41656217,18.040787
1000,13,0.41496572,18.038162
1000,13,0.4157352,18.11348
1000,13,0.42135188,18.179214
1000,13,0.4173232,18.108353
1000,13,0.41627702,18.067032
1000,13,0.41729325,18.076551
1000,13,0.41537452,18.021744
1000,13,0.41743204,18.125809
1000,13,0.4148728,18.0027
1000,13,0.4394572,18.402115
1000,13,0.41562995,18.02742
1000,13,0.41488656,17.99733
1000,13,0.41583937,18.108719
1000,13,0.4184128,18.16194
1000,13,0.41679043,18.069595
1000,13,0.41706204,18.045303
1000,13,0.41583776,18.020216
1000,13,0.4173227,18.083939
1000,13,0.41703898,18.053848
1000,13,0.41925013,18.125198
1000,13,0.41978794,18.127579
1000,13,0.41787896,18.081436
1000,13,0.42048955,18.14778
1000,13,0.41918278,18.123123
1000,13,0.4202293,18.184769
1000,13,0.42199805,18.309156
1000,13,0.415777,18.094559
1000,13,0.41609415,18.095045
1000,13,0.4158306,18.094315
1000,13,0.415587,18.070694
1000,13,0.4157021,18.084488
1000,13,0.42257756,18.45259
1000,13,0.41861042,18.097916
1000,13,0.42051223,18.172928
1000,13,0.42149207,18.233475
1000,13,0.4165635,18.107313
1000,13,0.439449,18.37306
1000,13,0.41554698,18.084673
1000,13,0.41547632,18.071793
1000,13,0.41542694,18.122208
1000,13,0.4265875,18.754408
1000,13,0.41761532,18.141188
1000,13,0.42072266,18.15828
1000,13,0.4154438,18.077955
1000,13,0.42540106,18.417616
1000,13,0.425684,18.416945
1000,13,0.42602396,18.38362
1000,13,0.42339686,18.38655
1000,13,0.41963214,18.248184
1000,13,0.4205305,18.222244
1000,13,0.4197618,18.13594
1000,13,0.41561288,18.139969
1000,13,0.416037,18.071
1000,13,0.41643214,18.071182
1000,13,0.41662836,18.095474
1000,13,0.41740012,18.106644
1000,13,0.41860175,18.180128
1000,13,0.4173705,18.157425
1000,13,0.4200031,18.190811
1000,13,0.41833222,18.14717
1000,13,0.420772,18.17903
1000,13,0.4174064,18.112991
1000,13,0.4151668,18.117693
1000,13,0.41573778,18.114515
1000,13,0.41603312,18.196608
1000,13,0.41627845,18.148512
1000,13,0.41538724,18.16182
1000,13,0.43935308,18.487196
1000,13,0.41562706,18.098343
1000,13,0.42032444,18.20076
1000,13,0.41586405,18.119095
1000,13,0.4197762,18.145643
1000,13,0.41599655,18.089005
1000,13,0.420564,18.202103
1000,13,0.41909614,18.320145
1000,13,0.41504374,18.088028
1000,13,0.41725543,18.09053
1000,13,0.42119038,18.19081
1000,13,0.41783428,18.167679
1000,13,0.4164757,18.101088
1000,13,0.42129174,18.283155
1000,13,0.42060214,18.293348
1000,13,0.421507,18.22145
1000,13,0.42217383,18.260633
1000,13,0.4197361,18.129105
1000,13,0.42057353,18.169388
1000,13,0.42080802,18.21492
1000,13,0.41793266,18.116592
1000,13,0.41552657,18.06996
1000,13,0.41772795,18.119888
1000,13,0.41734657,18.089796
1000,13,0.41610384,18.065811
1000,13,0.41744116,18.181595
1000,13,0.4179862,18.084976
1000,13,0.4162319,18.01918
1000,13,0.4192676,18.199478
1000,13,0.41523248,18.00862
1000,13,0.41581482,18.116043
1000,13,0.41629007,18.112196
1000,13,0.41791764,18.160048
1000,13,0.41765887,18.123672
1000,13,0.41690055,18.14296
1000,13,0.423005,18.474745
1000,13,0.41936788,18.258863
1000,13,0.4173743,18.084183
1000,13,0.41789746,18.128616
1000,13,0.41553807,18.054886
1000,13,0.4173406,18.15248
1000,13,0.4156097,18.032059
1000,13,0.4159427,18.054886
1000,13,0.4203441,18.230421
1000,13,0.41741568,18.143692
1000,13,0.41531163,18.06398
1000,13,0.41991466,18.162796
1000,13,0.42025933,18.234756
1000,13,0.41873142,18.10878
1000,13,0.42021504,18.152115
1000,13,0.41987112,18.159622
1000,13,0.4202636,18.152784
1000,13,0.42025062,18.140823
1000,13,0.42026946,18.17311
1000,13,0.42052594,18.213882
1000,13,0.42203534,18.280104
1000,13,0.42549148,18.435196
1000,13,0.42183542,18.255629
1000,13,0.42158106,18.276505
1000,13,0.4202539,18.221512
1000,13,0.41777313,18.139664
1000,13,0.41540176,18.091568
1000,13,0.41623896,18.136
1000,13,0.41615403,18.038832
1000,13,0.41779524,18.125015
1000,13,0.417632,18.06636
1000,13,0.41572297,18.119156
1000,13,0.42954627,18.250443
1000,13,0.4174445,18.044144
1000,13,0.41854945,18.18306
1000,13,0.42499024,18.32527
1000,13,0.41531262,18.038897
1000,13,0.4184014,18.102491
1000,13,0.41611928,18.150225
1000,13,0.41711876,18.070816
1000,13,0.4158237,18.12471
1000,13,0.41543338,18.079908
1000,13,0.42095065,18.215103
1000,13,0.42085263,18.17134
1000,14,0.42171654,18.411818
1000,14,0.41414553,18.156263
1000,14,0.41584006,18.18428
1000,14,0.41398266,18.131544
1000,14,0.41385052,18.137403
1000,14,0.41345665,18.13417
1000,14,0.41557488,18.170668
1000,14,0.4156513,18.185196
1000,14,0.41375476,18.137892
1000,14,0.41444808,18.10823
1000,14,0.41515216,18.182327
1000,14,0.41467705,18.14601
1000,14,0.41486275,18.136978
1000,14,0.41359204,18.141432
1000,14,0.4127717,18.074783
1000,14,0.41454944,18.203321
1000,14,0.4154117,18.211317
1000,14,0.4154212,18.19014
1000,14,0.41487533,18.172745
1000,14,0.41179422,18.117203
1000,14,0.4133079,18.132095
1000,14,0.4152571,18.18843
1000,14,0.43340087,19.56538
1000,14,0.44685626,20.30079
1000,14,0.424233,18.928295
1000,14,0.41567236,18.229263
1000,14,0.41469836,18.164383
1000,14,0.41306907,18.119156
1000,14,0.41759798,18.461927
1000,14,0.41477448,18.138136
1000,14,0.41601717,18.244095
1000,14,0.41541517,18.21492
1000,14,0.41455102,18.151138
1000,14,0.41458735,18.11531
1000,14,0.41527513,18.203444
1000,14,0.41427365,18.162855
1000,14,0.41592154,18.177992
1000,14,0.4168243,18.39955
1000,14,0.42864317,18.897963
1000,14,0.4213553,18.377394
1000,14,0.42096975,18.39064
1000,14,0.4152966,18.208021
1000,14,0.41212544,18.110062
1000,14,0.4156045,18.208328
1000,14,0.41397834,18.148575
1000,14,0.41798976,18.346085
1000,14,0.419064,18.375748
1000,14,0.4165318,18.298416
1000,14,0.41862595,18.376724
1000,14,0.41541958,18.238356
1000,14,0.41399208,18.165848
1000,14,0.4120156,18.137344
1000,14,0.4145325,18.164017
1000,14,0.4124876,18.109207
1000,14,0.41437915,18.175797
1000,14,0.42016265,18.408829
1000,14,0.42156807,18.420301
1000,14,0.41740662,18.3188
1000,14,0.41714975,18.279005
1000,14,0.41529197,18.158707
1000,14,0.41528356,18.219803
1000,14,0.41531274,18.201368
1000,14,0.41486132,18.177383
1000,14,0.41401747,18.165297
1000,14,0.4146987,18.159197
1000,14,0.41356814,18.130508
1000,14,0.4130359,18.122025
1000,14,0.41229653,18.11647
1000,14,0.41425166,18.145584
1000,14,0.41461056,18.136612
1000,14,0.4158303,18.197584
1000,14,0.4145491,18.139175
1000,14,0.41387686,18.12294
1000,14,0.4163912,18.252516
1000,14,0.41629657,18.259232
1000,14,0.4152643,18.182936
1000,14,0.41619828,18.2563
1000,14,0.41419876,18.141556
1000,14,0.41474092,18.180433
1000,14,0.41306183,18.136185
1000,14,0.41566473,18.225172
1000,14,0.4218556,18.287855
1000,14,0.41525516,18.234388
1000,14,0.41238633,18.108168
1000,14,0.4148768,18.16664
1000,14,0.41458553,18.181595
1000,14,0.4131777,18.118973
1000,14,0.414723,18.1902
1000,14,0.41394928,18.195328
1000,14,0.41541442,18.235489
1000,14,0.4133121,18.141676
1000,14,0.41392148,18.13588
1000,14,0.41491768,18.18904
1000,14,0.4141786,18.139236
1000,14,0.414592,18.161575
1000,14,0.41467524,18.14656
1000,14,0.4152648,18.205704
1000,14,0.41618696,18.214249
1000,14,0.41376492,18.17427
1000,14,0.41175878,18.120377
1000,14,0.41769236,18.46559
1000,14,0.41588494,18.231888
1000,14,0.41234207,18.146194
1000,14,0.41602352,18.236832
1000,14,0.41207126,18.166212
1000,14,0.41405785,18.17256
1000,14,0.41612008,18.267591
1000,14,0.41497508,18.208755
1000,14,0.41574708,18.214676
1000,14,0.41550422,18.21675
1000,14,0.4141739,18.173172
1000,14,0.4165987,18.230787
1000,14,0.41442764,18.149
1000,14,0.4146765,18.133926
1000,14,0.41558874,18.230848
1000,14,0.4159484,18.22548
1000,14,0.41418907,18.143448
1000,14,0.4121846,18.112745
1000,14,0.4155554,18.208328
1000,14,0.41276535,18.139847
1000,14,0.41270348,18.125443
1000,14,0.41266775,18.088882
1000,14,0.41410643,18.150892
1000,14,0.41225925,18.125443
1000,14,0.41467792,18.155775
1000,14,0.41367796,18.154127
1000,14,0.4143931,18.132767
1000,14,0.41471604,18.159803
1000,14,0.41574284,18.23848
1000,14,0.41580015,18.206068
1000,14,0.4158314,18.235245
1000,14,0.41479233,18.199293
1000,14,0.41528407,18.209915
1000,14,0.41654202,18.275831
1000,14,0.41735765,18.281996
1000,14,0.41949973,18.372208
1000,14,0.4237826,18.431654
1000,14,0.42061856,18.384415
1000,14,0.41593078,18.223707
1000,14,0.41198862,18.126661
1000,14,0.41558427,18.249954
1000,14,0.4152845,18.19374
1000,14,0.4150363,18.207596
1000,14,0.41470334,18.21028
1000,14,0.41274056,18.14479
1000,14,0.41569078,18.210892
1000,14,0.41233048,18.118544
1000,14,0.41396004,18.138807
1000,14,0.41458756,18.171461
1000,14,0.41211855,18.1371
1000,14,0.41447526,18.159378
1000,14,0.41461223,18.194105
1000,14,0.4144289,18.186539
1000,14,0.41556475,18.218155
1000,14,0.41277188,18.125135
1000,14,0.41465095,18.164383
1000,14,0.4147838,18.174026
1000,14,0.4122999,18.152784
1000,14,0.41317332,18.130142
1000,14,0.41197956,18.139603
1000,14,0.41553375,18.271317
1000,14,0.4149182,18.2079
1000,14,0.4128512,18.161636
1000,14,0.4133956,18.147842
1000,14,0.41493082,18.209732
1000,14,0.41419503,18.189161
1000,14,0.41488913,18.188492
1000,14,0.41483456,18.19502
1000,14,0.41461536,18.155533
1000,14,0.41538855,18.205948
1000,14,0.41540375,18.23616
1000,14,0.41277462,18.165052
1000,14,0.4665928,19.146923
1000,14,0.41483882,18.15779
1000,14,0.4145984,18.186722
1000,14,0.416086,18.24208
1000,14,0.4133838,18.157667
1000,14,0.41273928,18.137892
1000,14,0.41190472,18.106827
1000,14,0.41510016,18.21736
1000,14,0.41478196,18.192947
1000,14,0.414394,18.173048
1000,14,0.4254018,18.849379
1000,14,0.41497687,18.2397
1000,14,0.41594464,18.254896
1000,14,0.414008,18.150953
1000,14,0.4118231,18.13356
1000,14,0.4146974,18.133436
1000,14,0.41187093,18.104446
1000,14,0.4144561,18.164625
1000,14,0.41316393,18.15474
1000,14,0.4149999,18.219007
1000,14,0.41341785,18.169996
1000,14,0.4150592,18.210464
1000,14,0.4147929,18.179092
1000,14,0.41558316,18.19429
1000,14,0.41544387,18.242447
1000,14,0.41449735,18.20204
1000,14,0.41619664,18.251905
1000,14,0.41561273,18.22145
1000,14,0.41566902,18.20143
1000,14,0.41466123,18.199234
1000,14,0.417708,18.399303
1000,14,0.41446096,18.156752
1000,14,0.41558528,18.219559
1000,14,0.41531098,18.197523
1000,14,0.41520026,18.23207
1000,14,0.4147544,18.154434
1000,14,0.41492823,18.233109
1000,14,0.41531545,18.20253
1000,14,0.41466168,18.178785
1000,14,0.41474414,18.174088
1000,14,0.41792265,18.328749
1000,14,0.4191297,18.320816
1000,14,0.4200366,18.334549
1000,14,0.41952002,18.31294
1000,14,0.41692266,18.343763
1000,14,0.41338873,18.160536
1000,14,0.41411242,18.163223
1000,14,0.41463315,18.16719
1000,14,0.41326827,18.130323
1000,14,0.41591254,18.232132
1000,14,0.41490856,18.198011
1000,14,0.41695017,18.464552
1000,14,0.41542017,18.19783
1000,14,0.4155196,18.2267
1000,14,0.41495463,18.162184
1000,14,0.41424644,18.155533
1000,14,0.41212752,18.147596
1000,14,0.41434008,18.148636
1000,14,0.4129006,18.139969
1000,14,0.41530785,18.225296
1000,14,0.41476014,18.197645
1000,14,0.4149072,18.184402
1000,14,0.4149061,18.197523
1000,14,0.4149457,18.21437
1000,14,0.41525647,18.187332
1000,14,0.41389817,18.12532
1000,14,0.41499877,18.159683
1000,14,0.41348872,18.13893
1000,14,0.4144206,18.16957
1000,14,0.4119634,18.14302
1000,14,0.4143911,18.15248
1000,14,0.41430607,18.178663
1000,14,0.41527292,18.304152
1000,14,0.41816837,18.480177
1000,14,0.41358513,18.134596
1000,14,0.41503006,18.186539
1000,14,0.4133177,18.120865
1000,14,0.4139318,18.184769
1000,15,0.4175639,18.264662
1000,15,0.41246745,18.2386
1000,15,0.41232163,18.12764
1000,15,0.4120081,18.20613
1000,15,0.41214025,18.08461
1000,15,0.41289145,18.189283
1000,15,0.4121913,18.113665
1000,15,0.41276503,18.136793
1000,15,0.41292298,18.184647
1000,15,0.41295508,18.141188
1000,15,0.41206428,18.156996
1000,15,0.41180247,18.163404
1000,15,0.41291928,18.183607
1000,15,0.41265702,18.126175
1000,15,0.41240093,18.13362
1000,15,0.41205093,18.128555
1000,15,0.4126383,18.133987
1000,15,0.41201806,18.122084
1000,15,0.41218796,18.104996
1000,15,0.41242874,18.153944
1000,15,0.41227227,18.159195
1000,15,0.40937,18.064957
1000,15,0.41206113,18.189224
1000,15,0.41308576,18.279312
1000,15,0.41236198,18.136063
1000,15,0.41275394,18.164747
1000,15,0.41216862,18.10774
1000,15,0.4121446,18.083267
1000,15,0.41220382,18.062147
1000,15,0.41166753,18.109632
1000,15,0.41204843,18.128372
1000,15,0.41203997,18.0782
1000,15,0.4119702,18.094984
1000,15,0.4122086,18.1537
1000,15,0.41176218,18.13466
1000,15,0.41175768,18.096937
1000,15,0.412919,18.146864
1000,15,0.41267037,18.100233
1000,15,0.41337004,18.2137
1000,15,0.41208196,18.122147
1000,15,0.41198394,18.162064
1000,15,0.41248208,18.148817
1000,15,0.41635248,18.364637
1000,15,0.4133118,18.31172
1000,15,0.4132153,18.285536
1000,15,0.41329256,18.293531
1000,15,0.41208762,18.148512
1000,15,0.4126135,18.14308
1000,15,0.41202912,18.134415
1000,15,0.41187295,18.098099
1000,15,0.41165417,18.114944
1000,15,0.41248384,18.126417
1000,15,0.41199517,18.102247
1000,15,0.41305634,18.121351
1000,15,0.4121807,18.112259
1000,15,0.41237205,18.096756
1000,15,0.41179836,18.093338
1000,15,0.4100116,18.062208
1000,15,0.4124106,18.120071
1000,15,0.41228333,18.099564
1000,15,0.41268948,18.155716
1000,15,0.41193143,18.110794
1000,15,0.41224694,18.168348
1000,15,0.41232336,18.13948
1000,15,0.41039312,18.118362
1000,15,0.4125412,18.140028
1000,15,0.4124171,18.117567
1000,15,0.41845393,18.52876
1000,15,0.41233993,18.104813
1000,15,0.41322392,18.178299
1000,15,0.40951756,18.037125
1000,15,0.4122786,18.12892
1000,15,0.4119358,18.145035
1000,15,0.41195238,18.102798
1000,15,0.4121071,18.113052
1000,15,0.41210526,18.128555
1000,15,0.4123106,18.102371
1000,15,0.410099,18.125992
1000,15,0.43030095,19.362743
1000,15,0.4120597,18.194107
1000,15,0.41262537,18.261122
1000,15,0.41244477,18.105728
1000,15,0.41217977,18.120499
1000,15,0.4124732,18.104263
1000,15,0.4121859,18.099564
1000,15,0.4119864,18.126053
1000,15,0.4106445,18.14595
1000,15,0.4121599,18.111526
1000,15,0.4121852,18.137403
1000,15,0.41250464,18.132523
1000,15,0.4120185,18.113419
1000,15,0.41241714,18.139051
1000,15,0.4137675,18.1642
1000,15,0.41277197,18.31166
1000,15,0.41279873,18.239456
1000,15,0.4128699,18.199171
1000,15,0.41198507,18.137403
1000,15,0.4119806,18.113235
1000,15,0.41237858,18.176407
1000,15,0.41157183,18.169691
1000,15,0.41241398,18.222366
1000,15,0.41298,18.141739
1000,15,0.41221318,18.12062
1000,15,0.41241345,18.136671
1000,15,0.4125263,18.15126
1000,15,0.41310292,18.293776
1000,15,0.4132713,18.206617
1000,15,0.41215163,18.122025
1000,15,0.41250822,18.251783
1000,15,0.41223407,18.130936
1000,15,0.4103997,18.11238
1000,15,0.41233167,18.125992
1000,15,0.41260964,18.142591
1000,15,0.41205463,18.11653
1000,15,0.41257295,18.145037
1000,15,0.4131769,18.34181
1000,15,0.4127803,18.231764
1000,15,0.41155633,18.10231
1000,15,0.41249514,18.130997
1000,15,0.41219717,18.15657
1000,15,0.4117401,18.100721
1000,15,0.41451156,18.328506
1000,15,0.41659993,18.385328
1000,15,0.4149316,18.324232
1000,15,0.41226846,18.266249
1000,15,0.41265088,18.232496
1000,15,0.41230294,18.149368
1000,15,0.41248378,18.140396
1000,15,0.41215888,18.10164
1000,15,0.41300964,18.154188
1000,15,0.4124785,18.144363
1000,15,0.41206363,18.10066
1000,15,0.41223127,18.13716
1000,15,0.41188657,18.099136
1000,15,0.4121735,18.1111
1000,15,0.4118621,18.229628
1000,15,0.41551846,18.349564
1000,15,0.44004646,20.003428
1000,15,0.44433805,20.079172
1000,15,0.42824113,19.368359
1000,15,0.41866145,18.568434
1000,15,0.4122971,18.13832
1000,15,0.40970752,18.088272
1000,15,0.41268682,18.221756
1000,15,0.41269433,18.222548
1000,15,0.41268486,18.141981
1000,15,0.4120537,18.115372
1000,15,0.41283372,18.169388
1000,15,0.41247377,18.138626
1000,15,0.41220343,18.13246
1000,15,0.4121281,18.123732
1000,15,0.4119724,18.130203
1000,15,0.41206247,18.126783
1000,15,0.41255435,18.120924
1000,15,0.4122384,18.185804
1000,15,0.41277105,18.178907
1000,15,0.41244188,18.161024
1000,15,0.41233942,18.14418
1000,15,0.4127319,18.16774
1000,15,0.41223723,18.194044
1000,15,0.41265857,18.171707
1000,15,0.4122525,18.18672
1000,15,0.41219398,18.142288
1000,15,0.4126675,18.16011
1000,15,0.412134,18.179152
1000,15,0.4121152,18.17256
1000,15,0.41213608,18.15846
1000,15,0.4120065,18.1277
1000,15,0.4297608,19.407543
1000,15,0.42752546,19.591015
1000,15,0.43390983,19.790844
1000,15,0.4335721,19.75758
1000,15,0.42739052,19.373974
1000,15,0.41187418,18.17848
1000,15,0.41274917,18.20613
1000,15,0.41412258,18.355057
1000,15,0.4139657,18.340223
1000,15,0.41302505,18.296097
1000,15,0.44311646,20.02058
1000,15,0.4183494,18.68495
1000,15,0.4118884,18.16902
1000,15,0.41212493,18.156141
1000,15,0.4124724,18.17256
1000,15,0.41230303,18.219864
1000,15,0.41219297,18.120743
1000,15,0.4122115,18.170486
1000,15,0.41283143,18.149796
1000,15,0.41130847,18.251905
1000,15,0.41233656,18.189713
1000,15,0.4123931,18.21846
1000,15,0.41256422,18.195084
1000,15,0.4128753,18.168531
1000,15,0.4132822,18.346085
1000,15,0.41214746,18.178663
1000,15,0.41200417,18.209791
1000,15,0.4119229,18.23384
1000,15,0.41202343,18.209364
1000,15,0.41287225,18.170364
1000,15,0.4120695,18.134537
1000,15,0.41194975,18.140518
1000,15,0.41169903,18.311905
1000,15,0.4146194,18.317152
1000,15,0.41282567,18.323807
1000,15,0.41605052,18.377516
1000,15,0.41603476,18.38948
1000,15,0.41267666,18.174208
1000,15,0.4120048,18.151505
1000,15,0.41278985,18.260756
1000,15,0.41211548,18.168776
1000,15,0.4121033,18.133072
1000,15,0.41206333,18.18605
1000,15,0.41219142,18.117811
1000,15,0.41617417,18.569103
1000,15,0.41248217,18.292068
1000,15,0.4125849,18.286695
1000,15,0.40948433,18.12184
1000,15,0.41256458,18.165236
1000,15,0.41225934,18.26094
1000,15,0.41210693,18.224564
1000,15,0.4122626,18.188492
1000,15,0.41198185,18.142164
1000,15,0.4097121,18.090652
1000,15,0.41137937,18.12825
1000,15,0.42718974,18.976452
1000,15,0.4123825,18.150467
1000,15,0.41249293,18.17427
1000,15,0.41206065,18.132032
1000,15,0.41105208,18.225296
1000,15,0.41150635,18.134232
1000,15,0.4123797,18.159864
1000,15,0.4092936,18.11122
1000,15,0.41271296,18.24202
1000,15,0.41236147,18.158707
1000,15,0.4131991,18.357985
1000,15,0.41151792,18.158524
1000,15,0.4118731,18.15895
1000,15,0.41218278,18.2975
1000,15,0.41203275,18.146132
1000,15,0.41231272,18.161757
1000,15,0.41256395,18.218887
1000,15,0.41266757,18.189283
1000,15,0.41243476,18.221085
1000,15,0.41231412,18.141432
1000,15,0.41183305,18.125624
1000,15,0.41227332,18.222672
1000,15,0.4123136,18.242996
1000,15,0.41290325,18.272232
1000,15,0.41236106,18.192396
1000,15,0.41217613,18.192276
1000,15,0.42111778,18.770275
1000,16,0.43477327,19.689648
1000,16,0.4242443,19.26643
1000,16,0.42353958,19.195934
1000,16,0.42608842,19.360607
1000,16,0.4241157,19.218945
1000,16,0.4259331,19.31422
1000,16,0.42647564,19.330517
1000,16,0.4283308,19.650036
1000,16,0.43015763,19.699656
1000,16,0.43271092,19.839428
1000,16,0.43436435,20.010324
1000,16,0.43546307,19.984934
1000,16,0.43101534,19.81422
1000,16,0.42992306,19.667368
1000,16,0.43188578,19.759836
1000,16,0.4292393,19.404308
1000,16,0.4323235,19.84614
1000,16,0.43738762,19.92506
1000,16,0.42016977,19.104076
1000,16,0.4161473,18.675184
1000,16,0.40821233,18.317457
1000,16,0.42534238,19.360607
1000,16,0.42475262,19.339731
1000,16,0.4269242,19.390207
1000,16,0.42828447,19.428171
1000,16,0.42768884,19.523754
1000,16,0.4254818,19.292004
1000,16,0.4244832,19.304882
1000,16,0.4280717,19.490856
1000,16,0.42695424,19.381176
1000,16,0.43137166,19.630444
1000,16,0.44751856,20.305183
1000,16,0.43257916,19.699108
1000,16,0.42528316,19.409863
1000,16,0.42849898,19.596752
1000,16,0.42611977,19.343212
1000,16,0.42414495,19.301647
1000,16,0.42294577,19.233532
1000,16,0.43220752,19.775097
1000,16,0.42265844,19.174755
1000,16,0.42557368,19.283825
1000,16,0.42283058,19.236525
1000,16,0.42588094,19.328442
1000,16,0.4241115,19.374462
1000,16,0.42998564,19.77058
1000,16,0.4400955,20.233774
1000,16,0.43365228,19.837412
1000,16,0.4270807,19.455822
1000,16,0.4362147,19.988537
1000,16,0.4376301,20.06312
1000,16,0.43757167,20.099436
1000,16,0.43926314,20.086555
1000,16,0.43865812,20.119944
1000,16,0.44181058,20.169687
1000,16,0.43965882,20.126291
1000,16,0.44072476,20.165173
1000,16,0.43688586,19.959972
1000,16,0.44357994,20.112864
1000,16,0.4394385,20.139536
1000,16,0.4400287,20.02894
1000,16,0.413259,18.600538
1000,16,0.4068022,18.19136
1000,16,0.40736458,18.231337
1000,16,0.40712497,18.152603
1000,16,0.40772742,18.215712
1000,16,0.41212946,18.34114
1000,16,0.40990308,18.326796
1000,16,0.40898442,18.279432
1000,16,0.4121091,18.307999
1000,16,0.4074292,18.161512
1000,16,0.4068618,18.162003
1000,16,0.40702498,18.202164
1000,16,0.4068885,18.140152
1000,16,0.40749398,18.238111
1000,16,0.4067115,18.133863
1000,16,0.4071526,18.20027
1000,16,0.40773398,18.188368
1000,16,0.406842,18.233719
1000,16,0.40748113,18.1418
1000,16,0.40767497,18.217909
1000,16,0.4072827,18.155413
1000,16,0.42515117,19.183727
1000,16,0.4322344,19.760752
1000,16,0.42945555,19.632397
1000,16,0.5099916,22.083256
1000,16,0.47145984,20.864388
1000,16,0.42523614,19.297497
1000,16,0.4329404,19.846018
1000,16,0.41395018,18.4626
1000,16,0.4072024,18.168531
1000,16,0.40736043,18.178907
1000,16,0.4065274,18.176771
1000,16,0.40684977,18.15071
1000,16,0.4073253,18.182447
1000,16,0.40589043,18.142225
1000,16,0.40752405,18.212051
1000,16,0.40695167,18.160599
1000,16,0.40756947,18.227676
1000,16,0.40594763,18.170424
1000,16,0.40742007,18.205032
1000,16,0.4065589,18.137892
1000,16,0.40643004,18.19722
1000,16,0.407364,18.155533
1000,16,0.40703547,18.150831
1000,16,0.40702334,18.17134
1000,16,0.4147424,18.639969
1000,16,0.41093338,18.29158
1000,16,0.4099374,18.32582
1000,16,0.40986526,18.389114
1000,16,0.40981337,18.3235
1000,16,0.41120026,18.379835
1000,16,0.4086112,18.25154
1000,16,0.41095945,18.294876
1000,16,0.4066818,18.184464
1000,16,0.4071429,18.143509
1000,16,0.40915674,18.185377
1000,16,0.41944918,19.0688
1000,16,0.42168742,18.913649
1000,16,0.40796474,18.202164
1000,16,0.40715784,18.17311
1000,16,0.41402534,18.333265
1000,16,0.4083651,18.186539
1000,16,0.40756437,18.183365
1000,16,0.40975645,18.217667
1000,16,0.4080373,18.228836
1000,16,0.41042832,18.334732
1000,16,0.40675813,18.174452
1000,16,0.40842274,18.219864
1000,16,0.40851897,18.200392
1000,16,0.407887,18.186356
1000,16,0.40673006,18.14424
1000,16,0.40684524,18.141739
1000,16,0.4090275,18.21138
1000,16,0.406565,18.157364
1000,16,0.4074504,18.150772
1000,16,0.41049385,18.2538
1000,16,0.40679356,18.184952
1000,16,0.40774465,18.213272
1000,16,0.40625483,18.170975
1000,16,0.40735912,18.214552
1000,16,0.4074877,18.208694
1000,16,0.407111,18.248243
1000,16,0.4075153,18.219193
1000,16,0.4067433,18.164017
1000,16,0.40747362,18.195875
1000,16,0.40632102,18.136429
1000,16,0.40734392,18.219984
1000,16,0.40683344,18.141617
1000,16,0.40856665,18.26802
1000,16,0.40700567,18.132584
1000,16,0.4067465,18.137222
1000,16,0.40607247,18.1443
1000,16,0.40712383,18.158218
1000,16,0.40732023,18.174208
1000,16,0.40662023,18.147657
1000,16,0.4072343,18.164871
1000,16,0.40721452,18.205336
1000,16,0.40590277,18.121048
1000,16,0.40764648,18.210587
1000,16,0.40667704,18.131483
1000,16,0.40640593,18.156631
1000,16,0.40621257,18.12532
1000,16,0.40651965,18.160414
1000,16,0.4070833,18.133926
1000,16,0.40667844,18.197159
1000,16,0.4062198,18.145216
1000,16,0.40756282,18.23152
1000,16,0.41638723,18.409988
1000,16,0.4072058,18.17073
1000,16,0.40745023,18.20546
1000,16,0.40734568,18.179825
1000,16,0.40757406,18.184156
1000,16,0.40790278,18.308792
1000,16,0.40942237,18.250565
1000,16,0.40861794,18.21846
1000,16,0.40635076,18.192335
1000,16,0.40707365,18.161451
1000,16,0.40652403,18.18672
1000,16,0.4125596,18.552137
1000,16,0.4062625,18.173416
1000,16,0.40763563,18.220167
1000,16,0.40867347,18.209244
1000,16,0.4058055,18.13948
1000,16,0.40702254,18.157974
1000,16,0.40748137,18.164625
1000,16,0.4059017,18.151075
1000,16,0.4095948,18.311232
1000,16,0.41106242,18.326674
1000,16,0.40992737,18.29628
1000,16,0.4099145,18.292921
1000,16,0.4114902,18.336988
1000,16,0.40654215,18.140518
1000,16,0.40696064,18.155045
1000,16,0.40665936,18.146376
1000,16,0.40607828,18.150345
1000,16,0.40734258,18.146927
1000,16,0.40709615,18.182999
1000,16,0.40609416,18.116592
1000,16,0.40648627,18.179884
1000,16,0.40812108,18.2798
1000,16,0.40612087,18.185255
1000,16,0.40691373,18.1595
1000,16,0.4059449,18.118177
1000,16,0.40766272,18.179152
1000,16,0.40678802,18.179947
1000,16,0.40800384,18.225967
1000,16,0.4070297,18.154676
1000,16,0.40673313,18.164444
1000,16,0.40766674,18.231092
1000,16,0.40636492,18.190565
1000,16,0.40713236,18.142227
1000,16,0.40900952,18.249283
1000,16,0.40606326,18.13771
1000,16,0.4077617,18.24092
1000,16,0.40561876,18.127945
1000,16,0.4065061,18.132215
1000,16,0.40618116,18.147413
1000,16,0.4065595,18.152967
1000,16,0.40700632,18.14308
1000,16,0.40680832,18.15254
1000,16,0.40653947,18.15419
1000,16,0.40673122,18.157972
1000,16,0.407149,18.183607
1000,16,0.40690148,18.154678
1000,16,0.40775502,18.254349
1000,16,0.4071332,18.217728
1000,16,0.4064111,18.133375
1000,16,0.4070178,18.14479
1000,16,0.4073367,18.23091
1000,16,0.40690738,18.153824
1000,16,0.40652457,18.159132
1000,16,0.41724485,18.317823
1000,16,0.4063334,18.12776
1000,16,0.40758345,18.17848
1000,16,0.40672594,18.14711
1000,16,0.40597883,18.157852
1000,16,0.40662596,18.15187
1000,16,0.40671253,18.188187
1000,16,0.40624,18.15712
1000,16,0.40677452,18.167557
1000,16,0.40938532,18.32466
1000,16,0.40667826,18.161024
1000,16,0.4069012,18.165543
1000,16,0.40979233,18.326859
1000,16,0.40667868,18.165052
1000,16,0.40744948,18.207596
1000,16,0.40742627,18.19258
1000,16,0.4071336,18.142408
1000,16,0.40771633,18.188368
1000,16,0.40661827,18.157364
1500,1,13.748275,226.1495
1500,1,13.575275,215.37183
1500,1,13.600729,217.85979
1500,1,13.546325,213.7998
1500,1,13.635902,217.47461
1500,1,13.604063,216.43327
1500,1,13.5683565,212.81122
1500,1,13.564589,211.4925
1500,1,13.565804,208.0909
1500,1,13.582148,209.87074
1500,1,13.561756,207.5942
1500,1,13.775637,216.92076
1500,1,13.686848,213.79462
1500,1,13.59126,203.89389
1500,1,13.570173,204.35934
1500,1,13.564673,204.30704
1500,1,13.553971,202.96042
1500,1,13.571061,206.55887
1500,1,13.567075,204.69864
1500,1,13.575548,206.19296
1500,1,13.539736,202.97812
1500,1,13.553246,202.78854
1500,1,13.718896,211.42273
1500,1,13.563408,201.95079
1500,1,13.5748,204.20639
1500,1,13.550113,201.23203
1500,1,13.591969,202.64145
1500,1,13.577311,203.91135
1500,1,13.594118,202.18484
1500,1,13.564757,203.16324
1500,1,13.570705,201.58041
1500,1,13.635669,209.30428
1500,1,13.543207,200.6077
1500,1,13.712987,208.45747
1500,1,13.745281,213.95587
1500,1,13.603211,202.88235
1500,1,13.575319,203.75241
1500,1,13.582681,201.73416
1500,1,13.551982,200.94278
1500,1,13.5727005,203.33742
1500,1,13.576693,202.06406
1500,1,13.574214,203.50461
1500,1,13.550556,200.63731
1500,1,13.560945,202.5505
1500,1,13.707963,207.72292
1500,1,13.550338,200.88133
1500,1,13.577423,203.64072
1500,1,13.554779,200.74039
1500,1,13.583959,203.80453
1500,1,13.59487,202.53531
1500,1,13.570171,201.16171
1500,1,13.563367,202.68839
1500,1,13.553906,200.64658
1500,1,13.607655,204.6216
1500,1,13.552866,200.84636
1500,1,14.433326,247.788
1500,1,14.180504,236.39021
1500,1,13.609358,204.25595
1500,1,13.584399,204.92355
1500,1,13.569842,201.21255
1500,1,13.559016,202.4609
1500,1,13.573807,201.22116
1500,1,13.5878105,201.89499
1500,1,13.577029,202.98416
1500,1,13.555383,200.63577
1500,1,13.558142,202.48514
1500,1,13.704909,207.22566
1500,1,13.56082,202.07388
1500,1,13.573086,201.44699
1500,1,13.552246,200.54874
1500,1,13.572636,202.76736
1500,1,13.5821295,201.7208
1500,1,13.576404,203.45766
1500,1,13.560102,200.70126
1500,1,13.548074,200.45352
1500,1,13.58978,203.67941
1500,1,13.549213,200.41605
1500,1,13.693374,208.82777
1500,1,13.767746,212.66345
1500,1,13.579927,202.32675
1500,1,13.566272,201.82858
1500,1,13.566526,201.2542
1500,1,13.550446,202.13052
1500,1,13.567439,201.09421
1500,1,13.621374,207.80525
1500,1,13.549791,200.3992
1500,1,13.573485,201.34225
1500,1,13.556694,202.31766
1500,1,13.702322,207.28096
1500,1,13.55747,202.55478
1500,1,13.589728,201.38205
1500,1,13.545456,199.90823
1500,1,13.597275,203.5889
1500,1,13.602142,202.19675
1500,1,13.574942,202.91641
1500,1,13.564607,200.79446
1500,1,13.579324,202.93832
1500,1,13.612182,202.50522
1500,1,13.566303,200.51425
1500,1,13.650658,206.8047
1500,1,13.815896,214.59839
1500,1,13.582912,202.84549
1500,1,13.587256,201.72
1500,1,13.5751095,200.8057
1500,1,13.565697,202.67355
1500,1,13.576701,201.02878
1500,1,13.576997,203.25014
1500,1,13.550787,200.35843
1500,1,13.566603,202.63364
1500,1,13.548534,200.67442
1500,1,13.599363,203.59824
1500,1,13.708833,210.26001
1500,1,13.564687,200.91006
1500,1,13.556106,202.0922
1500,1,13.568037,200.9526
1500,1,13.575487,201.23026
1500,1,13.582094,203.51822
1500,1,13.554856,200.418
1500,1,13.566684,202.88535
1500,1,13.593652,201.8508
1500,1,13.546799,200.76187
1500,1,13.572192,202.18015
1500,1,13.833721,216.67961
1500,1,14.803444,266.92267
1500,1,13.659479,204.80574
1500,1,13.5638,202.82504
1500,1,13.554533,200.60301
1500,1,13.569661,201.0994
1500,1,13.58732,203.603
1500,1,13.552391,200.49973
1500,1,13.576675,203.06924
1500,1,13.555497,200.73984
1500,1,13.603254,203.69656
1500,1,13.677887,206.63034
1500,1,13.560452,200.52
1500,1,13.569149,202.53763
1500,1,13.572095,201.2103
1500,1,13.637746,208.78224
1500,1,13.56003,200.822
1500,1,13.544089,199.9921
1500,1,13.56707,202.60127
1500,1,13.586473,201.87216
1500,1,13.560939,202.45187
1500,1,13.576109,200.98233
1500,1,13.835765,217.31744
1500,1,13.585978,202.60654
1500,1,13.576692,201.08714
1500,1,13.605016,204.16713
1500,1,13.55591,200.27824
1500,1,13.585232,202.96805
1500,1,13.57378,201.42374
1500,1,13.542732,199.86404
1500,1,13.579597,203.1694
1500,1,13.535738,199.68047
1500,1,13.586925,203.61221
1500,1,13.689004,206.7007
1500,1,13.570147,200.61711
1500,1,13.566718,202.82846
1500,1,13.570076,200.63876
1500,1,13.609861,204.3162
1500,1,13.563146,200.7078
1500,1,13.590438,202.80246
1500,1,13.547393,200.20267
1500,1,13.605652,203.87784
1500,1,13.582366,204.48282
1500,1,13.55033,200.20836
1500,1,13.890847,219.72728
1500,1,13.566569,200.80357
1500,1,13.589376,201.70738
1500,1,13.579277,203.25406
1500,1,13.542637,199.92088
1500,1,13.562908,202.67142
1500,1,13.590832,201.73056
1500,1,13.558642,202.17044
1500,1,13.566826,201.18185
1500,1,13.550015,199.98338
1500,1,13.582871,203.0015
1500,1,13.691168,206.55806
1500,1,13.583587,203.09334
1500,1,13.553108,200.40323
1500,1,13.561272,200.45059
1500,1,13.615712,204.28566
1500,1,13.550291,200.16924
1500,1,13.577447,203.0145
1500,1,13.544623,199.83249
1500,1,13.589586,202.53972
1500,1,13.575133,202.58945
1500,1,13.556539,200.44595
1500,1,13.876711,219.16447
1500,1,13.568978,200.6838
1500,1,14.344833,244.1439
1500,1,14.174819,231.59877
1500,1,13.55962,200.53185
1500,1,13.5717325,203.06094
1500,1,13.580247,201.39267
1500,1,13.569749,203.15065
1500,1,13.567193,200.88504
1500,1,13.554189,201.70908
1500,1,13.571574,201.33159
1500,1,13.697141,206.53987
1500,1,13.587923,203.16507
1500,1,13.547543,199.99686
1500,1,13.578812,203.1453
1500,1,13.590015,201.73514
1500,1,13.55657,200.59567
1500,1,13.582075,203.52927
1500,1,13.547043,199.95981
1500,1,13.625289,204.47519
1500,1,13.552505,200.04832
1500,1,13.583817,201.95364
1500,1,13.89471,220.03412
1500,1,13.571545,200.78732
1500,1,13.595862,203.5427
1500,1,13.567619,200.74138
1500,1,13.574046,203.58633
1500,1,13.553462,200.4661
1500,1,13.597624,203.48782
1500,1,13.585947,204.9695
1500,1,13.562539,200.81918
1500,1,13.57171,203.09079
1500,1,13.562845,200.69443
1500,1,13.575946,201.42355
1500,1,13.693232,207.97133
1500,1,13.547541,200.21593
1500,1,13.585346,202.86569
1500,1,13.589419,201.77855
1500,1,13.57241,203.29587
1500,1,13.577812,201.38058
1500,1,13.564883,200.5795
1500,1,13.593595,203.71182
1500,1,13.574939,201.20836
1500,1,13.589478,203.78708
1500,1,13.760275,212.63928
1500,1,13.684594,206.37593
1500,1,13.598749,204.15462
1500,1,13.556687,200.57083
1500,1,13.561335,202.3256
1500,1,13.541403,199.99442
1500,1,13.624165,204.43977
1500,1,13.544605,200.06023
1500,1,13.572102,201.08115
1500,1,13.576728,203.50687
1500,1,13.560455,200.5574
1500,1,13.62024,208.1517
1500,1,13.681271,206.07956
1500,1,13.553901,200.62938
1500,1,13.583098,203.93771
1500,1,13.573986,201.37376
1500,1,13.570568,202.73318
1500,1,13.567671,200.72043
1500,2,7.2269025,131.73215
1500,2,7.220639,133.35701
1500,2,7.227796,131.52829
1500,2,7.215264,131.35739
1500,2,7.2177486,132.21011
1500,2,7.207269,130.90897
1500,2,7.227744,134.54787
1500,2,7.5459805,170.52924
1500,2,7.5288405,162.06728
1500,2,7.242795,134.30281
1500,2,7.3560777,140.13338
1500,2,7.2127934,131.32736
1500,2,7.22215,132.61581
1500,2,7.2137847,132.00424
1500,2,7.2346807,132.22116
1500,2,7.2247562,134.44888
1500,2,7.222421,132.0206
1500,2,7.216398,132.0582
1500,2,7.209888,131.81998
1500,2,7.245938,134.66855
1500,2,7.2263536,133.14473
1500,2,7.214324,132.1329
1500,2,7.211077,131.85043
1500,2,7.2229776,132.76382
1500,2,7.2184954,134.32004
1500,2,7.2117715,132.41983
1500,2,7.2168317,132.27963
1500,2,7.238266,132.06937
1500,2,7.220832,134.21286
1500,2,7.2165956,133.4791
1500,2,7.2884755,135.03291
1500,2,7.264828,135.92575
1500,2,7.2191086,131.8536
1500,2,7.215027,133.73343
1500,2,7.2164583,132.89291
1500,2,7.2134857,132.15921
1500,2,7.2167916,133.27383
1500,2,7.237092,137.3636
1500,2,7.2179255,133.36378
1500,2,7.2233524,132.90994
1500,2,7.2185545,132.25699
1500,2,7.2173758,131.94711
1500,2,7.2207303,134.65974
1500,2,7.215703,132.00882
1500,2,7.2254295,132.94077
1500,2,7.2278256,133.48178
1500,2,7.217427,132.3906
1500,2,7.216573,133.62509
1500,2,7.2185874,132.67892
1500,2,7.252653,138.90663
1500,2,7.2505407,135.93886
1500,2,7.256167,139.58205
1500,2,7.218634,133.07094
1500,2,7.2203856,132.50339
1500,2,7.214815,132.05045
1500,2,7.216534,132.78952
1500,2,7.2264004,134.46231
1500,2,7.213833,132.49759
1500,2,7.2164927,132.18967
1500,2,7.211611,131.88388
1500,2,7.2170925,134.014
1500,2,7.211552,132.913
1500,2,7.2261047,133.55643
1500,2,7.2147417,132.17062
1500,2,7.2368317,133.29988
1500,2,7.2212744,134.3204
1500,2,7.212728,131.74918
1500,2,7.2122407,132.01266
1500,2,7.2312336,132.58755
1500,2,7.21429,134.23433
1500,2,7.2240453,133.56453
1500,2,7.2147665,132.62955
1500,2,7.252271,137.05482
1500,2,7.214325,132.251
1500,2,7.212358,134.1556
1500,2,7.2071896,131.85495
1500,2,7.214213,132.27719
1500,2,7.2194824,132.19681
1500,2,7.225499,134.88008
1500,2,7.2148666,132.24545
1500,2,7.206091,132.50198
1500,2,7.2144217,132.36044
1500,2,7.2093835,132.16006
1500,2,7.216965,134.0812
1500,2,7.2121267,131.79117
1500,2,7.211925,132.25473
1500,2,7.210011,132.08347
1500,2,7.2248473,137.31166
1500,2,7.212256,133.07199
1500,2,7.213739,132.99771
1500,2,7.2070885,131.69174
1500,2,7.285861,142.89069
1500,2,7.21602,134.0806
1500,2,7.2562046,137.56964
1500,2,7.2118487,132.28983
1500,2,7.2242317,132.94455
1500,2,7.2180443,132.68954
1500,2,7.219648,133.97066
1500,2,7.2195277,132.66898
1500,2,7.215113,133.01419
1500,2,7.2130513,132.66629
1500,2,7.2128286,133.76344
1500,2,7.211071,132.99057
1500,2,7.21959,133.46768
1500,2,7.2155404,132.72556
1500,2,7.2062097,132.57053
1500,2,7.218211,134.16013
1500,2,7.215382,132.95956
1500,2,7.21512,132.2681
1500,2,7.214598,132.13113
1500,2,7.223698,135.08797
1500,2,7.2125044,132.20999
1500,2,7.217802,132.79666
1500,2,7.2112145,132.11038
1500,2,7.2771525,137.90547
1500,2,7.214862,134.83127
1500,2,7.213375,132.47672
1500,2,7.2192903,132.60764
1500,2,7.2180386,132.13132
1500,2,7.21507,133.8566
1500,2,7.226346,133.78456
1500,2,7.212185,132.38046
1500,2,7.21751,132.74586
1500,2,7.2166076,132.75778
1500,2,7.211866,134.52493
1500,2,7.2087436,132.07217
1500,2,7.214017,132.5162
1500,2,7.227187,132.53165
1500,2,7.22132,134.96584
1500,2,7.208678,132.42178
1500,2,7.211724,131.98703
1500,2,7.2192388,132.04977
1500,2,7.247472,138.41335
1500,2,7.253306,138.38617
1500,2,7.4869647,165.57301
1500,2,7.5443726,162.2978
1500,2,7.220332,132.80318
1500,2,7.3252034,146.38078
1500,2,7.210427,132.624
1500,2,7.214105,133.2834
1500,2,7.2114344,132.32468
1500,2,7.2116656,132.68953
1500,2,7.215047,135.1409
1500,2,7.215966,132.7294
1500,2,7.2170763,131.84647
1500,2,7.2177567,132.79404
1500,2,7.218272,134.46799
1500,2,7.214739,133.01816
1500,2,7.213477,132.00565
1500,2,7.212118,132.93405
1500,2,7.2066407,131.79904
1500,2,7.216037,134.353
1500,2,7.215062,132.23099
1500,2,7.2222157,132.90543
1500,2,7.2131777,132.49295
1500,2,7.218832,133.58395
1500,2,7.2602835,137.64748
1500,2,7.215698,131.96976
1500,2,7.212482,132.45601
1500,2,7.2113004,132.51035
1500,2,7.217865,135.02083
1500,2,7.2132,133.06314
1500,2,7.222856,133.2867
1500,2,7.2109423,132.11728
1500,2,7.2203383,133.05807
1500,2,7.211667,133.67433
1500,2,7.2120867,131.85147
1500,2,7.2118216,132.0856
1500,2,7.218771,132.96304
1500,2,7.2139363,134.40237
1500,2,7.2181497,132.62038
1500,2,7.209422,132.77156
1500,2,7.213769,133.18521
1500,2,7.2134986,132.18228
1500,2,7.29389,144.9204
1500,2,7.2133694,132.31796
1500,2,7.2149,132.77945
1500,2,7.2493725,136.2673
1500,2,7.222649,135.1822
1500,2,7.2148137,132.23642
1500,2,7.2079163,131.68515
1500,2,7.217027,132.9523
1500,2,7.210948,132.57669
1500,2,7.209952,133.97853
1500,2,7.2123976,132.7239
1500,2,7.218288,132.6423
1500,2,7.2101417,132.01053
1500,2,7.235483,138.01796
1500,2,7.2121363,132.38235
1500,2,7.2188673,132.3812
1500,2,7.2126994,132.08951
1500,2,7.213662,132.58353
1500,2,7.2152,134.47969
1500,2,7.2237167,133.10483
1500,2,7.2098393,132.43869
1500,2,7.2214994,133.09138
1500,2,7.2116776,134.22542
1500,2,7.215812,132.82382
1500,2,7.251193,137.06331
1500,2,7.209982,131.86765
1500,2,7.208441,131.68033
1500,2,7.2160654,134.1417
1500,2,7.2133894,132.17905
1500,2,7.228112,133.99849
1500,2,7.2188897,132.6838
1500,2,7.2387915,134.71536
1500,2,7.2165985,132.80502
1500,2,7.212978,133.04935
1500,2,7.2163024,132.09305
1500,2,7.210946,132.34805
1500,2,7.2173834,134.31906
1500,2,7.2156453,132.83194
1500,2,7.219646,133.15756
1500,2,7.211894,132.63486
1500,2,7.2301984,134.29317
1500,2,7.2335515,138.3915
1500,2,7.266464,138.64296
1500,2,7.213754,132.68796
1500,2,7.2128477,132.52156
1500,2,7.256548,138.65291
1500,2,7.221152,133.48196
1500,2,7.2132654,132.41605
1500,2,7.2330236,133.20383
1500,2,7.2119155,133.09189
1500,2,7.215184,133.67256
1500,2,7.213988,132.00772
1500,2,7.236295,133.98325
1500,2,7.215067,132.02939
1500,2,7.2203016,134.86185
1500,2,7.2114964,132.57095
1500,2,7.218451,133.62015
1500,2,7.2169323,132.51328
1500,2,7.2140083,132.19571
1500,2,7.218609,134.04622
1500,2,7.2073936,132.47122
1500,2,7.2359624,132.52524
1500,2,7.2259073,133.36539
1500,2,7.2259583,137.07704
1500,2,7.216204,132.34122
1500,2,7.2436533,133.40817
1500,2,7.258678,137.08095
1500,2,7.216381,132.05753
1500,2,7.2155857,134.33658
1500,2,7.2153034,132.60703
1500,2,7.2152257,131.90353
1500,2,7.2300673,133.6058
1500,2,7.214532,134.34866
1500,2,7.227126,132.47476
1500,2,7.2154727,131.74832
1500,2,7.211952,131.90518
1500,3,4.6309285,102.54326
1500,3,4.6236205,103.113754
1500,3,4.6282473,103.27537
1500,3,4.62002,102.08372
1500,3,4.6458764,102.392006
1500,3,4.627471,103.03569
1500,3,4.6187534,102.04453
1500,3,4.6193657,102.05272
1500,3,4.619937,102.7584
1500,3,5.1787148,109.89322
1500,3,4.621607,102.38444
1500,3,4.6854663,110.30703
1500,3,4.6404276,104.40928
1500,3,4.618452,102.39653
1500,3,4.62219,102.09996
1500,3,4.6325984,104.168495
1500,3,4.6265945,104.01805
1500,3,4.742124,116.50434
1500,3,4.8589444,129.09685
1500,3,4.892978,126.03374
1500,3,4.6218247,102.518654
1500,3,4.6725974,105.89609
1500,3,4.6281137,104.088234
1500,3,4.6211767,103.08781
1500,3,4.6228466,102.40117
1500,3,4.622133,102.949875
1500,3,4.621785,103.224594
1500,3,4.6204643,102.55296
1500,3,4.7621784,104.23661
1500,3,5.1829095,110.52468
1500,3,4.625445,103.078354
1500,3,4.6270337,102.96812
1500,3,4.619342,102.32481
1500,3,4.6207895,102.64574
1500,3,4.757658,104.34489
1500,3,4.622429,102.51072
1500,3,4.628462,103.870705
1500,3,4.6263704,102.890175
1500,3,4.6209707,102.23387
1500,3,4.6197147,102.42991
1500,3,5.187997,109.89529
1500,3,4.618843,102.576454
1500,3,4.6206174,102.32383
1500,3,4.6290174,104.29143
1500,3,4.630342,103.766945
1500,3,4.621382,102.711105
1500,3,4.6230497,102.311806
1500,3,4.7609363,104.64097
1500,3,4.6196175,102.39824
1500,3,4.666557,107.02127
1500,3,4.6285553,104.25474
1500,3,4.624447,103.45122
1500,3,4.617294,102.25554
1500,3,4.623118,102.95915
1500,3,4.64829,102.88279
1500,3,4.6201773,102.823105
1500,3,4.626619,103.10917
1500,3,4.6331034,106.37137
1500,3,4.623115,103.71201
1500,3,4.630447,102.53745
1500,3,5.173581,109.584625
1500,3,4.6489053,102.87596
1500,3,4.620832,102.29521
1500,3,4.62171,103.01566
1500,3,4.623474,104.163185
1500,3,5.1752586,109.91873
1500,3,4.764487,104.48129
1500,3,4.6192007,102.23216
1500,3,4.6225243,102.716774
1500,3,4.6305814,103.75797
1500,3,4.6228876,102.75273
1500,3,4.626938,103.9489
1500,3,4.625231,103.15232
1500,3,5.176826,109.36367
1500,3,4.6199255,102.46666
1500,3,4.693564,112.61013
1500,3,4.6306753,103.08623
1500,3,4.622258,102.9268
1500,3,4.630341,104.628456
1500,3,4.6290107,103.27866
1500,3,4.6228576,102.87406
1500,3,4.664595,107.21591
1500,3,4.6301193,103.481674
1500,3,4.6192026,102.33995
1500,3,4.6170883,102.37437
1500,3,4.6267347,104.18455
1500,3,5.1694174,109.188385
1500,3,4.618084,102.66898
1500,3,4.6173754,102.38346
1500,3,4.6207876,102.31394
1500,3,4.6208572,102.725136
1500,3,4.6483116,102.62522
1500,3,4.6249375,104.222694
1500,3,4.622322,103.173386
1500,3,4.6199446,102.46598
1500,3,4.6274557,103.40916
1500,3,4.6177115,102.21867
1500,3,4.6214767,102.53508
1500,3,4.6588364,103.12388
1500,3,4.6225753,103.3245
1500,3,4.6260214,103.679054
1500,3,4.6203237,102.54588
1500,3,5.1740227,108.7623
1500,3,4.620354,102.850685
1500,3,4.620879,102.803566
1500,3,4.6281333,103.5557
1500,3,5.1769834,111.09127
1500,3,4.619986,102.77012
1500,3,4.637848,103.67411
1500,3,4.6209617,102.449936
1500,3,4.6208773,102.608505
1500,3,4.6262565,102.9619
1500,3,4.6222105,102.610085
1500,3,4.698983,108.99563
1500,3,4.648207,103.599106
1500,3,4.622708,102.621925
1500,3,4.6220455,102.56657
1500,3,4.6267138,103.34001
1500,3,4.6220922,102.82249
1500,3,4.624653,103.17808
1500,3,4.629934,104.02885
1500,3,4.634259,104.38621
1500,3,4.623661,103.0576
1500,3,5.166285,110.10732
1500,3,4.6519985,103.303635
1500,3,4.623947,102.84342
1500,3,4.6200314,102.36784
1500,3,4.6277404,104.014015
1500,3,4.6223207,103.08458
1500,3,4.6194124,102.65519
1500,3,4.637308,103.33543
1500,3,4.6231456,102.6284
1500,3,4.622182,103.32768
1500,3,4.6218643,102.56577
1500,3,4.6419625,106.59397
1500,3,4.631105,103.98618
1500,3,4.6295843,102.474594
1500,3,4.6356916,103.24797
1500,3,4.6216736,102.709694
1500,3,4.6898494,109.347984
1500,3,4.6657047,106.71921
1500,3,4.6233463,102.99669
1500,3,4.627538,104.704445
1500,3,4.6658244,103.69431
1500,3,4.6323256,102.8593
1500,3,4.6333194,103.381874
1500,3,5.246319,114.84401
1500,3,4.6186614,103.62321
1500,3,4.625125,103.455185
1500,3,4.6266894,103.81101
1500,3,5.1752214,109.47085
1500,3,4.620626,102.590195
1500,3,4.6211357,102.91715
1500,3,4.6211076,102.966286
1500,3,4.620391,103.12455
1500,3,4.627393,104.34763
1500,3,4.764433,105.36295
1500,3,4.650254,103.12321
1500,3,4.6207976,102.40971
1500,3,4.629116,103.73173
1500,3,4.6237526,103.0988
1500,3,4.6200333,102.624435
1500,3,4.6263666,103.680885
1500,3,4.6269016,104.22544
1500,3,4.623557,102.65568
1500,3,4.624012,102.81877
1500,3,4.6299906,102.7437
1500,3,4.647499,102.69108
1500,3,4.6215167,102.602585
1500,3,4.7658772,105.086334
1500,3,4.6313796,104.211464
1500,3,4.6224513,102.651405
1500,3,4.6295943,103.82664
1500,3,4.619796,102.40092
1500,3,4.622222,102.47807
1500,3,4.6252146,103.1038
1500,3,4.646248,102.87339
1500,3,4.6276245,105.31797
1500,3,4.663339,107.17172
1500,3,4.6208153,102.66721
1500,3,4.6242776,102.8574
1500,3,4.6223545,102.76036
1500,3,4.7619104,104.82572
1500,3,4.6186547,102.39232
1500,3,4.656361,105.35935
1500,3,4.6349354,104.20415
1500,3,4.6247063,102.86064
1500,3,4.6215606,102.62401
1500,3,4.625229,103.428566
1500,3,4.6505017,103.34275
1500,3,4.6204085,102.68016
1500,3,4.6236553,104.3367
1500,3,4.621194,102.59831
1500,3,4.620986,102.76023
1500,3,4.621233,102.474106
1500,3,4.657626,103.48014
1500,3,4.647719,103.23887
1500,3,5.176125,108.76376
1500,3,4.6345663,105.45414
1500,3,4.6231027,102.71031
1500,3,4.623363,103.182785
1500,3,4.6269236,103.07853
1500,3,4.621457,102.95377
1500,3,5.190073,109.43563
1500,3,4.6943474,112.388016
1500,3,4.6305175,104.710304
1500,3,4.624679,102.83054
1500,3,4.6371083,103.37516
1500,3,4.6230807,102.97086
1500,3,4.6223397,102.538864
1500,3,4.6308517,104.342995
1500,3,4.667119,108.73483
1500,3,4.631252,105.70316
1500,3,4.6476927,102.82908
1500,3,4.9641256,127.172646
1500,3,4.9183664,130.98154
1500,3,4.72477,111.86977
1500,3,5.167859,108.91135
1500,3,4.653219,106.66349
1500,3,4.624273,104.1464
1500,3,4.6355734,103.35289
1500,3,4.6209273,102.99229
1500,3,4.620255,102.74821
1500,3,4.618331,102.69944
1500,3,4.6265745,104.64334
1500,3,4.620298,102.97123
1500,3,4.628146,104.669106
1500,3,5.1770244,109.19222
1500,3,4.620124,103.388596
1500,3,4.6191936,102.36162
1500,3,4.6204185,102.57383
1500,3,4.6200314,102.53526
1500,3,4.6475797,103.508095
1500,3,4.6559935,104.70243
1500,3,4.6212516,102.49022
1500,3,4.6493826,102.948715
1500,3,4.6285233,103.344215
1500,3,4.6205306,102.74363
1500,3,4.6226416,102.41459
1500,3,4.637173,103.55503
1500,3,4.6316996,105.62753
1500,3,4.6193085,102.479774
1500,3,4.620276,103.40904
1500,3,4.6611066,107.15128
1500,3,4.6209393,102.471176
1500,3,4.6237974,102.84031
1500,3,5.177817,109.56539
1500,3,4.6293826,104.67233
1500,3,4.619482,102.44944
1500,3,4.628508,103.803566
1500,4,3.4052825,88.63485
1500,4,3.3966925,88.418045
1500,4,3.3998652,88.3005
1500,4,3.41437,89.2455
1500,4,3.399649,88.30751
1500,4,3.4085495,90.08174
1500,4,3.3989227,88.53091
1500,4,3.4097412,88.58235
1500,4,3.3977513,88.23843
1500,4,3.4068968,88.337845
1500,4,3.399867,88.45864
1500,4,3.408072,88.6844
1500,4,3.412619,88.86482
1500,4,3.3951745,88.28645
1500,4,3.4098153,89.09657
1500,4,3.4075902,90.25843
1500,4,3.3993394,88.47146
1500,4,3.4045591,89.13698
1500,4,3.3988633,88.686295
1500,4,3.406207,88.5923
1500,4,3.3972888,88.36129
1500,4,3.415236,89.54231
1500,4,3.3995328,88.52517
1500,4,3.398362,88.48805
1500,4,3.4213526,93.63685
1500,4,3.4629154,95.72479
1500,4,3.4090338,88.736404
1500,4,3.4009879,88.72493
1500,4,3.4090264,88.86891
1500,4,3.3984425,88.53567
1500,4,3.4130874,89.0107
1500,4,3.3980422,88.50722
1500,4,3.3996089,88.69667
1500,4,3.398937,88.601456
1500,4,3.4333801,93.85217
1500,4,3.4222794,91.163216
1500,4,3.398937,88.76247
1500,4,3.501392,90.14601
1500,4,3.3977578,88.71278
1500,4,3.4224074,89.46101
1500,4,3.4074342,88.77339
1500,4,3.3965425,88.78938
1500,4,3.3985522,88.60884
1500,4,3.4072518,89.115005
1500,4,3.4060225,90.50441
1500,4,3.3988266,88.69966
1500,4,3.3970826,88.76332
1500,4,3.4312787,89.709724
1500,4,3.4006596,89.2419
1500,4,3.406742,89.17464
1500,4,3.3978767,88.99154
1500,4,3.3989627,88.818375
1500,4,3.409439,91.19954
1500,4,3.4086938,90.89527
1500,4,3.4089274,89.78578
1500,4,3.4011571,88.942955
1500,4,3.4209647,89.426895
1500,4,3.3983881,88.65902
1500,4,3.4110563,88.98982
1500,4,3.4064302,89.200455
1500,4,3.403794,88.76875
1500,4,3.3983927,88.91475
1500,4,3.407598,89.22768
1500,4,3.4093735,90.95472
1500,4,3.3945115,88.65877
1500,4,3.4041834,89.25123
1500,4,3.396614,88.59908
1500,4,3.397255,88.89864
1500,4,3.3991485,88.62752
1500,4,3.4009538,89.03511
1500,4,3.4051218,89.72621
1500,4,3.3982785,89.20186
1500,4,3.402254,89.41817
1500,4,3.4135323,90.10213
1500,4,3.4117134,89.50838
1500,4,3.3985064,88.66011
1500,4,3.4029408,89.50264
1500,4,3.3975086,88.67183
1500,4,3.4083838,89.079605
1500,4,3.4407973,93.5832
1500,4,3.3983088,88.82936
1500,4,3.4079595,88.896996
1500,4,3.4196422,91.28291
1500,4,3.4123936,89.50758
1500,4,3.3976655,88.93294
1500,4,3.3971527,88.86134
1500,4,3.405394,89.5815
1500,4,3.406256,89.54195
1500,4,3.4011936,89.07149
1500,4,3.3989837,89.211685
1500,4,3.4075313,89.06039
1500,4,3.420313,89.41164
1500,4,3.4165754,91.00593
1500,4,3.3946877,88.83235
1500,4,3.4020972,89.06227
1500,4,3.399963,88.75862
1500,4,3.4017224,89.70241
1500,4,3.397376,88.85445
1500,4,3.406637,89.15431
1500,4,3.399129,88.84798
1500,4,3.4063525,89.343765
1500,4,3.4143176,90.39216
1500,4,3.4109864,89.61848
1500,4,3.397266,89.312454
1500,4,3.397868,88.97658
1500,4,3.402676,89.55232
1500,4,3.4097457,89.07009
1500,4,3.399815,89.17622
1500,4,3.4081538,88.96614
1500,4,3.4112642,89.31062
1500,4,3.4083185,89.374344
1500,4,3.4069448,90.80501
1500,4,3.4182987,92.75373
1500,4,3.4592617,95.760376
1500,4,3.4019103,89.02614
1500,4,3.4011028,88.91957
1500,4,3.4077733,89.47786
1500,4,3.4016984,89.48604
1500,4,3.414496,89.670845
1500,4,3.3964543,88.7875
1500,4,3.410265,89.41402
1500,4,3.4034255,90.41444
1500,4,3.4034224,89.47188
1500,4,3.4575388,94.87207
1500,4,3.400691,89.91994
1500,4,3.4065325,88.9803
1500,4,3.4081788,89.31508
1500,4,3.412198,89.53547
1500,4,3.4026124,88.961685
1500,4,3.405119,88.91206
1500,4,3.4080398,91.03663
1500,4,3.4029408,89.39882
1500,4,3.395577,88.938736
1500,4,3.3969321,89.01216
1500,4,3.3991497,89.315994
1500,4,3.41699,89.65852
1500,4,3.3965957,89.09206
1500,4,3.399627,89.386246
1500,4,3.5086799,90.38374
1500,4,3.407099,89.044754
1500,4,3.4155033,91.6576
1500,4,3.3998456,89.04994
1500,4,3.4000144,88.97499
1500,4,3.4330997,98.908005
1500,4,3.4587908,99.803024
1500,4,3.4089699,89.37288
1500,4,3.4059656,89.03871
1500,4,3.394598,88.93642
1500,4,3.4030483,89.03395
1500,4,3.404396,90.32637
1500,4,3.4089222,89.53578
1500,4,3.4002752,89.20198
1500,4,3.40817,89.08882
1500,4,3.412057,89.5981
1500,4,3.3980918,88.82832
1500,4,3.3963373,88.74813
1500,4,3.3963706,89.12886
1500,4,3.396408,88.9897
1500,4,3.4146156,91.80634
1500,4,3.4084191,91.67469
1500,4,3.4057977,89.28981
1500,4,3.3976724,88.81234
1500,4,3.4109054,89.47798
1500,4,3.4057808,89.027054
1500,4,3.395821,88.74043
1500,4,3.4079165,89.2599
1500,4,3.3952153,88.71517
1500,4,3.421084,91.87183
1500,4,3.4269598,91.12336
1500,4,3.4036374,90.4098
1500,4,3.3978364,88.94386
1500,4,3.4144874,89.34468
1500,4,3.4110599,89.330765
1500,4,3.3981247,89.070816
1500,4,3.4078357,89.35976
1500,4,3.4005516,89.16914
1500,4,3.408956,89.86464
1500,4,3.4110472,89.17146
1500,4,3.4016478,90.974495
1500,4,3.4228594,90.03004
1500,4,3.4054034,89.01991
1500,4,3.4073772,89.09389
1500,4,3.3967175,88.74203
1500,4,3.3953617,89.00032
1500,4,3.3958664,89.04494
1500,4,3.3977962,89.38405
1500,4,3.3985476,89.28194
1500,4,3.396133,88.91408
1500,4,3.4185328,91.49775
1500,4,3.3954926,89.10445
1500,4,3.407013,88.88966
1500,4,3.3985016,89.05025
1500,4,3.4091682,89.3401
1500,4,3.4052105,89.747025
1500,4,3.4085255,89.10171
1500,4,3.395551,88.91005
1500,4,3.409023,88.98629
1500,4,3.4316535,90.20344
1500,4,3.4054894,90.23377
1500,4,3.4006257,89.331375
1500,4,3.419872,92.89509
1500,4,3.4738176,95.744934
1500,4,3.4564214,95.74292
1500,4,3.566427,108.64981
1500,4,3.5640285,110.45547
1500,4,3.5178533,107.07016
1500,4,3.5716815,106.606415
1500,4,3.6494913,111.700096
1500,4,3.5069768,99.246445
1500,4,3.400043,89.31258
1500,4,3.4100025,89.445694
1500,4,3.4561706,95.06128
1500,4,3.4211445,91.52547
1500,4,3.4085531,89.65486
1500,4,3.4362433,90.35213
1500,4,3.3964624,89.00038
1500,4,3.4001493,90.124954
1500,4,3.4100842,89.9944
1500,4,3.397975,89.09773
1500,4,3.3969612,89.18788
1500,4,3.3988059,89.7599
1500,4,3.4184365,89.53816
1500,4,3.3989534,88.99635
1500,4,3.4298444,89.9828
1500,4,3.4063966,89.08871
1500,4,3.4076164,89.3138
1500,4,3.4145231,91.30202
1500,4,3.3977087,89.09444
1500,4,3.4171863,90.14204
1500,4,3.3994243,88.95625
1500,4,3.3982186,88.95149
1500,4,3.3996866,89.04353
1500,4,3.4209793,89.73134
1500,4,3.4114208,89.347855
1500,4,3.3961394,89.274734
1500,4,3.4055102,89.5724
1500,4,3.4016097,90.46608
1500,4,3.3998117,89.30336
1500,4,3.4074984,89.18258
1500,4,3.3973596,89.20717
1500,4,3.4024522,89.511
1500,4,3.413563,89.53779
1500,4,3.3958344,89.0511
1500,4,3.394116,88.966515
1500,4,3.395712,88.881
1500,4,3.4010909,90.46559
1500,4,3.4067013,90.35053
1500,4,3.401183,89.10487
1500,4,3.4095712,89.330826
1500,4,3.3952732,89.12246
1500,5,2.7581892,81.96964
1500,5,2.7426124,81.40525
1500,5,2.7079554,80.83085
1500,5,2.7468243,81.460175
1500,5,2.744439,81.260414
1500,5,2.7109034,81.561195
1500,5,2.7446446,82.73032
1500,5,2.7448857,84.884186
1500,5,2.7618792,82.81565
1500,5,2.7082958,81.04185
1500,5,2.7761502,82.43295
1500,5,2.7492628,81.54831
1500,5,2.7107456,81.08389
1500,5,2.7084656,81.10551
1500,5,2.7480254,81.91386
1500,5,2.9721487,84.77042
1500,5,2.7466185,81.60813
1500,5,2.7232702,83.62606
1500,5,2.718492,82.95432
1500,5,2.7237577,81.83036
1500,5,2.7480426,81.57554
1500,5,2.7232196,81.78281
1500,5,2.7127366,81.534096
1500,5,2.7065358,81.06016
1500,5,2.747117,81.724335
1500,5,2.7178693,81.34738
1500,5,2.7084665,81.22544
1500,5,2.7469919,81.70297
1500,5,2.9627576,84.18942
1500,5,2.7468567,81.64664
1500,5,2.9738069,86.26571
1500,5,2.9640985,84.303375
1500,5,2.7252622,81.91141
1500,5,2.7110212,81.10313
1500,5,2.9618547,84.2554
1500,5,2.7094436,81.47581
1500,5,2.746264,81.72245
1500,5,2.7064295,81.15525
1500,5,2.7178254,82.10672
1500,5,2.751576,82.06131
1500,5,2.709356,81.33603
1500,5,2.7088645,81.50778
1500,5,2.72829,82.90677
1500,5,2.7213845,81.80734
1500,5,2.7081103,81.24235
1500,5,2.7441268,81.766945
1500,5,2.7089162,81.28775
1500,5,2.7778156,86.81941
1500,5,2.8125696,87.128136
1500,5,2.719813,82.01547
1500,5,2.7119422,81.25534
1500,5,2.7386682,81.79123
1500,5,2.708209,81.20945
1500,5,2.7109396,81.47202
1500,5,2.9714513,86.34548
1500,5,2.746721,81.95548
1500,5,2.7103128,81.43772
1500,5,2.7074237,81.15879
1500,5,2.7108579,81.42472
1500,5,2.7121263,81.392494
1500,5,2.716988,82.32456
1500,5,2.7095103,81.46281
1500,5,2.7570615,86.12588
1500,5,2.7093732,81.43125
1500,5,2.709541,81.6699
1500,5,2.7166014,81.93051
1500,5,2.970067,86.34591
1500,5,2.710291,81.47605
1500,5,2.9614975,84.31485
1500,5,2.7452812,81.81834
1500,5,2.7459838,81.84318
1500,5,2.9618187,84.31362
1500,5,2.744001,81.74998
1500,5,2.721505,81.832855
1500,5,2.7091615,81.43839
1500,5,2.709205,81.55564
1500,5,2.724888,81.79508
1500,5,2.751341,82.35391
1500,5,2.7401571,82.682465
1500,5,2.7083168,81.31265
1500,5,2.7110498,81.50827
1500,5,2.9645584,84.437225
1500,5,2.7616458,82.76993
1500,5,2.7077243,81.46079
1500,5,2.7104683,81.28709
1500,5,2.7106156,81.34689
1500,5,2.7088861,81.28361
1500,5,2.7236114,82.05484
1500,5,2.9629579,84.75765
1500,5,2.7137582,82.42459
1500,5,2.7144537,82.35574
1500,5,2.707014,81.17228
1500,5,2.7097502,81.418365
1500,5,2.9608932,84.40438
1500,5,2.7184682,81.490944
1500,5,2.7119946,81.63755
1500,5,2.7096267,81.339325
1500,5,2.7230215,81.76816
1500,5,2.7253397,82.14163
1500,5,2.711632,81.50956
1500,5,2.7487276,82.01939
1500,5,2.7236154,82.73184
1500,5,2.715425,82.36282
1500,5,2.7152455,81.40543
1500,5,2.9735866,85.68154
1500,5,2.7467873,81.82658
1500,5,2.7095847,81.56412
1500,5,2.711156,81.69565
1500,5,2.7234406,81.87345
1500,5,2.736449,81.74784
1500,5,2.9621453,84.408165
1500,5,2.7083573,81.76962
1500,5,2.7203436,81.86862
1500,5,2.7141416,82.85697
1500,5,2.7108672,81.58463
1500,5,2.7097456,81.407684
1500,5,2.7178447,81.77158
1500,5,2.7637546,86.09432
1500,5,2.7127035,81.57395
1500,5,2.7249036,82.14548
1500,5,2.7383873,81.78806
1500,5,2.7113492,81.52085
1500,5,2.7090025,81.32688
1500,5,2.9626212,84.563805
1500,5,2.7158468,81.90281
1500,5,2.716523,82.9423
1500,5,2.75549,82.68357
1500,5,2.7119672,81.81296
1500,5,2.9634936,84.60239
1500,5,2.9591887,84.47891
1500,5,2.7222767,81.802345
1500,5,2.7441406,81.99552
1500,5,2.7121162,81.6702
1500,5,2.7472522,81.93399
1500,5,2.9604409,84.26163
1500,5,2.7101903,81.41331
1500,5,2.709529,81.535614
1500,5,2.7171783,83.12039
1500,5,2.7074456,81.40037
1500,5,2.9613786,84.3652
1500,5,2.7084298,81.33805
1500,5,2.7247605,82.24259
1500,5,2.9590921,84.32528
1500,5,2.716989,81.44846
1500,5,2.711008,81.39799
1500,5,2.7479556,82.184425
1500,5,2.7167397,81.39274
1500,5,2.7118778,81.60562
1500,5,2.761149,84.12917
1500,5,2.7269597,84.31253
1500,5,2.7483737,82.002785
1500,5,2.7463093,81.81149
1500,5,2.965618,84.85782
1500,5,2.70595,81.399635
1500,5,2.7453365,81.944435
1500,5,2.7106364,81.46195
1500,5,2.7670422,88.918106
1500,5,2.7518451,84.99869
1500,5,2.7513397,82.35813
1500,5,2.7458444,82.13218
1500,5,2.7107034,81.68216
1500,5,2.7139368,82.91037
1500,5,2.7476153,82.150185
1500,5,2.72143,81.811195
1500,5,2.7465372,81.9462
1500,5,2.7151551,81.50925
1500,5,2.739511,82.057106
1500,5,2.9642875,84.72128
1500,5,2.71238,81.71732
1500,5,2.7162187,82.102936
1500,5,2.709025,81.48142
1500,5,2.7111528,81.433754
1500,5,3.0144973,90.34798
1500,5,2.7155347,82.74429
1500,5,2.7521772,82.36032
1500,5,2.7486591,82.11295
1500,5,2.709109,81.41215
1500,5,2.7097874,81.650185
1500,5,2.744984,81.9075
1500,5,2.7062979,81.58433
1500,5,2.736907,81.87161
1500,5,2.7075527,81.44511
1500,5,2.7459424,81.88126
1500,5,2.7467632,81.99894
1500,5,2.7421021,82.61259
1500,5,2.7293444,83.115265
1500,5,2.7105436,81.499794
1500,5,2.73846,81.860016
1500,5,2.9621298,84.46908
1500,5,2.7083979,81.398476
1500,5,2.7087219,81.82413
1500,5,2.9675696,85.1968
1500,5,2.959892,84.61782
1500,5,2.7070107,81.33566
1500,5,2.7085702,81.33683
1500,5,2.7399745,82.21414
1500,5,2.7109525,82.480385
1500,5,2.7112172,81.652374
1500,5,2.7389317,82.00095
1500,5,2.7097244,81.465485
1500,5,2.75012,82.06303
1500,5,2.7089658,81.43296
1500,5,2.7377973,81.88926
1500,5,2.7444649,81.84086
1500,5,2.709094,81.412445
1500,5,2.7462907,81.92936
1500,5,2.7317371,81.95816
1500,5,2.709029,81.47586
1500,5,2.9669917,86.16811
1500,5,2.7456784,82.400795
1500,5,2.959842,84.50796
1500,5,2.96335,84.639366
1500,5,2.7371767,82.030304
1500,5,2.7167459,82.26486
1500,5,2.7068758,81.38273
1500,5,2.7191625,81.59751
1500,5,2.7077622,81.40824
1500,5,2.723387,82.21152
1500,5,2.708096,81.47781
1500,5,2.7106848,81.49967
1500,5,2.7128797,83.13193
1500,5,2.7068067,81.418434
1500,5,2.962002,84.37332
1500,5,2.7092538,81.76627
1500,5,2.7090268,81.65696
1500,5,2.7101455,81.549416
1500,5,2.7126813,81.98051
1500,5,2.75716,86.33706
1500,5,2.7542377,82.53989
1500,5,2.710071,81.65744
1500,5,2.9657726,84.637535
1500,5,2.7108617,81.5015
1500,5,2.7186003,83.519745
1500,5,2.7166703,81.97537
1500,5,2.749139,82.25937
1500,5,2.7594383,83.41928
1500,5,2.9621782,84.51388
1500,5,2.7437851,82.16453
1500,5,2.7156804,81.49943
1500,5,2.7150145,82.05216
1500,5,2.7199473,81.61314
1500,5,2.712836,81.92923
1500,5,2.7094212,81.51212
1500,5,2.71223,81.87858
1500,5,2.9697714,86.325096
1500,5,2.7091587,81.39866
1500,5,2.7092557,81.36027
1500,5,2.7101996,81.482086
1500,5,2.744302,81.965485
1500,5,2.710489,81.48466
1500,6,2.1706936,73.89075
1500,6,2.432179,76.65666
1500,6,2.2120237,74.05231
1500,6,2.4300103,76.55065
1500,6,2.4295175,76.55986
1500,6,2.160688,73.42132
1500,6,2.1583836,73.43225
1500,6,2.156085,75.0606
1500,6,2.4384997,77.42589
1500,6,2.1605513,73.64855
1500,6,2.2138996,74.3012
1500,6,2.2129405,74.27526
1500,6,2.153899,73.606255
1500,6,2.162168,73.63385
1500,6,2.1514173,73.354675
1500,6,2.4304202,76.69775
1500,6,2.4302769,76.81163
1500,6,2.150009,73.506096
1500,6,2.1930294,78.34874
1500,6,2.4974997,82.235504
1500,6,2.1466203,73.21802
1500,6,2.207301,74.57775
1500,6,2.1609855,75.424675
1500,6,2.1591542,73.566216
1500,6,2.427523,76.69353
1500,6,2.1573849,73.47515
1500,6,2.4432938,77.40318
1500,6,2.1495562,73.45141
1500,6,2.1614041,73.586296
1500,6,2.5044236,79.55565
1500,6,2.258692,85.41952
1500,6,2.270968,85.192894
1500,6,2.3510952,87.46133
1500,6,2.3282115,87.437096
1500,6,2.3332212,83.86563
1500,6,2.1748536,76.222824
1500,6,2.1614966,75.563225
1500,6,2.223866,75.586296
1500,6,2.2511797,76.989365
1500,6,2.2621915,79.174416
1500,6,2.165119,74.141045
1500,6,2.1487012,73.54291
1500,6,2.1499062,73.66509
1500,6,2.1483428,73.90942
1500,6,2.158691,73.83771
1500,6,2.429988,77.089096
1500,6,2.1468556,73.54681
1500,6,2.1584141,73.60571
1500,6,2.149222,73.61187
1500,6,2.1473162,73.49578
1500,6,2.2108963,74.240715
1500,6,2.1685345,75.71367
1500,6,2.1475132,73.60205
1500,6,2.1639435,74.14806
1500,6,2.162183,74.036125
1500,6,2.428811,77.05413
1500,6,2.1607955,73.9013
1500,6,2.1495852,73.70489
1500,6,2.1514556,73.78058
1500,6,2.1491835,73.60846
1500,6,2.159594,73.85131
1500,6,2.1587987,73.81756
1500,6,2.160888,74.36681
1500,6,2.4287624,77.072495
1500,6,2.4360626,77.38811
1500,6,2.1509304,73.99994
1500,6,2.1541772,75.280685
1500,6,2.1647286,74.239494
1500,6,2.213926,74.66259
1500,6,2.4279134,77.14348
1500,6,2.148562,73.527214
1500,6,2.1513877,73.68671
1500,6,2.2146556,74.398674
1500,6,2.2048368,74.31512
1500,6,2.430692,77.084335
1500,6,2.158473,74.13836
1500,6,2.157543,73.695
1500,6,2.160873,73.92828
1500,6,2.2116969,74.38293
1500,6,2.1595924,74.05792
1500,6,2.164926,74.610466
1500,6,2.164076,75.5003
1500,6,2.158239,74.125916
1500,6,2.440797,77.39452
1500,6,2.1505208,73.72436
1500,6,2.434289,77.310165
1500,6,2.1502368,73.83752
1500,6,2.4270701,77.173874
1500,6,2.2141407,74.78454
1500,6,2.1583326,74.67803
1500,6,2.212091,74.618706
1500,6,2.1571758,73.7904
1500,6,2.150533,73.75829
1500,6,2.4406197,77.61369
1500,6,2.1637318,74.24627
1500,6,2.151281,75.00225
1500,6,2.2150786,75.54363
1500,6,2.213046,74.62859
1500,6,2.2140944,74.51043
1500,6,2.427237,77.194565
1500,6,2.1563382,73.71325
1500,6,2.4265294,77.12725
1500,6,2.209999,74.47167
1500,6,2.2121687,74.57121
1500,6,2.1494296,73.91393
1500,6,2.1459544,73.58496
1500,6,2.1494596,74.27422
1500,6,2.4870524,82.38919
1500,6,2.147048,73.6762
1500,6,2.2043192,74.61004
1500,6,2.1521297,75.65868
1500,6,2.4320493,77.34214
1500,6,2.159206,73.91742
1500,6,2.1610818,74.14013
1500,6,2.2156928,74.53509
1500,6,2.2145998,74.82702
1500,6,2.2239597,75.747856
1500,6,2.1608655,74.36382
1500,6,2.1477396,73.85272
1500,6,2.1491578,73.97986
1500,6,2.4300387,77.284225
1500,6,2.1622057,74.55938
1500,6,2.1532063,74.14275
1500,6,2.2155735,74.59911
1500,6,2.2162123,75.134026
1500,6,2.225547,76.11815
1500,6,2.1497097,73.76837
1500,6,2.1505306,74.09966
1500,6,2.151604,74.23266
1500,6,2.1511402,73.77569
1500,6,2.217072,74.59301
1500,6,2.168971,74.067924
1500,6,2.147728,73.98645
1500,6,2.14921,73.932976
1500,6,2.2210324,75.063896
1500,6,2.1667454,74.416435
1500,6,2.2076223,79.027145
1500,6,2.1478593,73.83709
1500,6,2.1484647,74.230835
1500,6,2.1558857,74.000725
1500,6,2.152806,75.78368
1500,6,2.2135668,74.585014
1500,6,2.214551,74.83514
1500,6,2.1586618,74.47546
1500,6,2.1579487,74.114075
1500,6,2.1498454,73.78088
1500,6,2.4286745,77.40935
1500,6,2.149447,74.08825
1500,6,2.2180614,74.98437
1500,6,2.21387,75.00982
1500,6,2.4303424,77.16881
1500,6,2.1465821,73.72394
1500,6,2.2123973,74.69555
1500,6,2.1732183,77.128525
1500,6,2.2235243,79.93937
1500,6,2.1784902,76.48393
1500,6,2.1494446,73.62512
1500,6,2.4287972,77.26445
1500,6,2.1477554,73.93383
1500,6,2.2149558,74.8084
1500,6,2.2169816,74.76519
1500,6,2.16027,73.99377
1500,6,2.219824,75.16796
1500,6,2.2038963,74.56072
1500,6,2.1480613,73.92425
1500,6,2.4289036,77.446335
1500,6,2.1602564,73.9522
1500,6,2.4259422,77.31401
1500,6,2.1590664,74.303825
1500,6,2.2152872,75.75975
1500,6,2.1576655,75.19695
1500,6,2.213793,74.72472
1500,6,2.2130656,74.84576
1500,6,2.216012,74.66241
1500,6,2.1460905,73.822754
1500,6,2.2082458,79.06541
1500,6,2.1513195,74.133965
1500,6,2.1508186,74.095085
1500,6,2.1508791,74.03802
1500,6,2.148216,73.77953
1500,6,2.1501784,74.01122
1500,6,2.2133949,75.09124
1500,6,2.1482596,73.97821
1500,6,2.1597166,73.92492
1500,6,2.215028,75.679436
1500,6,2.147063,74.110405
1500,6,2.146577,73.76531
1500,6,2.1490374,74.00213
1500,6,2.4333491,77.38035
1500,6,2.1633463,74.52618
1500,6,2.1471808,73.887634
1500,6,2.4395437,77.55644
1500,6,2.2148044,74.76952
1500,6,2.149973,74.18981
1500,6,2.1497824,74.004265
1500,6,2.4309015,77.36418
1500,6,2.1584537,74.03356
1500,6,2.1458411,73.852104
1500,6,2.447577,79.8585
1500,6,2.4343054,79.3256
1500,6,2.1492476,74.32348
1500,6,2.1480525,73.80651
1500,6,2.218013,75.427666
1500,6,2.1489642,73.827934
1500,6,2.1468978,73.76196
1500,6,2.1469336,74.19048
1500,6,2.1587367,74.16546
1500,6,2.2201068,74.89391
1500,6,2.2177773,74.764824
1500,6,2.148184,74.26794
1500,6,2.2106273,74.56976
1500,6,2.217105,74.78484
1500,6,2.1492016,73.86236
1500,6,2.1487668,73.96398
1500,6,2.2139142,76.158005
1500,6,2.429661,77.20714
1500,6,2.1613338,74.49346
1500,6,2.1486676,73.8219
1500,6,2.1581566,74.288635
1500,6,2.1483521,73.82415
1500,6,2.150082,73.703674
1500,6,2.4460788,77.50481
1500,6,2.2166095,74.61077
1500,6,2.149802,74.04284
1500,6,2.2232645,74.77599
1500,6,2.2228603,75.50976
1500,6,2.150049,73.79101
1500,6,2.1487107,73.98101
1500,6,2.1486454,73.98913
1500,6,2.4313307,78.68443
1500,6,2.1631594,74.556694
1500,6,2.1581829,74.08471
1500,6,2.1567674,74.0136
1500,6,2.221762,74.81481
1500,6,2.21719,75.00738
1500,6,2.2148027,74.8977
1500,6,2.1488702,73.856926
1500,6,2.147139,73.718994
1500,6,2.2128742,74.69048
1500,6,2.439791,77.37823
1500,6,2.1576436,74.02875
1500,6,2.2187076,74.63781
1500,6,2.2123544,74.647575
1500,6,2.168024,75.411674
1500,6,2.2621212,79.94993
1500,6,2.427845,77.59416
1500,6,2.1500394,73.75945
1500,6,2.1508439,73.99145
1500,6,2.1513247,74.06701
1500,6,2.206632,78.50365
1500,7,1.8603566,69.288216
1500,7,1.854803,69.4914
1500,7,1.8644042,70.003426
1500,7,1.854243,69.44465
1500,7,1.8539829,69.28003
1500,7,1.8539462,69.41144
1500,7,1.855695,69.40534
1500,7,1.8541553,69.4455
1500,7,2.0331059,72.07361
1500,7,1.852973,69.31018
1500,7,1.8730404,69.98047
1500,7,1.8527458,69.58741
1500,7,1.8550909,69.39973
1500,7,1.8534155,69.43945
1500,7,1.8531635,69.48657
1500,7,1.8535349,69.47882
1500,7,1.8616707,69.408455
1500,7,1.8536909,69.45984
1500,7,1.855608,69.67163
1500,7,1.8543301,69.485115
1500,7,1.8539393,69.43293
1500,7,1.8528903,69.573
1500,7,1.85371,69.53558
1500,7,1.8524325,69.70124
1500,7,2.0308578,72.09497
1500,7,1.8533823,69.45886
1500,7,1.854121,69.38142
1500,7,1.8700284,69.876526
1500,7,1.8579065,69.67768
1500,7,1.8528982,69.325874
1500,7,1.8523992,69.659065
1500,7,1.8565707,69.880615
1500,7,1.8541934,69.43994
1500,7,1.8549831,69.50995
1500,7,1.8544341,69.815865
1500,7,2.0361538,72.61089
1500,7,1.8530118,69.547615
1500,7,2.0267062,71.73157
1500,7,1.8534753,69.379585
1500,7,1.8536239,69.39326
1500,7,1.8676072,70.04303
1500,7,1.8534657,69.543465
1500,7,1.8541316,69.41406
1500,7,1.8547091,69.49702
1500,7,1.8524858,69.42872
1500,7,1.8737208,70.15333
1500,7,1.886883,72.56525
1500,7,1.9158635,76.43724
1500,7,1.8932242,72.91607
1500,7,1.8534269,69.44929
1500,7,1.8535566,69.77747
1500,7,1.8547536,69.61963
1500,7,1.8534542,69.489265
1500,7,1.8548956,69.5785
1500,7,1.8527024,69.674805
1500,7,1.8557389,69.68507
1500,7,1.8594685,70.01679
1500,7,1.8543036,69.537056
1500,7,1.8537059,69.52009
1500,7,1.8535521,69.42304
1500,7,1.8542403,69.58924
1500,7,1.8545384,69.38953
1500,7,2.02413,71.915955
1500,7,1.8573674,69.53553
1500,7,1.8533654,69.33209
1500,7,1.8525678,69.367256
1500,7,1.8546717,69.573616
1500,7,1.8628197,70.427986
1500,7,1.8546095,69.59082
1500,7,1.8537608,69.3628
1500,7,1.862703,69.37995
1500,7,1.8530471,69.35261
1500,7,1.8662926,69.8938
1500,7,1.8974297,73.98181
1500,7,1.8560805,69.5752
1500,7,1.8525581,69.32246
1500,7,1.8540523,69.29377
1500,7,1.8522589,69.32404
1500,7,1.8526278,69.40155
1500,7,1.8541417,69.49683
1500,7,1.8628674,69.87323
1500,7,2.0276988,71.801575
1500,7,1.8539102,69.52076
1500,7,1.8536973,69.575806
1500,7,1.8532903,69.208626
1500,7,1.8548131,69.27448
1500,7,1.8547375,69.35157
1500,7,1.853038,69.24609
1500,7,1.8583674,69.84382
1500,7,1.8531412,69.226875
1500,7,1.853935,69.4087
1500,7,1.8533511,69.16151
1500,7,1.8541598,69.255745
1500,7,1.8550019,69.37348
1500,7,1.8545736,69.43983
1500,7,1.9617014,79.865395
1500,7,1.8663833,70.6905
1500,7,1.8607211,69.63989
1500,7,1.8594735,69.61023
1500,7,1.8634248,70.314156
1500,7,1.9180083,70.04828
1500,7,1.8524368,69.389595
1500,7,1.9162807,70.00788
1500,7,1.8527956,69.368904
1500,7,1.8576055,69.69751
1500,7,1.8537433,69.28595
1500,7,1.8539381,69.37488
1500,7,1.8987232,69.96051
1500,7,1.852185,69.369576
1500,7,1.8532488,69.3296
1500,7,1.8534443,69.166756
1500,7,1.8522657,69.325874
1500,7,1.86239,69.42908
1500,7,1.852335,69.41406
1500,7,1.8542768,69.507324
1500,7,1.864771,69.88654
1500,7,1.8514205,69.41394
1500,7,1.8524973,69.444885
1500,7,2.0279737,71.58905
1500,7,1.8531375,69.54145
1500,7,1.8659958,69.87397
1500,7,1.8520048,69.26362
1500,7,1.8631792,69.47058
1500,7,1.8538123,69.736336
1500,7,1.8535714,69.49421
1500,7,1.8712931,69.72388
1500,7,1.8622572,69.45062
1500,7,1.8567623,69.69904
1500,7,1.8548534,69.486946
1500,7,1.8616917,69.365486
1500,7,1.8550541,69.61756
1500,7,1.8677809,70.73444
1500,7,1.8674511,70.00531
1500,7,2.0219307,72.331726
1500,7,1.8537893,69.581184
1500,7,1.8535278,69.39265
1500,7,2.032337,71.9928
1500,7,1.8539002,69.23267
1500,7,1.8546169,69.54382
1500,7,1.85273,69.560616
1500,7,1.8528372,69.362366
1500,7,1.8531032,69.32563
1500,7,1.8536472,69.4087
1500,7,1.8543931,69.51819
1500,7,1.8632799,69.28729
1500,7,1.854348,69.27863
1500,7,1.8529564,69.372925
1500,7,1.8516414,69.31677
1500,7,1.8533664,69.27112
1500,7,1.8537879,69.55329
1500,7,1.8658764,69.72425
1500,7,2.0215592,71.61664
1500,7,1.8575017,69.84681
1500,7,1.8537838,69.3808
1500,7,2.0772228,76.85521
1500,7,1.8544325,69.50781
1500,7,1.8546095,69.40521
1500,7,1.8539857,69.17694
1500,7,1.8529271,69.27125
1500,7,1.8648572,69.73133
1500,7,1.8542897,69.53546
1500,7,1.8540065,69.26605
1500,7,2.0252838,71.35602
1500,7,1.8612589,70.18476
1500,7,1.855176,69.59351
1500,7,1.8545253,69.32019
1500,7,1.8550125,69.49885
1500,7,1.8600857,69.73328
1500,7,1.8723106,70.36817
1500,7,1.8521863,69.41071
1500,7,1.8527579,69.31257
1500,7,1.8538207,69.65296
1500,7,1.8529413,69.45185
1500,7,1.8520632,69.38989
1500,7,1.852623,69.34858
1500,7,1.8548164,69.242256
1500,7,1.8550143,69.54005
1500,7,1.854807,69.49921
1500,7,1.8535223,69.30543
1500,7,1.8522458,69.25642
1500,7,1.8525639,69.263245
1500,7,1.8536118,69.377144
1500,7,1.8546348,69.213936
1500,7,1.853174,69.40473
1500,7,1.8542867,69.27887
1500,7,1.8782101,70.36329
1500,7,1.8595699,69.43873
1500,7,1.8533802,69.19349
1500,7,1.8535075,69.34663
1500,7,1.8543308,69.34888
1500,7,1.8540461,69.19337
1500,7,1.8544531,69.39862
1500,7,1.8543192,69.44934
1500,7,1.8549873,69.66028
1500,7,1.8538847,69.322945
1500,7,1.8658651,70.4859
1500,7,1.8546596,69.29089
1500,7,1.8536931,69.271614
1500,7,1.8536878,69.42634
1500,7,1.8543077,69.573555
1500,7,1.8551562,69.334175
1500,7,2.0317683,72.06232
1500,7,1.8529737,69.503174
1500,7,1.8644376,69.86865
1500,7,1.8798084,69.58966
1500,7,1.8535943,69.3686
1500,7,1.8554999,69.42536
1500,7,1.9107857,76.81224
1500,7,1.8937892,73.53009
1500,7,1.8604938,70.09107
1500,7,1.8534805,69.33203
1500,7,1.8557618,69.37122
1500,7,1.8539636,69.33814
1500,7,1.8547882,69.323006
1500,7,1.8526298,69.497925
1500,7,1.8616233,69.731445
1500,7,2.0247996,71.45514
1500,7,2.0291495,72.01166
1500,7,1.8536881,69.37952
1500,7,1.8712413,69.46661
1500,7,1.8676531,69.83906
1500,7,1.85004,69.19959
1500,7,1.8540547,69.54298
1500,7,1.8534361,69.30793
1500,7,1.8545393,69.4369
1500,7,1.853095,69.54285
1500,7,1.8529007,69.59442
1500,7,1.8627381,70.3661
1500,7,1.8543524,69.54547
1500,7,1.8534126,69.72724
1500,7,1.8721149,71.50391
1500,7,1.9619474,81.486725
1500,7,1.9726752,79.48662
1500,7,1.9858899,81.12199
1500,7,2.1684945,85.41024
1500,7,2.0397904,86.04464
1500,7,1.9719683,80.37711
1500,7,1.8668104,69.847664
1500,7,1.8496494,69.57392
1500,7,1.8549011,69.600105
1500,7,1.8537972,69.407295
1500,7,1.910861,75.55517
1500,7,1.9057732,74.195366
1500,7,1.85452,69.68922
1500,7,1.8515912,69.400215
1500,7,1.8538496,69.64521
1500,7,1.8524897,69.753914
1500,7,1.852894,69.56342
1500,7,1.855791,69.884766
1500,7,1.8534191,69.88507
1500,8,1.5862142,66.05653
1500,8,1.579963,66.00185
1500,8,1.5813538,65.92763
1500,8,1.5829258,66.05269
1500,8,1.5820203,66.01869
1500,8,1.5889657,66.25148
1500,8,1.6001625,66.617935
1500,8,1.5821598,65.86745
1500,8,1.5808814,65.84053
1500,8,1.5825202,65.94612
1500,8,1.5820205,66.0052
1500,8,1.5979744,66.676834
1500,8,1.5817726,65.97249
1500,8,1.5799162,65.92665
1500,8,1.5794002,65.831985
1500,8,1.5805752,65.66914
1500,8,1.5800345,65.77864
1500,8,1.5916135,66.27296
1500,8,1.5806384,65.75447
1500,8,1.5803047,65.69252
1500,8,1.5802495,65.782425
1500,8,1.5813092,65.86244
1500,8,1.5816274,65.83876
1500,8,1.5803909,65.81978
1500,8,1.5809433,65.89058
1500,8,1.580553,65.89046
1500,8,1.5944378,66.22499
1500,8,1.594106,66.16261
1500,8,1.581666,65.663284
1500,8,1.581635,65.647964
1500,8,1.5810118,65.65108
1500,8,1.581698,65.88997
1500,8,1.5824524,66.05519
1500,8,1.5805069,65.82411
1500,8,1.5815599,65.73622
1500,8,1.5806063,65.95058
1500,8,1.5951288,66.45271
1500,8,1.5803912,65.66896
1500,8,1.5805411,65.744095
1500,8,1.5805619,65.80989
1500,8,1.5808287,65.89784
1500,8,1.5819323,65.94356
1500,8,1.5807477,65.88173
1500,8,1.5812298,65.83919
1500,8,1.581169,65.93471
1500,8,1.580557,65.72554
1500,8,1.5817859,65.99678
1500,8,1.6014984,66.57478
1500,8,1.5844938,66.10127
1500,8,1.5982289,66.80269
1500,8,1.5815156,65.86665
1500,8,1.591841,66.055435
1500,8,1.5821095,65.87923
1500,8,1.5805118,65.84352
1500,8,1.58147,66.00136
1500,8,1.601827,66.4156
1500,8,1.58126,65.68245
1500,8,1.581553,65.73421
1500,8,1.580058,65.72505
1500,8,1.5803199,65.827835
1500,8,1.580748,65.873184
1500,8,1.5822148,65.958755
1500,8,1.5808572,65.87648
1500,8,1.580999,65.85573
1500,8,1.5805385,65.896866
1500,8,1.5796411,65.949844
1500,8,1.5802405,65.99666
1500,8,1.6029038,66.30202
1500,8,1.6023464,66.588394
1500,8,1.6255183,66.514175
1500,8,1.5822113,66.18056
1500,8,1.5798473,65.8575
1500,8,1.5794244,65.87105
1500,8,1.580167,65.96602
1500,8,1.5825728,66.42854
1500,8,1.5802373,65.93117
1500,8,1.5805441,65.8022
1500,8,1.6744894,71.41034
1500,8,1.5830228,66.069534
1500,8,1.5819432,65.91725
1500,8,1.579678,66.05165
1500,8,1.5808477,66.11183
1500,8,1.5941147,66.676765
1500,8,1.5810704,66.05165
1500,8,1.5825922,65.960526
1500,8,1.5817211,66.097916
1500,8,1.5811434,66.04176
1500,8,1.6221569,67.79597
1500,8,1.5950055,66.446976
1500,8,1.6078146,67.09743
1500,8,1.5883571,66.3177
1500,8,1.5805109,66.01961
1500,8,1.581542,66.03145
1500,8,1.592521,66.57813
1500,8,1.5813868,66.09187
1500,8,1.5812554,66.07497
1500,8,1.5805511,65.970535
1500,8,1.580983,65.975174
1500,8,1.581269,65.95302
1500,8,1.5821052,66.00581
1500,8,1.5816858,66.063
1500,8,1.581536,66.03169
1500,8,1.5809933,65.992874
1500,8,1.5819821,65.99428
1500,8,1.5800642,66.00252
1500,8,1.5806494,65.984085
1500,8,1.5817665,66.261246
1500,8,1.5812523,66.05751
1500,8,1.5806192,66.07381
1500,8,1.6217165,67.13361
1500,8,1.5804408,66.051895
1500,8,1.5821345,66.14809
1500,8,1.592936,66.474686
1500,8,1.5808468,65.83559
1500,8,1.5809147,66.464
1500,8,1.5804751,66.13631
1500,8,1.5818685,66.01979
1500,8,1.5818119,66.29689
1500,8,1.5802231,65.92818
1500,8,1.5802661,66.015396
1500,8,1.5819114,66.080215
1500,8,1.5812671,66.18257
1500,8,1.5819542,66.55214
1500,8,1.5818112,65.98164
1500,8,1.5791886,66.11989
1500,8,1.5996051,67.34437
1500,8,1.5800006,66.03328
1500,8,1.5824898,66.02913
1500,8,1.5811906,66.33943
1500,8,1.5901711,66.2162
1500,8,1.613611,67.20155
1500,8,1.5808833,66.06068
1500,8,1.5804328,66.05513
1500,8,1.5815206,66.06587
1500,8,1.5804005,65.95827
1500,8,1.581602,66.07771
1500,8,1.580586,66.13118
1500,8,1.5808693,66.155594
1500,8,1.6969554,73.89734
1500,8,1.6121624,67.948616
1500,8,1.6321652,69.073555
1500,8,1.5812759,66.16762
1500,8,1.5812814,66.1382
1500,8,1.581144,66.218704
1500,8,1.5816553,66.265884
1500,8,1.5800853,66.06563
1500,8,1.581428,65.956436
1500,8,1.5819882,65.99312
1500,8,1.5821936,66.0193
1500,8,1.592586,66.62507
1500,8,1.7372999,68.40998
1500,8,1.5800049,66.0721
1500,8,1.5815032,66.010086
1500,8,1.580265,66.048355
1500,8,1.579834,66.28206
1500,8,1.5813136,66.04927
1500,8,1.5817287,66.12361
1500,8,1.5803467,66.54292
1500,8,1.5804483,66.478714
1500,8,1.5820653,66.31654
1500,8,1.5820006,66.08736
1500,8,1.5800923,66.09248
1500,8,1.5986903,66.98029
1500,8,1.579221,66.18556
1500,8,1.5808878,66.16182
1500,8,1.5812513,66.10176
1500,8,1.5821494,66.23909
1500,8,1.5811468,66.14552
1500,8,1.5926877,66.64284
1500,8,1.5795393,66.122025
1500,8,1.5816848,66.16377
1500,8,1.6006175,66.90913
1500,8,1.6449271,70.14563
1500,8,1.6084586,67.97761
1500,8,1.5811136,66.14119
1500,8,1.5815642,66.11189
1500,8,1.5813849,66.34456
1500,8,1.58237,66.170364
1500,8,1.5810213,66.23377
1500,8,1.581198,66.158035
1500,8,1.5800672,65.968765
1500,8,1.5809549,66.22536
1500,8,1.5798702,66.24183
1500,8,1.5824623,66.798164
1500,8,1.5804155,66.35548
1500,8,1.5816659,66.416824
1500,8,1.5812156,66.34584
1500,8,1.5841584,66.62825
1500,8,1.5801735,66.06203
1500,8,1.5803787,66.14046
1500,8,1.5789895,66.26723
1500,8,1.5866797,66.453995
1500,8,1.7392817,68.56336
1500,8,1.5820748,66.20643
1500,8,1.5807897,66.11464
1500,8,1.5816914,66.183914
1500,8,1.5813372,66.287
1500,8,1.5802566,66.00899
1500,8,1.5810914,66.30177
1500,8,1.5798461,66.1429
1500,8,1.599958,67.04206
1500,8,1.5802841,66.28145
1500,8,1.579365,66.18904
1500,8,1.5807476,66.24684
1500,8,1.5807168,66.27107
1500,8,1.5819418,66.39235
1500,8,1.5928533,66.82435
1500,8,1.581329,66.201675
1500,8,1.5818831,66.3943
1500,8,1.5823343,66.22621
1500,8,1.5805125,66.307144
1500,8,1.5810134,66.26222
1500,8,1.6021893,66.91554
1500,8,1.5866885,66.640274
1500,8,1.5811585,66.356705
1500,8,1.582258,66.33705
1500,8,1.5814941,66.03047
1500,8,1.5817399,66.40058
1500,8,1.5819242,66.21913
1500,8,1.5816891,66.11049
1500,8,1.5816648,66.24141
1500,8,1.5818214,66.122696
1500,8,1.5802038,66.23982
1500,8,1.5815462,65.996475
1500,8,1.5818818,66.42256
1500,8,1.5846821,66.62471
1500,8,1.5807314,66.28731
1500,8,1.5809186,66.51332
1500,8,1.5811821,66.41518
1500,8,1.5795841,66.15767
1500,8,1.5816771,66.23079
1500,8,1.5803266,66.22853
1500,8,1.5804989,66.673294
1500,8,1.598877,67.0323
1500,8,1.5778437,66.1053
1500,8,1.5809634,66.24043
1500,8,1.5813773,66.38637
1500,8,1.5813272,66.29091
1500,8,1.5989748,67.14241
1500,8,1.5809128,66.121475
1500,8,1.5819294,66.245316
1500,8,1.5806813,66.18465
1500,8,1.5828629,66.48023
1500,8,1.5796242,66.27309
1500,8,1.584074,66.65065
1500,8,1.5809565,66.270096
1500,8,1.6096077,66.477005
1500,8,1.5813472,66.139175
1500,8,1.58178,66.35329
1500,8,1.5812547,66.33534
1500,9,1.6373978,67.766365
1500,9,1.6326888,68.19264
1500,9,1.6325157,68.126656
1500,9,1.6477163,68.65717
1500,9,1.6457852,68.50062
1500,9,1.632235,68.222115
1500,9,1.6327362,68.003914
1500,9,1.634727,68.2201
1500,9,1.6333629,68.18659
1500,9,1.6340314,68.20783
1500,9,1.6476687,68.36262
1500,9,1.6423454,68.15388
1500,9,1.6438661,68.667725
1500,9,1.6331265,68.04884
1500,9,1.6322637,68.12556
1500,9,1.6440724,68.162605
1500,9,1.635499,68.150826
1500,9,1.7491301,74.13799
1500,9,1.6368169,68.29377
1500,9,1.6328819,68.09663
1500,9,1.6361781,68.42646
1500,9,1.6348143,68.34315
1500,9,1.6311705,68.09266
1500,9,1.653032,68.76881
1500,9,1.6608467,68.84052
1500,9,1.6546396,69.35925
1500,9,1.6317887,68.02436
1500,9,1.6329383,68.154915
1500,9,1.632561,68.034195
1500,9,1.6329646,68.065926
1500,9,1.6367702,68.343155
1500,9,1.6737406,68.79542
1500,9,1.6330712,68.00538
1500,9,1.6334574,68.19887
1500,9,1.6493526,68.38221
1500,9,1.6765575,68.88703
1500,9,1.6324782,68.062325
1500,9,1.6794528,68.92347
1500,9,1.6315413,68.01966
1500,9,1.6291285,67.912
1500,9,1.6335204,68.11983
1500,9,1.6530193,68.5868
1500,9,1.6325006,68.08552
1500,9,1.6552011,68.930855
1500,9,1.6534584,68.70643
1500,9,1.6332624,68.21998
1500,9,1.6327991,68.10493
1500,9,1.7736044,70.00647
1500,9,1.6414828,68.19349
1500,9,1.6577295,69.02625
1500,9,1.6438903,68.33424
1500,9,1.6322832,68.112434
1500,9,1.6716467,68.473885
1500,9,1.6735723,68.58801
1500,9,1.672858,68.51215
1500,9,1.6743958,68.60755
1500,9,1.6349709,68.10456
1500,9,1.6365409,68.22096
1500,9,1.6319678,67.92365
1500,9,1.6341379,68.18781
1500,9,1.6721017,68.720955
1500,9,1.6334641,68.11909
1500,9,1.6837417,70.282906
1500,9,1.6643165,69.28248
1500,9,1.6674709,69.50843
1500,9,1.649053,68.52729
1500,9,1.641235,68.35468
1500,9,1.6526989,68.768684
1500,9,1.6762199,68.662544
1500,9,1.6329527,68.15778
1500,9,1.6317124,68.05311
1500,9,1.6369265,68.2544
1500,9,1.6350961,68.11683
1500,9,1.6328475,68.16871
1500,9,1.8787413,78.48515
1500,9,1.6567166,69.44068
1500,9,1.6774682,70.78669
1500,9,1.6325016,68.21522
1500,9,1.6352918,68.193794
1500,9,1.7955048,70.22065
1500,9,1.6335726,68.06165
1500,9,1.6331615,68.15394
1500,9,1.6507599,68.60395
1500,9,1.6540148,68.87183
1500,9,1.7699015,69.9126
1500,9,1.6755562,69.177315
1500,9,1.6318336,67.99146
1500,9,1.6712245,68.51881
1500,9,1.6332631,68.09803
1500,9,1.6328003,68.156136
1500,9,1.6342238,68.28602
1500,9,1.6320806,68.14594
1500,9,1.636831,68.449165
1500,9,1.6347301,68.313545
1500,9,1.6334412,68.226265
1500,9,1.642872,68.289986
1500,9,1.6346155,68.08564
1500,9,1.6410689,68.16578
1500,9,1.6913841,69.82745
1500,9,1.6338186,68.1559
1500,9,1.6316228,67.96345
1500,9,1.6331576,68.21754
1500,9,1.7788192,70.40515
1500,9,1.8141713,71.188965
1500,9,1.7687101,69.89661
1500,9,1.6328478,68.09278
1500,9,1.7821714,70.171265
1500,9,1.6333952,68.07697
1500,9,1.7175026,72.62897
1500,9,1.7285947,70.47766
1500,9,1.6325104,68.052925
1500,9,1.6743788,68.61622
1500,9,1.6330607,68.11909
1500,9,1.6313837,68.01826
1500,9,1.6331236,68.06861
1500,9,1.6324252,68.17573
1500,9,1.6330874,68.26234
1500,9,1.6334596,68.36933
1500,9,1.6312304,68.15894
1500,9,1.6714339,68.51118
1500,9,1.6347775,68.39765
1500,9,1.657033,68.81514
1500,9,1.6742415,69.219604
1500,9,1.6333201,68.11176
1500,9,1.6322767,68.1034
1500,9,1.6268599,67.729256
1500,9,1.6427872,68.21522
1500,9,1.6332333,68.09223
1500,9,1.6328466,68.09248
1500,9,1.632699,68.15247
1500,9,1.6694813,68.568855
1500,9,1.6318538,68.06721
1500,9,1.6728308,68.71992
1500,9,1.6317722,68.0533
1500,9,1.657893,69.290535
1500,9,1.6434753,68.24952
1500,9,1.6322562,68.04573
1500,9,1.6734135,68.785835
1500,9,1.6318144,68.01839
1500,9,1.6500765,68.721504
1500,9,1.6319678,68.07856
1500,9,1.6330254,68.163155
1500,9,1.6826911,69.41016
1500,9,1.6334314,68.298355
1500,9,1.6700342,68.82557
1500,9,1.6319945,68.05506
1500,9,1.6324773,68.30036
1500,9,1.633606,68.414314
1500,9,1.6340599,68.49177
1500,9,1.6337755,68.382454
1500,9,1.6338518,68.25111
1500,9,1.6337452,68.340836
1500,9,1.7832379,70.039185
1500,9,1.6327873,68.07735
1500,9,1.632576,68.02155
1500,9,1.6327178,68.14753
1500,9,1.6327666,68.11921
1500,9,1.6757164,69.06306
1500,9,1.6329441,68.147896
1500,9,1.6331127,68.42127
1500,9,1.6327558,68.19422
1500,9,1.6327548,68.28626
1500,9,1.6712639,69.308044
1500,9,1.6336396,68.429085
1500,9,1.6324888,68.12452
1500,9,1.6343501,68.258
1500,9,1.6320436,68.0929
1500,9,1.6956356,68.92756
1500,9,1.6442974,68.3617
1500,9,1.6328356,68.12867
1500,9,1.6313398,68.062325
1500,9,1.6538109,69.189705
1500,9,1.6349707,68.22846
1500,9,1.6365602,68.04981
1500,9,1.6320562,68.05971
1500,9,1.6333503,68.20186
1500,9,1.6422536,68.5951
1500,9,1.652338,68.759285
1500,9,1.6331649,68.10645
1500,9,1.6194191,67.36347
1500,9,1.6335459,68.22498
1500,9,1.6546547,68.57569
1500,9,1.6722634,69.42878
1500,9,1.6320302,68.095474
1500,9,1.7696452,69.77063
1500,9,1.6361508,68.17354
1500,9,1.6328658,68.2585
1500,9,1.632199,68.08271
1500,9,1.633002,68.2508
1500,9,1.632894,68.13874
1500,9,1.648236,68.390816
1500,9,1.6356533,68.30366
1500,9,1.6328436,68.17634
1500,9,1.6431277,68.36391
1500,9,1.6496837,68.874886
1500,9,1.6348052,68.18592
1500,9,1.6379744,68.30397
1500,9,1.6332644,68.1092
1500,9,1.6344568,68.25899
1500,9,1.633041,68.065926
1500,9,1.7434971,73.33422
1500,9,1.6703386,70.09699
1500,9,1.6751385,69.62189
1500,9,1.6322244,68.08162
1500,9,1.6351517,68.13515
1500,9,1.6493459,68.72657
1500,9,1.6345024,68.32496
1500,9,1.6557018,69.12501
1500,9,1.6353945,68.44965
1500,9,1.6328151,68.2577
1500,9,1.6338167,68.28981
1500,9,1.6326759,68.21381
1500,9,1.6509016,68.87086
1500,9,1.6345544,68.38477
1500,9,1.642122,68.331795
1500,9,1.6340909,68.075386
1500,9,1.6334574,68.089424
1500,9,1.633185,68.16761
1500,9,1.6409078,68.42884
1500,9,1.6697707,68.66278
1500,9,1.6339781,68.20179
1500,9,1.6500735,68.55006
1500,9,1.6528544,68.93769
1500,9,1.6313102,68.13368
1500,9,1.6343715,68.227
1500,9,1.6335638,68.08394
1500,9,1.672771,68.55457
1500,9,1.6404885,68.213875
1500,9,1.6347584,68.3462
1500,9,1.6338661,68.2118
1500,9,1.6553283,68.83167
1500,9,1.81849,70.78015
1500,9,1.6327167,68.202644
1500,9,1.6716464,68.65131
1500,9,1.6382453,68.40559
1500,9,1.6343002,68.30311
1500,9,1.6325328,68.24696
1500,9,1.6329417,68.00886
1500,9,1.646897,68.64795
1500,9,1.63248,68.10456
1500,9,1.6328324,68.258
1500,9,1.6527078,68.75477
1500,9,1.6554453,68.955444
1500,9,1.7711477,69.95008
1500,9,1.658841,69.294685
1500,9,1.7709371,69.91327
1500,9,1.6322491,67.96351
1500,9,1.6561335,68.43726
1500,9,1.6586976,68.96162
1500,9,1.7761927,69.90064
1500,10,1.705613,70.68823
1500,10,1.8231552,71.97454
1500,10,1.7144009,70.405334
1500,10,1.8129277,71.86896
1500,10,1.6949537,70.25397
1500,10,1.9034052,79.98234
1500,10,1.7227596,71.908264
1500,10,1.871722,80.33262
1500,10,1.8610322,80.06461
1500,10,1.8461363,78.74138
1500,10,1.9112291,81.63126
1500,10,1.8317397,77.95665
1500,10,1.867066,79.739845
1500,10,1.9386096,82.763954
1500,10,1.9406867,83.00754
1500,10,1.9075123,81.18515
1500,10,1.6977227,70.48419
1500,10,1.71591,70.667915
1500,10,1.7143168,70.61371
1500,10,1.6967812,70.57672
1500,10,1.7242293,71.34509
1500,10,1.7711256,74.31292
1500,10,1.7195898,70.856445
1500,10,1.6955787,70.298645
1500,10,1.707781,70.8172
1500,10,1.7136493,70.91498
1500,10,1.6971397,70.3758
1500,10,1.7130812,70.72516
1500,10,1.7531443,72.815
1500,10,1.7438904,71.90027
1500,10,1.7361453,71.665405
1500,10,1.6986028,70.40937
1500,10,1.7087337,71.04321
1500,10,1.6970309,70.385254
1500,10,1.6960105,70.35786
1500,10,1.7056096,70.35266
1500,10,1.7066268,70.598816
1500,10,1.6958103,70.40338
1500,10,1.7077554,70.64027
1500,10,1.8183324,76.70824
1500,10,1.6977373,70.55109
1500,10,1.698426,70.410835
1500,10,1.6957142,70.44904
1500,10,1.699598,70.612976
1500,10,1.7074816,70.45868
1500,10,1.6968,70.623535
1500,10,1.6953591,70.31928
1500,10,1.7090005,70.82788
1500,10,1.7242115,71.38495
1500,10,1.7084968,70.630066
1500,10,1.7221537,71.20062
1500,10,1.7085443,70.74933
1500,10,1.6961002,70.38098
1500,10,1.6970434,70.37927
1500,10,1.7093716,70.544495
1500,10,1.7057399,70.3833
1500,10,1.6971366,70.4317
1500,10,1.6976755,70.39148
1500,10,1.7105234,70.653625
1500,10,1.6943014,70.46509
1500,10,1.8192734,71.89667
1500,10,1.7093382,70.50721
1500,10,1.7156385,70.62855
1500,10,1.7309909,71.842834
1500,10,1.7086627,70.53943
1500,10,1.6981417,70.43994
1500,10,1.7024428,70.40211
1500,10,1.7326807,71.89153
1500,10,1.7140257,70.71332
1500,10,1.8139393,71.88659
1500,10,1.8118694,71.867615
1500,10,1.7103364,70.34516
1500,10,1.6924615,70.193794
1500,10,1.8075345,71.922
1500,10,1.7045326,70.4502
1500,10,1.7002655,70.36334
1500,10,1.6967852,70.44776
1500,10,1.8215983,71.99579
1500,10,1.7054307,70.66565
1500,10,1.6972153,70.340034
1500,10,1.7091932,70.625435
1500,10,1.7005517,70.462715
1500,10,1.7109091,70.60554
1500,10,1.6985753,70.36578
1500,10,1.7100067,70.87147
1500,10,1.6965766,70.451965
1500,10,1.7331221,71.52728
1500,10,1.7066607,70.5489
1500,10,1.693685,70.32941
1500,10,1.7052932,70.47565
1500,10,1.6932167,70.33765
1500,10,1.7125041,70.54895
1500,10,1.7077804,70.63501
1500,10,1.6978294,70.46045
1500,10,1.7131653,70.43293
1500,10,1.6952081,70.25672
1500,10,1.6962335,70.38312
1500,10,1.6987374,70.37866
1500,10,1.7137762,71.31946
1500,10,1.7058582,70.06617
1500,10,1.7066746,70.46301
1500,10,1.7126846,70.60255
1500,10,1.7109361,70.93268
1500,10,1.7114921,70.611206
1500,10,1.6952786,70.29138
1500,10,1.7233123,71.31647
1500,10,1.7077322,70.786255
1500,10,1.6949862,70.366455
1500,10,1.6978123,70.47852
1500,10,1.7122743,70.62037
1500,10,1.7081734,70.62488
1500,10,1.7068576,70.5431
1500,10,1.8189098,71.90734
1500,10,1.7064497,70.46362
1500,10,1.814474,71.90271
1500,10,1.6968145,70.34839
1500,10,1.7057515,70.37335
1500,10,1.6947049,70.384834
1500,10,1.7036147,70.38141
1500,10,1.7121315,71.1427
1500,10,1.6953914,70.34656
1500,10,1.6972444,70.403755
1500,10,1.6951782,70.36048
1500,10,1.6891551,69.97174
1500,10,1.717304,71.17224
1500,10,1.724426,71.0976
1500,10,1.7392424,71.04309
1500,10,1.7850423,75.544174
1500,10,1.7451907,71.95281
1500,10,1.7063122,70.51063
1500,10,1.7085745,70.46668
1500,10,1.7129515,70.666145
1500,10,1.8077003,71.99102
1500,10,1.7130783,71.50641
1500,10,1.7039876,70.47657
1500,10,1.70188,70.42304
1500,10,1.7074847,70.70984
1500,10,1.7410374,71.508545
1500,10,1.8158581,72.26361
1500,10,1.6966354,70.41352
1500,10,1.6987321,70.51611
1500,10,1.7074897,70.53259
1500,10,1.6923583,70.32258
1500,10,1.7184347,71.29621
1500,10,1.8124919,72.12359
1500,10,1.6994659,70.39807
1500,10,1.703867,70.549995
1500,10,1.7102537,70.69513
1500,10,1.6957152,70.289314
1500,10,1.7065217,70.589294
1500,10,1.6967804,70.34552
1500,10,1.6948254,70.44299
1500,10,1.8143482,71.85077
1500,10,1.7066307,70.51184
1500,10,1.8151834,72.289
1500,10,1.6953096,70.441475
1500,10,1.7111461,70.56091
1500,10,1.7035108,70.38867
1500,10,1.693624,70.31104
1500,10,1.8128237,71.98468
1500,10,1.7080175,70.582886
1500,10,1.811089,71.79425
1500,10,1.8224876,72.79302
1500,10,1.7096354,70.60981
1500,10,1.6982771,70.33936
1500,10,1.7108235,70.612366
1500,10,1.6981934,70.42163
1500,10,1.7062956,70.56183
1500,10,1.6934721,70.82501
1500,10,1.6961628,70.48871
1500,10,1.6972206,70.54688
1500,10,1.7039144,70.68751
1500,10,1.7312732,71.36908
1500,10,1.8063676,71.85662
1500,10,1.6969477,70.55505
1500,10,1.6975335,70.45392
1500,10,1.839392,72.372734
1500,10,1.7158288,70.6236
1500,10,1.7577716,74.28356
1500,10,1.7911,76.228874
1500,10,1.7221047,71.818665
1500,10,1.7627568,73.65716
1500,10,1.7391038,71.21356
1500,10,1.7102548,70.53497
1500,10,1.7103794,70.58875
1500,10,1.7044356,70.43231
1500,10,1.7065908,70.51007
1500,10,1.7168195,70.7486
1500,10,1.7100102,70.65924
1500,10,1.7080537,70.932076
1500,10,1.7066674,70.568665
1500,10,1.7025989,70.494934
1500,10,1.6958952,70.3714
1500,10,1.7063105,70.480354
1500,10,1.7078547,70.47992
1500,10,1.7012239,70.44885
1500,10,1.7040455,70.354866
1500,10,1.6979032,70.39148
1500,10,1.6988639,70.49598
1500,10,1.6964757,70.451416
1500,10,1.7560725,71.84381
1500,10,1.7033184,70.61854
1500,10,1.7088214,70.62677
1500,10,1.7167814,71.44025
1500,10,1.7135749,70.7652
1500,10,1.6952534,70.33314
1500,10,1.7108135,70.94294
1500,10,1.7090852,70.70569
1500,10,1.7113489,70.69611
1500,10,1.7061021,70.48901
1500,10,1.6949489,70.421394
1500,10,1.6920938,70.35554
1500,10,1.7057655,70.66053
1500,10,1.6969268,70.505745
1500,10,1.7161982,70.87677
1500,10,1.7535387,73.58697
1500,10,1.7627399,73.72405
1500,10,1.7130879,70.67969
1500,10,1.7077264,70.69477
1500,10,1.839407,72.9657
1500,10,1.8193986,72.202446
1500,10,1.6984313,70.57734
1500,10,1.6978612,70.534065
1500,10,1.7170331,70.820625
1500,10,1.7097075,71.098145
1500,10,1.6972497,70.345825
1500,10,1.696799,70.46027
1500,10,1.6942847,70.37732
1500,10,1.6989888,70.712715
1500,10,1.7131829,70.620605
1500,10,1.6977777,70.615845
1500,10,1.6985217,70.53479
1500,10,1.7094324,70.64343
1500,10,1.7097679,70.64136
1500,10,1.6965697,70.48041
1500,10,1.7059927,70.61395
1500,10,1.706311,70.3869
1500,10,1.6952395,70.35914
1500,10,1.7546017,72.86108
1500,10,1.7248139,71.47504
1500,10,1.7301775,71.65491
1500,10,1.8140686,72.55847
1500,10,1.7066704,70.58429
1500,10,1.8143296,72.00214
1500,10,1.6958164,70.37537
1500,10,1.7025373,70.62158
1500,10,1.6954936,70.45953
1500,10,1.7046716,70.57258
1500,10,1.7094176,70.7677
1500,10,1.7074703,70.72089
1500,11,1.7164147,71.318726
1500,11,1.8407364,73.728935
1500,11,1.748152,72.58239
1500,11,1.7488377,72.539856
1500,11,1.7496991,72.71277
1500,11,1.8511934,74.00085
1500,11,1.8383762,73.58282
1500,11,1.7848995,73.696465
1500,11,1.8606087,74.49572
1500,11,1.8383875,73.74145
1500,11,1.7536626,72.667534
1500,11,1.84233,73.73235
1500,11,1.7525457,72.64374
1500,11,1.8426709,73.859
1500,11,1.750464,72.53705
1500,11,1.7437695,72.236145
1500,11,1.7476234,72.43292
1500,11,1.842286,73.71917
1500,11,1.763094,72.89843
1500,11,1.8390218,73.67798
1500,11,1.7487452,72.48473
1500,11,1.8398523,73.74438
1500,11,1.7716035,73.822685
1500,11,1.75123,72.57433
1500,11,1.8421581,73.733154
1500,11,1.855521,74.86773
1500,11,1.7648761,73.02466
1500,11,1.7478753,72.47925
1500,11,1.7497826,72.542114
1500,11,1.8566086,74.0556
1500,11,1.7482934,72.50427
1500,11,1.8403802,73.79296
1500,11,1.7496796,72.4895
1500,11,1.7492051,72.558655
1500,11,1.7498353,72.68627
1500,11,1.8413483,73.82336
1500,11,1.7509358,72.7326
1500,11,1.7523206,72.73151
1500,11,1.7552092,72.73566
1500,11,1.7508181,72.61774
1500,11,1.8478136,73.890495
1500,11,1.7487805,72.58849
1500,11,1.7611039,73.04009
1500,11,1.7561619,72.73352
1500,11,1.7754629,73.511406
1500,11,1.7512989,72.747246
1500,11,1.7492571,72.61169
1500,11,1.7498558,72.67468
1500,11,1.8386645,73.71252
1500,11,1.8545127,74.60796
1500,11,1.7497292,72.68506
1500,11,1.8189316,76.42595
1500,11,1.7973453,75.029655
1500,11,1.8382692,73.74938
1500,11,1.8379458,73.65161
1500,11,1.781739,73.69616
1500,11,1.836173,73.67205
1500,11,1.7503446,72.652214
1500,11,1.7491734,72.61138
1500,11,1.7582667,73.20031
1500,11,1.7497373,72.6167
1500,11,1.8413966,73.8565
1500,11,1.7893436,73.836845
1500,11,1.7527305,72.76459
1500,11,1.7539339,72.68671
1500,11,1.7511011,72.60577
1500,11,1.7610011,72.828606
1500,11,1.7502027,72.68926
1500,11,1.8423797,73.74346
1500,11,1.7479948,72.51251
1500,11,1.8539453,74.04736
1500,11,1.7481925,72.63494
1500,11,1.7498019,72.592834
1500,11,1.8407385,73.73113
1500,11,1.7490616,72.47473
1500,11,1.7514789,72.57452
1500,11,1.7614229,73.2793
1500,11,1.7489636,72.525024
1500,11,1.8500819,73.80059
1500,11,1.7502229,72.57611
1500,11,1.7700355,73.15723
1500,11,1.7690995,73.179375
1500,11,1.7582302,72.86761
1500,11,1.7524656,72.69116
1500,11,1.8474343,74.06225
1500,11,1.7519664,72.58996
1500,11,1.7498629,72.61426
1500,11,1.7495623,72.57781
1500,11,1.7428242,72.15863
1500,11,1.780165,73.649284
1500,11,1.7506611,72.56579
1500,11,1.8390696,73.61584
1500,11,1.750771,72.64776
1500,11,1.7606366,73.0852
1500,11,1.7534202,72.74243
1500,11,1.7608143,72.79126
1500,11,1.7504375,72.605644
1500,11,1.8510046,73.983154
1500,11,1.7506424,72.67993
1500,11,1.8024526,75.09203
1500,11,1.8847435,80.56486
1500,11,1.8972697,77.340195
1500,11,1.7597535,72.76519
1500,11,1.8353472,73.62005
1500,11,1.8406568,73.823235
1500,11,1.8511653,73.843925
1500,11,1.8394597,73.61889
1500,11,1.8617592,74.00628
1500,11,1.75049,72.497314
1500,11,1.7623065,73.09204
1500,11,1.7535014,72.76428
1500,11,1.838714,73.72253
1500,11,1.7514033,72.545105
1500,11,1.8485842,73.73089
1500,11,1.7585623,72.77294
1500,11,1.750092,72.49523
1500,11,1.7479815,72.44922
1500,11,1.7741444,73.34539
1500,11,1.7523689,72.73504
1500,11,1.7488718,72.41266
1500,11,1.7473474,72.306946
1500,11,1.7739301,72.71758
1500,11,1.7496281,72.49255
1500,11,1.7779953,73.65136
1500,11,1.7516627,72.67675
1500,11,1.7487118,72.4563
1500,11,1.8268845,74.118835
1500,11,1.7495065,72.44452
1500,11,1.7501307,72.47565
1500,11,1.7489336,72.46216
1500,11,1.8393531,73.69811
1500,11,1.7584138,72.53851
1500,11,1.7512918,72.519104
1500,11,1.7563885,72.65375
1500,11,1.7518514,72.45941
1500,11,1.8415766,73.98876
1500,11,1.8798094,78.61942
1500,11,1.7754894,73.7467
1500,11,1.7487295,72.488335
1500,11,1.8396965,73.752075
1500,11,1.8501751,73.81292
1500,11,1.7502716,72.63861
1500,11,1.8345313,73.52404
1500,11,1.7714403,73.17242
1500,11,1.7490633,72.47632
1500,11,1.7496414,72.5329
1500,11,1.7487359,72.41644
1500,11,1.8363607,73.49084
1500,11,1.837718,73.48736
1500,11,1.8356185,73.56384
1500,11,1.8360517,73.44671
1500,11,1.7501261,72.49829
1500,11,1.7511293,72.516785
1500,11,1.7523263,72.522156
1500,11,1.7910745,73.87438
1500,11,1.7549522,72.767204
1500,11,1.7642376,73.23522
1500,11,1.7893226,73.42285
1500,11,1.7498882,72.557365
1500,11,1.7491255,72.44604
1500,11,1.917222,80.69523
1500,11,1.889623,81.36686
1500,11,1.9300716,82.03824
1500,11,1.8154308,76.860886
1500,11,1.739205,72.10211
1500,11,1.7496076,72.51837
1500,11,1.8397019,73.579765
1500,11,1.7485626,72.419556
1500,11,1.7485496,72.4422
1500,11,1.7491695,72.625305
1500,11,1.7509547,72.54889
1500,11,1.7490513,72.440735
1500,11,1.7716498,73.27093
1500,11,1.7677821,72.922424
1500,11,1.7486959,72.47387
1500,11,1.7598646,72.66333
1500,11,1.8366241,73.901665
1500,11,1.7532735,72.44836
1500,11,1.7499306,72.544975
1500,11,1.7518942,72.58044
1500,11,1.8381503,73.57116
1500,11,1.7784979,72.73395
1500,11,1.834382,73.537346
1500,11,1.8344228,73.63977
1500,11,1.8343602,73.52875
1500,11,1.8344893,73.47021
1500,11,1.749249,72.508545
1500,11,1.8378868,73.6037
1500,11,1.836057,73.721
1500,11,1.7476673,72.41094
1500,11,1.7934725,74.489494
1500,11,1.7894015,74.099174
1500,11,1.7895625,73.86327
1500,11,1.8516759,74.36127
1500,11,1.7488403,72.53406
1500,11,1.8354516,73.53893
1500,11,1.7498786,72.45428
1500,11,1.7476764,72.54382
1500,11,1.7506101,72.57891
1500,11,1.8339263,73.463196
1500,11,1.7485859,72.49163
1500,11,1.8367305,73.663445
1500,11,1.7487681,72.452515
1500,11,1.7500973,72.56848
1500,11,1.7500055,72.497314
1500,11,1.7496048,72.49664
1500,11,1.746969,72.44037
1500,11,1.8488089,73.67181
1500,11,1.7654597,72.68926
1500,11,1.873368,75.06481
1500,11,1.772237,73.228935
1500,11,1.8498248,73.82763
1500,11,1.7482601,72.45233
1500,11,1.7471467,72.46758
1500,11,1.8487344,73.77893
1500,11,1.7518739,72.6657
1500,11,1.7506104,72.60265
1500,11,1.7526634,72.70862
1500,11,1.7531829,72.6792
1500,11,1.7476829,72.41498
1500,11,1.7491028,72.6488
1500,11,1.8562682,78.525986
1500,11,1.7566582,72.88452
1500,11,1.7497253,72.50964
1500,11,1.8567369,74.67541
1500,11,1.8487779,73.57849
1500,11,1.74786,72.4024
1500,11,1.7893512,73.9201
1500,11,1.7589009,72.85296
1500,11,1.7495081,72.498405
1500,11,1.7511669,72.65685
1500,11,1.7483251,72.63891
1500,11,1.7487483,72.54431
1500,11,1.7543442,72.689445
1500,11,1.8370612,73.602165
1500,11,1.7478949,72.56475
1500,11,1.8357217,73.61791
1500,11,1.8389101,73.565
1500,11,1.7505549,72.572815
1500,11,1.8338294,73.561455
1500,11,1.8398775,73.586845
1500,11,1.7505201,72.50402
1500,11,1.767555,72.74755
1500,11,1.7494583,72.50177
1500,11,1.7602887,73.14441
1500,11,1.756056,72.808105
1500,11,1.7881994,73.61706
1500,11,1.8494714,73.79601
1500,11,1.8346454,73.55602
1500,11,1.8367159,73.53149
1500,12,1.7906733,74.09704
1500,12,1.7760694,73.92486
1500,12,1.8074416,74.32275
1500,12,1.7750851,73.9649
1500,12,1.7986896,74.3446
1500,12,1.8487785,74.68383
1500,12,1.8394237,74.59753
1500,12,1.7993584,74.8778
1500,12,1.7727675,73.84301
1500,12,1.7730632,73.92443
1500,12,1.7879726,74.448296
1500,12,1.7734954,73.9342
1500,12,1.855541,74.9472
1500,12,1.7801511,74.03295
1500,12,1.8584324,75.65868
1500,12,1.7754059,73.895874
1500,12,1.7759092,73.92577
1500,12,1.9258968,82.855255
1500,12,1.8129466,76.16222
1500,12,1.8764896,76.727585
1500,12,1.851594,74.84624
1500,12,1.7732939,73.945305
1500,12,1.8516511,74.977715
1500,12,1.7767438,73.942314
1500,12,1.8551385,74.963486
1500,12,1.8402431,74.8048
1500,12,1.7720549,73.856255
1500,12,1.8029444,74.701836
1500,12,1.7723467,73.789665
1500,12,1.8877938,80.0875
1500,12,1.9503167,83.960236
1500,12,1.9765162,84.25168
1500,12,2.0173118,86.18386
1500,12,1.9872482,85.11697
1500,12,2.0063272,85.653465
1500,12,2.0355563,87.03164
1500,12,1.9421794,83.14523
1500,12,1.9459833,80.442116
1500,12,1.7724332,73.9345
1500,12,1.7736074,73.956535
1500,12,1.8616159,75.955246
1500,12,1.7726109,73.90826
1500,12,1.8925753,78.27702
1500,12,1.8516991,75.252
1500,12,1.8439434,74.706535
1500,12,1.7734494,73.812614
1500,12,1.7922834,74.1762
1500,12,1.854054,74.90862
1500,12,1.8545672,74.895134
1500,12,1.8083527,74.98138
1500,12,1.7726915,73.854
1500,12,1.8432802,74.74377
1500,12,1.7717154,73.767204
1500,12,1.8008492,74.36248
1500,12,1.8873651,80.03361
1500,12,1.7771841,74.07061
1500,12,1.7785304,74.071465
1500,12,1.8544066,74.9052
1500,12,1.8378841,74.67046
1500,12,1.8539674,75.339226
1500,12,1.7723361,73.85895
1500,12,1.8489615,74.89135
1500,12,1.7724882,73.850334
1500,12,1.7711484,73.87408
1500,12,1.8405802,74.72967
1500,12,1.8524094,74.73992
1500,12,1.7717297,73.71454
1500,12,1.7864499,74.34002
1500,12,1.7992835,74.49615
1500,12,1.7741959,73.81976
1500,12,1.771585,73.91735
1500,12,1.8431091,74.71447
1500,12,1.8541907,74.8402
1500,12,1.8064919,75.0891
1500,12,1.7711976,73.84332
1500,12,1.7743187,73.89202
1500,12,1.8102887,74.775566
1500,12,1.7737283,73.77618
1500,12,1.8427447,74.632195
1500,12,1.7791793,73.927795
1500,12,1.7721219,73.84307
1500,12,1.7754756,73.94263
1500,12,1.7727807,73.87487
1500,12,1.7987354,74.151726
1500,12,1.8489513,74.75072
1500,12,1.8566595,75.36858
1500,12,1.7883384,74.27038
1500,12,1.8522892,74.82848
1500,12,1.7705998,73.868835
1500,12,1.7712097,73.834526
1500,12,1.8501098,75.03918
1500,12,1.83779,74.67931
1500,12,1.7950695,74.44134
1500,12,1.7898262,74.15704
1500,12,1.7787447,74.19543
1500,12,1.7718294,73.8532
1500,12,1.7724037,73.78661
1500,12,1.7722704,73.94817
1500,12,1.7753694,74.000786
1500,12,1.8535981,74.94402
1500,12,1.851965,74.775505
1500,12,1.8473961,74.723015
1500,12,1.7737571,73.88604
1500,12,1.8652768,75.492966
1500,12,1.7904701,74.31603
1500,12,1.7724419,73.73736
1500,12,1.8647163,76.022575
1500,12,1.7767228,73.83856
1500,12,1.7738066,73.87329
1500,12,1.7934302,74.49407
1500,12,1.7737951,73.865166
1500,12,1.8472457,74.8839
1500,12,1.8545396,74.993706
1500,12,1.7721949,73.81091
1500,12,1.7735506,73.89196
1500,12,1.7785256,73.902885
1500,12,1.7731266,73.84216
1500,12,1.851693,74.83428
1500,12,1.7723806,73.81542
1500,12,1.7287186,71.82391
1500,12,1.7957624,74.22973
1500,12,1.7911136,74.232285
1500,12,1.806931,74.94445
1500,12,1.7814195,74.08014
1500,12,1.7719504,73.92986
1500,12,1.7783389,74.02209
1500,12,1.7938292,74.662346
1500,12,1.7723393,73.94836
1500,12,1.8563185,75.024956
1500,12,1.7727247,73.89843
1500,12,1.7742468,73.882256
1500,12,1.773967,73.92925
1500,12,1.7719761,73.820854
1500,12,1.7943985,74.83788
1500,12,1.7772083,73.98351
1500,12,1.8400911,74.73107
1500,12,1.7728751,73.83074
1500,12,1.7767298,74.064384
1500,12,1.9211577,80.38474
1500,12,1.7728274,73.79754
1500,12,1.8385446,76.40179
1500,12,1.8634714,75.622185
1500,12,1.8120805,75.522514
1500,12,1.7744124,73.850334
1500,12,1.77613,73.90203
1500,12,1.7826052,74.0296
1500,12,1.7837727,74.050896
1500,12,1.8561285,75.082565
1500,12,1.7723012,73.80218
1500,12,1.8546019,74.84814
1500,12,1.7719256,74.02991
1500,12,1.7775322,73.88122
1500,12,1.7789786,73.93664
1500,12,1.7707903,73.681206
1500,12,1.8527288,74.86822
1500,12,1.8536777,74.86913
1500,12,1.7720251,73.694145
1500,12,1.7717824,73.93395
1500,12,1.8092825,75.06255
1500,12,1.7927098,74.73028
1500,12,1.8418059,74.70983
1500,12,1.8551693,74.94854
1500,12,1.8541403,74.912895
1500,12,1.7714567,73.89819
1500,12,1.7722919,73.795586
1500,12,1.7719228,73.93218
1500,12,1.8434931,74.8977
1500,12,1.8539004,74.912285
1500,12,1.77123,73.842705
1500,12,1.8491812,74.75085
1500,12,1.7720869,73.79272
1500,12,1.7732824,73.89434
1500,12,1.7757373,74.009575
1500,12,1.8124847,75.09953
1500,12,1.772284,73.75994
1500,12,1.8508484,74.829094
1500,12,1.8661047,76.091415
1500,12,1.7910093,74.53008
1500,12,1.7917137,74.28527
1500,12,1.8508404,74.7932
1500,12,1.8488913,74.79351
1500,12,1.7709183,73.89013
1500,12,1.8921278,81.326515
1500,12,1.8405013,76.99785
1500,12,1.885835,77.51952
1500,12,1.7723534,73.91485
1500,12,1.8522363,74.90514
1500,12,1.8502109,74.79919
1500,12,1.7722917,73.777214
1500,12,1.7724701,73.893555
1500,12,1.8424283,74.77923
1500,12,1.7722924,73.86224
1500,12,1.789803,74.47582
1500,12,1.780118,74.00445
1500,12,1.8077574,74.89745
1500,12,1.7928432,74.56694
1500,12,1.7720377,73.88732
1500,12,1.8529062,74.960014
1500,12,1.8512827,74.851006
1500,12,1.7720275,73.87445
1500,12,1.8507833,74.86315
1500,12,1.7715192,73.87304
1500,12,1.8554168,74.96459
1500,12,1.851877,74.91686
1500,12,1.84149,74.740524
1500,12,1.7717624,73.80651
1500,12,1.8616335,75.62523
1500,12,1.773524,73.78118
1500,12,1.771642,73.82311
1500,12,1.7959988,74.735344
1500,12,1.7745085,74.05767
1500,12,1.8500814,74.89123
1500,12,1.7934165,74.58275
1500,12,1.7897524,74.389885
1500,12,1.8517189,74.79803
1500,12,1.7797942,73.96545
1500,12,1.8503726,74.86669
1500,12,1.7730622,73.854485
1500,12,1.8558323,74.93951
1500,12,1.855584,74.91009
1500,12,1.7756829,73.868095
1500,12,1.8239915,76.30028
1500,12,1.8365672,77.55174
1500,12,1.8488718,74.948296
1500,12,1.7715893,73.83624
1500,12,1.7843068,74.51446
1500,12,1.7767432,73.92046
1500,12,1.771898,73.78583
1500,12,1.8518848,74.95519
1500,12,1.8457253,74.72198
1500,12,1.848995,75.23869
1500,12,1.8603878,75.322014
1500,12,1.7734166,73.88135
1500,12,1.7721982,73.80444
1500,12,1.854939,74.99651
1500,12,1.8508353,74.87841
1500,12,1.7765546,74.064384
1500,12,1.7723799,73.85082
1500,12,1.7720572,73.84924
1500,12,1.859933,75.82537
1500,12,1.8427107,74.83776
1500,12,1.7731507,73.77062
1500,12,1.8527931,75.27306
1500,12,1.7716837,73.80755
1500,12,1.7744416,73.82665
1500,12,1.7720782,73.98351
1500,12,1.7739358,73.98388
1500,12,1.8409711,74.74023
1500,12,1.8407536,74.864494
1500,12,1.7968235,74.68627
1500,13,1.8921524,77.87584
1500,13,1.886864,77.6995
1500,13,1.9204172,78.0258
1500,13,1.9220428,77.96617
1500,13,1.8860226,77.652695
1500,13,1.8873314,77.588425
1500,13,1.8850757,77.52117
1500,13,1.9248309,78.21428
1500,13,1.8994386,78.12589
1500,13,1.8964868,77.765366
1500,13,1.8854977,77.56621
1500,13,1.898541,77.87846
1500,13,1.9262631,78.25389
1500,13,1.8860964,77.60075
1500,13,1.8870957,77.79783
1500,13,1.9257737,78.35918
1500,13,1.930411,78.35753
1500,13,1.8870552,77.549484
1500,13,1.92201,78.14592
1500,13,1.886348,77.556015
1500,13,1.8864168,77.65422
1500,13,1.8968482,78.18889
1500,13,1.8830078,77.69237
1500,13,1.9227804,78.09331
1500,13,1.9263475,78.61992
1500,13,1.8873755,77.638535
1500,13,1.887989,77.67302
1500,13,1.8874282,77.63695
1500,13,1.8854477,77.57109
1500,13,1.8836826,77.52641
1500,13,1.9223189,78.02251
1500,13,1.8877654,77.63225
1500,13,1.8857287,77.60942
1500,13,1.9007144,78.10588
1500,13,1.9216046,78.00072
1500,13,1.887016,77.64195
1500,13,1.8888991,77.74187
1500,13,1.9229074,78.063705
1500,13,1.8865347,77.53825
1500,13,1.8864064,77.72826
1500,13,1.8990023,78.126686
1500,13,1.8878618,77.69456
1500,13,1.8878775,77.706764
1500,13,1.8865012,77.60362
1500,13,1.8877952,77.736244
1500,13,1.8865962,77.67662
1500,13,1.9254072,78.29613
1500,13,1.8856969,77.60698
1500,13,1.8865829,77.746925
1500,13,1.8881547,77.72038
1500,13,1.8978677,77.99156
1500,13,1.900348,78.21843
1500,13,1.9341105,80.0178
1500,13,1.9657073,82.23996
1500,13,1.9237188,78.14116
1500,13,1.9008085,78.17991
1500,13,1.8967246,77.72014
1500,13,1.8869805,77.64299
1500,13,1.8882399,77.66319
1500,13,1.8857142,77.66753
1500,13,1.8865567,77.685776
1500,13,1.8871956,77.73222
1500,13,1.8880571,77.677536
1500,13,1.885263,77.718605
1500,13,1.8996156,77.802414
1500,13,1.8851976,77.6024
1500,13,1.9451004,78.40367
1500,13,1.9048141,78.15166
1500,13,1.9336674,78.44548
1500,13,1.8877614,77.60344
1500,13,1.8875086,77.695786
1500,13,1.8995941,78.15709
1500,13,1.886137,77.59636
1500,13,1.8869082,77.688095
1500,13,1.9066061,77.743454
1500,13,1.883117,77.53209
1500,13,1.9231534,78.1002
1500,13,1.8869729,77.604965
1500,13,1.8862817,77.595505
1500,13,1.884889,77.69487
1500,13,1.8850887,77.558395
1500,13,1.8858712,77.66222
1500,13,1.9239081,78.09739
1500,13,1.8855275,77.62242
1500,13,1.8864512,77.71025
1500,13,1.9480875,79.728004
1500,13,1.9302425,78.572365
1500,13,1.9230804,79.00895
1500,13,1.8871264,77.68541
1500,13,1.9171431,77.92491
1500,13,1.9228952,78.04741
1500,13,1.921653,78.10387
1500,13,1.921623,77.98838
1500,13,1.9303029,79.8632
1500,13,2.0121026,84.95339
1500,13,1.9554334,81.18052
1500,13,1.886019,77.580605
1500,13,1.8850396,77.62962
1500,13,1.8866129,77.60503
1500,13,1.8854291,77.60777
1500,13,1.9229944,78.06822
1500,13,1.9232538,78.08513
1500,13,1.9397123,78.66972
1500,13,1.8874462,77.85387
1500,13,1.9223754,78.04399
1500,13,1.886413,77.599594
1500,13,1.8864169,77.64842
1500,13,1.9211115,78.00786
1500,13,1.8872945,77.616135
1500,13,1.8860431,77.67345
1500,13,1.9242525,78.22496
1500,13,1.887666,77.62846
1500,13,1.8870702,77.587875
1500,13,1.9219638,78.027756
1500,13,1.9219906,78.042885
1500,13,1.9213189,77.98137
1500,13,1.9301225,78.728004
1500,13,1.9410404,78.23381
1500,13,1.9019201,78.19688
1500,13,1.9219644,78.33757
1500,13,1.8970706,77.718
1500,13,1.8942108,77.68913
1500,13,1.8841486,77.51701
1500,13,1.8858514,77.56554
1500,13,1.9224746,78.093
1500,13,1.9215777,77.976
1500,13,1.9208775,78.00205
1500,13,1.9216105,77.936386
1500,13,1.8869116,77.50224
1500,13,1.9139704,77.81694
1500,13,1.9247055,78.14054
1500,13,1.8869858,77.55699
1500,13,2.002591,83.27432
1500,13,1.8859719,77.51372
1500,13,1.8889928,77.930954
1500,13,1.9225414,78.05442
1500,13,1.9387002,78.556625
1500,13,1.898049,77.823166
1500,13,1.9223247,78.07866
1500,13,1.9228362,77.996445
1500,13,1.8865643,77.569626
1500,13,1.9208148,77.961655
1500,13,1.8892708,77.78722
1500,13,1.8865596,77.59239
1500,13,1.8786895,77.42699
1500,13,1.8854675,77.65758
1500,13,1.8853059,77.675156
1500,13,1.9168286,77.84471
1500,13,1.9072671,78.52318
1500,13,1.9276346,78.223366
1500,13,1.9276385,78.50047
1500,13,1.9253681,78.20347
1500,13,1.9216534,77.975266
1500,13,1.9014447,78.007484
1500,13,1.9040266,78.09648
1500,13,1.9136986,77.82616
1500,13,1.8876767,77.61284
1500,13,1.8865831,77.67461
1500,13,1.8871071,77.65398
1500,13,1.9004705,77.97557
1500,13,1.8705487,77.16405
1500,13,1.8868313,77.51189
1500,13,1.9258839,78.15349
1500,13,1.8861244,77.67253
1500,13,1.8877188,77.64775
1500,13,1.899447,78.10948
1500,13,1.9214967,78.10741
1500,13,1.8861638,77.50017
1500,13,1.8867707,77.569016
1500,13,1.8982325,77.69505
1500,13,1.9225543,78.159225
1500,13,1.9349355,78.46031
1500,13,1.9205068,77.93016
1500,13,1.9004002,77.75017
1500,13,1.8880383,77.665565
1500,13,1.923161,78.01048
1500,13,1.8851607,77.612656
1500,13,1.8784623,77.19908
1500,13,1.8782017,77.40672
1500,13,1.9305371,78.81584
1500,13,1.9388626,78.3372
1500,13,1.9007254,78.15635
1500,13,1.8847846,77.63524
1500,13,1.8999748,77.814926
1500,13,1.9141083,77.96471
1500,13,1.8853798,77.57573
1500,13,1.8808007,77.57811
1500,13,1.8833668,77.57378
1500,13,1.9007022,78.08116
1500,13,1.9235046,78.058334
1500,13,1.8846009,77.520615
1500,13,1.9216051,77.99632
1500,13,1.8863244,77.55333
1500,13,1.8780913,77.460434
1500,13,1.9062644,77.85869
1500,13,1.8872684,77.60118
1500,13,1.8900647,77.81163
1500,13,1.9039452,78.243324
1500,13,1.9146035,77.99394
1500,13,1.8862705,77.54094
1500,13,1.8793501,77.37138
1500,13,1.886404,77.65575
1500,13,1.8863404,77.56706
1500,13,1.8885028,77.73747
1500,13,1.900327,78.08568
1500,13,1.9253259,78.35503
1500,13,1.8882965,77.68999
1500,13,1.8982222,77.82103
1500,13,1.8886068,77.71129
1500,13,1.8869059,77.5847
1500,13,1.9184439,77.992966
1500,13,1.9759252,82.34543
1500,13,1.9499426,79.916115
1500,13,1.8991556,78.120346
1500,13,1.8850873,77.69688
1500,13,1.8862542,77.57933
1500,13,1.9254651,78.158066
1500,13,1.8868657,77.58446
1500,13,1.9278092,78.22032
1500,13,1.886157,77.5858
1500,13,1.8981589,77.857834
1500,13,1.8857756,77.53679
1500,13,1.9240627,78.29393
1500,13,1.8981451,77.82517
1500,13,1.9280889,78.17607
1500,13,1.9156046,77.9893
1500,13,1.889014,77.705185
1500,13,1.9257741,78.14958
1500,13,1.8877193,77.57401
1500,13,1.9019749,78.16886
1500,13,1.8870372,77.639206
1500,13,1.870522,77.05931
1500,13,1.9224486,78.08623
1500,13,1.9239008,78.17113
1500,13,1.9217812,77.96709
1500,13,1.9204408,77.93846
1500,13,1.8871729,77.61412
1500,13,1.8852074,77.556625
1500,13,1.9220747,78.046
1500,13,1.9477291,78.53734
1500,13,1.8976463,77.87285
1500,13,1.9237676,78.033066
1500,13,1.9222952,78.04143
1500,13,1.9431276,79.15104
1500,13,1.9004815,78.1447
1500,13,1.888829,77.682846
1500,13,1.9217049,77.991806
1500,13,1.8864071,77.54137
1500,13,1.8999182,77.78153
1500,13,1.9203494,77.97984
1500,14,1.9747559,80.41709
1500,14,2.063941,85.59951
1500,14,2.045802,85.23038
1500,14,2.0299332,83.67459
1500,14,1.9504355,80.024574
1500,14,1.944546,79.86057
1500,14,1.9752421,80.81022
1500,14,1.9625511,80.567665
1500,14,1.955333,80.17344
1500,14,1.9687845,80.30552
1500,14,1.9564221,80.37473
1500,14,1.9475001,80.03648
1500,14,1.9642414,80.15525
1500,14,1.9755728,80.31345
1500,14,1.9670954,80.276955
1500,14,1.9897199,80.50797
1500,14,1.9682198,80.27744
1500,14,1.9498522,80.03978
1500,14,1.9491165,80.034096
1500,14,1.9481549,80.07139
1500,14,1.9609988,80.23228
1500,14,2.0647135,85.25998
1500,14,2.2367713,94.20234
1500,14,2.211543,93.21015
1500,14,2.2615864,95.21204
1500,14,2.2424026,93.45539
1500,14,2.2456772,94.62903
1500,14,2.2080462,93.743774
1500,14,2.1128974,88.40669
1500,14,1.9666898,80.263954
1500,14,1.9705231,80.421486
1500,14,1.9659157,80.20316
1500,14,1.9668672,80.21909
1500,14,2.0516133,84.603424
1500,14,1.9660654,80.29569
1500,14,1.9522965,80.01078
1500,14,1.9704753,80.35575
1500,14,1.9474387,79.90324
1500,14,2.0432885,84.42551
1500,14,2.0416284,83.706024
1500,14,1.9463315,79.58579
1500,14,1.9676347,80.26182
1500,14,1.9547119,80.16782
1500,14,1.9546604,80.09166
1500,14,1.9517432,80.1273
1500,14,1.9651921,80.177475
1500,14,1.9556669,80.00364
1500,14,1.9465463,79.91453
1500,14,1.9511122,80.12119
1500,14,1.9675329,80.26908
1500,14,1.948625,79.94456
1500,14,1.9748921,80.44547
1500,14,1.9497044,79.98887
1500,14,1.9835327,81.306984
1500,14,1.9670953,80.67832
1500,14,1.9849776,80.98185
1500,14,1.9889449,80.84635
1500,14,1.9577482,80.20689
1500,14,1.945456,79.87016
1500,14,1.946729,79.9716
1500,14,1.9681698,80.22587
1500,14,1.9646926,80.12987
1500,14,1.963308,80.028915
1500,14,1.9444942,79.805885
1500,14,1.9655702,80.128204
1500,14,1.9506519,80.04154
1500,14,1.949605,79.978065
1500,14,1.9663208,80.13572
1500,14,1.9457667,79.88432
1500,14,1.946317,79.918434
1500,14,1.9762225,80.901955
1500,14,1.9654526,80.11192
1500,14,1.9918832,81.13932
1500,14,1.9486392,79.958046
1500,14,1.9484901,79.993385
1500,14,1.9490552,79.95164
1500,14,1.9451694,79.86155
1500,14,1.9658318,80.215614
1500,14,1.9452839,79.80076
1500,14,1.9545331,80.143715
1500,14,1.9559968,80.0604
1500,14,1.9657309,80.18845
1500,14,1.9683485,80.23228
1500,14,1.9461614,79.85575
1500,14,1.9798689,81.16855
1500,14,1.9578598,80.39457
1500,14,1.967706,80.167946
1500,14,1.9458501,79.89707
1500,14,1.9687315,80.275
1500,14,1.9909129,81.16525
1500,14,1.9926921,80.52799
1500,14,1.9481628,79.94602
1500,14,1.9475815,79.91917
1500,14,1.94999,80.027756
1500,14,1.9511621,80.078835
1500,14,1.9639726,80.11118
1500,14,1.9676945,80.252914
1500,14,1.9501095,80.05503
1500,14,1.9707373,80.33634
1500,14,1.9664595,80.17924
1500,14,1.9759207,80.78916
1500,14,1.9581003,80.1348
1500,14,1.9492903,79.949135
1500,14,1.9608098,80.122536
1500,14,1.9648331,80.11582
1500,14,1.9619238,80.35844
1500,14,1.9857683,81.01816
1500,14,1.9672025,80.173256
1500,14,1.9479632,79.89982
1500,14,1.9377644,79.64537
1500,14,1.9463129,79.889015
1500,14,1.97296,80.5864
1500,14,1.9756659,80.245705
1500,14,1.9704869,80.37107
1500,14,1.9634132,80.73637
1500,14,2.0402932,84.2753
1500,14,2.0136,83.14688
1500,14,1.9509172,80.08726
1500,14,1.9694841,80.24784
1500,14,1.9469769,79.902016
1500,14,1.9481406,79.96647
1500,14,1.9681718,80.23319
1500,14,1.9884987,81.04319
1500,14,1.9466174,79.96342
1500,14,1.9657259,80.168434
1500,14,1.9756006,80.3444
1500,14,1.9674996,80.22209
1500,14,1.9661989,80.18656
1500,14,1.9691415,80.289406
1500,14,1.9640038,80.17875
1500,14,1.9659414,80.18168
1500,14,1.9591568,80.57084
1500,14,1.9660679,80.18314
1500,14,1.9655046,80.15354
1500,14,1.9670515,80.1843
1500,14,1.9914654,80.51896
1500,14,1.9463968,79.87913
1500,14,1.9707012,80.37907
1500,14,1.9600341,80.15757
1500,14,1.9865668,80.99772
1500,14,1.9527771,80.09001
1500,14,1.9696126,80.34514
1500,14,1.9497163,80.00407
1500,14,1.9681282,80.1801
1500,14,1.974394,80.21177
1500,14,1.9818871,81.10093
1500,14,1.9793773,80.75016
1500,14,1.9723282,80.38688
1500,14,1.950625,80.0836
1500,14,1.9891455,80.60728
1500,14,1.9685435,80.21354
1500,14,1.9664736,80.1265
1500,14,1.9885032,80.9835
1500,14,2.1662326,89.78438
1500,14,2.0462015,84.29006
1500,14,1.9844985,80.91166
1500,14,1.9506583,80.100746
1500,14,1.9670709,80.12284
1500,14,1.9665282,80.118996
1500,14,1.965978,80.15598
1500,14,1.9727781,80.4661
1500,14,1.9873488,80.9307
1500,14,1.965055,80.069496
1500,14,1.9472687,79.92918
1500,14,1.9379685,79.31053
1500,14,1.9655346,80.14127
1500,14,1.9474907,79.88712
1500,14,1.9569002,80.07444
1500,14,1.9677696,80.22697
1500,14,1.9659648,80.14408
1500,14,1.9672428,80.12687
1500,14,1.9659572,80.143234
1500,14,1.990803,81.11906
1500,14,1.9791286,80.23606
1500,14,1.949231,79.94279
1500,14,1.9959431,81.63682
1500,14,1.9588771,80.47636
1500,14,1.96299,80.08634
1500,14,1.9694502,80.265785
1500,14,1.9684101,80.22655
1500,14,1.9696639,80.24992
1500,14,1.9686648,80.17106
1500,14,1.965522,80.07816
1500,14,1.9528759,80.08048
1500,14,1.9487554,79.63994
1500,14,1.9526019,80.009254
1500,14,1.9651389,80.146706
1500,14,1.9510646,79.861
1500,14,1.9559724,80.09941
1500,14,1.9836028,80.829384
1500,14,1.9658196,80.111
1500,14,1.9470648,79.80491
1500,14,2.0969508,86.9916
1500,14,1.9780099,80.59202
1500,14,1.948177,79.88597
1500,14,1.9653685,80.14231
1500,14,1.9708455,80.35459
1500,14,1.9521374,79.85294
1500,14,1.9482603,79.92985
1500,14,1.9640439,80.054665
1500,14,1.9459676,79.92338
1500,14,1.9468279,79.91624
1500,14,1.9460418,79.88474
1500,14,1.9464288,79.89384
1500,14,1.9547565,80.11436
1500,14,1.9783188,80.89707
1500,14,2.0453799,83.41262
1500,14,1.9781609,81.0626
1500,14,2.0137947,81.91196
1500,14,1.9667786,80.20255
1500,14,1.9692681,80.22813
1500,14,1.9493783,79.93095
1500,14,1.9692007,80.273476
1500,14,1.9682012,80.24143
1500,14,1.9786847,80.341896
1500,14,1.9636006,80.01903
1500,14,1.9708004,80.26072
1500,14,1.981485,80.2421
1500,14,1.9531265,79.942665
1500,14,1.9519985,80.049904
1500,14,1.9540946,80.24967
1500,14,1.9524584,80.08512
1500,14,2.0156057,82.07626
1500,14,1.9673506,80.17545
1500,14,1.9515631,80.04356
1500,14,1.943983,79.81754
1500,14,1.956569,80.10386
1500,14,1.9644719,80.08073
1500,14,1.947587,79.91959
1500,14,1.966043,80.09489
1500,14,1.9512882,79.99601
1500,14,1.9670708,80.2429
1500,14,1.9489422,80.043434
1500,14,1.9488076,79.97209
1500,14,1.9669135,80.1934
1500,14,1.9657489,80.08628
1500,14,1.9841707,81.167336
1500,14,1.9793708,80.810036
1500,14,1.9777669,80.73966
1500,14,1.977161,80.64042
1500,14,1.9658306,80.21714
1500,14,1.9479252,79.96378
1500,14,1.9503343,79.99052
1500,14,1.9492509,79.86295
1500,14,1.971004,80.3635
1500,14,1.9819047,80.26591
1500,14,1.9544973,80.10551
1500,14,1.9788089,80.359474
1500,14,1.965543,80.062355
1500,14,1.9397231,79.64445
1500,15,2.108345,84.76321
1500,15,2.0962763,84.40842
1500,15,2.103231,84.845856
1500,15,2.0831656,84.132286
1500,15,2.0933404,84.29538
1500,15,2.0527372,83.506256
1500,15,2.0821512,84.06717
1500,15,2.0938892,84.31583
1500,15,2.0990338,85.035
1500,15,2.095222,84.27444
1500,15,2.0924206,84.27902
1500,15,2.0979292,84.28463
1500,15,2.09331,84.23556
1500,15,2.095252,84.27786
1500,15,2.0847511,84.1896
1500,15,2.0977376,84.243614
1500,15,2.1080902,85.273834
1500,15,2.0811887,84.29086
1500,15,2.181155,89.67793
1500,15,2.0973296,84.43924
1500,15,2.0783896,83.96292
1500,15,2.0650654,83.66397
1500,15,2.0969424,84.42886
1500,15,2.0937743,84.34451
1500,15,2.092054,84.253265
1500,15,2.095195,84.316315
1500,15,2.092566,84.3038
1500,15,2.0957043,84.27963
1500,15,2.080064,84.08005
1500,15,2.0850723,84.1835
1500,15,2.0821013,84.059784
1500,15,2.0764377,84.17392
1500,15,2.0939424,84.37191
1500,15,2.1065447,84.46329
1500,15,2.09415,84.27889
1500,15,2.091276,84.25125
1500,15,2.0594094,83.566925
1500,15,2.0890107,84.34542
1500,15,2.0959585,84.23172
1500,15,2.0908403,84.27444
1500,15,2.0965383,84.33486
1500,15,2.082853,84.042694
1500,15,2.1385481,84.87948
1500,15,2.0958927,84.28165
1500,15,2.0837498,84.155846
1500,15,2.1061573,85.44961
1500,15,2.0949745,84.2792
1500,15,2.0934894,84.27878
1500,15,2.1042473,84.342316
1500,15,2.0907278,84.17764
1500,15,2.0795844,83.96469
1500,15,2.0884001,84.149994
1500,15,2.1073236,89.88948
1500,15,2.191474,89.02193
1500,15,2.084668,84.21323
1500,15,2.081478,84.10654
1500,15,2.0922563,84.2908
1500,15,2.1052957,84.405914
1500,15,2.0934267,84.320526
1500,15,2.096139,84.38321
1500,15,2.0903282,84.55587
1500,15,2.0883164,84.18063
1500,15,2.0902762,84.20169
1500,15,2.0903394,84.173676
1500,15,2.0961115,84.306725
1500,15,2.0911431,84.207306
1500,15,2.0826738,84.07785
1500,15,2.071187,83.87448
1500,15,2.0744288,83.86612
1500,15,2.091173,84.18277
1500,15,2.0832343,84.08304
1500,15,2.0977402,84.39078
1500,15,2.0802348,84.13082
1500,15,2.104048,85.2045
1500,15,2.0934844,84.61325
1500,15,2.0843074,84.16019
1500,15,2.0964916,84.34158
1500,15,2.0870147,84.27408
1500,15,2.1035244,84.41684
1500,15,2.0944772,84.277435
1500,15,2.099354,84.31113
1500,15,2.089084,84.16689
1500,15,2.101753,84.35983
1500,15,2.0543072,83.44791
1500,15,2.0795887,83.986664
1500,15,2.0912511,84.20688
1500,15,2.0831537,84.07302
1500,15,2.0962405,84.4197
1500,15,2.08513,84.48043
1500,15,2.0829558,84.11838
1500,15,2.1299078,86.79518
1500,15,2.1270878,86.95443
1500,15,2.1028118,84.42062
1500,15,2.0932276,84.27713
1500,15,2.0911744,84.27664
1500,15,2.092227,84.311554
1500,15,2.0846095,84.06625
1500,15,2.0892982,84.14572
1500,15,2.089262,84.20853
1500,15,2.0533733,83.47098
1500,15,2.083423,84.13656
1500,15,2.0843425,84.07022
1500,15,2.1024306,85.40427
1500,15,2.0943444,84.54751
1500,15,2.104445,84.41989
1500,15,2.0916908,84.20639
1500,15,2.0910134,84.266685
1500,15,2.078121,83.97775
1500,15,2.0681343,83.46524
1500,15,2.0922134,84.24923
1500,15,2.1020439,84.36557
1500,15,2.0910707,84.174225
1500,15,2.085104,84.15579
1500,15,2.0994503,84.31692
1500,15,2.07542,83.90451
1500,15,2.0735705,83.922455
1500,15,2.0985527,84.45577
1500,15,2.0952654,84.75064
1500,15,2.0928946,84.35623
1500,15,2.0959206,84.32114
1500,15,2.102703,84.42959
1500,15,2.0895057,84.16513
1500,15,2.0926278,84.240814
1500,15,2.0956874,84.44382
1500,15,2.0917833,84.26717
1500,15,2.085852,84.18564
1500,15,2.0913246,84.2106
1500,15,2.0939763,84.20401
1500,15,2.0915823,84.26401
1500,15,2.0823305,84.07894
1500,15,2.0563872,83.499725
1500,15,2.0840197,85.22409
1500,15,2.0929222,84.2897
1500,15,2.0725374,83.96408
1500,15,2.0961297,84.290436
1500,15,2.082821,84.14163
1500,15,2.1020694,84.405975
1500,15,2.0827155,84.1586
1500,15,2.0909643,84.23574
1500,15,2.0916235,84.22585
1500,15,2.0886724,84.239525
1500,15,2.0830886,84.115685
1500,15,2.0835927,84.12131
1500,15,2.0924845,84.25301
1500,15,2.0827255,84.06015
1500,15,2.0811567,84.06601
1500,15,2.0451212,83.57645
1500,15,2.0812714,83.948456
1500,15,2.1198106,84.67245
1500,15,2.0949743,84.20126
1500,15,2.1032403,84.31473
1500,15,2.08958,84.210846
1500,15,2.095561,84.46817
1500,15,2.091462,84.16689
1500,15,2.0819867,84.09732
1500,15,2.0634806,83.36972
1500,15,2.0896657,84.32101
1500,15,2.0919611,84.23574
1500,15,2.0923963,84.254974
1500,15,2.105393,84.412994
1500,15,2.118081,85.61245
1500,15,2.0774944,83.89584
1500,15,2.0885606,84.06411
1500,15,2.1806004,89.7834
1500,15,2.0738773,83.73831
1500,15,2.0835495,84.092255
1500,15,2.0838444,84.13033
1500,15,2.0924065,84.146515
1500,15,2.065333,83.44418
1500,15,2.0831988,84.109344
1500,15,2.080709,84.128815
1500,15,2.0904663,84.147675
1500,15,2.1057472,84.36288
1500,15,2.0811138,84.08902
1500,15,2.0932503,84.424835
1500,15,2.0893588,84.33407
1500,15,2.0781229,83.88852
1500,15,2.0589685,83.52963
1500,15,2.073314,83.822044
1500,15,2.0910978,84.20041
1500,15,2.0844562,84.15286
1500,15,2.0929885,84.27957
1500,15,2.082341,84.05466
1500,15,2.0919762,84.27121
1500,15,2.0802412,84.04721
1500,15,2.089376,84.17673
1500,15,2.0947838,84.27523
1500,15,2.083025,84.08572
1500,15,2.102466,85.018456
1500,15,2.1040506,84.90506
1500,15,2.0976202,84.3251
1500,15,2.0921855,84.19686
1500,15,2.0946517,84.26346
1500,15,2.0472686,83.31491
1500,15,2.0913918,84.15524
1500,15,2.257071,96.23218
1500,15,2.2060049,94.99744
1500,15,2.2647903,95.50848
1500,15,2.296839,96.36102
1500,15,2.2918282,96.00372
1500,15,2.5084653,103.62522
1500,15,2.4493988,101.02087
1500,15,2.1007824,84.856285
1500,15,2.094786,84.39603
1500,15,2.1114097,84.523224
1500,15,2.0930107,84.273346
1500,15,2.174437,88.51253
1500,15,2.0804188,84.12894
1500,15,2.0463452,83.29758
1500,15,2.0919166,84.228966
1500,15,2.0995224,84.30643
1500,15,2.0952213,84.38333
1500,15,2.0837498,84.1976
1500,15,2.0925763,84.23275
1500,15,2.0987048,84.24814
1500,15,2.091393,84.20401
1500,15,2.1185303,85.43179
1500,15,2.0893385,84.57156
1500,15,2.0879166,84.097626
1500,15,2.0942328,84.32767
1500,15,2.0930276,84.28885
1500,15,2.0812798,84.07199
1500,15,2.0922246,84.30533
1500,15,2.0685859,83.73068
1500,15,2.0731936,83.842125
1500,15,2.093968,84.3467
1500,15,2.0845692,84.17575
1500,15,2.1045454,84.479034
1500,15,2.1136801,84.58615
1500,15,2.0812135,84.10104
1500,15,2.0841506,84.173065
1500,15,2.0950162,84.64786
1500,15,2.0945432,84.43832
1500,15,2.0995498,84.39346
1500,15,2.1341233,86.95467
1500,15,2.1349516,87.09444
1500,15,2.0801,84.09909
1500,15,2.0937953,84.346954
1500,15,2.094254,84.33261
1500,15,2.0614743,83.61081
1500,15,2.184394,85.40896
1500,15,2.0819905,84.12704
1500,15,2.0837126,84.04006
1500,15,2.0823028,84.10568
1500,15,2.096411,84.39712
1500,15,2.1114242,85.72256
1500,15,2.085104,84.29654
1500,15,2.0821002,84.00473
1500,15,2.0954473,84.27822
1500,15,2.0800385,83.80624
1500,16,2.3179824,91.69587
1500,16,2.3162086,91.81391
1500,16,2.3162155,91.683846
1500,16,2.301817,91.15492
1500,16,2.2672806,90.36353
1500,16,2.2664213,90.2815
1500,16,2.3202474,91.73786
1500,16,2.317578,91.77686
1500,16,2.2964003,91.06147
1500,16,2.289673,91.12452
1500,16,2.3161814,91.6128
1500,16,2.3101766,91.43165
1500,16,2.3109481,91.39265
1500,16,2.3154173,91.584724
1500,16,2.3141994,91.53077
1500,16,2.3183293,91.66994
1500,16,2.3134751,91.486946
1500,16,2.3233705,91.74525
1500,16,2.2914152,90.99867
1500,16,2.292672,91.03584
1500,16,2.3062968,91.3747
1500,16,2.3185906,91.71027
1500,16,2.254411,90.9546
1500,16,2.3038492,91.2555
1500,16,2.3201487,91.70356
1500,16,2.3182077,91.68189
1500,16,2.3132105,91.447945
1500,16,2.3114932,91.49354
1500,16,2.3180926,91.6291
1500,16,2.3135302,91.49506
1500,16,2.311744,91.41231
1500,16,2.3123324,91.522354
1500,16,2.2897236,90.79859
1500,16,2.2658782,90.30995
1500,16,2.3054273,91.35383
1500,16,2.3140488,91.78682
1500,16,2.3102162,91.363106
1500,16,2.311596,91.42665
1500,16,2.3136225,91.49323
1500,16,2.3266532,91.85273
1500,16,2.2993448,91.424385
1500,16,2.3063543,91.348335
1500,16,2.3114667,91.41182
1500,16,2.310222,91.36793
1500,16,2.317098,91.51331
1500,16,2.3118074,91.37776
1500,16,2.314628,91.46479
1500,16,2.2636986,90.24116
1500,16,2.2558432,90.91792
1500,16,2.2958565,91.088326
1500,16,2.2877538,90.96388
1500,16,2.2593603,91.163765
1500,16,2.3054578,93.26257
1500,16,2.2792723,91.31422
1500,16,2.3195481,91.61329
1500,16,2.3163218,91.541084
1500,16,2.3141212,91.49745
1500,16,2.3192768,91.61579
1500,16,2.2994335,91.01325
1500,16,2.31728,91.469734
1500,16,2.3153117,91.46602
1500,16,2.26132,90.400764
1500,16,2.3069336,91.37025
1500,16,2.3171887,91.59107
1500,16,2.3061893,91.16731
1500,16,2.319378,91.60389
1500,16,2.3175938,91.50385
1500,16,2.3217425,91.70301
1500,16,2.3164797,91.47895
1500,16,2.3072333,91.180244
1500,16,2.3074973,91.19111
1500,16,2.3137324,91.40755
1500,16,2.3053715,91.19123
1500,16,2.3168907,91.495316
1500,16,2.2811773,91.22468
1500,16,2.2710652,90.32496
1500,16,2.3003652,91.11275
1500,16,2.3053634,91.15815
1500,16,2.3128505,91.36378
1500,16,2.3109183,91.61921
1500,16,2.1704993,91.750626
1500,16,2.2636266,91.109634
1500,16,2.282577,92.01386
1500,16,2.3207002,91.70912
1500,16,2.3207545,91.650215
1500,16,2.3154037,91.45894
1500,16,2.3154597,91.51448
1500,16,2.3040626,91.36964
1500,16,2.3100605,91.30671
1500,16,2.3024065,91.22413
1500,16,2.2751107,90.45759
1500,16,2.3192506,91.558914
1500,16,2.3108814,91.45552
1500,16,2.3208406,91.58559
1500,16,2.3173604,91.57282
1500,16,2.308137,91.30256
1500,16,2.321281,91.615486
1500,16,2.3122306,91.35518
1500,16,2.3149452,91.34694
1500,16,2.320949,91.57503
1500,16,2.2824616,91.257706
1500,16,2.317143,91.471565
1500,16,2.3154182,91.53541
1500,16,2.3141503,91.43178
1500,16,2.2708652,90.3564
1500,16,2.3121362,91.33394
1500,16,2.3199763,91.52418
1500,16,2.3053608,91.10688
1500,16,2.319293,91.53517
1500,16,2.3017426,90.94587
1500,16,2.3169458,91.39295
1500,16,2.3195539,91.52473
1500,16,2.3151603,91.50727
1500,16,2.3145804,91.66249
1500,16,2.317387,91.4712
1500,16,2.3188007,91.52784
1500,16,2.32094,91.49903
1500,16,2.315669,91.367134
1500,16,2.2011204,90.48085
1500,16,2.283225,92.219734
1500,16,2.3137367,91.40449
1500,16,2.3262782,91.67421
1500,16,2.3071744,91.18544
1500,16,2.3129926,91.36683
1500,16,2.3203895,91.53108
1500,16,2.3201284,91.750984
1500,16,2.2998087,91.50507
1500,16,2.2995527,91.31934
1500,16,2.3034244,91.05225
1500,16,2.3028767,91.0713
1500,16,2.3106453,91.2306
1500,16,2.3229146,91.460464
1500,16,2.2745404,90.37885
1500,16,2.3131907,91.35175
1500,16,2.3119702,91.331985
1500,16,2.3171618,91.36061
1500,16,2.3029578,91.0049
1500,16,2.3161514,91.396126
1500,16,2.316483,91.30549
1500,16,2.300219,91.21375
1500,16,2.3054776,91.06342
1500,16,2.308961,91.15333
1500,16,2.3119023,91.24445
1500,16,2.3115344,91.27241
1500,16,2.312173,91.28449
1500,16,2.3160126,91.33937
1500,16,2.2818866,90.51502
1500,16,2.2909138,90.79713
1500,16,2.3133514,91.32264
1500,16,2.3135152,91.23884
1500,16,2.3237238,91.53596
1500,16,2.3187869,91.48768
1500,16,2.3034458,91.2635
1500,16,2.2655897,90.92646
1500,16,2.3218744,91.57624
1500,16,2.3166816,91.389046
1500,16,2.317361,91.440994
1500,16,2.3174584,91.43684
1500,16,2.3186874,91.639046
1500,16,2.3111725,91.18709
1500,16,2.301321,90.978096
1500,16,2.2809136,90.57149
1500,16,2.31651,91.31049
1500,16,2.3034732,91.05128
1500,16,2.320008,91.508736
1500,16,2.2919006,91.016365
1500,16,2.3162594,91.482315
1500,16,2.3151565,91.35451
1500,16,2.3150792,91.292366
1500,16,2.3106124,91.31776
1500,16,2.2833643,90.588394
1500,16,2.3173032,91.40938
1500,16,2.3162746,91.39174
1500,16,2.3141456,91.40223
1500,16,2.2841966,90.727
1500,16,2.276037,90.39942
1500,16,2.316033,91.393684
1500,16,2.3178635,91.3874
1500,16,2.2846797,90.95692
1500,16,2.2442648,90.36237
1500,16,2.3116755,91.399
1500,16,2.3057544,91.033455
1500,16,2.3155355,91.37361
1500,16,2.312131,91.29213
1500,16,2.283677,91.537605
1500,16,2.2949448,92.38392
1500,16,2.2937472,92.17274
1500,16,2.311622,91.30464
1500,16,2.3126647,91.279434
1500,16,2.2637005,90.060745
1500,16,2.3105698,91.19367
1500,16,2.3029184,91.2361
1500,16,2.3093843,91.19789
1500,16,2.3003182,90.87733
1500,16,2.3115551,91.242134
1500,16,2.3109422,91.235725
1500,16,2.3138,91.30091
1500,16,2.3148098,91.35737
1500,16,2.316319,91.320145
1500,16,2.314716,91.31208
1500,16,2.3130472,91.30708
1500,16,2.3131638,91.26057
1500,16,2.3076227,91.10768
1500,16,2.2721694,90.29079
1500,16,2.2961674,91.2101
1500,16,2.2633839,90.727615
1500,16,2.2790105,90.5124
1500,16,2.310921,91.17298
1500,16,2.3166633,91.42915
1500,16,2.3185294,91.38972
1500,16,2.1696582,91.44197
1500,16,2.2928357,91.891975
1500,16,2.2725575,92.26234
1500,16,2.317679,91.49067
1500,16,2.316026,91.3899
1500,16,2.3179505,91.40998
1500,16,2.3104315,91.19288
1500,16,2.279986,90.6927
1500,16,2.278317,90.401375
1500,16,2.3125196,91.23737
1500,16,2.3109424,91.15168
1500,16,2.3203578,91.429276
1500,16,2.3103156,91.34926
1500,16,2.3122807,91.37061
1500,16,2.313852,91.324104
1500,16,2.317625,91.7436
1500,16,2.310813,91.27779
1500,16,2.3223948,91.60859
1500,16,2.3068268,91.0854
1500,16,2.316114,91.344
1500,16,2.2895117,90.9109
1500,16,2.2894368,91.174934
1500,16,2.2683659,90.313065
1500,16,2.3085446,91.150955
1500,16,2.3196528,91.5489
1500,16,2.318333,91.45765
1500,16,2.3112886,91.21126
1500,16,2.3102794,91.18471
1500,16,2.3191428,91.54249
1500,16,2.3183663,91.45307
1500,16,2.3107224,91.265945
1500,16,2.3195963,91.47053
1500,16,2.3085866,91.133194
1500,16,2.2788615,90.57277
1500,16,2.3146172,91.39265
1500,16,2.3183782,91.460945
1500,16,2.265453,90.179085
1500,16,2.3169959,91.36585
1500,16,2.3122916,91.21235
1500,16,2.3189893,91.401505
