size,threads,runtime,energy
500,1,0.0712636,1.19079
500,1,0.0701053,1.17425
500,1,0.0700941,1.1745
500,1,0.0701038,1.17059
500,1,0.0700911,1.17114
500,1,0.0701209,1.16888
500,1,0.0701381,1.19177
500,1,0.0701013,1.16619
500,1,0.0700951,1.16772
500,1,0.0701011,1.17291
500,1,0.0700941,1.20037
500,1,0.070102,1.18188
500,1,0.0701096,1.19317
500,1,0.0701047,1.17328
500,1,0.0700897,1.18377
500,1,0.070094,1.17035
500,1,0.0701084,1.16668
500,1,0.0701182,1.18023
500,1,0.0701008,1.16638
500,1,0.0700942,1.17572
500,1,0.0701088,1.17266
500,1,0.070096,1.16919
500,1,0.0700933,1.16687
500,1,0.0700925,1.18029
500,1,0.0700972,1.17181
500,1,0.0700924,1.16662
500,1,0.0700973,1.16479
500,1,0.0700924,1.16717
500,1,0.0700993,1.16558
500,1,0.0700975,1.16693
500,1,0.0700942,1.16485
500,1,0.0701016,1.169
500,1,0.0701055,1.16717
500,1,0.0700987,1.1853
500,1,0.0701215,1.16803
500,1,0.0700932,1.16546
500,1,0.0700884,1.16955
500,1,0.0700944,1.16577
500,1,0.0700967,1.16925
500,1,0.0701128,1.1676
500,1,0.0700931,1.1654
500,1,0.0701033,1.18206
500,1,0.0700951,1.17071
500,1,0.0700983,1.16485
500,1,0.0700964,1.16607
500,1,0.0700991,1.16613
500,1,0.0701208,1.17254
500,1,0.0700985,1.1665
500,1,0.0700935,1.16925
500,1,0.0701247,1.18176
500,1,0.0700946,1.1665
500,1,0.0700966,1.16754
500,1,0.0700992,1.16772
500,1,0.0700964,1.16559
500,1,0.0700931,1.16766
500,1,0.0700963,1.16589
500,1,0.0700974,1.16363
500,1,0.0700916,1.16577
500,1,0.0700843,1.1817
500,1,0.0700935,1.16546
500,1,0.0701009,1.16754
500,1,0.0700932,1.1665
500,1,0.0701027,1.16723
500,1,0.0701202,1.16864
500,1,0.0701188,1.16382
500,1,0.0701016,1.1643
500,1,0.0700929,1.16498
500,1,0.070093,1.18292
500,1,0.0700848,1.16565
500,1,0.0700862,1.16595
500,1,0.0700979,1.1676
500,1,0.0701018,1.16626
500,1,0.070097,1.17175
500,1,0.0700935,1.16363
500,1,0.0701052,1.16699
500,1,0.0701056,1.16729
500,1,0.0700931,1.16797
500,1,0.0700925,1.17877
500,1,0.070117,1.16516
500,1,0.0700976,1.16693
500,1,0.0700939,1.16589
500,1,0.0700963,1.16168
500,1,0.0700893,1.16796
500,1,0.0700894,1.16375
500,1,0.0700878,1.16565
500,1,0.0700853,1.16363
500,1,0.0700922,1.17932
500,1,0.0701027,1.16504
500,1,0.0700994,1.1626
500,1,0.0700956,1.16632
500,1,0.07028,1.25531
500,1,0.0705287,1.30951
500,1,0.0701815,1.17706
500,1,0.0701184,1.17254
500,1,0.0700962,1.16644
500,1,0.0700921,1.16327
500,1,0.070097,1.17187
500,1,0.0700921,1.17987
500,1,0.0700918,1.16571
500,1,0.0700925,1.16272
500,1,0.0700925,1.16211
500,1,0.0701087,1.16339
500,1,0.0700967,1.164
500,1,0.0701114,1.16455
500,1,0.0701031,1.16626
500,1,0.0700904,1.16168
500,1,0.0701047,1.1795
500,1,0.0701181,1.16284
500,1,0.0700853,1.1662
500,1,0.0700987,1.16156
500,1,0.0700925,1.16211
500,1,0.0701011,1.16266
500,1,0.0700951,1.16308
500,1,0.0700982,1.15838
500,1,0.0700951,1.16229
500,1,0.0700926,1.17547
500,1,0.0700861,1.16735
500,1,0.0701007,1.16565
500,1,0.0700997,1.16113
500,1,0.0701226,1.18267
500,1,0.070132,1.22906
500,1,0.0701178,1.20135
500,1,0.0701202,1.20056
500,1,0.0700982,1.20404
500,1,0.0700857,1.17535
500,1,0.0700993,1.16497
500,1,0.070098,1.17077
500,1,0.0700953,1.16235
500,1,0.0700923,1.16174
500,1,0.0700963,1.15771
500,1,0.0701033,1.16308
500,1,0.0700988,1.16028
500,1,0.070094,1.16204
500,1,0.0701024,1.17596
500,1,0.0700917,1.15893
500,1,0.0700935,1.16113
500,1,0.0700907,1.15802
500,1,0.0701233,1.1615
500,1,0.0700861,1.15942
500,1,0.0700942,1.16034
500,1,0.0701027,1.16003
500,1,0.0701024,1.17529
500,1,0.0700915,1.16278
500,1,0.0700857,1.15936
500,1,0.0700874,1.1568
500,1,0.0701125,1.16333
500,1,0.0700891,1.16284
500,1,0.0701051,1.16119
500,1,0.0700994,1.16058
500,1,0.0701052,1.15899
500,1,0.0700984,1.16125
500,1,0.0701124,1.18054
500,1,0.0701019,1.16101
500,1,0.0701013,1.15564
500,1,0.0700976,1.15771
500,1,0.0700926,1.15869
500,1,0.0700921,1.15844
500,1,0.0700933,1.15796
500,1,0.070103,1.15808
500,1,0.0701042,1.17578
500,1,0.0701096,1.16027
500,1,0.0700951,1.15875
500,1,0.0700924,1.1596
500,1,0.070107,1.17328
500,1,0.0700938,1.17315
500,1,0.0700961,1.16937
500,1,0.0701146,1.15924
500,1,0.0700965,1.17736
500,1,0.0701003,1.16119
500,1,0.0700937,1.16137
500,1,0.0700935,1.16186
500,1,0.0701013,1.15747
500,1,0.0700906,1.15338
500,1,0.0700957,1.16375
500,1,0.0701075,1.15881
500,1,0.0703433,1.25592
500,1,0.0705943,1.3269
500,1,0.0701623,1.16296
500,1,0.0701056,1.17914
500,1,0.0701053,1.16204
500,1,0.0701088,1.15954
500,1,0.0700993,1.15966
500,1,0.070096,1.15954
500,1,0.0700978,1.15741
500,1,0.0700855,1.15594
500,1,0.0701176,1.15521
500,1,0.0700985,1.17102
500,1,0.0700884,1.13727
500,1,0.0701203,1.16943
500,1,0.0701011,1.15014
500,1,0.0700989,1.15789
500,1,0.0700947,1.14715
500,1,0.0700904,1.14978
500,1,0.0700935,1.14874
500,1,0.0700932,1.15149
500,1,0.0701159,1.15509
500,1,0.0700966,1.17065
500,1,0.0700868,1.14972
500,1,0.0700964,1.15539
500,1,0.0700852,1.14862
500,1,0.0700949,1.14807
500,1,0.0700894,1.14471
500,1,0.070098,1.1499
500,1,0.0700909,1.16314
500,1,0.0701028,1.15442
500,1,0.070096,1.17511
500,1,0.070104,1.15246
500,1,0.0700917,1.15332
500,1,0.0700981,1.156
500,1,0.0700951,1.15051
500,1,0.0701157,1.15258
500,1,0.0700885,1.15033
500,1,0.0700958,1.14697
500,1,0.0700851,1.15161
500,1,0.0700939,1.169
500,1,0.0700976,1.16058
500,1,0.0701037,1.15612
500,1,0.0701099,1.15667
500,1,0.0700948,1.16034
500,1,0.0700937,1.14959
500,1,0.0700895,1.15081
500,1,0.0700933,1.14929
500,1,0.0700925,1.14837
500,1,0.0700946,1.17157
500,1,0.0701139,1.15686
500,1,0.0700884,1.15405
500,1,0.0700978,1.14941
500,1,0.0700934,1.1383
500,1,0.0700896,1.14398
500,1,0.0700933,1.15667
500,1,0.0700996,1.15155
500,1,0.0701117,1.16101
500,1,0.0700938,1.16638
500,1,0.070093,1.15436
500,1,0.0701076,1.15295
500,1,0.0700949,1.15197
500,1,0.0701069,1.14489
500,1,0.0700947,1.14434
500,1,0.0700922,1.15234
500,1,0.0701212,1.14605
500,1,0.0700906,1.16394
500,1,0.0700998,1.14721
500,1,0.0700901,1.15301
500,1,0.0701037,1.1524
500,1,0.0700879,1.14666
500,1,0.0701098,1.15069
500,1,0.0701059,1.15136
500,1,0.0701036,1.15918
500,1,0.0700937,1.15631
500,1,0.0700979,1.15081
500,2,0.0355045,0.748106
500,2,0.0350634,0.731382
500,2,0.0350364,0.722655
500,2,0.0350362,0.72064
500,2,0.0350308,0.72357
500,2,0.0350325,0.726988
500,2,0.0350326,0.721861
500,2,0.035053,0.723753
500,2,0.0350413,0.723203
500,2,0.0350352,0.724974
500,2,0.0350336,0.722227
500,2,0.0350323,0.723265
500,2,0.0350349,0.721678
500,2,0.0350301,0.723692
500,2,0.0350295,0.724058
500,2,0.0350353,0.743162
500,2,0.0350336,0.723448
500,2,0.0350283,0.722594
500,2,0.0350312,0.724973
500,2,0.0350475,0.725218
500,2,0.0350286,0.725401
500,2,0.0350254,0.720213
500,2,0.0350364,0.723204
500,2,0.0350364,0.726438
500,2,0.0350292,0.72412
500,2,0.0350314,0.722105
500,2,0.0350361,0.72479
500,2,0.0350323,0.720641
500,2,0.0350374,0.723631
500,2,0.0350244,0.725462
500,2,0.0350455,0.72009
500,2,0.0350329,0.725707
500,2,0.0350348,0.741392
500,2,0.0350338,0.721922
500,2,0.0350289,0.725584
500,2,0.0350306,0.723631
500,2,0.0350471,0.720518
500,2,0.0350358,0.72357
500,2,0.0350272,0.721617
500,2,0.0350315,0.723203
500,2,0.0350333,0.724669
500,2,0.0350335,0.724424
500,2,0.0350261,0.719725
500,2,0.0350322,0.725218
500,2,0.0350305,0.72064
500,2,0.0350353,0.72357
500,2,0.0350325,0.72296
500,2,0.0350376,0.722532
500,2,0.035042,0.728148
500,2,0.0350413,0.726499
500,2,0.0350381,0.743406
500,2,0.0350343,0.722411
500,2,0.035039,0.726621
500,2,0.035031,0.724059
500,2,0.0350303,0.72241
500,2,0.0350282,0.722166
500,2,0.0350271,0.721922
500,2,0.0350394,0.723753
500,2,0.0350375,0.724485
500,2,0.0350315,0.721068
500,2,0.0350334,0.721861
500,2,0.0350316,0.724913
500,2,0.0350277,0.726255
500,2,0.0350335,0.717405
500,2,0.0350294,0.72412
500,2,0.03503,0.72003
500,2,0.0350516,0.741697
500,2,0.035036,0.7041
500,2,0.0350255,0.74072
500,2,0.0350304,0.721617
500,2,0.0350268,0.723631
500,2,0.0350367,0.72418
500,2,0.0350336,0.720946
500,2,0.0350327,0.721189
500,2,0.0350321,0.722838
500,2,0.0350374,0.720396
500,2,0.03503,0.72064
500,2,0.0350365,0.72534
500,2,0.0350304,0.721983
500,2,0.0350249,0.721861
500,2,0.035027,0.719481
500,2,0.0350318,0.724119
500,2,0.0350363,0.723631
500,2,0.0350492,0.721495
500,2,0.0350401,0.722654
500,2,0.0350325,0.722349
500,2,0.0350377,0.740233
500,2,0.0350414,0.71826
500,2,0.0350341,0.720335
500,2,0.0350214,0.719114
500,2,0.0350307,0.72064
500,2,0.0350343,0.718993
500,2,0.035034,0.723325
500,2,0.0350317,0.718566
500,2,0.0350356,0.719968
500,2,0.0350491,0.721617
500,2,0.035029,0.723509
500,2,0.0350235,0.720946
500,2,0.0350335,0.720518
500,2,0.0350378,0.721739
500,2,0.035032,0.718992
500,2,0.042642,0.949643
500,2,0.0465662,1.01257
500,2,0.0465786,0.994626
500,2,0.0478675,1.02814
500,2,0.042616,0.964292
500,2,0.0351459,0.86273
500,2,0.0351537,0.867429
500,2,0.0351319,0.861875
500,2,0.0426379,0.977171
500,2,0.0376579,0.927243
500,2,0.0351738,0.877684
500,2,0.0351308,0.84448
500,2,0.0351166,0.828123
500,2,0.0352268,0.91406
500,2,0.0351769,0.93054
500,2,0.0351697,0.923703
500,2,0.0351727,0.926451
500,2,0.0351558,0.942868
500,2,0.0351476,0.913877
500,2,0.0350912,0.753416
500,2,0.035146,0.76068
500,2,0.0351443,0.838804
500,2,0.0351821,0.919492
500,2,0.0351608,0.813902
500,2,0.0351365,0.770689
500,2,0.035392,0.750791
500,2,0.037886,0.807493
500,2,0.0352742,0.727049
500,2,0.0350596,0.729551
500,2,0.03505,0.719908
500,2,0.0350746,0.723753
500,2,0.0350667,0.724486
500,2,0.0350599,0.746275
500,2,0.0350617,0.727964
500,2,0.0350355,0.722777
500,2,0.0350336,0.72241
500,2,0.0350311,0.718748
500,2,0.0350474,0.726744
500,2,0.0350376,0.720213
500,2,0.0350363,0.724485
500,2,0.0350455,0.719298
500,2,0.0350321,0.724119
500,2,0.0350297,0.722044
500,2,0.0350373,0.724424
500,2,0.0350323,0.718687
500,2,0.0350316,0.724974
500,2,0.0350316,0.720274
500,2,0.0350259,0.719542
500,2,0.0350334,0.740843
500,2,0.0350352,0.721189
500,2,0.0350444,0.725828
500,2,0.0350358,0.721983
500,2,0.0350379,0.718871
500,2,0.0350312,0.724912
500,2,0.0350361,0.719725
500,2,0.0350291,0.721678
500,2,0.0350376,0.720457
500,2,0.0350379,0.721068
500,2,0.0350389,0.724668
500,2,0.0350451,0.720335
500,2,0.0350379,0.724486
500,2,0.0350391,0.722166
500,2,0.035034,0.7218
500,2,0.0350317,0.721311
500,2,0.0350314,0.722838
500,2,0.03503,0.741331
500,2,0.0350369,0.720396
500,2,0.0350312,0.722899
500,2,0.0350265,0.724241
500,2,0.0350325,0.720518
500,2,0.0350359,0.722593
500,2,0.0350344,0.722289
500,2,0.0350253,0.720091
500,2,0.035031,0.72009
500,2,0.0350326,0.722228
500,2,0.0350345,0.72357
500,2,0.035033,0.719114
500,2,0.0350307,0.724485
500,2,0.0350365,0.721861
500,2,0.0350303,0.720396
500,2,0.0350512,0.721373
500,2,0.0350244,0.722593
500,2,0.0350322,0.719664
500,2,0.0350304,0.723204
500,2,0.0350355,0.719297
500,2,0.0350288,0.721739
500,2,0.0350306,0.730284
500,2,0.0350313,0.721495
500,2,0.035037,0.720762
500,2,0.0350347,0.721007
500,2,0.0350305,0.718931
500,2,0.0350321,0.722166
500,2,0.0350288,0.723753
500,2,0.0350345,0.721739
500,2,0.0350481,0.723631
500,2,0.0350509,0.733702
500,2,0.035033,0.755918
500,2,0.0350318,0.757322
500,2,0.0350379,0.770323
500,2,0.0350366,0.783018
500,2,0.0350294,0.73889
500,2,0.0350314,0.777586
500,2,0.035035,0.758604
500,2,0.0350285,0.760008
500,2,0.0350463,0.7572
500,2,0.0350313,0.757078
500,2,0.0350285,0.760557
500,2,0.0350279,0.75952
500,2,0.0350286,0.765439
500,2,0.0350494,0.754942
500,2,0.0350335,0.763121
500,2,0.0350361,0.757627
500,2,0.0350343,0.75659
500,2,0.0350314,0.762083
500,2,0.0350364,0.756285
500,2,0.0350301,0.762632
500,2,0.0350445,0.758849
500,2,0.0350468,0.75781
500,2,0.0350996,0.91992
500,2,0.0351263,0.911985
500,2,0.035159,0.95532
500,2,0.0350676,0.764097
500,2,0.0350504,0.765684
500,2,0.0350304,0.763426
500,2,0.0350354,0.763181
500,2,0.0350339,0.759276
500,2,0.035032,0.762205
500,2,0.0350338,0.782591
500,2,0.0350264,0.760618
500,2,0.035033,0.763364
500,2,0.0350302,0.760802
500,2,0.0350319,0.76312
500,2,0.0350273,0.762877
500,2,0.035032,0.76013
500,2,0.0350339,0.761045
500,2,0.0350295,0.758726
500,2,0.0350286,0.756956
500,2,0.035031,0.762144
500,2,0.0350582,0.763426
500,2,0.0350327,0.761717
500,2,0.0350354,0.758177
500,2,0.0350309,0.725767
500,2,0.0350369,0.719664
500,2,0.0350314,0.723814
500,2,0.0350417,0.717893
500,2,0.0350295,0.700255
500,2,0.0350404,0.742979
500,2,0.0350392,0.729551
500,2,0.0350281,0.722655
500,3,0.0257659,0.645751
500,3,0.0257869,0.632444
500,3,0.0257891,0.616637
500,3,0.0257023,0.642088
500,3,0.0257574,0.640684
500,3,0.0257396,0.639464
500,3,0.0256781,0.614989
500,3,0.0258212,0.639341
500,3,0.0257763,0.636718
500,3,0.0257324,0.641538
500,3,0.025729,0.63629
500,3,0.0257928,0.616637
500,3,0.0257247,0.639097
500,3,0.0257592,0.643676
500,3,0.0257553,0.617979
500,3,0.0257323,0.614683
500,3,0.0258108,0.637938
500,3,0.0258006,0.637144
500,3,0.0258143,0.641356
500,3,0.0257669,0.636961
500,3,0.025835,0.619994
500,3,0.0256948,0.638548
500,3,0.0258575,0.635802
500,3,0.0256935,0.641538
500,3,0.0257988,0.637267
500,3,0.0256892,0.619322
500,3,0.0257536,0.635313
500,3,0.0257591,0.638976
500,3,0.0258355,0.639402
500,3,0.0258244,0.615416
500,3,0.0257566,0.637999
500,3,0.0258117,0.641112
500,3,0.0257914,0.637877
500,3,0.025709,0.639707
500,3,0.0257987,0.617064
500,3,0.025713,0.634703
500,3,0.0258183,0.643492
500,3,0.0258031,0.640563
500,3,0.0257094,0.637876
500,3,0.0257634,0.616332
500,3,0.0258818,0.638914
500,3,0.0258401,0.639281
500,3,0.025791,0.638121
500,3,0.0257601,0.640013
500,3,0.0257421,0.613157
500,3,0.025776,0.639464
500,3,0.0257214,0.637694
500,3,0.0257774,0.642759
500,3,0.0257979,0.61328
500,3,0.0256341,0.641173
500,3,0.0256761,0.638975
500,3,0.0258406,0.638426
500,3,0.0256695,0.616026
500,3,0.025804,0.639586
500,3,0.0257423,0.637083
500,3,0.0258443,0.640685
500,3,0.0258147,0.615111
500,3,0.025762,0.639585
500,3,0.0257909,0.636717
500,3,0.0257444,0.640929
500,3,0.0258126,0.636107
500,3,0.0257788,0.627012
500,3,0.0257312,0.607482
500,3,0.0257573,0.625792
500,3,0.025734,0.629942
500,3,0.0257362,0.628477
500,3,0.0257783,0.602782
500,3,0.0258173,0.624754
500,3,0.025834,0.62805
500,3,0.0256882,0.630736
500,3,0.0257612,0.599852
500,3,0.0257539,0.602721
500,3,0.0258316,0.628538
500,3,0.0256859,0.623106
500,3,0.0258309,0.629088
500,3,0.0257947,0.626341
500,3,0.0256993,0.608397
500,3,0.0257968,0.625182
500,3,0.0257515,0.628294
500,3,0.025768,0.629759
500,3,0.0257772,0.60211
500,3,0.0257738,0.634398
500,3,0.0257193,0.633849
500,3,0.0257191,0.636839
500,3,0.0257487,0.607115
500,3,0.0257792,0.636839
500,3,0.0258013,0.632811
500,3,0.0257327,0.638487
500,3,0.0257728,0.608519
500,3,0.025746,0.637694
500,3,0.0257725,0.634398
500,3,0.0257743,0.634153
500,3,0.0258219,0.63391
500,3,0.0257672,0.611632
500,3,0.0257467,0.634886
500,3,0.0257543,0.636106
500,3,0.0257532,0.632201
500,3,0.0257089,0.608031
500,3,0.0258009,0.632811
500,3,0.0256936,0.637998
500,3,0.0257965,0.629332
500,3,0.0257526,0.634764
500,3,0.0257683,0.61328
500,3,0.025759,0.634581
500,3,0.0256707,0.630186
500,3,0.0258579,0.632994
500,3,0.0258215,0.634154
500,3,0.0257769,0.611571
500,3,0.0257812,0.636473
500,3,0.0257076,0.630857
500,3,0.0257314,0.634886
500,3,0.0257882,0.606383
500,3,0.0257361,0.63214
500,3,0.0257693,0.634641
500,3,0.0257052,0.636046
500,3,0.0257051,0.606078
500,3,0.0257061,0.631834
500,3,0.0257561,0.635008
500,3,0.0256926,0.6286
500,3,0.0257192,0.610533
500,3,0.0258322,0.631346
500,3,0.0257852,0.630858
500,3,0.0257188,0.63513
500,3,0.0257004,0.603453
500,3,0.0257647,0.635374
500,3,0.0257292,0.62982
500,3,0.0257231,0.635619
500,3,0.0257704,0.631102
500,3,0.0257321,0.612486
500,3,0.0256892,0.635557
500,3,0.0257174,0.637633
500,3,0.025773,0.604552
500,3,0.0257718,0.634153
500,3,0.0257468,0.635314
500,3,0.0258559,0.628965
500,3,0.0257435,0.636473
500,3,0.0256993,0.620848
500,3,0.025805,0.628905
500,3,0.0257315,0.639159
500,3,0.0257356,0.63104
500,3,0.0257895,0.614257
500,3,0.0257707,0.633848
500,3,0.0257376,0.635374
500,3,0.0256995,0.631713
500,3,0.0257556,0.612425
500,3,0.0257865,0.6322
500,3,0.0256492,0.636596
500,3,0.0257389,0.633787
500,3,0.0258332,0.633116
500,3,0.0257778,0.616148
500,3,0.025758,0.633727
500,3,0.0257968,0.638853
500,3,0.0257554,0.634032
500,3,0.0257808,0.607298
500,3,0.0256984,0.636534
500,3,0.0257411,0.632384
500,3,0.0257819,0.635984
500,3,0.0257761,0.609313
500,3,0.0258177,0.63574
500,3,0.025778,0.632567
500,3,0.0257343,0.633604
500,3,0.0257346,0.631529
500,3,0.0257303,0.611205
500,3,0.0257581,0.635985
500,3,0.025801,0.630979
500,3,0.0257393,0.636718
500,3,0.025797,0.612425
500,3,0.0257856,0.637816
500,3,0.0257455,0.632688
500,3,0.0257272,0.632506
500,3,0.0257531,0.63336
500,3,0.0256656,0.6109
500,3,0.025805,0.635191
500,3,0.0257829,0.633482
500,3,0.0257579,0.632872
500,3,0.0256776,0.611143
500,3,0.0256923,0.638121
500,3,0.0257528,0.632079
500,3,0.0258367,0.636473
500,3,0.0256753,0.611693
500,3,0.0257296,0.629331
500,3,0.0257205,0.638304
500,3,0.0257086,0.629149
500,3,0.0257757,0.61328
500,3,0.0257216,0.632628
500,3,0.0257056,0.638975
500,3,0.0258002,0.633727
500,3,0.0257918,0.608702
500,3,0.0258148,0.634092
500,3,0.0258265,0.63336
500,3,0.0258269,0.628844
500,3,0.0258196,0.633787
500,3,0.0257267,0.630248
500,3,0.0256946,0.609495
500,3,0.0257269,0.635558
500,3,0.0257716,0.631834
500,3,0.0257688,0.606871
500,3,0.0257235,0.634581
500,3,0.0257539,0.632994
500,3,0.0257386,0.632872
500,3,0.0257597,0.631956
500,3,0.0257604,0.609313
500,3,0.0257149,0.632933
500,3,0.0258194,0.631407
500,3,0.0258191,0.631407
500,3,0.0258053,0.630858
500,3,0.0258487,0.60803
500,3,0.0257515,0.640257
500,3,0.025728,0.652037
500,3,0.0257744,0.643065
500,3,0.0258454,0.640379
500,3,0.0258274,0.613585
500,3,0.0256418,0.644164
500,3,0.0257922,0.637205
500,3,0.0257606,0.64575
500,3,0.0256479,0.620909
500,3,0.0258017,0.630004
500,3,0.0257106,0.653196
500,3,0.0257586,0.660399
500,3,0.0258984,0.658506
500,3,0.0258233,0.628295
500,3,0.02574,0.635374
500,3,0.0256921,0.630553
500,3,0.0257653,0.611021
500,3,0.0256785,0.633726
500,3,0.0258096,0.64215
500,3,0.0257386,0.634336
500,3,0.0258147,0.633849
500,3,0.0257361,0.608763
500,3,0.0257002,0.631712
500,3,0.0257647,0.632628
500,3,0.0257961,0.632933
500,3,0.0258664,0.631468
500,3,0.0257734,0.609374
500,3,0.0257241,0.630308
500,3,0.0258224,0.632262
500,3,0.0257896,0.634031
500,3,0.0257066,0.638182
500,3,0.0256972,0.61151
500,3,0.025725,0.630735
500,3,0.0257411,0.633422
500,3,0.0257417,0.610045
500,3,0.0257367,0.629148
500,3,0.0257743,0.631224
500,3,0.0257999,0.629759
500,3,0.0257323,0.636229
500,3,0.025705,0.610961
500,3,0.0257083,0.629759
500,3,0.0257499,0.630796
500,3,0.0257902,0.634825
500,4,0.0192245,0.535216
500,4,0.0193884,0.57086
500,4,0.0193302,0.542174
500,4,0.0194236,0.570617
500,4,0.0193884,0.546934
500,4,0.0193777,0.539977
500,4,0.0194067,0.569151
500,4,0.01931,0.563353
500,4,0.0193369,0.546325
500,4,0.0192839,0.567686
500,4,0.019323,0.547301
500,4,0.0193302,0.538268
500,4,0.0192588,0.569578
500,4,0.0194104,0.540038
500,4,0.0193646,0.571471
500,4,0.0193468,0.538695
500,4,0.0193364,0.543699
500,4,0.0193636,0.568785
500,4,0.0192641,0.541076
500,4,0.0193248,0.543883
500,4,0.0193674,0.572752
500,4,0.0194186,0.538817
500,4,0.0193523,0.549498
500,4,0.0193176,0.568236
500,4,0.019292,0.539977
500,4,0.0193887,0.540587
500,4,0.0194391,0.541197
500,4,0.0193529,0.543517
500,4,0.0193634,0.570067
500,4,0.0193954,0.541441
500,4,0.0193959,0.570128
500,4,0.0193059,0.539794
500,4,0.0193347,0.546812
500,4,0.019343,0.567137
500,4,0.0193199,0.543151
500,4,0.0193937,0.546629
500,4,0.0193403,0.568358
500,4,0.0193649,0.54254
500,4,0.019405,0.568114
500,4,0.0193703,0.546385
500,4,0.019367,0.542602
500,4,0.0193422,0.568235
500,4,0.0193258,0.541747
500,4,0.0194063,0.545592
500,4,0.0193662,0.570372
500,4,0.0193626,0.542357
500,4,0.0193681,0.543822
500,4,0.0192465,0.567564
500,4,0.019298,0.544005
500,4,0.0193127,0.538268
500,4,0.0193286,0.569945
500,4,0.0193088,0.541319
500,4,0.0194308,0.568724
500,4,0.0193404,0.542602
500,4,0.0193073,0.542906
500,4,0.0193682,0.541441
500,4,0.0193415,0.539855
500,4,0.019398,0.54669
500,4,0.0194392,0.566771
500,4,0.0193521,0.543761
500,4,0.0193158,0.53839
500,4,0.0193674,0.565001
500,4,0.0193622,0.537291
500,4,0.0193418,0.558775
500,4,0.0193628,0.53955
500,4,0.0193757,0.532042
500,4,0.0193922,0.563414
500,4,0.0194032,0.539061
500,4,0.0193258,0.558348
500,4,0.019365,0.539244
500,4,0.0193278,0.536376
500,4,0.0193628,0.567076
500,4,0.0193269,0.540404
500,4,0.0193328,0.53607
500,4,0.0194105,0.569823
500,4,0.0193098,0.540221
500,4,0.0193738,0.564513
500,4,0.0193224,0.54199
500,4,0.0193059,0.541015
500,4,0.0193457,0.542235
500,4,0.019359,0.568052
500,4,0.0193782,0.536559
500,4,0.0193524,0.566283
500,4,0.0193548,0.539671
500,4,0.0193334,0.541503
500,4,0.0193485,0.564085
500,4,0.0193679,0.54309
500,4,0.0192371,0.538695
500,4,0.0194235,0.566771
500,4,0.0193651,0.541441
500,4,0.0192882,0.538939
500,4,0.0193156,0.564757
500,4,0.019375,0.544859
500,4,0.019353,0.54016
500,4,0.0193349,0.566649
500,4,0.0193245,0.537963
500,4,0.019309,0.565001
500,4,0.0193957,0.543394
500,4,0.0193769,0.541014
500,4,0.0194303,0.56317
500,4,0.0193295,0.542174
500,4,0.0193791,0.535949
500,4,0.0192882,0.568541
500,4,0.0193995,0.54077
500,4,0.0194033,0.56793
500,4,0.0194117,0.53778
500,4,0.0193607,0.541197
500,4,0.019456,0.569945
500,4,0.0194486,0.537474
500,4,0.0193976,0.565856
500,4,0.0194064,0.536253
500,4,0.0193822,0.568358
500,4,0.0193666,0.542662
500,4,0.019305,0.536376
500,4,0.0194298,0.567625
500,4,0.019388,0.539245
500,4,0.0194025,0.567076
500,4,0.0193228,0.542113
500,4,0.0193803,0.538145
500,4,0.0194516,0.565123
500,4,0.0193804,0.543822
500,4,0.0193246,0.536437
500,4,0.0193391,0.567564
500,4,0.0192726,0.540221
500,4,0.0194538,0.570189
500,4,0.01938,0.539488
500,4,0.0193866,0.539367
500,4,0.0193164,0.568297
500,4,0.0192563,0.540525
500,4,0.0193367,0.540771
500,4,0.0193791,0.56909
500,4,0.0194202,0.538329
500,4,0.019333,0.539915
500,4,0.0193412,0.568114
500,4,0.0193287,0.542357
500,4,0.0193758,0.565489
500,4,0.0193887,0.542601
500,4,0.0193371,0.539306
500,4,0.0193585,0.567015
500,4,0.0193291,0.540404
500,4,0.0193682,0.542479
500,4,0.0193753,0.562071
500,4,0.0193412,0.544127
500,4,0.0194159,0.564513
500,4,0.019385,0.542784
500,4,0.0194047,0.535887
500,4,0.0193655,0.56671
500,4,0.0193391,0.54425
500,4,0.0193619,0.563231
500,4,0.0193773,0.537474
500,4,0.0193771,0.544249
500,4,0.0193254,0.566771
500,4,0.0193476,0.535521
500,4,0.0193055,0.541014
500,4,0.0193059,0.568297
500,4,0.019345,0.540526
500,4,0.0193466,0.53961
500,4,0.0193699,0.566161
500,4,0.0192303,0.540892
500,4,0.0193963,0.540221
500,4,0.0193505,0.567687
500,4,0.0194154,0.538084
500,4,0.0193525,0.567443
500,4,0.0193657,0.541563
500,4,0.0192475,0.537596
500,4,0.0193215,0.56848
500,4,0.0193691,0.538695
500,4,0.0193547,0.537291
500,4,0.019367,0.564208
500,4,0.0193124,0.541808
500,4,0.0193563,0.539366
500,4,0.0193791,0.562621
500,4,0.0193632,0.54254
500,4,0.0193752,0.56555
500,4,0.0193649,0.545287
500,4,0.0193759,0.542357
500,4,0.0193612,0.565733
500,4,0.0193833,0.538024
500,4,0.0193639,0.541197
500,4,0.0193567,0.566893
500,4,0.0193707,0.541747
500,4,0.0193992,0.561644
500,4,0.0193024,0.539549
500,4,0.0193875,0.542052
500,4,0.0193829,0.563048
500,4,0.0193323,0.541075
500,4,0.0193597,0.54016
500,4,0.0193898,0.568114
500,4,0.0193678,0.541502
500,4,0.0193616,0.571593
500,4,0.0193621,0.540526
500,4,0.0193852,0.540282
500,4,0.019384,0.568114
500,4,0.0193373,0.536375
500,4,0.0193466,0.541869
500,4,0.0193736,0.570067
500,4,0.0193344,0.541258
500,4,0.0193686,0.568663
500,4,0.0193604,0.539
500,4,0.0194016,0.541259
500,4,0.0193401,0.572752
500,4,0.0193394,0.539733
500,4,0.0193553,0.540648
500,4,0.0193036,0.567259
500,4,0.0193332,0.541197
500,4,0.0193504,0.571044
500,4,0.0193104,0.544432
500,4,0.0193254,0.540465
500,4,0.0193689,0.541319
500,4,0.0193774,0.568541
500,4,0.0192933,0.539611
500,4,0.0193683,0.570677
500,4,0.019318,0.539549
500,4,0.0193394,0.541442
500,4,0.0193181,0.569456
500,4,0.0194081,0.542052
500,4,0.0193679,0.572997
500,4,0.0194093,0.542601
500,4,0.0193357,0.54315
500,4,0.0193913,0.567687
500,4,0.0193417,0.542601
500,4,0.0193789,0.545531
500,4,0.0193465,0.563475
500,4,0.0193832,0.543151
500,4,0.0193436,0.539854
500,4,0.0193034,0.57202
500,4,0.0193497,0.539611
500,4,0.0193686,0.572142
500,4,0.0194272,0.541441
500,4,0.0192848,0.542052
500,4,0.0193864,0.570555
500,4,0.0193189,0.542113
500,4,0.0193355,0.540099
500,4,0.0193921,0.566099
500,4,0.0193077,0.538573
500,4,0.0193511,0.542907
500,4,0.0193482,0.567991
500,4,0.0192915,0.543822
500,4,0.0192965,0.564391
500,4,0.0193581,0.546995
500,4,0.0193903,0.537108
500,4,0.0194048,0.56726
500,4,0.0193736,0.541868
500,4,0.0193011,0.542296
500,4,0.0194052,0.571227
500,4,0.0194071,0.539
500,4,0.01939,0.570494
500,4,0.0193793,0.540099
500,4,0.0193312,0.544127
500,4,0.0193149,0.571043
500,5,0.0153671,0.514769
500,5,0.0153743,0.48596
500,5,0.0154304,0.522155
500,5,0.0155207,0.493956
500,5,0.0154936,0.522277
500,5,0.0154196,0.498167
500,5,0.0154447,0.523009
500,5,0.0153516,0.489379
500,5,0.0153926,0.495909
500,5,0.0154919,0.526549
500,5,0.0154423,0.529235
500,5,0.0154396,0.498289
500,5,0.0154463,0.522216
500,5,0.0154784,0.502867
500,5,0.015453,0.494078
500,5,0.0154691,0.525146
500,5,0.0154532,0.503233
500,5,0.0154105,0.523314
500,5,0.0154054,0.4989
500,5,0.0154071,0.526977
500,5,0.0154671,0.497679
500,5,0.0154231,0.529601
500,5,0.0154235,0.50012
500,5,0.0154803,0.526366
500,5,0.0154457,0.498168
500,5,0.0155011,0.499083
500,5,0.0154637,0.528502
500,5,0.0154763,0.525267
500,5,0.015443,0.502807
500,5,0.0154957,0.525023
500,5,0.0154748,0.501158
500,5,0.0154778,0.523619
500,5,0.0154715,0.498229
500,5,0.0154559,0.529662
500,5,0.0154017,0.495787
500,5,0.0153911,0.501464
500,5,0.0154674,0.529478
500,5,0.0154888,0.495177
500,5,0.0155286,0.528441
500,5,0.0155181,0.500426
500,5,0.0154342,0.5307
500,5,0.0154784,0.496702
500,5,0.0154364,0.502745
500,5,0.0154418,0.496581
500,5,0.0154304,0.528685
500,5,0.0154747,0.499022
500,5,0.0154903,0.524169
500,5,0.0153904,0.496458
500,5,0.0154577,0.530333
500,5,0.0154833,0.49713
500,5,0.015508,0.52716
500,5,0.0154397,0.498961
500,5,0.0153862,0.496092
500,5,0.0154782,0.494871
500,5,0.0153308,0.493407
500,5,0.0154438,0.53308
500,5,0.0153892,0.495421
500,5,0.0154055,0.525084
500,5,0.0154254,0.501342
500,5,0.0154682,0.529356
500,5,0.015435,0.483825
500,5,0.015473,0.519591
500,5,0.0154925,0.486876
500,5,0.015523,0.520812
500,5,0.0154533,0.489317
500,5,0.015402,0.516723
500,5,0.015505,0.488707
500,5,0.0154451,0.51483
500,5,0.0154827,0.488646
500,5,0.0154194,0.51837
500,5,0.0153636,0.488158
500,5,0.0154738,0.486022
500,5,0.0155099,0.517943
500,5,0.0154669,0.495238
500,5,0.0153777,0.51953
500,5,0.0154863,0.483153
500,5,0.0154603,0.520568
500,5,0.0154775,0.489683
500,5,0.0154498,0.513793
500,5,0.0154313,0.491271
500,5,0.0154481,0.515257
500,5,0.0154637,0.491576
500,5,0.0154851,0.522704
500,5,0.0155046,0.482543
500,5,0.0154595,0.520506
500,5,0.0154262,0.487853
500,5,0.015465,0.524718
500,5,0.0154907,0.50775
500,5,0.015477,0.536925
500,5,0.0153789,0.511961
500,5,0.0155041,0.531615
500,5,0.0154966,0.507201
500,5,0.0154625,0.533202
500,5,0.0154939,0.511656
500,5,0.0154459,0.52954
500,5,0.0154529,0.5036
500,5,0.0153945,0.535765
500,5,0.015443,0.50244
500,5,0.0154073,0.48889
500,5,0.0154489,0.51776
500,5,0.0153938,0.489013
500,5,0.0154945,0.524901
500,5,0.0154643,0.489195
500,5,0.0154966,0.51715
500,5,0.0154881,0.491637
500,5,0.0155847,0.516478
500,5,0.0154577,0.51599
500,5,0.0155293,0.493224
500,5,0.0154963,0.515379
500,5,0.0154384,0.492369
500,5,0.0154912,0.516784
500,5,0.0155766,0.489867
500,5,0.0154455,0.519408
500,5,0.0154663,0.4895
500,5,0.01543,0.485595
500,5,0.0154136,0.519041
500,5,0.0155068,0.516967
500,5,0.0154846,0.490599
500,5,0.0154648,0.517943
500,5,0.0154738,0.49182
500,5,0.0154839,0.515746
500,5,0.0154705,0.489745
500,5,0.0154689,0.516661
500,5,0.0155402,0.493285
500,5,0.0154742,0.515807
500,5,0.0153976,0.489683
500,5,0.0154394,0.488403
500,5,0.0154458,0.493041
500,5,0.0154136,0.486449
500,5,0.0154189,0.514647
500,5,0.0154671,0.49237
500,5,0.015489,0.519163
500,5,0.0154344,0.484557
500,5,0.015492,0.520629
500,5,0.0153876,0.490111
500,5,0.0154413,0.513976
500,5,0.01552,0.490111
500,5,0.0154366,0.517637
500,5,0.0155145,0.48828
500,5,0.0154163,0.516662
500,5,0.0154349,0.49127
500,5,0.0155008,0.516357
500,5,0.015457,0.48712
500,5,0.0154396,0.517882
500,5,0.0154693,0.493041
500,5,0.0154472,0.483641
500,5,0.0154391,0.519774
500,5,0.0154353,0.488463
500,5,0.0154233,0.5166
500,5,0.0154694,0.493834
500,5,0.0154483,0.516051
500,5,0.0154701,0.489013
500,5,0.0155047,0.517699
500,5,0.0154583,0.488097
500,5,0.0154424,0.519346
500,5,0.0154724,0.488647
500,5,0.0154444,0.513243
500,5,0.0154027,0.493224
500,5,0.0154477,0.514708
500,5,0.0154105,0.496642
500,5,0.0154544,0.51367
500,5,0.0154078,0.49182
500,5,0.0153525,0.488769
500,5,0.0154647,0.524595
500,5,0.0154886,0.491515
500,5,0.0155195,0.51306
500,5,0.0155168,0.520446
500,5,0.0154724,0.495482
500,5,0.0154335,0.48535
500,5,0.0154196,0.492797
500,5,0.015431,0.490294
500,5,0.0155049,0.514037
500,5,0.0155193,0.490111
500,5,0.0154576,0.517882
500,5,0.0154487,0.493468
500,5,0.0154208,0.51837
500,5,0.0154153,0.485716
500,5,0.0154175,0.519164
500,5,0.0155017,0.489684
500,5,0.0154421,0.513853
500,5,0.0154776,0.489928
500,5,0.015447,0.521422
500,5,0.0154914,0.487121
500,5,0.0154602,0.518797
500,5,0.0154455,0.490111
500,5,0.0154737,0.514953
500,5,0.0154088,0.492918
500,5,0.0154488,0.515258
500,5,0.0154356,0.491637
500,5,0.0154224,0.513304
500,5,0.0154455,0.493712
500,5,0.0154544,0.487426
500,5,0.0154403,0.518126
500,5,0.0154511,0.48889
500,5,0.0154464,0.519286
500,5,0.0154622,0.489134
500,5,0.0154397,0.517821
500,5,0.0154081,0.488769
500,5,0.0154512,0.51953
500,5,0.0154849,0.484923
500,5,0.0154454,0.489073
500,5,0.0154872,0.484923
500,5,0.0154727,0.519652
500,5,0.0154385,0.486998
500,5,0.0154808,0.521972
500,5,0.0154127,0.488768
500,5,0.0154977,0.488463
500,5,0.0154849,0.515685
500,5,0.0154912,0.488585
500,5,0.015406,0.520567
500,5,0.0153865,0.491576
500,5,0.0155125,0.515014
500,5,0.015423,0.493468
500,5,0.0154973,0.519835
500,5,0.015437,0.481932
500,5,0.0154025,0.51953
500,5,0.0154717,0.490721
500,5,0.0154329,0.518004
500,5,0.0154856,0.490966
500,5,0.0154119,0.516844
500,5,0.015409,0.493102
500,5,0.0154145,0.483519
500,5,0.0154806,0.523314
500,5,0.015425,0.483764
500,5,0.0154612,0.520873
500,5,0.0155042,0.489012
500,5,0.0154383,0.516478
500,5,0.0154905,0.494689
500,5,0.0154291,0.513915
500,5,0.0153936,0.489073
500,5,0.0153954,0.517272
500,5,0.0154936,0.488524
500,5,0.0155076,0.522948
500,5,0.0153694,0.485594
500,5,0.0155474,0.522582
500,5,0.0154796,0.490721
500,5,0.0155181,0.514647
500,5,0.0154333,0.48767
500,5,0.0155261,0.51837
500,5,0.0154919,0.487975
500,5,0.0153887,0.520018
500,5,0.0154644,0.487731
500,5,0.0154144,0.521605
500,5,0.0153744,0.489501
500,5,0.0154263,0.51306
500,5,0.0154339,0.492674
500,5,0.0154757,0.486694
500,5,0.0153888,0.520567
500,5,0.0154326,0.489135
500,5,0.0155583,0.513792
500,6,0.0129093,0.471801
500,6,0.0128412,0.472289
500,6,0.0129347,0.435485
500,6,0.0130475,0.507445
500,6,0.0129427,0.469359
500,6,0.0129626,0.471007
500,6,0.0129242,0.438475
500,6,0.0130151,0.50537
500,6,0.0128777,0.441832
500,6,0.0130164,0.505858
500,6,0.0129795,0.474792
500,6,0.0129748,0.439391
500,6,0.012908,0.47235
500,6,0.0129168,0.472594
500,6,0.0130072,0.473997
500,6,0.0129502,0.477111
500,6,0.0129141,0.469969
500,6,0.0128625,0.477355
500,6,0.0129371,0.465453
500,6,0.0129786,0.469909
500,6,0.0129052,0.475218
500,6,0.0129639,0.471801
500,6,0.0130161,0.474486
500,6,0.0129104,0.472411
500,6,0.0129462,0.467955
500,6,0.0128766,0.479979
500,6,0.0129837,0.472045
500,6,0.0130554,0.471007
500,6,0.012898,0.469359
500,6,0.0129928,0.478942
500,6,0.0130393,0.469969
500,6,0.0129858,0.475768
500,6,0.0128903,0.472899
500,6,0.0129536,0.473327
500,6,0.0128643,0.477415
500,6,0.0129205,0.471313
500,6,0.0128647,0.475096
500,6,0.0129266,0.472655
500,6,0.012982,0.471435
500,6,0.0129684,0.47119
500,6,0.0129392,0.442931
500,6,0.0129772,0.502684
500,6,0.0128518,0.444274
500,6,0.0129782,0.472838
500,6,0.0129588,0.474059
500,6,0.0128852,0.467162
500,6,0.0128899,0.475706
500,6,0.0128876,0.474975
500,6,0.0130252,0.475035
500,6,0.0129789,0.482848
500,6,0.0129278,0.481871
500,6,0.0128997,0.468505
500,6,0.0129315,0.47412
500,6,0.0129884,0.478453
500,6,0.0129763,0.469421
500,6,0.012982,0.475767
500,6,0.0129415,0.474609
500,6,0.0129422,0.473936
500,6,0.0128961,0.474792
500,6,0.0129578,0.484862
500,6,0.0130542,0.52899
500,6,0.0129614,0.526549
500,6,0.0129214,0.503661
500,6,0.0135997,0.478636
500,6,0.012949,0.508788
500,6,0.0132533,0.480101
500,6,0.0159928,0.580077
500,6,0.0181052,0.636412
500,6,0.0131377,0.46826
500,6,0.012967,0.471191
500,6,0.0129581,0.476988
500,6,0.0130566,0.466307
500,6,0.0129583,0.475158
500,6,0.0129225,0.468199
500,6,0.0129009,0.472106
500,6,0.0128771,0.472716
500,6,0.0129201,0.474853
500,6,0.0129462,0.46942
500,6,0.0129471,0.473143
500,6,0.0129091,0.472716
500,6,0.0129748,0.468627
500,6,0.0129084,0.46942
500,6,0.0128882,0.471068
500,6,0.0129745,0.439696
500,6,0.0129251,0.506225
500,6,0.0129644,0.440916
500,6,0.0129334,0.500487
500,6,0.0129343,0.442565
500,6,0.012831,0.465575
500,6,0.0129194,0.473876
500,6,0.0129286,0.471434
500,6,0.012913,0.470641
500,6,0.012936,0.473021
500,6,0.0129208,0.469299
500,6,0.0129024,0.469603
500,6,0.0129435,0.473021
500,6,0.0130416,0.47235
500,6,0.0129865,0.468199
500,6,0.0129429,0.473022
500,6,0.0129601,0.471007
500,6,0.0129854,0.47235
500,6,0.0129951,0.474181
500,6,0.0129642,0.467222
500,6,0.0129476,0.470153
500,6,0.0129231,0.470092
500,6,0.013035,0.474303
500,6,0.0128726,0.471129
500,6,0.012988,0.471434
500,6,0.0129787,0.47351
500,6,0.0129578,0.471617
500,6,0.0129509,0.468322
500,6,0.0129262,0.469115
500,6,0.0130156,0.473448
500,6,0.0129018,0.472838
500,6,0.0129328,0.473693
500,6,0.0129796,0.472411
500,6,0.0129903,0.471983
500,6,0.0128906,0.467895
500,6,0.0129567,0.471495
500,6,0.0129683,0.439757
500,6,0.0129272,0.503783
500,6,0.0129564,0.435424
500,6,0.0129151,0.472655
500,6,0.0128956,0.475218
500,6,0.0129301,0.47174
500,6,0.012953,0.468871
500,6,0.0129063,0.474181
500,6,0.0129381,0.468504
500,6,0.0130164,0.47351
500,6,0.0128804,0.472289
500,6,0.0130693,0.468321
500,6,0.012937,0.474609
500,6,0.0128616,0.466429
500,6,0.0128977,0.474242
500,6,0.0129864,0.469237
500,6,0.0129572,0.477111
500,6,0.0129511,0.467833
500,6,0.0128983,0.471312
500,6,0.0129721,0.472533
500,6,0.012926,0.476012
500,6,0.0128871,0.466552
500,6,0.0129326,0.472838
500,6,0.0129954,0.469054
500,6,0.0129295,0.472167
500,6,0.0129098,0.475889
500,6,0.0129844,0.46997
500,6,0.0129844,0.468199
500,6,0.0129574,0.474303
500,6,0.0129196,0.438537
500,6,0.0130997,0.505675
500,6,0.0128779,0.434813
500,6,0.0129373,0.473571
500,6,0.012889,0.473204
500,6,0.0129601,0.468627
500,6,0.0129389,0.47412
500,6,0.0129498,0.469603
500,6,0.0129473,0.474547
500,6,0.0128945,0.4682
500,6,0.0129117,0.475035
500,6,0.0129328,0.47235
500,6,0.0129749,0.468505
500,6,0.0129426,0.470885
500,6,0.0129752,0.471068
500,6,0.0128969,0.472227
500,6,0.0129263,0.473754
500,6,0.0129551,0.471251
500,6,0.0129623,0.479064
500,6,0.0129368,0.468627
500,6,0.0128905,0.476561
500,6,0.0129354,0.464965
500,6,0.0129068,0.47058
500,6,0.0130446,0.473814
500,6,0.0129246,0.472961
500,6,0.0129274,0.468077
500,6,0.0129299,0.435912
500,6,0.0128958,0.471312
500,6,0.0130132,0.47412
500,6,0.0129096,0.500548
500,6,0.0128946,0.438659
500,6,0.0129647,0.47357
500,6,0.012909,0.468322
500,6,0.0129266,0.472289
500,6,0.0129044,0.470885
500,6,0.0129127,0.470885
500,6,0.0128547,0.470579
500,6,0.0129758,0.476501
500,6,0.0128832,0.464354
500,6,0.012986,0.473021
500,6,0.0130489,0.472045
500,6,0.0129363,0.46649
500,6,0.0129945,0.47467
500,6,0.0129231,0.468138
500,6,0.012973,0.473449
500,6,0.013008,0.473204
500,6,0.0129477,0.468871
500,6,0.0129,0.465331
500,6,0.0129849,0.47412
500,6,0.0128768,0.471312
500,6,0.0127889,0.466857
500,6,0.0129427,0.440306
500,6,0.0129632,0.504027
500,6,0.0129614,0.435851
500,6,0.0129434,0.471739
500,6,0.0129397,0.47174
500,6,0.0128781,0.442381
500,6,0.0130215,0.473266
500,6,0.0130206,0.465819
500,6,0.0129066,0.442137
500,6,0.012934,0.468688
500,6,0.0130511,0.474181
500,6,0.0129112,0.469908
500,6,0.0129454,0.47119
500,6,0.0129145,0.46997
500,6,0.0128627,0.474425
500,6,0.0129378,0.467711
500,6,0.0128496,0.47528
500,6,0.0129428,0.470335
500,6,0.012867,0.472839
500,6,0.0129004,0.472594
500,6,0.0130128,0.471495
500,6,0.0129583,0.466002
500,6,0.013092,0.477538
500,6,0.0129077,0.469298
500,6,0.0129284,0.470031
500,6,0.0129166,0.469786
500,6,0.0128832,0.471923
500,6,0.0129466,0.438536
500,6,0.0130239,0.508971
500,6,0.0128867,0.46704
500,6,0.012971,0.437438
500,6,0.0128888,0.475707
500,6,0.0129179,0.472227
500,6,0.0129802,0.471374
500,6,0.0129392,0.47119
500,6,0.0129009,0.472167
500,6,0.012993,0.468687
500,6,0.0129161,0.47351
500,6,0.0129034,0.470885
500,6,0.0129374,0.47296
500,6,0.0129578,0.470702
500,6,0.0129423,0.471862
500,6,0.0129424,0.471556
500,6,0.0128707,0.472472
500,6,0.0129791,0.471068
500,6,0.0129225,0.469848
500,6,0.0129539,0.471617
500,6,0.0129665,0.473143
500,6,0.0128741,0.470092
500,6,0.0129116,0.471129
500,6,0.0129673,0.475951
500,7,0.0111096,0.440001
500,7,0.011189,0.445861
500,7,0.0111618,0.445006
500,7,0.0112269,0.451781
500,7,0.0111917,0.487853
500,7,0.011209,0.443541
500,7,0.0111309,0.448302
500,7,0.0112094,0.443969
500,7,0.0111818,0.448119
500,7,0.0111958,0.486693
500,7,0.0111777,0.445128
500,7,0.0111879,0.448302
500,7,0.0111954,0.446959
500,7,0.0111541,0.48828
500,7,0.0111579,0.446105
500,7,0.011216,0.449889
500,7,0.011133,0.444396
500,7,0.0111301,0.453612
500,7,0.0111746,0.481078
500,7,0.0111716,0.450927
500,7,0.0111883,0.445311
500,7,0.0111621,0.454161
500,7,0.0111799,0.445129
500,7,0.0112437,0.450743
500,7,0.0111559,0.44641
500,7,0.0111773,0.451965
500,7,0.0112332,0.441832
500,7,0.0111451,0.45288
500,7,0.0111899,0.484556
500,7,0.0112045,0.44873
500,7,0.0112179,0.441954
500,7,0.011169,0.452148
500,7,0.0111305,0.450865
500,7,0.0112216,0.440978
500,7,0.0111347,0.450133
500,7,0.0110878,0.44519
500,7,0.0111752,0.446776
500,7,0.0112656,0.449706
500,7,0.011146,0.485655
500,7,0.0111841,0.446227
500,7,0.0111497,0.449828
500,7,0.0112231,0.450805
500,7,0.0112268,0.446349
500,7,0.0111917,0.484129
500,7,0.0111336,0.450744
500,7,0.0111575,0.44702
500,7,0.011176,0.447509
500,7,0.0111923,0.448241
500,7,0.0111086,0.454772
500,7,0.0112335,0.481688
500,7,0.0111308,0.448424
500,7,0.0112153,0.448485
500,7,0.0111479,0.44757
500,7,0.0111928,0.484373
500,7,0.0111462,0.451232
500,7,0.011157,0.448302
500,7,0.0111938,0.448486
500,7,0.0111845,0.449522
500,7,0.0111739,0.445251
500,7,0.0111405,0.491087
500,7,0.011154,0.446349
500,7,0.0111979,0.437438
500,7,0.0111519,0.439635
500,7,0.0111431,0.444335
500,7,0.0111536,0.435607
500,7,0.0111695,0.479247
500,7,0.0111736,0.442869
500,7,0.0111507,0.439819
500,7,0.0111535,0.442992
500,7,0.0111995,0.433165
500,7,0.011179,0.475097
500,7,0.0111618,0.442625
500,7,0.0112042,0.444396
500,7,0.0112099,0.434142
500,7,0.0111463,0.439757
500,7,0.0111689,0.477904
500,7,0.011139,0.44226
500,7,0.0111511,0.441832
500,7,0.0112008,0.444579
500,7,0.0112252,0.435973
500,7,0.0111829,0.476562
500,7,0.0111412,0.438109
500,7,0.011176,0.438964
500,7,0.0111368,0.439085
500,7,0.0112112,0.438049
500,7,0.0111375,0.484923
500,7,0.0112079,0.43347
500,7,0.0111985,0.443603
500,7,0.0111731,0.442137
500,7,0.0112111,0.47412
500,7,0.0111382,0.436766
500,7,0.0111701,0.439147
500,7,0.0111851,0.438048
500,7,0.0111695,0.440856
500,7,0.0111603,0.437499
500,7,0.0111456,0.481749
500,7,0.0111822,0.440551
500,7,0.0111827,0.43463
500,7,0.0112579,0.446288
500,7,0.0111228,0.434936
500,7,0.0111678,0.480467
500,7,0.01114,0.436034
500,7,0.011146,0.444152
500,7,0.0112063,0.435729
500,7,0.0111994,0.476683
500,7,0.0112044,0.439879
500,7,0.0111483,0.442077
500,7,0.0112321,0.432921
500,7,0.0111389,0.444823
500,7,0.0111801,0.438964
500,7,0.0111572,0.477416
500,7,0.0111542,0.43524
500,7,0.0112009,0.44049
500,7,0.0112019,0.437865
500,7,0.0111751,0.437987
500,7,0.0111902,0.482604
500,7,0.0111842,0.436339
500,7,0.0111776,0.439452
500,7,0.0112564,0.439635
500,7,0.0111953,0.472838
500,7,0.011228,0.442382
500,7,0.0112304,0.436339
500,7,0.0111851,0.441588
500,7,0.0112247,0.473205
500,7,0.011158,0.44525
500,7,0.0111379,0.434874
500,7,0.0111531,0.4411
500,7,0.0112355,0.439819
500,7,0.0111902,0.473753
500,7,0.0112265,0.441772
500,7,0.0111927,0.442137
500,7,0.011176,0.434264
500,7,0.0111725,0.436584
500,7,0.0111664,0.478941
500,7,0.0111854,0.440124
500,7,0.0111272,0.439635
500,7,0.0111806,0.444151
500,7,0.0111643,0.43695
500,7,0.0111893,0.475646
500,7,0.0111615,0.440428
500,7,0.0111951,0.439391
500,7,0.0111824,0.436217
500,7,0.0112056,0.445373
500,7,0.0111837,0.475707
500,7,0.0111904,0.436217
500,7,0.0111739,0.439085
500,7,0.0111698,0.445129
500,7,0.0111806,0.441527
500,7,0.0111147,0.474242
500,7,0.0111677,0.445189
500,7,0.0111727,0.433471
500,7,0.0112171,0.439452
500,7,0.0111778,0.440123
500,7,0.0112178,0.479674
500,7,0.0111382,0.442321
500,7,0.0112175,0.435973
500,7,0.0111936,0.438048
500,7,0.0111932,0.445128
500,7,0.0112153,0.477172
500,7,0.0111938,0.437865
500,7,0.0111628,0.442809
500,7,0.0112087,0.433959
500,7,0.0111675,0.443297
500,7,0.0111689,0.476683
500,7,0.0112303,0.437499
500,7,0.0111235,0.443236
500,7,0.0112111,0.438171
500,7,0.0111515,0.47943
500,7,0.0111626,0.439757
500,7,0.0111832,0.438902
500,7,0.0111235,0.441467
500,7,0.0111616,0.441038
500,7,0.0112175,0.439819
500,7,0.011188,0.477477
500,7,0.011174,0.43524
500,7,0.0112319,0.444152
500,7,0.0112116,0.436888
500,7,0.0111579,0.436156
500,7,0.0112082,0.483092
500,7,0.0112091,0.440368
500,7,0.0112149,0.440001
500,7,0.0112284,0.432799
500,7,0.011235,0.476196
500,7,0.0111473,0.442198
500,7,0.0111286,0.441039
500,7,0.0112149,0.436034
500,7,0.0111594,0.445556
500,7,0.0111994,0.470518
500,7,0.0111437,0.446655
500,7,0.0111521,0.43524
500,7,0.0111693,0.43933
500,7,0.0111939,0.47589
500,7,0.0112113,0.441893
500,7,0.0111921,0.43872
500,7,0.0111665,0.442992
500,7,0.0111852,0.440612
500,7,0.011179,0.471068
500,7,0.0111747,0.445189
500,7,0.0111559,0.436705
500,7,0.011218,0.445556
500,7,0.011161,0.43817
500,7,0.0111979,0.474791
500,7,0.0112093,0.440002
500,7,0.0112404,0.445006
500,7,0.0111711,0.43695
500,7,0.011214,0.446348
500,7,0.0111763,0.471923
500,7,0.0111299,0.44464
500,7,0.0111426,0.441771
500,7,0.0111513,0.439452
500,7,0.0111635,0.44226
500,7,0.0111565,0.434752
500,7,0.0114251,0.485839
500,7,0.0111695,0.436095
500,7,0.0112054,0.444762
500,7,0.0111799,0.472228
500,7,0.0111964,0.443419
500,7,0.0112031,0.443297
500,7,0.0111725,0.436828
500,7,0.0111832,0.447081
500,7,0.0111982,0.475158
500,7,0.0111493,0.439208
500,7,0.0111956,0.444395
500,7,0.0111837,0.437804
500,7,0.011178,0.443725
500,7,0.0112256,0.476805
500,7,0.0111553,0.43634
500,7,0.0111871,0.442137
500,7,0.0111795,0.443602
500,7,0.0112027,0.440246
500,7,0.0112049,0.481871
500,7,0.0112167,0.435973
500,7,0.0112068,0.4411
500,7,0.0112059,0.435668
500,7,0.0111616,0.483763
500,7,0.0112258,0.445861
500,7,0.0112287,0.432128
500,7,0.0111562,0.443907
500,7,0.0111142,0.433654
500,7,0.0112031,0.480834
500,7,0.0112011,0.437255
500,7,0.0111898,0.444517
500,7,0.0112254,0.439025
500,7,0.0111814,0.471007
500,7,0.0112286,0.440063
500,7,0.0111992,0.445006
500,7,0.0111869,0.441893
500,7,0.0112097,0.436217
500,7,0.011225,0.484374
500,7,0.0111523,0.438354
500,8,0.00977852,0.430419
500,8,0.00985273,0.398497
500,8,0.00980129,0.398009
500,8,0.00986176,0.4411
500,8,0.00989436,0.442565
500,8,0.00988134,0.448424
500,8,0.00988382,0.442809
500,8,0.00987562,0.44525
500,8,0.00987814,0.448546
500,8,0.00984861,0.438659
500,8,0.00986661,0.401366
500,8,0.00986598,0.484984
500,8,0.00984315,0.401977
500,8,0.00982248,0.450377
500,8,0.00986359,0.444274
500,8,0.0098857,0.442625
500,8,0.00988558,0.443359
500,8,0.00982362,0.447081
500,8,0.00987007,0.445372
500,8,0.00983924,0.439635
500,8,0.00985523,0.402648
500,8,0.00985131,0.447265
500,8,0.00988093,0.444152
500,8,0.00990324,0.441954
500,8,0.00990572,0.450194
500,8,0.00987172,0.444518
500,8,0.00983604,0.44403
500,8,0.00986626,0.441832
500,8,0.00989113,0.442443
500,8,0.00984281,0.401122
500,8,0.00984983,0.449645
500,8,0.00983784,0.4494
500,8,0.00987427,0.444396
500,8,0.00988429,0.443175
500,8,0.00989436,0.44165
500,8,0.00989991,0.440672
500,8,0.00978887,0.446654
500,8,0.00985333,0.404174
500,8,0.00986387,0.441344
500,8,0.00993575,0.450988
500,8,0.00985167,0.442748
500,8,0.00980673,0.443602
500,8,0.00983883,0.442687
500,8,0.0098384,0.44641
500,8,0.00989583,0.443419
500,8,0.00988862,0.445617
500,8,0.00985994,0.443602
500,8,0.00985629,0.401183
500,8,0.00985607,0.446898
500,8,0.00985468,0.443969
500,8,0.0098764,0.446593
500,8,0.00984895,0.447692
500,8,0.00988011,0.439818
500,8,0.0098627,0.45111
500,8,0.00984995,0.437255
500,8,0.00995396,0.445128
500,8,0.00986394,0.406859
500,8,0.00987638,0.448119
500,8,0.00987469,0.439513
500,8,0.00992478,0.441955
500,8,0.00986248,0.44818
500,8,0.00991485,0.436888
500,8,0.00986868,0.432189
500,8,0.00992516,0.436217
500,8,0.00988739,0.443053
500,8,0.00981026,0.435973
500,8,0.00988743,0.39508
500,8,0.0098709,0.43286
500,8,0.00983167,0.444945
500,8,0.00987073,0.436217
500,8,0.00982212,0.43341
500,8,0.00985805,0.43701
500,8,0.00981305,0.434936
500,8,0.00986984,0.440062
500,8,0.00984563,0.392028
500,8,0.00984439,0.438414
500,8,0.00984716,0.444274
500,8,0.00991143,0.432799
500,8,0.00983931,0.437438
500,8,0.00984091,0.438659
500,8,0.00990074,0.437804
500,8,0.00990386,0.435729
500,8,0.00985145,0.398009
500,8,0.00988868,0.389648
500,8,0.00983552,0.436278
500,8,0.00985222,0.442076
500,8,0.00982982,0.436217
500,8,0.00985126,0.439697
500,8,0.00986043,0.436339
500,8,0.00991658,0.43524
500,8,0.00987021,0.43872
500,8,0.00989022,0.43756
500,8,0.00987269,0.439879
500,8,0.00980906,0.394408
500,8,0.00983163,0.444152
500,8,0.00988487,0.438414
500,8,0.00982389,0.437316
500,8,0.00984593,0.437438
500,8,0.00988395,0.437255
500,8,0.00983696,0.440917
500,8,0.00984366,0.389708
500,8,0.00987534,0.437682
500,8,0.00987659,0.443664
500,8,0.00981107,0.438597
500,8,0.00980786,0.437377
500,8,0.00988424,0.437255
500,8,0.00987629,0.442381
500,8,0.00986002,0.430236
500,8,0.00985372,0.438414
500,8,0.00982741,0.39685
500,8,0.00990064,0.437316
500,8,0.00984025,0.443968
500,8,0.00985738,0.438781
500,8,0.00990345,0.433409
500,8,0.00982419,0.439758
500,8,0.00981977,0.440123
500,8,0.00983493,0.433226
500,8,0.00983307,0.395996
500,8,0.00989001,0.43701
500,8,0.00985726,0.440978
500,8,0.00987572,0.438964
500,8,0.00993708,0.435607
500,8,0.00986919,0.440977
500,8,0.00981161,0.4411
500,8,0.00984746,0.43579
500,8,0.0097854,0.391479
500,8,0.00984789,0.44525
500,8,0.00988174,0.438781
500,8,0.00987915,0.432433
500,8,0.00983187,0.437254
500,8,0.00979747,0.444335
500,8,0.00991149,0.437804
500,8,0.00983919,0.437011
500,8,0.00985493,0.43463
500,8,0.00986495,0.40277
500,8,0.00984632,0.430114
500,8,0.00985487,0.440855
500,8,0.00987994,0.440795
500,8,0.00979132,0.43695
500,8,0.00987293,0.434508
500,8,0.00985932,0.43994
500,8,0.00985967,0.436217
500,8,0.00982539,0.396728
500,8,0.00985517,0.444335
500,8,0.00984296,0.436583
500,8,0.00990214,0.439818
500,8,0.00984712,0.437072
500,8,0.00988476,0.431212
500,8,0.00984942,0.441955
500,8,0.00987,0.434081
500,8,0.00982798,0.40399
500,8,0.00986011,0.433532
500,8,0.00984139,0.440306
500,8,0.00986707,0.437316
500,8,0.00983333,0.437682
500,8,0.00986828,0.437438
500,8,0.00981814,0.43933
500,8,0.00988239,0.400023
500,8,0.00985132,0.432311
500,8,0.00988824,0.444152
500,8,0.00984332,0.437071
500,8,0.00985651,0.43518
500,8,0.00987731,0.436583
500,8,0.00987936,0.440917
500,8,0.00990195,0.439452
500,8,0.00982804,0.434508
500,8,0.00985018,0.439025
500,8,0.00986195,0.400146
500,8,0.00984834,0.439818
500,8,0.00986558,0.434325
500,8,0.0098201,0.441161
500,8,0.00988041,0.434447
500,8,0.00984038,0.443114
500,8,0.00987839,0.437133
500,8,0.00983604,0.431395
500,8,0.00984453,0.400023
500,8,0.00985296,0.434326
500,8,0.00989192,0.443358
500,8,0.00989343,0.435057
500,8,0.00988773,0.447387
500,8,0.00982911,0.437316
500,8,0.00984378,0.433653
500,8,0.00983651,0.441161
500,8,0.00985575,0.39685
500,8,0.0098701,0.43524
500,8,0.00981405,0.443481
500,8,0.00982142,0.43701
500,8,0.00982621,0.435912
500,8,0.00988824,0.434692
500,8,0.0098786,0.443236
500,8,0.00984375,0.437865
500,8,0.00988543,0.435546
500,8,0.00986797,0.399718
500,8,0.00982486,0.438964
500,8,0.00984272,0.440367
500,8,0.00984211,0.432006
500,8,0.00994321,0.43756
500,8,0.00977801,0.445311
500,8,0.00984623,0.431945
500,8,0.00987731,0.439818
500,8,0.0098818,0.396056
500,8,0.00982609,0.436095
500,8,0.00986438,0.43994
500,8,0.00985472,0.437988
500,8,0.00985589,0.438353
500,8,0.00985905,0.439391
500,8,0.00985793,0.437255
500,8,0.00985546,0.439269
500,8,0.0098471,0.400877
500,8,0.00985667,0.438842
500,8,0.00987266,0.439513
500,8,0.00988377,0.438292
500,8,0.00985064,0.430908
500,8,0.00985617,0.438048
500,8,0.00987574,0.440184
500,8,0.00983916,0.441588
500,8,0.00989532,0.434631
500,8,0.00985454,0.39923
500,8,0.00984109,0.435179
500,8,0.0098445,0.443725
500,8,0.00986839,0.431456
500,8,0.00980237,0.441161
500,8,0.00984083,0.440673
500,8,0.00981875,0.439635
500,8,0.00983232,0.39807
500,8,0.00985541,0.436461
500,8,0.00987347,0.432738
500,8,0.00983507,0.447143
500,8,0.0098177,0.432738
500,8,0.00988081,0.439635
500,8,0.00986979,0.441161
500,8,0.00984321,0.437987
500,8,0.00983878,0.38977
500,8,0.00981316,0.436827
500,8,0.0098467,0.444884
500,8,0.00986874,0.437011
500,8,0.00980804,0.43695
500,8,0.00985218,0.435973
500,8,0.00985012,0.441954
500,8,0.00987499,0.436644
500,8,0.00986131,0.436156
500,8,0.00986275,0.404479
500,8,0.00985006,0.433349
500,8,0.00986821,0.444579
500,8,0.00983047,0.43817
500,8,0.00986181,0.432616
500,8,0.00986492,0.442992
500,8,0.00981863,0.393066
500,8,0.00987607,0.398498
500,8,0.00987155,0.434142
500,9,0.0153851,0.633055
500,9,0.0148385,0.63037
500,9,0.0147572,0.630186
500,9,0.0148063,0.626952
500,9,0.0146896,0.598265
500,9,0.0147405,0.631407
500,9,0.0146611,0.630674
500,9,0.0146431,0.594542
500,9,0.0154129,0.670409
500,9,0.0146334,0.58856
500,9,0.0146223,0.633421
500,9,0.0146344,0.634032
500,9,0.0146321,0.59558
500,9,0.0146287,0.627561
500,9,0.0146313,0.639281
500,9,0.014648,0.589842
500,9,0.0146246,0.631529
500,9,0.0146604,0.637145
500,9,0.0146625,0.587889
500,9,0.0146403,0.628172
500,9,0.0146335,0.635924
500,9,0.0146309,0.591978
500,9,0.0146298,0.631346
500,9,0.0146431,0.632323
500,9,0.0146285,0.586607
500,9,0.0146261,0.631041
500,9,0.014632,0.638548
500,9,0.014915,0.588195
500,9,0.0146365,0.587279
500,9,0.0148493,0.638731
500,9,0.0146311,0.629576
500,9,0.0146896,0.593932
500,9,0.0146344,0.630674
500,9,0.0146383,0.627501
500,9,0.014807,0.632323
500,9,0.0146292,0.592344
500,9,0.0148121,0.632994
500,9,0.0146406,0.630919
500,9,0.0146196,0.595702
500,9,0.014639,0.630674
500,9,0.0146371,0.629821
500,9,0.0146276,0.593504
500,9,0.0146255,0.630675
500,9,0.0146344,0.631529
500,9,0.0146322,0.591856
500,9,0.014641,0.62567
500,9,0.014631,0.632017
500,9,0.0146379,0.596434
500,9,0.0146238,0.629576
500,9,0.0146394,0.629088
500,9,0.0146333,0.594176
500,9,0.0146745,0.631712
500,9,0.014647,0.627684
500,9,0.0146268,0.590941
500,9,0.0146261,0.635435
500,9,0.0146326,0.627013
500,9,0.0146288,0.59442
500,9,0.0146359,0.628477
500,9,0.0146351,0.629881
500,9,0.0146291,0.598387
500,9,0.0146378,0.624694
500,9,0.0148388,0.627012
500,9,0.0146277,0.585875
500,9,0.0146405,0.621642
500,9,0.0146325,0.625853
500,9,0.0146399,0.586485
500,9,0.0146283,0.619688
500,9,0.0146402,0.627501
500,9,0.0146292,0.586424
500,9,0.0146436,0.621031
500,9,0.0146332,0.621581
500,9,0.0147457,0.585753
500,9,0.014632,0.62158
500,9,0.0146433,0.627745
500,9,0.0146243,0.58264
500,9,0.0148243,0.621031
500,9,0.0146344,0.625426
500,9,0.014884,0.624449
500,9,0.0147005,0.62329
500,9,0.0146554,0.583494
500,9,0.0146291,0.620848
500,9,0.0146415,0.586363
500,9,0.0146298,0.62506
500,9,0.0146316,0.621153
500,9,0.0147554,0.621275
500,9,0.0146407,0.589232
500,9,0.0146372,0.616454
500,9,0.0146427,0.617308
500,9,0.014635,0.586546
500,9,0.0146484,0.619566
500,9,0.0146354,0.622557
500,9,0.0146331,0.580992
500,9,0.0146249,0.621642
500,9,0.0146441,0.586729
500,9,0.0146304,0.624266
500,9,0.0146325,0.622374
500,9,0.0146361,0.619445
500,9,0.0146283,0.587461
500,9,0.0146298,0.618773
500,9,0.0146373,0.621947
500,9,0.0146295,0.589293
500,9,0.015169,0.62274
500,9,0.0146285,0.614928
500,9,0.014638,0.628111
500,9,0.0146313,0.580076
500,9,0.0146242,0.623046
500,9,0.0146319,0.620542
500,9,0.0146259,0.583373
500,9,0.014617,0.618101
500,9,0.0146317,0.622863
500,9,0.0146348,0.580992
500,9,0.0146039,0.633909
500,9,0.0146265,0.588439
500,9,0.014633,0.620909
500,9,0.0146395,0.627256
500,9,0.0146388,0.618041
500,9,0.0146326,0.593138
500,9,0.0146368,0.621519
500,9,0.0146339,0.587767
500,9,0.0146272,0.625121
500,9,0.0146558,0.624022
500,9,0.0146399,0.582091
500,9,0.0146314,0.627256
500,9,0.0146309,0.621886
500,9,0.0146277,0.586668
500,9,0.0146336,0.58502
500,9,0.0146537,0.628478
500,9,0.0146357,0.584715
500,9,0.0146238,0.619322
500,9,0.0146348,0.629942
500,9,0.0146397,0.578978
500,9,0.0146306,0.623656
500,9,0.0146315,0.62451
500,9,0.0146461,0.587584
500,9,0.0146445,0.623839
500,9,0.0146372,0.620848
500,9,0.0146312,0.58203
500,9,0.0146288,0.628538
500,9,0.0146356,0.614867
500,9,0.0146366,0.590757
500,9,0.014622,0.61798
500,9,0.0146428,0.625548
500,9,0.0146358,0.58325
500,9,0.0146283,0.620055
500,9,0.0146388,0.58032
500,9,0.014863,0.659606
500,9,0.0146331,0.583433
500,9,0.0146384,0.620238
500,9,0.0146378,0.583189
500,9,0.0146243,0.622252
500,9,0.0146293,0.624632
500,9,0.0146312,0.583983
500,9,0.0146226,0.617674
500,9,0.014628,0.623412
500,9,0.0146321,0.587889
500,9,0.0146408,0.61743
500,9,0.0146335,0.61981
500,9,0.0146331,0.581664
500,9,0.0146247,0.621153
500,9,0.0146394,0.623412
500,9,0.0148354,0.620726
500,9,0.0149128,0.583128
500,9,0.0148409,0.629088
500,9,0.0146431,0.622313
500,9,0.0146288,0.623045
500,9,0.0146335,0.586302
500,9,0.0146298,0.624388
500,9,0.014768,0.628111
500,9,0.01463,0.584166
500,9,0.0146438,0.622679
500,9,0.0146378,0.624327
500,9,0.015337,0.628966
500,9,0.0146235,0.618773
500,9,0.0146724,0.59326
500,9,0.0146292,0.620055
500,9,0.0146388,0.621214
500,9,0.0146318,0.589781
500,9,0.0146323,0.626341
500,9,0.014631,0.621886
500,9,0.014649,0.587767
500,9,0.0146315,0.621336
500,9,0.0146284,0.627135
500,9,0.0146323,0.590147
500,9,0.0146397,0.624022
500,9,0.0146303,0.622496
500,9,0.0146321,0.58557
500,9,0.0146244,0.623656
500,9,0.0146311,0.627928
500,9,0.0146297,0.588438
500,9,0.0146319,0.621092
500,9,0.0146411,0.622862
500,9,0.0146389,0.586669
500,9,0.014628,0.622618
500,9,0.0146346,0.624693
500,9,0.0146261,0.588377
500,9,0.0146235,0.62976
500,9,0.0146347,0.583494
500,9,0.0146388,0.628417
500,9,0.0146344,0.626341
500,9,0.0146334,0.582518
500,9,0.0146318,0.62274
500,9,0.0146295,0.629698
500,9,0.0146291,0.581602
500,9,0.0146438,0.630553
500,9,0.0146262,0.618346
500,9,0.0146341,0.595091
500,9,0.014634,0.619871
500,9,0.01463,0.623107
500,9,0.0146289,0.586851
500,9,0.0146344,0.628417
500,9,0.014623,0.622618
500,9,0.0146393,0.590391
500,9,0.01481,0.620299
500,9,0.0146341,0.627928
500,9,0.0146243,0.622435
500,9,0.0146442,0.586912
500,9,0.0146237,0.626952
500,9,0.0146363,0.583983
500,9,0.0146329,0.630369
500,9,0.0146354,0.623046
500,9,0.0146407,0.591856
500,9,0.0146401,0.62097
500,9,0.0146279,0.631041
500,9,0.0146356,0.584105
500,9,0.0146622,0.622374
500,9,0.0146314,0.625914
500,9,0.0146269,0.59149
500,9,0.0146365,0.625731
500,9,0.014629,0.625547
500,9,0.0146394,0.589171
500,9,0.014631,0.626464
500,9,0.0146295,0.622007
500,9,0.014632,0.588683
500,9,0.0146334,0.628477
500,9,0.0146306,0.581359
500,9,0.0146388,0.583678
500,9,0.0146331,0.629392
500,9,0.0146355,0.621154
500,9,0.0146244,0.590818
500,9,0.0146356,0.626952
500,9,0.0146281,0.587401
500,9,0.015009,0.668089
500,9,0.0146333,0.59033
500,9,0.0146361,0.62921
500,9,0.0146294,0.619567
500,9,0.0146418,0.590818
500,9,0.0146216,0.628234
500,9,0.0146339,0.586119
500,9,0.0146336,0.625242
500,9,0.0146442,0.626891
500,10,0.01461,0.590941
500,10,0.0131181,0.552428
500,10,0.0136104,0.590818
500,10,0.0131461,0.555785
500,10,0.0131217,0.597655
500,10,0.0131296,0.5567
500,10,0.0131196,0.559874
500,10,0.013115,0.56256
500,10,0.0131316,0.554564
500,10,0.0131158,0.565855
500,10,0.0131152,0.558776
500,10,0.0131184,0.559996
500,10,0.0131269,0.560057
500,10,0.0131181,0.562071
500,10,0.0131145,0.554686
500,10,0.0131156,0.564208
500,10,0.0131075,0.555357
500,10,0.0131316,0.562133
500,10,0.01312,0.594542
500,10,0.0131124,0.561278
500,10,0.0131182,0.553953
500,10,0.0131168,0.558532
500,10,0.013119,0.559324
500,10,0.0131127,0.553344
500,10,0.0131183,0.559446
500,10,0.0131153,0.563598
500,10,0.0131164,0.600157
500,10,0.0131155,0.55731
500,10,0.0131167,0.561034
500,10,0.01312,0.554686
500,10,0.0131955,0.549864
500,10,0.0131578,0.558288
500,10,0.013156,0.595213
500,10,0.0131259,0.556517
500,10,0.0131169,0.552489
500,10,0.0131177,0.553038
500,10,0.0131164,0.560179
500,10,0.0131591,0.552123
500,10,0.0131153,0.560301
500,10,0.0131209,0.59558
500,10,0.0131121,0.553831
500,10,0.0131154,0.549987
500,10,0.0131156,0.555174
500,10,0.0131146,0.555296
500,10,0.013167,0.561522
500,10,0.0131103,0.592223
500,10,0.0131217,0.563536
500,10,0.0131186,0.551207
500,10,0.013117,0.557494
500,10,0.0131176,0.55847
500,10,0.0131185,0.553099
500,10,0.0131105,0.561278
500,10,0.0131197,0.590514
500,10,0.0131467,0.564391
500,10,0.0131171,0.554625
500,10,0.0131148,0.554075
500,10,0.0131166,0.557738
500,10,0.0132257,0.559264
500,10,0.0131209,0.562559
500,10,0.0131139,0.59381
500,10,0.013116,0.552794
500,10,0.0131153,0.54901
500,10,0.0131137,0.55023
500,10,0.0131271,0.548095
500,10,0.0131168,0.548094
500,10,0.0131132,0.544371
500,10,0.0131162,0.550414
500,10,0.0137636,0.58325
500,10,0.0131181,0.586608
500,10,0.0131101,0.550901
500,10,0.0131207,0.545409
500,10,0.0131169,0.545714
500,10,0.0131199,0.549742
500,10,0.0131157,0.548644
500,10,0.0131227,0.554564
500,10,0.0131174,0.542235
500,10,0.0131238,0.58679
500,10,0.0131203,0.5484
500,10,0.0131159,0.544005
500,10,0.013119,0.551756
500,10,0.0131162,0.547911
500,10,0.0134014,0.585509
500,10,0.0131125,0.552855
500,10,0.0131139,0.543578
500,10,0.0131151,0.552306
500,10,0.0131244,0.550535
500,10,0.0131184,0.548522
500,10,0.0131231,0.5437
500,10,0.0131183,0.589049
500,10,0.0131134,0.554686
500,10,0.0131157,0.544005
500,10,0.0131217,0.554625
500,10,0.0131136,0.543577
500,10,0.0131119,0.545775
500,10,0.0131222,0.582152
500,10,0.0131165,0.551085
500,10,0.0131178,0.542418
500,10,0.0131173,0.551634
500,10,0.0131199,0.546264
500,10,0.0131216,0.547606
500,10,0.0131141,0.543089
500,10,0.0132433,0.554076
500,10,0.0131179,0.579893
500,10,0.0132021,0.546813
500,10,0.0131193,0.550353
500,10,0.0131175,0.544493
500,10,0.0131188,0.548033
500,10,0.0131057,0.547301
500,10,0.0152357,0.660826
500,10,0.0209997,0.838682
500,10,0.017484,0.693296
500,10,0.0131136,0.546752
500,10,0.0131177,0.590269
500,10,0.0131155,0.549132
500,10,0.0131186,0.545165
500,10,0.0131117,0.545348
500,10,0.013113,0.553343
500,10,0.0131291,0.544066
500,10,0.0131131,0.54608
500,10,0.0131047,0.545592
500,10,0.0131201,0.586729
500,10,0.0131172,0.552306
500,10,0.0131089,0.546141
500,10,0.0131223,0.542846
500,10,0.0131192,0.546629
500,10,0.0131087,0.547362
500,10,0.013116,0.547911
500,10,0.0131549,0.590087
500,10,0.013113,0.540587
500,10,0.0131129,0.549315
500,10,0.0131155,0.545286
500,10,0.0131242,0.547057
500,10,0.0131375,0.543395
500,10,0.0131243,0.585569
500,10,0.0131234,0.548339
500,10,0.0131074,0.542601
500,10,0.0131145,0.546202
500,10,0.0131208,0.544432
500,10,0.0131197,0.553893
500,10,0.0131115,0.541502
500,10,0.0131104,0.585265
500,10,0.0131204,0.545165
500,10,0.0131107,0.550352
500,10,0.0135815,0.546203
500,10,0.0131161,0.548094
500,10,0.0131094,0.589903
500,10,0.0131176,0.545958
500,10,0.0131092,0.546508
500,10,0.013113,0.550962
500,10,0.0131105,0.544189
500,10,0.0131086,0.550352
500,10,0.0131241,0.548766
500,10,0.0131152,0.582396
500,10,0.0131165,0.544981
500,10,0.0131133,0.555053
500,10,0.0131247,0.546629
500,10,0.0131152,0.54663
500,10,0.0131168,0.550108
500,10,0.0131135,0.547484
500,10,0.0131112,0.584349
500,10,0.0131227,0.55371
500,10,0.0131165,0.541685
500,10,0.0131114,0.55078
500,10,0.0131171,0.546629
500,10,0.0131189,0.551147
500,10,0.0131429,0.54492
500,10,0.013119,0.586302
500,10,0.0131175,0.544677
500,10,0.0131128,0.552244
500,10,0.013124,0.551085
500,10,0.0131177,0.539733
500,10,0.0131168,0.554014
500,10,0.0131242,0.545653
500,10,0.0131293,0.548461
500,10,0.0131105,0.588682
500,10,0.0131141,0.545226
500,10,0.013112,0.55139
500,10,0.0131207,0.546019
500,10,0.0131155,0.54309
500,10,0.0131182,0.549742
500,10,0.0131115,0.545165
500,10,0.013112,0.585569
500,10,0.0131196,0.553527
500,10,0.0131216,0.548888
500,10,0.0131178,0.540709
500,10,0.0132018,0.548338
500,10,0.0131208,0.547972
500,10,0.0131172,0.584411
500,10,0.0131189,0.551268
500,10,0.0131066,0.540953
500,10,0.0131175,0.54669
500,10,0.0131158,0.547606
500,10,0.0131171,0.54663
500,10,0.0131182,0.547057
500,10,0.0131143,0.548765
500,10,0.0131173,0.583983
500,10,0.0131226,0.551207
500,10,0.0131202,0.547301
500,10,0.0131165,0.549315
500,10,0.0131142,0.550902
500,10,0.013117,0.545042
500,10,0.0132296,0.591369
500,10,0.0133063,0.549315
500,10,0.0133185,0.5473
500,10,0.013141,0.543639
500,10,0.0131293,0.590331
500,10,0.0131085,0.547178
500,10,0.013123,0.550658
500,10,0.0131222,0.544066
500,10,0.0131182,0.545775
500,10,0.0131239,0.550414
500,10,0.0131124,0.583922
500,10,0.0131192,0.550963
500,10,0.0131192,0.548765
500,10,0.0131282,0.547301
500,10,0.013117,0.547057
500,10,0.0131169,0.546446
500,10,0.0131146,0.549559
500,10,0.0131124,0.583922
500,10,0.0131215,0.554442
500,10,0.0131137,0.544127
500,10,0.0133306,0.551818
500,10,0.0131174,0.547789
500,10,0.0131159,0.546507
500,10,0.0131199,0.512633
500,10,0.0131152,0.591429
500,10,0.0131128,0.547301
500,10,0.0131182,0.545287
500,10,0.0131252,0.550963
500,10,0.0131139,0.548887
500,10,0.0131175,0.552245
500,10,0.013116,0.552306
500,10,0.0131151,0.546873
500,10,0.013111,0.54486
500,10,0.0132599,0.554869
500,10,0.0131272,0.54492
500,10,0.0131149,0.546874
500,10,0.0131285,0.551695
500,10,0.0131211,0.591368
500,10,0.0131144,0.54901
500,10,0.0131134,0.551757
500,10,0.0131123,0.550474
500,10,0.0131219,0.551574
500,10,0.0131293,0.545653
500,10,0.0131179,0.586973
500,10,0.0131139,0.553282
500,10,0.0131178,0.547667
500,10,0.0131301,0.552306
500,10,0.0131189,0.547423
500,10,0.0131155,0.547118
500,11,0.019354,0.815244
500,11,0.0188001,0.771116
500,11,0.0120113,0.514037
500,11,0.0120204,0.516295
500,11,0.0131303,0.557921
500,11,0.0120073,0.519896
500,11,0.0121624,0.516539
500,11,0.0120181,0.51245
500,11,0.0120339,0.516417
500,11,0.0120153,0.515441
500,11,0.0120149,0.517577
500,11,0.0120037,0.512816
500,11,0.0120053,0.521422
500,11,0.0121184,0.51068
500,11,0.0122875,0.555906
500,11,0.0120091,0.513
500,11,0.0120162,0.520323
500,11,0.0120277,0.512633
500,11,0.0120064,0.518919
500,11,0.0120138,0.510436
500,11,0.0120035,0.520934
500,11,0.0120051,0.515929
500,11,0.0120174,0.514098
500,11,0.0120029,0.51782
500,11,0.0120059,0.513305
500,11,0.0120163,0.518492
500,11,0.0120102,0.50891
500,11,0.0120047,0.518859
500,11,0.012016,0.553404
500,11,0.0120092,0.474791
500,11,0.0120141,0.557616
500,11,0.0120086,0.519408
500,11,0.012022,0.507262
500,11,0.0120178,0.521178
500,11,0.0120278,0.516783
500,11,0.0120062,0.515929
500,11,0.0120144,0.511778
500,11,0.0120084,0.512694
500,11,0.0120187,0.517333
500,11,0.0120097,0.514891
500,11,0.0120092,0.514586
500,11,0.0120088,0.521727
500,11,0.0120145,0.513732
500,11,0.0120082,0.517394
500,11,0.0120099,0.515196
500,11,0.0120105,0.514342
500,11,0.0154757,0.664732
500,11,0.0120103,0.51715
500,11,0.012011,0.516966
500,11,0.0120074,0.513183
500,11,0.012013,0.52136
500,11,0.0120106,0.516173
500,11,0.0120073,0.51123
500,11,0.0120122,0.51776
500,11,0.0120072,0.521605
500,11,0.0120126,0.509642
500,11,0.0120117,0.520567
500,11,0.0120192,0.514037
500,11,0.0120096,0.517577
500,11,0.01201,0.510619
500,11,0.0120118,0.51776
500,11,0.0120021,0.506041
500,11,0.0120169,0.508178
500,11,0.0120144,0.505003
500,11,0.012018,0.511168
500,11,0.012011,0.509093
500,11,0.0120119,0.505492
500,11,0.0120073,0.510009
500,11,0.0120144,0.504332
500,11,0.0120133,0.509093
500,11,0.0120007,0.506163
500,11,0.0120096,0.506896
500,11,0.0120167,0.508055
500,11,0.0120068,0.50891
500,11,0.012006,0.509581
500,11,0.0120124,0.510131
500,11,0.012008,0.509764
500,11,0.012029,0.508666
500,11,0.0121426,0.507506
500,11,0.0120077,0.508909
500,11,0.0120129,0.507629
500,11,0.0120141,0.551207
500,11,0.0120115,0.507872
500,11,0.0120068,0.512938
500,11,0.0120084,0.504943
500,11,0.0120104,0.511778
500,11,0.0122189,0.508483
500,11,0.0120191,0.512083
500,11,0.0120125,0.504027
500,11,0.0120064,0.510375
500,11,0.0120159,0.511595
500,11,0.0120077,0.507628
500,11,0.012019,0.509032
500,11,0.0120155,0.512084
500,11,0.0120105,0.50244
500,11,0.0120081,0.511046
500,11,0.0120255,0.547179
500,11,0.0120126,0.476744
500,11,0.0120087,0.506896
500,11,0.0120121,0.508116
500,11,0.0120136,0.549376
500,11,0.0120038,0.509643
500,11,0.0120147,0.508665
500,11,0.0120111,0.505431
500,11,0.0120081,0.51245
500,11,0.0120068,0.503417
500,11,0.0120015,0.511473
500,11,0.0120105,0.504393
500,11,0.012008,0.506957
500,11,0.0120049,0.509642
500,11,0.0120052,0.503112
500,11,0.0120132,0.505675
500,11,0.0120062,0.512327
500,11,0.0120091,0.503539
500,11,0.0120084,0.507567
500,11,0.0120152,0.508605
500,11,0.0120129,0.507689
500,11,0.0120078,0.507384
500,11,0.0120178,0.503905
500,11,0.0120112,0.507689
500,11,0.0120084,0.544188
500,11,0.0120064,0.465331
500,11,0.0120259,0.506042
500,11,0.0120154,0.509581
500,11,0.012,0.502318
500,11,0.0120111,0.505919
500,11,0.0120473,0.512755
500,11,0.0120288,0.504454
500,11,0.0120062,0.505004
500,11,0.0120116,0.51483
500,11,0.0120085,0.503112
500,11,0.0176165,0.730894
500,11,0.0120106,0.508299
500,11,0.0120127,0.508727
500,11,0.0120082,0.512938
500,11,0.0120123,0.503844
500,11,0.0120092,0.514159
500,11,0.012011,0.510802
500,11,0.0120108,0.504942
500,11,0.0120092,0.517882
500,11,0.0120143,0.510497
500,11,0.0120091,0.502745
500,11,0.012007,0.51483
500,11,0.0120078,0.513488
500,11,0.0120085,0.507262
500,11,0.0120188,0.508482
500,11,0.0120101,0.511413
500,11,0.0120041,0.507017
500,11,0.0120145,0.508666
500,11,0.0120123,0.512267
500,11,0.0120107,0.512999
500,11,0.0120131,0.551024
500,11,0.012012,0.517333
500,11,0.0120118,0.506773
500,11,0.0120095,0.518615
500,11,0.0120083,0.510985
500,11,0.0120173,0.511961
500,11,0.0120134,0.511474
500,11,0.0120152,0.509764
500,11,0.012012,0.512999
500,11,0.0120278,0.510253
500,11,0.0120366,0.507872
500,11,0.0120132,0.516478
500,11,0.0120086,0.50952
500,11,0.0120137,0.511962
500,11,0.0120108,0.514281
500,11,0.0120201,0.511595
500,11,0.0120092,0.516661
500,11,0.0120154,0.504027
500,11,0.0120121,0.515624
500,11,0.0122562,0.515136
500,11,0.0120145,0.512755
500,11,0.0120164,0.504454
500,11,0.0120132,0.519225
500,11,0.0120075,0.509703
500,11,0.0120154,0.513366
500,11,0.012013,0.503538
500,11,0.012014,0.516723
500,11,0.0121506,0.511656
500,11,0.0120075,0.514403
500,11,0.012009,0.511412
500,11,0.0120379,0.505187
500,11,0.0120112,0.511962
500,11,0.0120126,0.51367
500,11,0.012018,0.550658
500,11,0.0120142,0.515196
500,11,0.0120109,0.511657
500,11,0.0120174,0.50659
500,11,0.0120063,0.510863
500,11,0.0120105,0.520079
500,11,0.0120067,0.511474
500,11,0.0120178,0.510619
500,11,0.012013,0.51129
500,11,0.0120075,0.509825
500,11,0.0120074,0.510009
500,11,0.0120103,0.507811
500,11,0.0120178,0.515501
500,11,0.0120083,0.513854
500,11,0.0120114,0.508666
500,11,0.0120077,0.512755
500,11,0.0120182,0.511168
500,11,0.0120263,0.513243
500,11,0.0120221,0.510497
500,11,0.0120024,0.551329
500,11,0.0120148,0.472716
500,11,0.0120137,0.516417
500,11,0.0120138,0.506102
500,11,0.0120167,0.517333
500,11,0.0120095,0.50653
500,11,0.0120109,0.518248
500,11,0.0120117,0.508177
500,11,0.0120226,0.510802
500,11,0.0120225,0.512389
500,11,0.0120113,0.508788
500,11,0.0120104,0.512633
500,11,0.0140477,0.588316
500,11,0.012018,0.516112
500,11,0.0120087,0.509398
500,11,0.0120056,0.513121
500,11,0.0120111,0.508056
500,11,0.0120125,0.512144
500,11,0.0120192,0.513061
500,11,0.0120063,0.512694
500,11,0.0120351,0.50775
500,11,0.0120142,0.516783
500,11,0.0120119,0.46997
500,11,0.01201,0.507323
500,11,0.0120073,0.516783
500,11,0.0120172,0.510924
500,11,0.0120149,0.508422
500,11,0.0120124,0.513365
500,11,0.0120119,0.510069
500,11,0.0120056,0.513366
500,11,0.0120122,0.513365
500,11,0.0120107,0.515258
500,11,0.012007,0.505919
500,11,0.0120123,0.513121
500,11,0.0120117,0.506896
500,11,0.0120113,0.512267
500,11,0.0120111,0.515806
500,11,0.0120102,0.508666
500,11,0.0120095,0.51306
500,11,0.01201,0.510863
500,11,0.0120151,0.511229
500,11,0.0120126,0.508666
500,11,0.0120131,0.509032
500,11,0.0120147,0.550719
500,11,0.0120205,0.510741
500,11,0.0120076,0.516417
500,11,0.0120134,0.506712
500,12,0.0117519,0.477965
500,12,0.0112265,0.520323
500,12,0.0111476,0.482482
500,12,0.0109176,0.47882
500,12,0.0109426,0.484373
500,12,0.0112027,0.482543
500,12,0.0109167,0.479308
500,12,0.0110793,0.488158
500,12,0.0109588,0.479918
500,12,0.0109161,0.479064
500,12,0.0109789,0.487914
500,12,0.0109196,0.479674
500,12,0.0109377,0.479857
500,12,0.0109253,0.488707
500,12,0.0109225,0.475158
500,12,0.0109392,0.483214
500,12,0.0109277,0.481383
500,12,0.0109493,0.48596
500,12,0.0109192,0.484252
500,12,0.0111996,0.4812
500,12,0.0110977,0.479613
500,12,0.0112497,0.485778
500,12,0.0109205,0.517943
500,12,0.0109161,0.48242
500,12,0.0109413,0.449035
500,12,0.0109281,0.481688
500,12,0.0109197,0.482054
500,12,0.0109222,0.482909
500,12,0.0109221,0.476501
500,12,0.0109154,0.486326
500,12,0.0109205,0.480834
500,12,0.0109391,0.481811
500,12,0.0109668,0.483824
500,12,0.0109221,0.488097
500,12,0.0109183,0.47711
500,12,0.0109214,0.481811
500,12,0.0109368,0.486388
500,12,0.0109135,0.483824
500,12,0.0109233,0.483336
500,12,0.0109188,0.479552
500,12,0.0109249,0.4859
500,12,0.0109581,0.480467
500,12,0.0109644,0.485717
500,12,0.0109895,0.476866
500,12,0.010916,0.489074
500,12,0.0109149,0.481383
500,12,0.01093,0.47711
500,12,0.0109219,0.486449
500,12,0.0109227,0.440368
500,12,0.0109133,0.521117
500,12,0.0109217,0.441344
500,12,0.0115255,0.521605
500,12,0.010932,0.481322
500,12,0.0109556,0.484069
500,12,0.0109514,0.484556
500,12,0.0109222,0.48236
500,12,0.0109186,0.480651
500,12,0.0109201,0.485167
500,12,0.0109262,0.478026
500,12,0.0109232,0.485106
500,12,0.0111097,0.475524
500,12,0.0109695,0.472655
500,12,0.0109351,0.47766
500,12,0.0109199,0.470397
500,12,0.0109447,0.47534
500,12,0.0109262,0.472716
500,12,0.0109206,0.476439
500,12,0.0109351,0.472594
500,12,0.0109332,0.472961
500,12,0.0109196,0.476561
500,12,0.0109311,0.47473
500,12,0.0109216,0.430907
500,12,0.0112053,0.518432
500,12,0.0109252,0.475035
500,12,0.0109419,0.470092
500,12,0.0109321,0.476195
500,12,0.0109234,0.472288
500,12,0.0109146,0.471374
500,12,0.0110913,0.474608
500,12,0.0109417,0.474791
500,12,0.011062,0.475463
500,12,0.0109158,0.474242
500,12,0.0109203,0.476012
500,12,0.0109229,0.470091
500,12,0.0109282,0.471862
500,12,0.0109204,0.47589
500,12,0.0111093,0.476622
500,12,0.0109483,0.477782
500,12,0.0109803,0.46643
500,12,0.011141,0.477904
500,12,0.0111135,0.4718
500,12,0.0109199,0.479857
500,12,0.0111655,0.470458
500,12,0.0109173,0.473571
500,12,0.0111814,0.473265
500,12,0.0109244,0.481444
500,12,0.0109387,0.470214
500,12,0.0110412,0.471251
500,12,0.0109193,0.478087
500,12,0.0109171,0.471251
500,12,0.0111422,0.474792
500,12,0.0110955,0.512266
500,12,0.0109259,0.435607
500,12,0.0109216,0.473021
500,12,0.0109489,0.51245
500,12,0.0109158,0.434386
500,12,0.0109157,0.475646
500,12,0.0109221,0.47528
500,12,0.0109366,0.472899
500,12,0.0109118,0.47534
500,12,0.010926,0.475341
500,12,0.0109453,0.474242
500,12,0.0109156,0.472899
500,12,0.0109202,0.475768
500,12,0.0109242,0.475768
500,12,0.0109279,0.468382
500,12,0.0109196,0.475768
500,12,0.0109198,0.470946
500,12,0.010923,0.477477
500,12,0.0109217,0.471557
500,12,0.0109196,0.476988
500,12,0.0109573,0.469298
500,12,0.0109303,0.474547
500,12,0.0109243,0.477416
500,12,0.0109174,0.467711
500,12,0.0109403,0.473754
500,12,0.0109211,0.435485
500,12,0.0109298,0.428588
500,12,0.0109279,0.472472
500,12,0.0109128,0.475036
500,12,0.0109196,0.476378
500,12,0.0109208,0.476378
500,12,0.0109323,0.47473
500,12,0.0109193,0.472472
500,12,0.0109197,0.470641
500,12,0.0109524,0.475463
500,12,0.0109584,0.4718
500,12,0.0109216,0.470946
500,12,0.0109189,0.47412
500,12,0.0109231,0.474791
500,12,0.0109122,0.479186
500,12,0.0109269,0.471068
500,12,0.0109154,0.475463
500,12,0.010919,0.475524
500,12,0.0109144,0.46942
500,12,0.0170753,0.696592
500,12,0.0109417,0.476439
500,12,0.0109169,0.473449
500,12,0.0110121,0.469969
500,12,0.0109191,0.479858
500,12,0.0109356,0.471434
500,12,0.0109224,0.478819
500,12,0.01092,0.472472
500,12,0.0109275,0.468322
500,12,0.0109203,0.477477
500,12,0.0109238,0.47235
500,12,0.0109201,0.475523
500,12,0.0109419,0.433715
500,12,0.010921,0.512267
500,12,0.0109195,0.43402
500,12,0.0110108,0.516234
500,12,0.0109195,0.43524
500,12,0.0109193,0.47644
500,12,0.0109205,0.471068
500,12,0.0109441,0.474364
500,12,0.0110267,0.474547
500,12,0.0109154,0.4718
500,12,0.011051,0.470763
500,12,0.0109192,0.479674
500,12,0.0109332,0.473205
500,12,0.0110731,0.473509
500,12,0.0109667,0.471496
500,12,0.0109293,0.480406
500,12,0.0109223,0.472533
500,12,0.0109141,0.475158
500,12,0.0109309,0.472777
500,12,0.0110594,0.473936
500,12,0.0109199,0.475463
500,12,0.0109161,0.47174
500,12,0.0110903,0.473021
500,12,0.0109326,0.471373
500,12,0.0109161,0.47589
500,12,0.0111249,0.471679
500,12,0.0109478,0.476378
500,12,0.0109241,0.472105
500,12,0.0109236,0.480529
500,12,0.0109162,0.473265
500,12,0.0109258,0.470885
500,12,0.0109234,0.474609
500,12,0.0109117,0.475645
500,12,0.0109204,0.46942
500,12,0.0109225,0.47351
500,12,0.0109475,0.474913
500,12,0.0109172,0.481017
500,12,0.0109212,0.472655
500,12,0.0109428,0.477233
500,12,0.0109193,0.47473
500,12,0.010918,0.476134
500,12,0.0109265,0.472655
500,12,0.0109271,0.471251
500,12,0.0109186,0.474425
500,12,0.0109331,0.477782
500,12,0.010921,0.473754
500,12,0.0109695,0.475341
500,12,0.0109213,0.472044
500,12,0.0109159,0.476134
500,12,0.0109756,0.476745
500,12,0.0109196,0.433898
500,12,0.0110097,0.433349
500,12,0.0110503,0.466796
500,12,0.0109216,0.479063
500,12,0.0109254,0.477477
500,12,0.0109136,0.434203
500,12,0.0109603,0.469359
500,12,0.0109185,0.516295
500,12,0.0109374,0.472961
500,12,0.0109267,0.437681
500,12,0.0109574,0.471801
500,12,0.0109166,0.474608
500,12,0.0110295,0.477172
500,12,0.0109223,0.476195
500,12,0.0109712,0.470824
500,12,0.0109214,0.476927
500,12,0.0109252,0.474181
500,12,0.0109293,0.47589
500,12,0.0109148,0.475402
500,12,0.0109233,0.470946
500,12,0.0109437,0.473509
500,12,0.0109343,0.478332
500,12,0.010921,0.473692
500,12,0.010924,0.477111
500,12,0.0109247,0.47534
500,12,0.0109611,0.471557
500,12,0.01093,0.477172
500,12,0.0109196,0.475889
500,12,0.0109341,0.475707
500,12,0.0109187,0.46881
500,12,0.0123317,0.517699
500,12,0.0109225,0.475524
500,12,0.010936,0.474058
500,12,0.0109188,0.473205
500,12,0.0109156,0.474425
500,12,0.0109282,0.476195
500,12,0.0109252,0.479003
500,12,0.0109221,0.468138
500,12,0.0109178,0.476744
500,12,0.0109426,0.470702
500,12,0.0109192,0.475829
500,12,0.0110893,0.477843
500,12,0.0109148,0.472594
500,13,0.0110164,0.490782
500,13,0.0101714,0.439635
500,13,0.0101274,0.443358
500,13,0.0104455,0.446105
500,13,0.0101447,0.493041
500,13,0.0101264,0.443724
500,13,0.0101361,0.450927
500,13,0.0101489,0.446837
500,13,0.0101329,0.442687
500,13,0.010126,0.450743
500,13,0.0101318,0.492004
500,13,0.0101297,0.450865
500,13,0.0101342,0.444762
500,13,0.0101347,0.451781
500,13,0.0101325,0.448546
500,13,0.0101765,0.485107
500,13,0.0101375,0.441405
500,13,0.0101284,0.452757
500,13,0.0128699,0.560546
500,13,0.0114564,0.490599
500,13,0.0101284,0.437621
500,13,0.0101328,0.447875
500,13,0.0101291,0.443846
500,13,0.0101374,0.445617
500,13,0.0101336,0.447813
500,13,0.0101364,0.446777
500,13,0.0101582,0.449034
500,13,0.0101291,0.44763
500,13,0.0101346,0.456115
500,13,0.0141034,0.604063
500,13,0.0101693,0.444823
500,13,0.0101275,0.446227
500,13,0.0101328,0.485839
500,13,0.0101464,0.449095
500,13,0.01014,0.448669
500,13,0.0101309,0.453185
500,13,0.010133,0.450255
500,13,0.0101229,0.445616
500,13,0.0101281,0.447814
500,13,0.0101301,0.450377
500,13,0.0101334,0.451537
500,13,0.010155,0.441283
500,13,0.0101295,0.455444
500,13,0.0101342,0.445799
500,13,0.0101591,0.452697
500,13,0.0101269,0.492674
500,13,0.010128,0.447448
500,13,0.0101444,0.449706
500,13,0.0101306,0.441588
500,13,0.0101301,0.455138
500,13,0.0101318,0.483031
500,13,0.0101346,0.449096
500,13,0.0101389,0.445555
500,13,0.0101428,0.450927
500,13,0.0101373,0.449217
500,13,0.0101281,0.449157
500,13,0.0101331,0.486266
500,13,0.0101337,0.45703
500,13,0.0101362,0.444029
500,13,0.0101512,0.451354
500,13,0.0101364,0.445922
500,13,0.0101251,0.440917
500,13,0.0101327,0.477171
500,13,0.0101311,0.440612
500,13,0.0101251,0.441832
500,13,0.0101359,0.433593
500,13,0.0101338,0.442626
500,13,0.0101298,0.437255
500,13,0.0101278,0.481505
500,13,0.0101509,0.43878
500,13,0.0101286,0.441711
500,13,0.0101449,0.438597
500,13,0.0101264,0.439391
500,13,0.0101314,0.435912
500,13,0.0101343,0.445983
500,13,0.0101254,0.436156
500,13,0.0101314,0.444457
500,13,0.0101355,0.43225
500,13,0.0101346,0.44525
500,13,0.0101332,0.438598
500,13,0.0101322,0.482115
500,13,0.0120933,0.518981
500,13,0.0101259,0.436827
500,13,0.0101373,0.438659
500,13,0.0101264,0.443846
500,13,0.010131,0.436095
500,13,0.0101312,0.478881
500,13,0.0101279,0.443175
500,13,0.0101387,0.4364
500,13,0.0101282,0.437255
500,13,0.0101395,0.437377
500,13,0.0101289,0.43817
500,13,0.0101361,0.444945
500,13,0.0101329,0.443663
500,13,0.0101697,0.431762
500,13,0.0101291,0.442931
500,13,0.0101377,0.440795
500,13,0.0101353,0.438597
500,13,0.0101221,0.476928
500,13,0.0101359,0.435423
500,13,0.0101978,0.44519
500,13,0.0101306,0.439269
500,13,0.0101273,0.43701
500,13,0.0103168,0.481749
500,13,0.01013,0.443359
500,13,0.0101306,0.433165
500,13,0.0102707,0.440551
500,13,0.0101253,0.443785
500,13,0.0101306,0.474425
500,13,0.0103444,0.436767
500,13,0.0102274,0.44586
500,13,0.0101263,0.435058
500,13,0.0101402,0.437194
500,13,0.0103972,0.434447
500,13,0.0101321,0.436644
500,13,0.0101514,0.445678
500,13,0.010132,0.432982
500,13,0.0101297,0.48712
500,13,0.0101404,0.437255
500,13,0.0101373,0.43872
500,13,0.0101341,0.442808
500,13,0.0101296,0.439391
500,13,0.0101318,0.434142
500,13,0.0101282,0.439574
500,13,0.010137,0.436706
500,13,0.010135,0.4411
500,13,0.0101306,0.438475
500,13,0.0101334,0.444518
500,13,0.010131,0.433776
500,13,0.0101272,0.480589
500,13,0.0101276,0.444518
500,13,0.0101261,0.434203
500,13,0.0102891,0.440124
500,13,0.010127,0.482542
500,13,0.0101283,0.440917
500,13,0.0101302,0.434935
500,13,0.0101675,0.439819
500,13,0.0104071,0.44348
500,13,0.0103647,0.480651
500,13,0.010345,0.439574
500,13,0.0101277,0.436583
500,13,0.0101333,0.438598
500,13,0.0101303,0.435973
500,13,0.0101741,0.437193
500,13,0.0101275,0.441039
500,13,0.010131,0.441039
500,13,0.0101369,0.442016
500,13,0.0101425,0.489073
500,13,0.0101326,0.438659
500,13,0.0101305,0.435912
500,13,0.0101337,0.437804
500,13,0.0101268,0.438048
500,13,0.010131,0.447264
500,13,0.010131,0.480285
500,13,0.0101309,0.436156
500,13,0.0101315,0.442626
500,13,0.0101339,0.436644
500,13,0.0101307,0.440795
500,13,0.0101288,0.435362
500,13,0.0101644,0.483642
500,13,0.0101293,0.437804
500,13,0.0101296,0.44226
500,13,0.0101304,0.439207
500,13,0.010135,0.440612
500,13,0.0101272,0.439757
500,13,0.010144,0.476195
500,13,0.010124,0.438476
500,13,0.0101336,0.44171
500,13,0.0101456,0.436156
500,13,0.0101299,0.442016
500,13,0.0101337,0.438963
500,13,0.0101394,0.483825
500,13,0.0101303,0.441466
500,13,0.0101298,0.435057
500,13,0.0101306,0.444579
500,13,0.0103617,0.476745
500,13,0.0101296,0.439696
500,13,0.0101307,0.433959
500,13,0.010133,0.438475
500,13,0.0101307,0.439208
500,13,0.0101315,0.440795
500,13,0.0102443,0.487791
500,13,0.0139135,0.585082
500,13,0.0101373,0.437926
500,13,0.0101248,0.440551
500,13,0.0101303,0.439696
500,13,0.0103739,0.441039
500,13,0.0101308,0.487792
500,13,0.010136,0.430907
500,13,0.0102887,0.442992
500,13,0.0101339,0.441832
500,13,0.0101294,0.480345
500,13,0.0101338,0.439147
500,13,0.0101416,0.437743
500,13,0.0101386,0.441161
500,13,0.0101259,0.439635
500,13,0.0101371,0.441283
500,13,0.0101271,0.480529
500,13,0.0101272,0.438231
500,13,0.0101308,0.443725
500,13,0.0102507,0.435179
500,13,0.010125,0.444579
500,13,0.0101282,0.434997
500,13,0.0102602,0.479552
500,13,0.010125,0.442259
500,13,0.0101366,0.442565
500,13,0.0101407,0.438476
500,13,0.0101334,0.433592
500,13,0.0101312,0.484008
500,13,0.0101321,0.439635
500,13,0.0102356,0.436583
500,13,0.0101309,0.442138
500,13,0.0101496,0.440306
500,13,0.0101281,0.473937
500,13,0.0101359,0.441039
500,13,0.0101204,0.443724
500,13,0.0103558,0.433654
500,13,0.0101336,0.443724
500,13,0.0101366,0.444578
500,13,0.010126,0.432983
500,13,0.0101358,0.443663
500,13,0.0101324,0.438842
500,13,0.0101321,0.440795
500,13,0.0101334,0.485411
500,13,0.010125,0.43463
500,13,0.0104331,0.445922
500,13,0.0101301,0.434874
500,13,0.0101346,0.481261
500,13,0.0101265,0.438598
500,13,0.0101411,0.442442
500,13,0.0101324,0.432067
500,13,0.0101355,0.446532
500,13,0.0101304,0.43811
500,13,0.0101249,0.482176
500,13,0.0101317,0.437072
500,13,0.010134,0.443663
500,13,0.0101347,0.437743
500,13,0.0101299,0.438842
500,13,0.010134,0.438292
500,13,0.0101332,0.439147
500,13,0.0101339,0.43817
500,13,0.010128,0.437804
500,13,0.0101378,0.437438
500,13,0.0101718,0.445434
500,13,0.0101316,0.476378
500,13,0.0101301,0.435301
500,13,0.010131,0.445006
500,13,0.0101407,0.440002
500,13,0.0101272,0.437865
500,13,0.010132,0.440123
500,14,0.012295,0.533568
500,14,0.00939407,0.395873
500,14,0.00938129,0.45233
500,14,0.00950437,0.411742
500,14,0.0093768,0.449279
500,14,0.00938998,0.404967
500,14,0.00944577,0.456481
500,14,0.0093805,0.404418
500,14,0.00938439,0.412352
500,14,0.00943613,0.447631
500,14,0.0094675,0.404174
500,14,0.00937874,0.453185
500,14,0.00938132,0.40985
500,14,0.00943895,0.448973
500,14,0.00939949,0.410583
500,14,0.00938068,0.405028
500,14,0.00940981,0.450926
500,14,0.00938455,0.406982
500,14,0.00938565,0.458861
500,14,0.00937689,0.406188
500,14,0.00943456,0.448119
500,14,0.00937645,0.408812
500,14,0.0093794,0.453002
500,14,0.00941698,0.408019
500,14,0.00937872,0.413878
500,14,0.00937699,0.444762
500,14,0.00938422,0.415588
500,14,0.0112238,0.491332
500,14,0.00937827,0.413878
500,14,0.00937889,0.408019
500,14,0.00966082,0.453917
500,14,0.00938209,0.39984
500,14,0.00938285,0.457519
500,14,0.00945798,0.405272
500,14,0.00937866,0.454772
500,14,0.009386,0.412841
500,14,0.00937615,0.449889
500,14,0.00938095,0.412657
500,14,0.00942204,0.40863
500,14,0.0093763,0.444273
500,14,0.00939275,0.407958
500,14,0.00937601,0.458007
500,14,0.00938038,0.405639
500,14,0.00937782,0.409422
500,14,0.00938544,0.449828
500,14,0.0094507,0.409423
500,14,0.00938254,0.450744
500,14,0.00938234,0.411376
500,14,0.0094113,0.446715
500,14,0.00937927,0.40753
500,14,0.00937866,0.453918
500,14,0.00944331,0.410216
500,14,0.00938196,0.405211
500,14,0.00938094,0.448363
500,14,0.00937894,0.414306
500,14,0.00941812,0.452513
500,14,0.00993608,0.444213
500,14,0.00979062,0.450927
500,14,0.00946297,0.408568
500,14,0.00937962,0.40692
500,14,0.00938026,0.446532
500,14,0.009378,0.405456
500,14,0.00938607,0.442015
500,14,0.00938167,0.394714
500,14,0.00937988,0.404113
500,14,0.00938325,0.442686
500,14,0.00938329,0.403137
500,14,0.00937934,0.449583
500,14,0.0100723,0.440185
500,14,0.0093832,0.398925
500,14,0.00943887,0.441222
500,14,0.00938078,0.397521
500,14,0.00937964,0.443358
500,14,0.00953614,0.400878
500,14,0.00954975,0.440977
500,14,0.00938785,0.40155
500,14,0.00938145,0.447203
500,14,0.00939493,0.397033
500,14,0.00938219,0.404662
500,14,0.00944374,0.440673
500,14,0.00942197,0.400694
500,14,0.00937848,0.447265
500,14,0.00938467,0.404601
500,14,0.00946694,0.440184
500,14,0.00949125,0.404357
500,14,0.00937818,0.445067
500,14,0.00937985,0.399413
500,14,0.00942712,0.441955
500,14,0.0100347,0.403319
500,14,0.00938517,0.444701
500,14,0.00943808,0.401
500,14,0.00937773,0.438964
500,14,0.00938493,0.407531
500,14,0.00937856,0.440855
500,14,0.00938059,0.406188
500,14,0.00943074,0.442016
500,14,0.00938999,0.398619
500,14,0.0094485,0.403442
500,14,0.00940902,0.443846
500,14,0.00937542,0.402953
500,14,0.00946448,0.450805
500,14,0.00937999,0.393614
500,14,0.00937387,0.447631
500,14,0.0093841,0.404601
500,14,0.00940024,0.441039
500,14,0.00938045,0.401244
500,14,0.00938928,0.397765
500,14,0.00937639,0.451842
500,14,0.00941787,0.402282
500,14,0.0093846,0.441649
500,14,0.00939005,0.404968
500,14,0.00943868,0.398131
500,14,0.0093805,0.445677
500,14,0.00938471,0.399963
500,14,0.00944093,0.445677
500,14,0.00937928,0.404296
500,14,0.00938081,0.435424
500,14,0.00938163,0.404113
500,14,0.00942489,0.442625
500,14,0.00937429,0.404846
500,14,0.00938292,0.396422
500,14,0.00941162,0.441527
500,14,0.00937563,0.407592
500,14,0.009385,0.446105
500,14,0.009438,0.398497
500,14,0.00956477,0.448607
500,14,0.00938152,0.402831
500,14,0.00940888,0.443786
500,14,0.00958913,0.399169
500,14,0.00937731,0.448607
500,14,0.00938191,0.396239
500,14,0.00942382,0.444396
500,14,0.00938192,0.40277
500,14,0.00943289,0.407531
500,14,0.00937964,0.445677
500,14,0.0133542,0.556762
500,14,0.00938694,0.445128
500,14,0.00944571,0.401244
500,14,0.00953406,0.444884
500,14,0.00939462,0.400512
500,14,0.00937995,0.439513
500,14,0.00938013,0.405822
500,14,0.00944241,0.397948
500,14,0.00938062,0.447875
500,14,0.00937742,0.40399
500,14,0.00938908,0.44226
500,14,0.00937648,0.408751
500,14,0.0093844,0.40039
500,14,0.00953005,0.406371
500,14,0.00943065,0.399108
500,14,0.00937856,0.444395
500,14,0.00957228,0.403564
500,14,0.00948877,0.398619
500,14,0.00937842,0.404113
500,14,0.00944051,0.39923
500,14,0.00950195,0.403686
500,14,0.00937898,0.442503
500,14,0.00938806,0.405761
500,14,0.00958298,0.439696
500,14,0.00937351,0.39923
500,14,0.00937737,0.449767
500,14,0.00971938,0.403747
500,14,0.00947286,0.4494
500,14,0.00938072,0.393981
500,14,0.00937997,0.452575
500,14,0.00966525,0.39514
500,14,0.00937945,0.450683
500,14,0.00937738,0.399535
500,14,0.00942776,0.438841
500,14,0.0093785,0.408142
500,14,0.00937885,0.439635
500,14,0.00941938,0.40338
500,14,0.00938423,0.401183
500,14,0.00980133,0.44171
500,14,0.00938772,0.4458
500,14,0.00943804,0.401793
500,14,0.0113539,0.526915
500,14,0.00938092,0.397094
500,14,0.0095129,0.443908
500,14,0.00937918,0.402526
500,14,0.00937905,0.401732
500,14,0.00938402,0.45056
500,14,0.00940092,0.398864
500,14,0.00937775,0.448424
500,14,0.00938485,0.39807
500,14,0.00942242,0.403991
500,14,0.009404,0.439574
500,14,0.00937979,0.404906
500,14,0.00937995,0.446349
500,14,0.00941478,0.40332
500,14,0.00938284,0.443663
500,14,0.00937707,0.403869
500,14,0.00966072,0.442503
500,14,0.0106204,0.439025
500,14,0.00938797,0.446471
500,14,0.00943548,0.402648
500,14,0.00950454,0.439818
500,14,0.00938263,0.402221
500,14,0.00941953,0.450255
500,14,0.0093765,0.398559
500,14,0.0093802,0.447203
500,14,0.00938542,0.403258
500,14,0.0094176,0.399169
500,14,0.00938145,0.446288
500,14,0.00938022,0.401549
500,14,0.00938821,0.445068
500,14,0.00944807,0.394469
500,14,0.00937784,0.444945
500,14,0.00937905,0.406432
500,14,0.00942498,0.394591
500,14,0.00937799,0.447814
500,14,0.00938422,0.401183
500,14,0.00938082,0.45111
500,14,0.00937655,0.402892
500,14,0.00941483,0.444091
500,14,0.00937973,0.39807
500,14,0.00942507,0.400695
500,14,0.0093808,0.451231
500,14,0.00937883,0.401672
500,14,0.00938438,0.444518
500,14,0.00944512,0.403014
500,14,0.00937692,0.440856
500,14,0.00938227,0.404051
500,14,0.00940203,0.40277
500,14,0.00937636,0.442016
500,14,0.00938693,0.408873
500,14,0.0093801,0.442382
500,14,0.00938617,0.398009
500,14,0.00938247,0.401854
500,14,0.00937736,0.405212
500,14,0.00941506,0.395079
500,14,0.00937925,0.444457
500,14,0.00937536,0.406554
500,14,0.00938766,0.448119
500,14,0.00941479,0.402587
500,14,0.00938077,0.39746
500,14,0.00944477,0.446227
500,14,0.00937496,0.400878
500,14,0.00945663,0.449523
500,14,0.0093811,0.400878
500,14,0.00939044,0.447447
500,14,0.00938129,0.400207
500,14,0.01003,0.444945
500,14,0.00937927,0.437621
500,14,0.0093788,0.401915
500,14,0.00937822,0.409545
500,14,0.0094086,0.438109
500,14,0.00937915,0.407165
500,14,0.00937916,0.44409
500,14,0.00937676,0.401733
500,15,0.0103254,0.461242
500,15,0.00904349,0.408629
500,15,0.0116702,0.530944
500,15,0.00921209,0.405333
500,15,0.00892833,0.412109
500,15,0.00901032,0.418028
500,15,0.00890141,0.404479
500,15,0.0089643,0.415588
500,15,0.00903708,0.412169
500,15,0.00883297,0.421263
500,15,0.0091368,0.407592
500,15,0.00887161,0.417541
500,15,0.00895496,0.415465
500,15,0.00943781,0.451415
500,15,0.00902937,0.417906
500,15,0.00894785,0.410827
500,15,0.010825,0.488219
500,15,0.00895844,0.370238
500,15,0.00883304,0.415404
500,15,0.00882714,0.371764
500,15,0.00882322,0.414733
500,15,0.00883331,0.419799
500,15,0.00895171,0.405882
500,15,0.00885098,0.421935
500,15,0.00890942,0.409362
500,15,0.00961323,0.412597
500,15,0.00896511,0.453673
500,15,0.0089097,0.371947
500,15,0.00882263,0.413146
500,15,0.00884051,0.417418
500,15,0.00885251,0.40985
500,15,0.00931791,0.414367
500,15,0.0088323,0.410033
500,15,0.00909716,0.413268
500,15,0.00882488,0.413024
500,15,0.00883398,0.412169
500,15,0.00882882,0.417419
500,15,0.00902273,0.414244
500,15,0.00893236,0.411925
500,15,0.00894072,0.411132
500,15,0.00907725,0.419738
500,15,0.00903047,0.408019
500,15,0.00913282,0.410765
500,15,0.0091726,0.456969
500,15,0.00902732,0.416137
500,15,0.00893362,0.410644
500,15,0.00891972,0.37152
500,15,0.00946457,0.418212
500,15,0.00923962,0.411376
500,15,0.00892323,0.405211
500,15,0.00890289,0.418944
500,15,0.0089792,0.40686
500,15,0.00911559,0.416197
500,15,0.00893475,0.415771
500,15,0.0088797,0.406432
500,15,0.00890988,0.419371
500,15,0.00894161,0.410094
500,15,0.00894677,0.416442
500,15,0.00889706,0.414733
500,15,0.0088264,0.419005
500,15,0.00892323,0.412231
500,15,0.00890514,0.399962
500,15,0.00892812,0.406676
500,15,0.00900829,0.406859
500,15,0.00890105,0.403747
500,15,0.00888895,0.40039
500,15,0.00901174,0.40692
500,15,0.00893156,0.402953
500,15,0.00892041,0.412414
500,15,0.00892886,0.36035
500,15,0.00891218,0.357054
500,15,0.00886875,0.404296
500,15,0.00898435,0.403381
500,15,0.00892265,0.411742
500,15,0.0088249,0.403746
500,15,0.00902604,0.404967
500,15,0.00893777,0.406799
500,15,0.0089365,0.403319
500,15,0.00892394,0.4057
500,15,0.0089284,0.404112
500,15,0.00909456,0.402953
500,15,0.00895719,0.409057
500,15,0.00892103,0.39984
500,15,0.00894798,0.410766
500,15,0.00891909,0.398803
500,15,0.00895627,0.412779
500,15,0.00889152,0.397704
500,15,0.00907648,0.410705
500,15,0.00893635,0.402587
500,15,0.00893147,0.405089
500,15,0.00908528,0.411437
500,15,0.00882532,0.404662
500,15,0.00897172,0.404723
500,15,0.00892156,0.404906
500,15,0.00888648,0.404967
500,15,0.00888366,0.407165
500,15,0.00889249,0.406005
500,15,0.00896432,0.405455
500,15,0.00891248,0.399718
500,15,0.00891631,0.403625
500,15,0.00899782,0.411376
500,15,0.0113656,0.485411
500,15,0.00887835,0.396728
500,15,0.00902123,0.408934
500,15,0.00888891,0.403686
500,15,0.00894839,0.402648
500,15,0.00890042,0.406859
500,15,0.00893706,0.406676
500,15,0.00891314,0.402221
500,15,0.00889305,0.408019
500,15,0.00900917,0.409728
500,15,0.00920102,0.402953
500,15,0.00892656,0.401488
500,15,0.00890578,0.407164
500,15,0.00889567,0.4104
500,15,0.00902865,0.405516
500,15,0.0088259,0.404601
500,15,0.00882794,0.40039
500,15,0.00898396,0.414855
500,15,0.00907999,0.39691
500,15,0.00896799,0.407775
500,15,0.00887227,0.407287
500,15,0.00898908,0.408934
500,15,0.00899674,0.403137
500,15,0.00915016,0.405455
500,15,0.00893412,0.398375
500,15,0.00917323,0.410034
500,15,0.00891047,0.396788
500,15,0.0089274,0.408385
500,15,0.00905943,0.407653
500,15,0.00891704,0.402221
500,15,0.00891592,0.40515
500,15,0.00898177,0.406127
500,15,0.00889576,0.405883
500,15,0.00891307,0.397399
500,15,0.00897572,0.410582
500,15,0.0092703,0.407531
500,15,0.00892815,0.395934
500,15,0.00891072,0.40631
500,15,0.00892071,0.410948
500,15,0.00894838,0.40686
500,15,0.00898734,0.401183
500,15,0.00915691,0.405028
500,15,0.00901066,0.403502
500,15,0.00882547,0.410217
500,15,0.00888652,0.403746
500,15,0.00890382,0.401122
500,15,0.0090307,0.403136
500,15,0.00908911,0.410949
500,15,0.00892248,0.397826
500,15,0.00893788,0.405212
500,15,0.00889421,0.407713
500,15,0.00884569,0.408447
500,15,0.00883036,0.403929
500,15,0.00882262,0.403442
500,15,0.00893971,0.400267
500,15,0.0089003,0.410766
500,15,0.00888037,0.402037
500,15,0.0091685,0.411681
500,15,0.00895963,0.405334
500,15,0.0089151,0.405333
500,15,0.00890964,0.398437
500,15,0.00890565,0.404845
500,15,0.00883596,0.405394
500,15,0.00885864,0.366637
500,15,0.00893506,0.404235
500,15,0.00895653,0.406371
500,15,0.00891962,0.402892
500,15,0.0091561,0.4458
500,15,0.00892032,0.36029
500,15,0.00892196,0.407957
500,15,0.00899449,0.448058
500,15,0.00882934,0.365905
500,15,0.00894984,0.401183
500,15,0.00894498,0.407287
500,15,0.00892071,0.407225
500,15,0.00893568,0.407287
500,15,0.00887341,0.405333
500,15,0.00891448,0.399719
500,15,0.00891814,0.409911
500,15,0.00894834,0.400755
500,15,0.0089312,0.407165
500,15,0.00891175,0.407164
500,15,0.00892462,0.406005
500,15,0.00905793,0.407531
500,15,0.00894299,0.406798
500,15,0.00890789,0.404357
500,15,0.0088826,0.39685
500,15,0.00893201,0.406432
500,15,0.00886656,0.407042
500,15,0.00894463,0.405822
500,15,0.0089335,0.403197
500,15,0.0089288,0.409972
500,15,0.00889983,0.36029
500,15,0.00882824,0.406249
500,15,0.00885531,0.405944
500,15,0.0089251,0.399413
500,15,0.00892197,0.404601
500,15,0.00892668,0.407042
500,15,0.00891648,0.407042
500,15,0.00891849,0.401428
500,15,0.00905121,0.407835
500,15,0.00893184,0.403991
500,15,0.00895553,0.406859
500,15,0.00882477,0.408447
500,15,0.00908236,0.399779
500,15,0.00893545,0.409423
500,15,0.00882722,0.400756
500,15,0.00910561,0.410826
500,15,0.00897806,0.403441
500,15,0.00882649,0.404968
500,15,0.00892181,0.40399
500,15,0.00892724,0.403686
500,15,0.00885942,0.405516
500,15,0.00882667,0.407165
500,15,0.0126253,0.557432
500,15,0.00886884,0.361206
500,15,0.00883251,0.408202
500,15,0.00882735,0.403136
500,15,0.00892185,0.405577
500,15,0.00893473,0.413268
500,15,0.00900834,0.402648
500,15,0.00909632,0.405456
500,15,0.00892101,0.406066
500,15,0.00888842,0.402831
500,15,0.00891839,0.402159
500,15,0.00891377,0.404113
500,15,0.00893057,0.405272
500,15,0.00890648,0.409301
500,15,0.00884899,0.40515
500,15,0.00894873,0.405212
500,15,0.00888899,0.407653
500,15,0.00891996,0.400633
500,15,0.00902554,0.409545
500,15,0.00900221,0.402465
500,15,0.00912461,0.409301
500,15,0.00903956,0.405272
500,15,0.00891309,0.398559
500,15,0.00895208,0.414488
500,15,0.00889622,0.398376
500,15,0.00891393,0.404723
500,15,0.00890007,0.413085
500,15,0.00900156,0.404845
500,15,0.00894735,0.406493
500,15,0.00893814,0.404357
500,15,0.0088895,0.397216
500,15,0.00883823,0.36267
500,15,0.00914099,0.398437
500,15,0.00884131,0.405028
500,15,0.00882805,0.360595
500,16,0.0111193,0.495421
500,16,0.00879822,0.398436
500,16,0.00900694,0.421264
500,16,0.00845926,0.413695
500,16,0.00869152,0.412047
500,16,0.00841278,0.370971
500,16,0.00846893,0.414428
500,16,0.00920164,0.42163
500,16,0.00960079,0.446471
500,16,0.00874167,0.375548
500,16,0.00859346,0.416991
500,16,0.00846687,0.372436
500,16,0.00844214,0.420714
500,16,0.00862143,0.365416
500,16,0.00843522,0.368713
500,16,0.00842594,0.375975
500,16,0.00866119,0.418884
500,16,0.0085004,0.416686
500,16,0.0084104,0.374022
500,16,0.00904982,0.416137
500,16,0.00852419,0.416808
500,16,0.00875611,0.411864
500,16,0.00842619,0.374877
500,16,0.0085139,0.416381
500,16,0.00857531,0.3739
500,16,0.00838654,0.409972
500,16,0.00838556,0.376891
500,16,0.00859117,0.414184
500,16,0.00843715,0.376891
500,16,0.00845047,0.411376
500,16,0.00844634,0.373412
500,16,0.00850157,0.415587
500,16,0.00858335,0.368896
500,16,0.00832546,0.417601
500,16,0.00839472,0.375182
500,16,0.00844188,0.366882
500,16,0.00852632,0.413268
500,16,0.00841805,0.371459
500,16,0.00831678,0.42285
500,16,0.00844081,0.371947
500,16,0.00849343,0.414184
500,16,0.0083208,0.371154
500,16,0.00831302,0.415038
500,16,0.00830994,0.367003
500,16,0.00831415,0.377197
500,16,0.00841476,0.419066
500,16,0.00831715,0.371032
500,16,0.00831152,0.368468
500,16,0.00832786,0.41632
500,16,0.00847163,0.375609
500,16,0.00841608,0.419616
500,16,0.00841674,0.367369
500,16,0.00841424,0.421386
500,16,0.00844838,0.374328
500,16,0.00841725,0.368407
500,16,0.00855738,0.415221
500,16,0.00845365,0.424376
500,16,0.00844176,0.36621
500,16,0.00852638,0.421264
500,16,0.00848714,0.378356
500,16,0.00852687,0.410216
500,16,0.00842398,0.360412
500,16,0.00832107,0.413878
500,16,0.00859258,0.363036
500,16,0.00861696,0.414123
500,16,0.00853826,0.359252
500,16,0.00841222,0.411193
500,16,0.00842726,0.358763
500,16,0.00838743,0.415344
500,16,0.00853728,0.365721
500,16,0.00837955,0.400268
500,16,0.00831146,0.364989
500,16,0.00846172,0.3656
500,16,0.00838692,0.357909
500,16,0.00845312,0.363585
500,16,0.0084034,0.414306
500,16,0.00837891,0.367064
500,16,0.00841126,0.40808
500,16,0.0083779,0.357604
500,16,0.00854059,0.41571
500,16,0.00836919,0.357543
500,16,0.00845755,0.412841
500,16,0.012842,0.523314
500,16,0.00839261,0.359801
500,16,0.00847078,0.368957
500,16,0.00952001,0.452696
500,16,0.0129031,0.566466
500,16,0.00879051,0.406066
500,16,0.00848182,0.363708
500,16,0.00841763,0.405455
500,16,0.00863877,0.36029
500,16,0.00852705,0.406676
500,16,0.00842092,0.366271
500,16,0.00843307,0.410277
500,16,0.00842159,0.364379
500,16,0.00846444,0.40924
500,16,0.00845862,0.359008
500,16,0.00846499,0.414061
500,16,0.00848133,0.360717
500,16,0.00891368,0.411437
500,16,0.00841291,0.409911
500,16,0.00837981,0.357909
500,16,0.0133,0.610838
500,16,0.00850816,0.366516
500,16,0.00840948,0.364256
500,16,0.00845194,0.407348
500,16,0.0084245,0.364379
500,16,0.00854319,0.363036
500,16,0.0084858,0.365905
500,16,0.00838747,0.411131
500,16,0.00839331,0.357665
500,16,0.00847174,0.417297
500,16,0.00917029,0.40277
500,16,0.00840983,0.407775
500,16,0.00861981,0.364501
500,16,0.00847578,0.408873
500,16,0.00838215,0.36621
500,16,0.00843629,0.406127
500,16,0.00883257,0.364928
500,16,0.00840175,0.40393
500,16,0.0084108,0.371886
500,16,0.00853183,0.408813
500,16,0.00840557,0.357237
500,16,0.00842825,0.408447
500,16,0.00840465,0.365904
500,16,0.00849462,0.414611
500,16,0.00842421,0.359618
500,16,0.00844073,0.410705
500,16,0.00839917,0.366027
500,16,0.00841158,0.405883
500,16,0.00853125,0.368346
500,16,0.00839507,0.399718
500,16,0.00846791,0.371886
500,16,0.00842286,0.360595
500,16,0.00846225,0.404479
500,16,0.00874238,0.416076
500,16,0.00843295,0.358336
500,16,0.00840402,0.410949
500,16,0.00840216,0.365966
500,16,0.00849795,0.411864
500,16,0.00844898,0.360961
500,16,0.0083702,0.404845
500,16,0.00839737,0.367186
500,16,0.0084542,0.361816
500,16,0.00841655,0.362792
500,16,0.00842404,0.362975
500,16,0.0084217,0.415344
500,16,0.00839751,0.35858
500,16,0.00836589,0.412597
500,16,0.00845681,0.36566
500,16,0.00841938,0.410095
500,16,0.0083146,0.363219
500,16,0.0084612,0.35974
500,16,0.00841114,0.407714
500,16,0.00842267,0.367797
500,16,0.00832671,0.413329
500,16,0.00835416,0.3562
500,16,0.00832906,0.365173
500,16,0.00831584,0.416991
500,16,0.00850644,0.364257
500,16,0.00845771,0.403136
500,16,0.00831248,0.3609
500,16,0.00838506,0.412901
500,16,0.00839912,0.369506
500,16,0.00836935,0.364074
500,16,0.00861981,0.409057
500,16,0.00853957,0.405272
500,16,0.00842197,0.367858
500,16,0.00838686,0.403197
500,16,0.00839294,0.367492
500,16,0.00843224,0.362792
500,16,0.00837457,0.410155
500,16,0.00836164,0.366943
500,16,0.00836943,0.41223
500,16,0.00842527,0.364257
500,16,0.00847197,0.409789
500,16,0.00862689,0.358458
500,16,0.00838872,0.413391
500,16,0.00831569,0.363524
500,16,0.00838732,0.359069
500,16,0.00839527,0.415648
500,16,0.00838363,0.357665
500,16,0.00840962,0.411559
500,16,0.00838286,0.365173
500,16,0.00851045,0.413451
500,16,0.00850014,0.360167
500,16,0.00950881,0.456542
500,16,0.00839462,0.361266
500,16,0.00837764,0.404846
500,16,0.00837673,0.368651
500,16,0.00855323,0.406127
500,16,0.00842178,0.367186
500,16,0.00841392,0.358642
500,16,0.00831175,0.411132
500,16,0.00854844,0.364623
500,16,0.008392,0.364379
500,16,0.00842677,0.363951
500,16,0.0128919,0.567016
500,16,0.00843168,0.404112
500,16,0.00846986,0.363769
500,16,0.00904133,0.40924
500,16,0.00839258,0.405333
500,16,0.00854269,0.360412
500,16,0.00843308,0.41516
500,16,0.00845759,0.359618
500,16,0.00841923,0.406127
500,16,0.00843999,0.369933
500,16,0.00842692,0.41046
500,16,0.00841172,0.400329
500,16,0.00842078,0.367675
500,16,0.00837255,0.362609
500,16,0.00858505,0.412169
500,16,0.00847689,0.356445
500,16,0.00848631,0.414122
500,16,0.00840338,0.362304
500,16,0.00850911,0.407225
500,16,0.012713,0.568907
500,16,0.00840533,0.365844
500,16,0.0133289,0.561583
500,16,0.0084586,0.368285
500,16,0.00842521,0.355712
500,16,0.00865574,0.41339
500,16,0.0084233,0.403563
500,16,0.00843642,0.367614
500,16,0.00848217,0.409484
500,16,0.00842466,0.363219
500,16,0.0085129,0.412963
500,16,0.0105218,0.445373
500,16,0.00877043,0.400511
500,16,0.0296413,1.20489
500,16,0.00864769,0.366027
500,16,0.0273915,1.15313
500,16,0.0624945,2.40411
500,16,0.00870679,0.405516
500,16,0.011317,0.486327
500,16,0.00869143,0.404418
500,16,0.00890635,0.406737
500,16,0.0084494,0.403747
500,16,0.00841769,0.3656
500,16,0.0102219,0.451598
500,16,0.00840883,0.401183
500,16,0.00840868,0.367797
500,16,0.00864142,0.409605
500,16,0.00880763,0.403015
500,16,0.00844157,0.359862
500,16,0.00842872,0.414733
500,16,0.0106467,0.445494
500,16,0.00835753,0.402892
500,16,0.00843122,0.36267
500,16,0.00842038,0.405578
1000,1,0.862208,14.3421
1000,1,0.856822,14.2618
1000,1,0.856842,14.2692
1000,1,0.856718,14.2621
1000,1,0.857015,14.2904
1000,1,0.856767,14.4132
1000,1,0.856896,14.2854
1000,1,0.856776,14.265
1000,1,0.8569,14.2415
1000,1,0.856753,14.2348
1000,1,0.856871,14.2516
1000,1,0.856754,14.2345
1000,1,0.857037,14.2942
1000,1,0.858592,15.2223
1000,1,0.857474,15.3811
1000,1,0.856954,14.6051
1000,1,0.856862,14.2343
1000,1,0.856836,14.2084
1000,1,0.856938,14.2315
1000,1,0.856998,14.9448
1000,1,0.857026,14.9543
1000,1,0.856848,14.1994
1000,1,0.85687,14.197
1000,1,0.856823,14.1889
1000,1,0.856894,14.177
1000,1,0.856793,14.1761
1000,1,0.856835,14.1634
1000,1,0.856728,14.1287
1000,1,0.856865,14.1254
1000,1,0.856788,14.1239
1000,1,0.856786,14.1023
1000,1,0.856873,14.2426
1000,1,0.856825,14.0598
1000,1,0.8579,14.5597
1000,1,0.856913,14.0463
1000,1,0.85687,14.0235
1000,1,0.856921,13.994
1000,1,0.856826,13.9752
1000,1,0.85679,13.968
1000,1,0.856751,14.0003
1000,1,0.856923,14.0187
1000,1,0.856963,13.9561
1000,1,0.856834,13.928
1000,1,0.85673,13.9239
1000,1,0.856991,14.0103
1000,1,0.856807,13.9896
1000,1,0.856799,13.9141
1000,1,0.85685,13.7791
1000,1,0.856934,13.8783
1000,1,0.856841,13.8171
1000,1,0.856883,13.7885
1000,1,0.856791,13.8002
1000,1,0.856798,13.8386
1000,1,0.856791,13.7305
1000,1,0.85679,13.5103
1000,1,0.856749,13.469
1000,1,0.856847,13.4821
1000,1,0.856912,14.2498
1000,1,0.856963,14.7218
1000,1,0.85691,13.9439
1000,1,0.856936,13.8001
1000,1,0.856813,13.4756
1000,1,0.856794,13.489
1000,1,0.856856,13.4927
1000,1,0.856905,13.4781
1000,1,0.85677,13.4784
1000,1,0.856844,13.4885
1000,1,0.856765,13.4951
1000,1,0.864248,13.9595
1000,1,0.856923,13.5083
1000,1,0.858289,14.4701
1000,1,0.857979,17.3776
1000,1,0.858146,15.1521
1000,1,0.857504,14.4474
1000,1,0.84903,15.335
1000,1,0.838401,13.8507
1000,1,0.837361,13.2226
1000,1,0.837311,13.1825
1000,1,0.837319,13.1834
1000,1,0.837196,13.185
1000,1,0.837334,13.1564
1000,1,0.837262,13.2158
1000,1,0.837282,13.19
1000,1,0.837273,13.1577
1000,1,0.838695,13.8419
1000,1,0.83724,13.1566
1000,1,0.837234,13.1679
1000,1,0.837249,13.3499
1000,1,0.837369,13.2914
1000,1,0.837208,13.1668
1000,1,0.837275,13.1624
1000,1,0.837227,13.1681
1000,1,0.837333,13.1792
1000,1,0.837132,13.144
1000,1,0.837205,13.1977
1000,1,0.837234,13.1491
1000,1,0.837331,14.325
1000,1,0.837335,14.3316
1000,1,0.837226,13.1668
1000,1,0.837234,13.1508
1000,1,0.837259,13.1925
1000,1,0.837188,13.1624
1000,1,0.837243,13.1642
1000,1,0.83727,13.143
1000,1,0.837603,13.6483
1000,1,0.837353,13.35
1000,1,0.837281,13.2071
1000,1,0.8373,13.193
1000,1,0.837232,13.2098
1000,1,0.837224,13.1766
1000,1,0.838308,13.3553
1000,1,0.838544,13.258
1000,1,0.838622,13.2632
1000,1,0.838406,13.2092
1000,1,0.838507,13.2681
1000,1,0.838522,13.4132
1000,1,0.843277,16.7188
1000,1,0.83789,13.8801
1000,1,0.837096,13.2476
1000,1,0.837064,13.2623
1000,1,0.836953,13.2725
1000,1,0.837219,13.295
1000,1,0.837127,13.2756
1000,1,0.837022,13.2725
1000,1,0.837079,13.269
1000,1,0.837039,13.2594
1000,1,0.837056,13.2606
1000,1,0.837052,13.2592
1000,1,0.837165,13.2639
1000,1,0.837035,13.2685
1000,1,0.837102,13.3054
1000,1,0.83702,13.261
1000,1,0.837045,13.255
1000,1,0.837006,13.2635
1000,1,0.837024,13.2454
1000,1,0.837132,14.1485
1000,1,0.837071,14.4008
1000,1,0.837013,13.5465
1000,1,0.837043,13.2472
1000,1,0.837094,13.331
1000,1,0.837342,13.4087
1000,1,0.837044,13.2238
1000,1,0.836992,13.2023
1000,1,0.837107,13.4705
1000,1,0.837082,13.1873
1000,1,0.837059,13.1627
1000,1,0.837103,13.1627
1000,1,0.83701,13.164
1000,1,0.837009,13.1751
1000,1,0.837001,13.1884
1000,1,0.837059,13.1513
1000,1,0.836953,13.1531
1000,1,0.83704,13.154
1000,1,0.836968,13.1496
1000,1,0.83705,13.1635
1000,1,0.838313,13.7472
1000,1,0.837089,13.1725
1000,1,0.837047,13.1539
1000,1,0.837033,13.1537
1000,1,0.836984,13.1675
1000,1,0.837066,13.1666
1000,1,0.836953,13.1505
1000,1,0.837057,13.1529
1000,1,0.837084,13.1474
1000,1,0.837007,13.1474
1000,1,0.836955,13.1418
1000,1,0.837076,13.1482
1000,1,0.83694,13.1441
1000,1,0.836999,13.153
1000,1,0.83694,13.1425
1000,1,0.837002,13.141
1000,1,0.837024,13.445
1000,1,0.836994,13.1457
1000,1,0.837022,13.1591
1000,1,0.837163,13.8666
1000,1,0.837491,14.5888
1000,1,0.83718,13.7768
1000,1,0.837075,13.1351
1000,1,0.837003,13.1505
1000,1,0.837106,13.3739
1000,1,0.836964,13.1277
1000,1,0.83694,13.1391
1000,1,0.837042,13.1488
1000,1,0.836991,13.1314
1000,1,0.837011,13.1352
1000,1,0.836907,13.1401
1000,1,0.837106,13.1369
1000,1,0.837039,13.1489
1000,1,0.837058,13.1452
1000,1,0.837046,13.1211
1000,1,0.837288,13.1767
1000,1,0.836985,13.146
1000,1,0.837016,13.1341
1000,1,0.837035,13.1245
1000,1,0.837056,13.1381
1000,1,0.836945,13.1225
1000,1,0.837032,13.1289
1000,1,0.837032,13.1487
1000,1,0.837113,13.1194
1000,1,0.837098,13.399
1000,1,0.836659,13.1259
1000,1,0.836526,13.127
1000,1,0.836556,13.1123
1000,1,0.836621,13.1441
1000,1,0.836509,13.1129
1000,1,0.836565,13.1305
1000,1,0.836502,13.1218
1000,1,0.836565,13.1305
1000,1,0.836608,13.1266
1000,1,0.83655,13.126
1000,1,0.836524,13.1316
1000,1,0.837352,13.452
1000,1,0.836552,13.1209
1000,1,0.836695,13.6501
1000,1,0.836792,14.236
1000,1,0.83675,13.519
1000,1,0.836639,13.14
1000,1,0.836646,13.1116
1000,1,0.836675,13.1193
1000,1,0.836615,13.1238
1000,1,0.837839,13.1297
1000,1,0.836705,13.1408
1000,1,0.836645,13.1103
1000,1,0.83655,13.101
1000,1,0.836614,13.1104
1000,1,0.836616,13.1175
1000,1,0.836683,13.1154
1000,1,0.838139,14.2603
1000,1,0.836629,14.1892
1000,1,0.83665,13.5199
1000,1,0.836633,13.1173
1000,1,0.836514,13.1047
1000,1,0.836527,13.1092
1000,1,0.836518,13.1165
1000,1,0.836614,13.1273
1000,1,0.836612,13.122
1000,1,0.837666,13.1315
1000,1,0.837684,13.1278
1000,1,0.837682,13.1179
1000,1,0.837521,13.1414
1000,1,0.837653,13.1389
1000,1,0.837614,13.114
1000,1,0.837668,13.122
1000,1,0.837618,13.1281
1000,1,0.837665,13.116
1000,1,0.837608,13.1599
1000,1,0.837666,13.1317
1000,1,0.843384,13.5284
1000,1,0.837692,13.1308
1000,1,0.837613,13.1016
1000,2,0.430799,8.53092
1000,2,0.428036,8.46171
1000,2,0.428045,8.46879
1000,2,0.428065,8.54228
1000,2,0.428064,8.55302
1000,2,0.428134,9.01847
1000,2,0.428315,8.96378
1000,2,0.428072,9.13895
1000,2,0.428139,9.08805
1000,2,0.42811,8.69712
1000,2,0.428122,8.53745
1000,2,0.428133,8.83488
1000,2,0.428028,8.55015
1000,2,0.427994,8.56181
1000,2,0.427983,8.53623
1000,2,0.428076,8.54673
1000,2,0.428056,8.55631
1000,2,0.428012,8.57194
1000,2,0.428063,8.56303
1000,2,0.428025,8.55833
1000,2,0.428037,8.55222
1000,2,0.42802,8.55698
1000,2,0.42807,8.52787
1000,2,0.428041,8.55845
1000,2,0.428071,8.52934
1000,2,0.428078,8.55021
1000,2,0.42811,8.55247
1000,2,0.42809,8.57407
1000,2,0.428057,8.54118
1000,2,0.428042,8.57627
1000,2,0.42813,8.5695
1000,2,0.428024,8.59178
1000,2,0.428016,8.55204
1000,2,0.428005,8.58207
1000,2,0.428062,8.5579
1000,2,0.428066,8.62205
1000,2,0.428078,8.57121
1000,2,0.428028,8.59049
1000,2,0.428048,8.57554
1000,2,0.428051,8.59513
1000,2,0.428101,8.57829
1000,2,0.428078,8.56846
1000,2,0.428032,8.54905
1000,2,0.428042,8.57676
1000,2,0.428067,8.55125
1000,2,0.428056,8.57316
1000,2,0.42807,8.60569
1000,2,0.427995,8.57377
1000,2,0.428136,8.58738
1000,2,0.428091,8.57444
1000,2,0.428039,8.57304
1000,2,0.428053,8.55711
1000,2,0.428059,8.54221
1000,2,0.427992,8.52744
1000,2,0.428044,8.46726
1000,2,0.428038,8.46684
1000,2,0.428085,8.46678
1000,2,0.428037,8.45695
1000,2,0.428208,8.47019
1000,2,0.428114,8.45854
1000,2,0.428136,8.45774
1000,2,0.428062,8.45738
1000,2,0.428143,8.46647
1000,2,0.42809,8.46555
1000,2,0.428137,8.48679
1000,2,0.428433,8.88743
1000,2,0.428219,8.65183
1000,2,0.428083,8.45585
1000,2,0.428103,8.4636
1000,2,0.428051,8.46153
1000,2,0.428167,8.45457
1000,2,0.428065,8.46049
1000,2,0.428069,8.46189
1000,2,0.42804,8.4575
1000,2,0.428038,8.45951
1000,2,0.428036,8.46769
1000,2,0.428077,8.46366
1000,2,0.428093,8.45957
1000,2,0.428075,8.46073
1000,2,0.428017,8.45493
1000,2,0.42809,8.4578
1000,2,0.428029,8.64433
1000,2,0.428142,9.05009
1000,2,0.428073,9.04697
1000,2,0.428217,9.06156
1000,2,0.428155,8.80912
1000,2,0.428073,8.46507
1000,2,0.428056,8.46262
1000,2,0.428032,8.46531
1000,2,0.422948,8.36369
1000,2,0.421469,8.34886
1000,2,0.437515,10.2488
1000,2,0.423941,10.2223
1000,2,0.421779,8.53068
1000,2,0.42149,8.32292
1000,2,0.421485,8.35795
1000,2,0.422468,8.9036
1000,2,0.421472,8.35331
1000,2,0.421514,8.31706
1000,2,0.421506,8.35624
1000,2,0.421453,8.35728
1000,2,0.421472,8.34245
1000,2,0.421496,8.33842
1000,2,0.421469,8.34586
1000,2,0.421501,8.33476
1000,2,0.421543,8.35801
1000,2,0.42142,8.33329
1000,2,0.421525,8.35679
1000,2,0.42145,8.32499
1000,2,0.421461,8.3419
1000,2,0.421475,8.31919
1000,2,0.421525,8.35307
1000,2,0.421458,8.33604
1000,2,0.420516,8.32316
1000,2,0.417855,8.27018
1000,2,0.417843,8.2595
1000,2,0.417841,8.25596
1000,2,0.417868,8.26951
1000,2,0.417877,8.26286
1000,2,0.417875,8.27409
1000,2,0.417866,8.41679
1000,2,0.417889,8.44346
1000,2,0.417855,8.27226
1000,2,0.417804,8.26951
1000,2,0.417882,8.24803
1000,2,0.41781,8.26762
1000,2,0.417879,8.26072
1000,2,0.417799,8.25633
1000,2,0.417823,8.26792
1000,2,0.417779,8.26634
1000,2,0.417842,8.25681
1000,2,0.41782,8.25596
1000,2,0.417802,8.25956
1000,2,0.417879,8.26444
1000,2,0.417854,8.26353
1000,2,0.41783,8.27116
1000,2,0.4201,8.60661
1000,2,0.417847,8.25871
1000,2,0.417956,8.26957
1000,2,0.417774,8.26542
1000,2,0.417858,8.26304
1000,2,0.417838,8.27745
1000,2,0.417779,8.26054
1000,2,0.417865,8.26554
1000,2,0.41786,8.26597
1000,2,0.417817,8.2703
1000,2,0.417851,8.25456
1000,2,0.417814,8.26158
1000,2,0.41786,8.26994
1000,2,0.417794,8.26109
1000,2,0.417875,8.28678
1000,2,0.417782,8.26328
1000,2,0.417888,8.44846
1000,2,0.417912,8.30497
1000,2,0.417853,8.26847
1000,2,0.417853,8.26029
1000,2,0.417863,8.25932
1000,2,0.417904,8.26853
1000,2,0.417892,8.26383
1000,2,0.417811,8.45231
1000,2,0.417903,8.79111
1000,2,0.417869,8.79807
1000,2,0.417898,8.79282
1000,2,0.417855,8.554
1000,2,0.417813,8.26194
1000,2,0.417823,8.2667
1000,2,0.417822,8.28684
1000,2,0.417845,8.27018
1000,2,0.417869,8.28623
1000,2,0.417861,8.27091
1000,2,0.41784,8.23881
1000,2,0.417821,8.262
1000,2,0.417813,8.27574
1000,2,0.417875,8.26127
1000,2,0.417878,8.26872
1000,2,0.417837,8.26243
1000,2,0.417872,8.2628
1000,2,0.417928,8.55296
1000,2,0.417811,8.24986
1000,2,0.417857,8.27867
1000,2,0.417883,8.25962
1000,2,0.417855,8.26182
1000,2,0.417863,8.26109
1000,2,0.417821,8.26628
1000,2,0.417861,8.26548
1000,2,0.417868,8.25053
1000,2,0.417918,8.2819
1000,2,0.41784,8.24284
1000,2,0.417819,8.2562
1000,2,0.417843,8.26157
1000,2,0.417854,8.2573
1000,2,0.417837,8.26298
1000,2,0.417907,8.26225
1000,2,0.417806,8.24742
1000,2,0.417825,8.25462
1000,2,0.417856,8.26328
1000,2,0.417906,8.26206
1000,2,0.417875,8.26908
1000,2,0.41786,8.27458
1000,2,0.417839,8.26261
1000,2,0.417827,8.26505
1000,2,0.417833,8.23966
1000,2,0.417877,8.2606
1000,2,0.417926,8.26115
1000,2,0.417912,8.27946
1000,2,0.417845,8.2747
1000,2,0.417919,8.25443
1000,2,0.426093,8.50724
1000,2,0.41807,8.49168
1000,2,0.417924,8.27171
1000,2,0.4179,8.26768
1000,2,0.417892,8.25883
1000,2,0.417859,8.26225
1000,2,0.417827,8.25956
1000,2,0.417902,8.2946
1000,2,0.417924,8.26652
1000,2,0.417828,8.24424
1000,2,0.417991,8.27702
1000,2,0.417864,8.25791
1000,2,0.418119,8.2822
1000,2,0.41781,8.26115
1000,2,0.417856,8.27177
1000,2,0.417869,8.26865
1000,2,0.417796,8.2606
1000,2,0.417876,8.27085
1000,2,0.417839,8.27158
1000,2,0.417838,8.25016
1000,2,0.417836,8.27299
1000,2,0.417849,8.2692
1000,2,0.417919,8.29447
1000,2,0.417874,8.26432
1000,2,0.417832,8.26487
1000,2,0.417835,8.26859
1000,2,0.417929,8.54942
1000,2,0.417839,8.2675
1000,2,0.417811,8.24186
1000,2,0.417874,8.27989
1000,2,0.418253,8.45487
1000,2,0.418037,8.79758
1000,2,0.417887,8.78764
1000,2,0.418825,9.29972
1000,2,0.41789,8.79221
1000,2,0.417854,8.32432
1000,2,0.417926,8.28141
1000,2,0.417822,8.2714
1000,2,0.417897,8.29344
1000,2,0.417859,8.27476
1000,2,0.417835,8.249
1000,2,0.417872,8.26994
1000,2,0.417831,8.25883
1000,3,0.290951,6.95927
1000,3,0.292415,6.9655
1000,3,0.292579,7.02769
1000,3,0.292524,7.07701
1000,3,0.292807,7.14158
1000,3,0.292604,7.15361
1000,3,0.292817,7.14854
1000,3,0.29227,7.12803
1000,3,0.292691,7.15898
1000,3,0.292222,7.13011
1000,3,0.292143,7.12394
1000,3,0.291777,7.1356
1000,3,0.292342,7.304
1000,3,0.292167,7.13646
1000,3,0.292321,7.1436
1000,3,0.292429,7.13731
1000,3,0.292319,7.14482
1000,3,0.292087,7.13524
1000,3,0.292578,7.13639
1000,3,0.292355,7.15794
1000,3,0.292582,7.12785
1000,3,0.29269,7.15886
1000,3,0.292331,7.14341
1000,3,0.292558,7.1594
1000,3,0.292326,7.13151
1000,3,0.292185,7.14244
1000,3,0.292332,7.16185
1000,3,0.292571,7.13676
1000,3,0.292261,7.13365
1000,3,0.292861,7.16044
1000,3,0.292789,7.15586
1000,3,0.29301,7.16722
1000,3,0.292819,7.15971
1000,3,0.292281,7.14207
1000,3,0.292425,7.15147
1000,3,0.292525,7.15214
1000,3,0.292474,7.15861
1000,3,0.292797,7.16404
1000,3,0.292416,7.14372
1000,3,0.292736,7.16093
1000,3,0.292267,7.14573
1000,3,0.292748,7.15385
1000,3,0.304712,7.65177
1000,3,0.292515,7.14659
1000,3,0.292686,7.16789
1000,3,0.29242,7.14677
1000,3,0.292442,7.1641
1000,3,0.292815,7.16673
1000,3,0.292742,7.14408
1000,3,0.292455,7.17149
1000,3,0.292448,7.14421
1000,3,0.2925,7.16636
1000,3,0.292703,7.16478
1000,3,0.292711,7.13456
1000,3,0.292628,6.9752
1000,3,0.292305,7.12809
1000,3,0.292483,7.04533
1000,3,0.29254,6.96715
1000,3,0.292478,6.98582
1000,3,0.292666,6.97252
1000,3,0.292457,6.98802
1000,3,0.292348,6.96367
1000,3,0.292474,6.98228
1000,3,0.292262,6.98668
1000,3,0.292392,6.96391
1000,3,0.292508,6.99339
1000,3,0.292099,6.95738
1000,3,0.292925,6.99333
1000,3,0.291902,6.96769
1000,3,0.292626,6.98979
1000,3,0.292619,6.95817
1000,3,0.292913,6.98295
1000,3,0.292427,6.98014
1000,3,0.292558,7.14464
1000,3,0.292265,6.976
1000,3,0.292472,7.01445
1000,3,0.292523,6.97355
1000,3,0.292377,6.99571
1000,3,0.292232,6.96794
1000,3,0.286233,6.86039
1000,3,0.286058,6.85795
1000,3,0.28612,6.8809
1000,3,0.286137,6.85453
1000,3,0.286094,6.86949
1000,3,0.286104,6.84764
1000,3,0.286024,6.8513
1000,3,0.286177,6.86131
1000,3,0.286084,6.8416
1000,3,0.286068,6.79936
1000,3,0.286076,6.81749
1000,3,0.286161,6.89183
1000,3,0.286091,6.8632
1000,3,0.286098,6.84758
1000,3,0.286034,6.86076
1000,3,0.28611,6.86955
1000,3,0.286119,7.08757
1000,3,0.286162,7.13401
1000,3,0.286076,7.13823
1000,3,0.286089,7.16337
1000,3,0.286095,7.13578
1000,3,0.28615,7.13359
1000,3,0.286044,6.8629
1000,3,0.28612,6.81865
1000,3,0.286078,6.80375
1000,3,0.286128,6.85588
1000,3,0.286047,6.87675
1000,3,0.286151,6.85875
1000,3,0.286075,6.89451
1000,3,0.286075,6.86937
1000,3,0.286106,6.8806
1000,3,0.286203,6.85325
1000,3,0.286182,6.85405
1000,3,0.286208,6.86393
1000,3,0.286158,6.84971
1000,3,0.286303,6.84874
1000,3,0.286129,6.86247
1000,3,0.286212,6.85515
1000,3,0.286111,6.86235
1000,3,0.286236,6.90062
1000,3,0.286127,6.86583
1000,3,0.286204,6.85356
1000,3,0.286204,6.86143
1000,3,0.286188,6.81102
1000,3,0.286155,6.83311
1000,3,0.286213,6.85423
1000,3,0.286168,6.85612
1000,3,0.286175,6.85435
1000,3,0.286192,6.83934
1000,3,0.28617,6.80235
1000,3,0.286201,6.85014
1000,3,0.286212,6.84538
1000,3,0.286159,6.84971
1000,3,0.286216,6.8748
1000,3,0.286171,6.86442
1000,3,0.286189,6.84624
1000,3,0.286238,6.85313
1000,3,0.286223,6.89403
1000,3,0.286178,7.05449
1000,3,0.286212,6.85997
1000,3,0.286181,6.86357
1000,3,0.28617,6.85453
1000,3,0.286176,6.86693
1000,3,0.286222,6.87925
1000,3,0.286216,6.86039
1000,3,0.2862,6.85856
1000,3,0.286147,6.85295
1000,3,0.302243,7.47013
1000,3,0.286157,6.81511
1000,3,0.286267,6.85356
1000,3,0.286212,6.86564
1000,3,0.286216,6.87248
1000,3,0.286147,6.86589
1000,3,0.286218,6.8632
1000,3,0.286172,6.86442
1000,3,0.286924,7.32249
1000,3,0.28642,8.04618
1000,3,0.286479,8.05308
1000,3,0.286415,8.02909
1000,3,0.286761,8.20927
1000,3,0.286279,7.07115
1000,3,0.286336,7.0139
1000,3,0.286438,7.09099
1000,3,0.286257,7.10997
1000,3,0.286373,7.07585
1000,3,0.286513,7.32243
1000,3,0.287289,8.13963
1000,3,0.285365,7.13438
1000,3,0.284921,6.85142
1000,3,0.28528,6.8408
1000,3,0.285144,6.87193
1000,3,0.285071,6.84099
1000,3,0.284676,6.82158
1000,3,0.284826,6.84257
1000,3,0.284962,6.7957
1000,3,0.284649,6.82139
1000,3,0.284989,6.8405
1000,3,0.284909,6.84117
1000,3,0.284993,6.85405
1000,3,0.285148,6.83635
1000,3,0.284623,6.81474
1000,3,0.284953,6.84507
1000,3,0.285103,6.86406
1000,3,0.285108,6.84416
1000,3,0.285016,6.86345
1000,3,0.285164,6.84459
1000,3,0.284832,6.84947
1000,3,0.2853,6.84624
1000,3,0.284811,6.85222
1000,3,0.285147,6.84544
1000,3,0.284629,6.85344
1000,3,0.284831,6.81053
1000,3,0.285009,6.81077
1000,3,0.284888,6.82762
1000,3,0.284726,6.86052
1000,3,0.286206,7.76579
1000,3,0.28482,7.15855
1000,3,0.284843,7.13041
1000,3,0.284656,7.14598
1000,3,0.284782,7.16838
1000,3,0.285094,6.93235
1000,3,0.284898,6.84013
1000,3,0.284855,6.8549
1000,3,0.284976,6.85289
1000,3,0.284896,6.8557
1000,3,0.28508,6.83153
1000,3,0.284936,6.85002
1000,3,0.2849,6.8535
1000,3,0.284683,6.84984
1000,3,0.28533,6.84739
1000,3,0.284665,6.89293
1000,3,0.28511,7.11174
1000,3,0.284695,7.11027
1000,3,0.284876,7.12516
1000,3,0.284679,7.11863
1000,3,0.285044,7.10936
1000,3,0.284821,7.09697
1000,3,0.285093,6.93669
1000,3,0.284903,6.83024
1000,3,0.284785,6.92125
1000,3,0.284921,7.00535
1000,3,0.28505,6.84916
1000,3,0.284844,6.84691
1000,3,0.284734,6.84385
1000,3,0.284862,6.85649
1000,3,0.285115,6.8397
1000,3,0.284646,6.84782
1000,3,0.28492,6.84507
1000,3,0.284837,6.82933
1000,3,0.285166,6.86882
1000,3,0.284958,6.84581
1000,3,0.285099,6.85435
1000,3,0.284964,6.85948
1000,3,0.285092,6.83653
1000,3,0.284968,6.86393
1000,3,0.285228,6.84306
1000,3,0.284706,6.85344
1000,3,0.28531,6.84971
1000,3,0.284859,6.84465
1000,3,0.285035,6.83616
1000,3,0.284905,6.84526
1000,3,0.2848,6.85856
1000,3,0.284534,6.8311
1000,3,0.284667,6.85032
1000,3,0.285083,6.84892
1000,3,0.285116,6.86235
1000,3,0.284884,6.86265
1000,3,0.285196,6.84642
1000,3,0.284779,6.85411
1000,3,0.284999,6.84208
1000,3,0.284778,6.84843
1000,4,0.217935,6.05827
1000,4,0.219637,6.28227
1000,4,0.217931,6.36565
1000,4,0.217642,6.20543
1000,4,0.217863,6.18144
1000,4,0.217578,6.20604
1000,4,0.217816,6.21251
1000,4,0.218078,6.24174
1000,4,0.217766,6.21172
1000,4,0.21797,6.20701
1000,4,0.217417,6.19426
1000,4,0.218027,6.22246
1000,4,0.217922,6.20909
1000,4,0.217501,6.21409
1000,4,0.217657,6.20506
1000,4,0.21786,6.19261
1000,4,0.217445,6.21159
1000,4,0.217923,6.21794
1000,4,0.218,6.20872
1000,4,0.217987,6.22111
1000,4,0.21776,6.22148
1000,4,0.217918,6.18571
1000,4,0.217731,6.20897
1000,4,0.21789,6.21587
1000,4,0.217723,6.21257
1000,4,0.217912,6.2111
1000,4,0.21787,6.21171
1000,4,0.214833,6.15855
1000,4,0.214192,6.0927
1000,4,0.213921,6.10002
1000,4,0.213888,6.09227
1000,4,0.2141,6.09361
1000,4,0.214191,6.09502
1000,4,0.214329,6.10313
1000,4,0.214341,6.11754
1000,4,0.214233,6.09337
1000,4,0.214035,6.09581
1000,4,0.213718,6.09074
1000,4,0.214074,6.09563
1000,4,0.214085,6.08836
1000,4,0.2139,6.09465
1000,4,0.214172,6.0908
1000,4,0.214041,6.09587
1000,4,0.214458,6.12797
1000,4,0.21423,6.10173
1000,4,0.21434,6.10344
1000,4,0.213577,6.10399
1000,4,0.213414,6.07487
1000,4,0.213161,6.10673
1000,4,0.213304,6.07811
1000,4,0.213141,6.08238
1000,4,0.213498,6.11314
1000,4,0.21352,6.19841
1000,4,0.213292,6.15776
1000,4,0.213402,6.07542
1000,4,0.213171,6.04106
1000,4,0.213263,6.04423
1000,4,0.21338,6.30992
1000,4,0.213923,6.97679
1000,4,0.214142,6.9749
1000,4,0.213752,6.8972
1000,4,0.213674,6.55937
1000,4,0.213332,6.10704
1000,4,0.213215,6.04668
1000,4,0.213259,6.04594
1000,4,0.21343,6.07243
1000,4,0.213292,6.05888
1000,4,0.213274,6.14885
1000,4,0.213301,6.17692
1000,4,0.21349,6.0471
1000,4,0.213279,6.04356
1000,4,0.213188,6.07439
1000,4,0.213321,6.05168
1000,4,0.213121,6.04283
1000,4,0.213137,6.04472
1000,4,0.213065,6.04594
1000,4,0.213295,6.07695
1000,4,0.213096,6.0634
1000,4,0.213276,6.04484
1000,4,0.213602,6.06596
1000,4,0.2136,6.04613
1000,4,0.213426,6.04289
1000,4,0.213158,6.05174
1000,4,0.213448,6.07378
1000,4,0.213369,6.05199
1000,4,0.213567,5.99211
1000,4,0.213388,6.05223
1000,4,0.213308,6.04747
1000,4,0.21326,6.07384
1000,4,0.213164,6.04881
1000,4,0.213422,6.05162
1000,4,0.213258,6.07347
1000,4,0.213249,6.05058
1000,4,0.213325,6.04387
1000,4,0.213413,6.0742
1000,4,0.213507,6.04393
1000,4,0.213479,6.07402
1000,4,0.21353,6.04356
1000,4,0.213459,6.07451
1000,4,0.213539,6.22063
1000,4,0.213272,6.26823
1000,4,0.213379,6.24528
1000,4,0.213565,6.26488
1000,4,0.213505,6.24467
1000,4,0.213285,6.25358
1000,4,0.213538,6.26018
1000,4,0.213542,6.1887
1000,4,0.213406,6.05205
1000,4,0.213417,6.05424
1000,4,0.213217,6.05235
1000,4,0.213654,6.02336
1000,4,0.213377,6.04131
1000,4,0.213096,6.02116
1000,4,0.213179,6.02269
1000,4,0.213264,6.02257
1000,4,0.213647,6.07133
1000,4,0.213289,6.04552
1000,4,0.213569,6.07915
1000,4,0.213242,6.04948
1000,4,0.213309,6.04918
1000,4,0.21329,6.0504
1000,4,0.213382,6.04747
1000,4,0.21323,6.04747
1000,4,0.213509,6.0825
1000,4,0.21376,6.0714
1000,4,0.213207,6.03404
1000,4,0.213224,6.02592
1000,4,0.213237,6.04723
1000,4,0.213197,6.05626
1000,4,0.213762,6.07994
1000,4,0.213345,6.0504
1000,4,0.213479,6.07988
1000,4,0.213047,6.0598
1000,4,0.213303,6.05217
1000,4,0.213425,6.05846
1000,4,0.213566,6.07115
1000,4,0.213301,6.05809
1000,4,0.21338,6.07683
1000,4,0.213191,6.05107
1000,4,0.213269,6.05467
1000,4,0.213148,6.05711
1000,4,0.213598,6.32603
1000,4,0.213203,6.067
1000,4,0.213183,6.05028
1000,4,0.213179,6.07512
1000,4,0.213158,6.05058
1000,4,0.213515,6.05766
1000,4,0.213232,6.07762
1000,4,0.213524,6.05229
1000,4,0.21367,6.07835
1000,4,0.213692,6.08513
1000,4,0.213466,6.05424
1000,4,0.213248,6.04143
1000,4,0.213279,6.07408
1000,4,0.213327,6.05247
1000,4,0.213273,6.05638
1000,4,0.213365,6.08525
1000,4,0.213537,6.05431
1000,4,0.213247,6.07774
1000,4,0.213297,6.0537
1000,4,0.213317,6.0587
1000,4,0.213249,6.08549
1000,4,0.213312,6.0587
1000,4,0.213337,6.05357
1000,4,0.213298,6.07823
1000,4,0.213266,6.05846
1000,4,0.21324,6.05681
1000,4,0.213208,6.05962
1000,4,0.213275,6.07622
1000,4,0.213231,6.05986
1000,4,0.213268,6.05479
1000,4,0.213511,6.0775
1000,4,0.213222,6.05632
1000,4,0.213243,6.05595
1000,4,0.213288,6.06139
1000,4,0.213537,6.07866
1000,4,0.213072,6.11259
1000,4,0.213546,6.21361
1000,4,0.213389,6.08507
1000,4,0.213404,6.08781
1000,4,0.213535,6.05369
1000,4,0.213748,6.06944
1000,4,0.213224,6.06303
1000,4,0.213635,6.08433
1000,4,0.213663,6.03557
1000,4,0.213476,6.08079
1000,4,0.213747,6.0822
1000,4,0.213223,6.05882
1000,4,0.213204,6.05675
1000,4,0.213506,6.08696
1000,4,0.213345,6.05754
1000,4,0.213441,6.08598
1000,4,0.21322,6.06151
1000,4,0.213475,6.05376
1000,4,0.213366,6.08519
1000,4,0.21342,6.05955
1000,4,0.213237,6.08201
1000,4,0.213172,6.06011
1000,4,0.213369,6.06688
1000,4,0.213234,6.06145
1000,4,0.213545,6.20543
1000,4,0.21344,6.06346
1000,4,0.213554,6.08958
1000,4,0.213457,6.05949
1000,4,0.213494,6.08885
1000,4,0.2131,6.06157
1000,4,0.213718,6.60264
1000,4,0.21335,6.06865
1000,4,0.213378,6.08281
1000,4,0.213343,6.06187
1000,4,0.213142,6.06175
1000,4,0.213266,6.08696
1000,4,0.213184,6.05986
1000,4,0.213358,6.06407
1000,4,0.213298,6.06151
1000,4,0.213353,6.08824
1000,4,0.213273,6.06456
1000,4,0.213528,6.08543
1000,4,0.213424,6.05638
1000,4,0.213489,6.08855
1000,4,0.213335,6.05797
1000,4,0.213354,6.08061
1000,4,0.213257,6.08946
1000,4,0.213402,6.06218
1000,4,0.213105,6.06468
1000,4,0.213354,6.09581
1000,4,0.213627,6.05955
1000,4,0.213179,6.06145
1000,4,0.213383,6.08763
1000,4,0.2134,6.06029
1000,4,0.213245,6.06358
1000,4,0.213196,6.08769
1000,4,0.21336,6.06346
1000,4,0.213293,6.06255
1000,4,0.213341,6.08745
1000,4,0.213336,6.06029
1000,4,0.213259,6.07231
1000,4,0.213449,6.08867
1000,4,0.213114,6.0598
1000,4,0.213691,6.08501
1000,4,0.21368,6.09001
1000,4,0.213379,6.05827
1000,4,0.213198,6.06303
1000,4,0.213589,6.08354
1000,4,0.213413,6.06255
1000,4,0.213639,6.08806
1000,4,0.21319,6.06004
1000,4,0.213228,6.05608
1000,4,0.213134,6.06401
1000,4,0.213147,6.04179
1000,5,0.174322,5.68169
1000,5,0.174906,5.67912
1000,5,0.174574,5.66484
1000,5,0.174566,5.8654
1000,5,0.174482,5.89421
1000,5,0.174603,5.92747
1000,5,0.17441,5.90349
1000,5,0.174453,5.93773
1000,5,0.174735,5.93242
1000,5,0.17467,5.90611
1000,5,0.174705,5.93443
1000,5,0.17479,5.95097
1000,5,0.174432,5.90208
1000,5,0.17464,5.75768
1000,5,0.174669,5.75053
1000,5,0.17421,5.72154
1000,5,0.174204,5.73412
1000,5,0.175026,5.752
1000,5,0.174971,5.7498
1000,5,0.174848,5.75279
1000,5,0.174596,5.75249
1000,5,0.174605,5.72685
1000,5,0.174572,5.75584
1000,5,0.174687,5.77098
1000,5,0.174803,5.76244
1000,5,0.175064,5.76237
1000,5,0.174651,5.73961
1000,5,0.17448,5.76231
1000,5,0.174941,5.75511
1000,5,0.174585,5.747
1000,5,0.174644,5.7653
1000,5,0.174653,5.76372
1000,5,0.17451,5.73821
1000,5,0.174487,5.77159
1000,5,0.174572,5.74364
1000,5,0.174806,5.76909
1000,5,0.174448,5.77788
1000,5,0.174519,5.74809
1000,5,0.174963,5.76695
1000,5,0.188193,6.33446
1000,5,0.17499,5.75896
1000,5,0.174787,5.73363
1000,5,0.174581,5.74333
1000,5,0.17456,5.72221
1000,5,0.174826,5.86284
1000,5,0.174531,5.88933
1000,5,0.174624,5.75566
1000,5,0.174591,5.74413
1000,5,0.174419,5.77629
1000,5,0.1748,5.74663
1000,5,0.175083,5.77306
1000,5,0.174718,5.7827
1000,5,0.174202,5.79002
1000,5,0.174771,5.73216
1000,5,0.174491,5.70207
1000,5,0.174517,5.64989
1000,5,0.174535,5.68303
1000,5,0.174656,5.687
1000,5,0.174711,5.6519
1000,5,0.17483,5.6826
1000,5,0.174691,5.67711
1000,5,0.174711,5.67589
1000,5,0.174297,5.65031
1000,5,0.174367,5.65325
1000,5,0.17444,5.67888
1000,5,0.174471,5.65196
1000,5,0.174627,5.67668
1000,5,0.174672,5.68095
1000,5,0.174428,5.648
1000,5,0.174436,5.68748
1000,5,0.174673,5.6505
1000,5,0.174536,5.67863
1000,5,0.174666,5.67729
1000,5,0.174578,5.65062
1000,5,0.174758,5.68163
1000,5,0.174694,5.66863
1000,5,0.174601,5.64732
1000,5,0.174439,5.67296
1000,5,0.174648,5.64208
1000,5,0.174369,5.67162
1000,5,0.174398,5.64269
1000,5,0.174572,5.67479
1000,5,0.174342,5.6386
1000,5,0.174753,5.67558
1000,5,0.174542,5.67082
1000,5,0.174482,5.65233
1000,5,0.174542,5.67265
1000,5,0.17469,5.64305
1000,5,0.174655,5.67076
1000,5,0.174838,5.67259
1000,5,0.174722,5.66942
1000,5,0.174576,5.64348
1000,5,0.174812,5.66704
1000,5,0.174571,5.67607
1000,5,0.174681,5.61803
1000,5,0.173029,5.60283
1000,5,0.173044,5.62853
1000,5,0.17304,5.6223
1000,5,0.173011,5.62126
1000,5,0.173015,5.61583
1000,5,0.172954,5.61675
1000,5,0.173036,5.61736
1000,5,0.172969,5.61888
1000,5,0.173054,5.62315
1000,5,0.173047,5.61156
1000,5,0.17305,5.61839
1000,5,0.173033,5.61406
1000,5,0.173078,5.61498
1000,5,0.17301,5.6187
1000,5,0.173002,5.61937
1000,5,0.172976,5.61791
1000,5,0.172979,5.61827
1000,5,0.173042,5.6176
1000,5,0.173034,5.61522
1000,5,0.173048,5.73125
1000,5,0.173022,5.74229
1000,5,0.172966,5.5858
1000,5,0.173024,5.64513
1000,5,0.173006,5.58263
1000,5,0.172999,5.65044
1000,5,0.172973,5.59276
1000,5,0.173034,5.64806
1000,5,0.172989,5.61375
1000,5,0.172984,5.62224
1000,5,0.173026,5.61394
1000,5,0.172999,5.60863
1000,5,0.173031,5.61925
1000,5,0.173052,5.61894
1000,5,0.17299,5.61186
1000,5,0.173039,5.61284
1000,5,0.173034,5.6151
1000,5,0.172983,5.61162
1000,5,0.172978,5.62315
1000,5,0.173011,5.61272
1000,5,0.17299,5.61064
1000,5,0.173045,5.61894
1000,5,0.173004,5.61632
1000,5,0.172954,5.61565
1000,5,0.173013,5.61498
1000,5,0.173036,5.61388
1000,5,0.173035,5.61717
1000,5,0.172986,5.61449
1000,5,0.173063,5.61577
1000,5,0.173006,5.61858
1000,5,0.172994,5.62004
1000,5,0.173012,5.61961
1000,5,0.172986,5.61864
1000,5,0.173065,5.64073
1000,5,0.173006,5.61882
1000,5,0.173025,5.61559
1000,5,0.172992,5.61357
1000,5,0.172997,5.61424
1000,5,0.17301,5.61705
1000,5,0.173054,5.61363
1000,5,0.17303,5.61284
1000,5,0.173093,5.61455
1000,5,0.172961,5.61607
1000,5,0.17301,5.61375
1000,5,0.172995,5.6165
1000,5,0.173025,5.61961
1000,5,0.173034,5.61388
1000,5,0.172992,5.61717
1000,5,0.173008,5.61498
1000,5,0.173031,5.61742
1000,5,0.173009,5.61015
1000,5,0.17301,5.61815
1000,5,0.173027,5.61528
1000,5,0.172976,5.61931
1000,5,0.173028,5.61607
1000,5,0.172972,5.61205
1000,5,0.173038,5.64275
1000,5,0.173058,5.61766
1000,5,0.172961,5.58739
1000,5,0.173015,5.62462
1000,5,0.173009,5.61473
1000,5,0.17299,5.62029
1000,5,0.173015,5.61314
1000,5,0.172987,5.61424
1000,5,0.172989,5.61266
1000,5,0.173011,5.77037
1000,5,0.173023,5.72319
1000,5,0.172964,5.61485
1000,5,0.173011,5.61076
1000,5,0.173031,5.61668
1000,5,0.173011,5.62126
1000,5,0.172981,5.614
1000,5,0.172964,5.61388
1000,5,0.173019,5.61607
1000,5,0.173069,5.61559
1000,5,0.173047,5.62108
1000,5,0.173026,5.6151
1000,5,0.172996,5.68669
1000,5,0.17299,5.82536
1000,5,0.172993,5.81706
1000,5,0.173041,5.82787
1000,5,0.173017,5.82249
1000,5,0.173014,5.82909
1000,5,0.172993,5.8112
1000,5,0.173034,5.85155
1000,5,0.173014,5.79784
1000,5,0.173009,5.85893
1000,5,0.173004,5.73979
1000,5,0.172967,5.6162
1000,5,0.173027,5.61809
1000,5,0.173031,5.62322
1000,5,0.173049,5.62419
1000,5,0.173047,5.6201
1000,5,0.172976,5.614
1000,5,0.172956,5.61583
1000,5,0.172965,5.61919
1000,5,0.172977,5.61662
1000,5,0.172936,5.61674
1000,5,0.187024,6.18925
1000,5,0.172906,5.62511
1000,5,0.172931,5.61076
1000,5,0.172913,5.61595
1000,5,0.172965,5.61083
1000,5,0.172986,5.61906
1000,5,0.172935,5.60985
1000,5,0.172935,5.61662
1000,5,0.172963,5.61168
1000,5,0.172886,5.61308
1000,5,0.172928,5.58873
1000,5,0.173174,5.65495
1000,5,0.172923,5.6129
1000,5,0.172964,5.61827
1000,5,0.172905,5.60912
1000,5,0.172952,5.61382
1000,5,0.172893,5.61308
1000,5,0.172985,5.58617
1000,5,0.172934,5.61736
1000,5,0.172957,5.61052
1000,5,0.172945,5.62834
1000,5,0.17294,5.60777
1000,5,0.172997,5.61809
1000,5,0.172969,5.61272
1000,5,0.172917,5.61156
1000,5,0.172924,5.6176
1000,5,0.172916,5.6118
1000,5,0.172927,5.61589
1000,5,0.172902,5.62383
1000,5,0.172909,5.61174
1000,5,0.172947,5.62144
1000,5,0.172911,5.61369
1000,5,0.172948,5.61614
1000,5,0.172957,5.61473
1000,5,0.172957,5.61528
1000,5,0.172946,5.61333
1000,5,0.17294,5.6093
1000,5,0.172933,5.61882
1000,6,0.146858,5.38048
1000,6,0.146681,5.3499
1000,6,0.146727,5.38603
1000,6,0.146843,5.3839
1000,6,0.146721,5.38481
1000,6,0.14695,5.38329
1000,6,0.146833,5.38549
1000,6,0.14699,5.35478
1000,6,0.147278,5.41362
1000,6,0.146958,5.38902
1000,6,0.146669,5.36504
1000,6,0.146759,5.40593
1000,6,0.146859,5.39439
1000,6,0.146785,5.41692
1000,6,0.147148,5.40239
1000,6,0.146626,5.39452
1000,6,0.146865,5.39671
1000,6,0.147026,5.403
1000,6,0.14712,5.39909
1000,6,0.146817,5.40294
1000,6,0.146945,5.39659
1000,6,0.146896,5.39586
1000,6,0.147049,5.39934
1000,6,0.146846,5.39885
1000,6,0.147139,5.40984
1000,6,0.146715,5.3662
1000,6,0.146935,5.40312
1000,6,0.146987,5.40123
1000,6,0.146917,5.39171
1000,6,0.14677,5.38396
1000,6,0.147018,5.39256
1000,6,0.146861,5.39861
1000,6,0.146901,5.40312
1000,6,0.146825,5.40337
1000,6,0.14699,5.38817
1000,6,0.14694,5.40099
1000,6,0.146799,5.40239
1000,6,0.146806,5.39739
1000,6,0.146746,5.35863
1000,6,0.146851,5.40892
1000,6,0.146661,5.41386
1000,6,0.146795,5.3944
1000,6,0.146769,5.36345
1000,6,0.146963,5.4359
1000,6,0.146905,5.34972
1000,6,0.147129,5.41374
1000,6,0.147159,5.38542
1000,6,0.147271,5.40239
1000,6,0.147115,5.39775
1000,6,0.146841,5.61705
1000,6,0.147261,5.66942
1000,6,0.146931,5.40935
1000,6,0.146924,5.41197
1000,6,0.14662,5.39385
1000,6,0.14729,5.37669
1000,6,0.14684,5.37981
1000,6,0.147293,5.39018
1000,6,0.146744,5.35167
1000,6,0.147149,5.37651
1000,6,0.146895,5.37938
1000,6,0.147309,5.41997
1000,6,0.146561,5.35753
1000,6,0.14693,5.38182
1000,6,0.146838,5.38316
1000,6,0.146868,5.39452
1000,6,0.146625,5.38774
1000,6,0.146824,5.38005
1000,6,0.146764,5.35368
1000,6,0.147176,5.38457
1000,6,0.147139,5.41661
1000,6,0.147115,5.38286
1000,6,0.146768,5.37847
1000,6,0.146763,5.3488
1000,6,0.146681,5.38451
1000,6,0.147375,5.41533
1000,6,0.146996,5.46025
1000,6,0.147213,5.44371
1000,6,0.147009,5.39116
1000,6,0.146673,5.33922
1000,6,0.146917,5.38255
1000,6,0.146847,5.36479
1000,6,0.146544,5.37303
1000,6,0.14687,5.37706
1000,6,0.146783,5.36907
1000,6,0.147095,5.39147
1000,6,0.146963,5.37859
1000,6,0.146928,5.38384
1000,6,0.147073,5.38445
1000,6,0.147415,5.38207
1000,6,0.146931,5.38323
1000,6,0.147045,5.38255
1000,6,0.146647,5.37962
1000,6,0.146956,5.3806
1000,6,0.146536,5.35155
1000,6,0.146762,5.38414
1000,6,0.147335,5.41399
1000,6,0.147104,5.38091
1000,6,0.146638,5.35356
1000,6,0.147052,5.38524
1000,6,0.146751,5.38323
1000,6,0.146458,5.37627
1000,6,0.147072,5.38207
1000,6,0.146923,5.38335
1000,6,0.147038,5.37779
1000,6,0.14693,5.38512
1000,6,0.146735,5.37981
1000,6,0.146737,5.35198
1000,6,0.146847,5.38121
1000,6,0.146835,5.38182
1000,6,0.14666,5.38213
1000,6,0.147123,5.38182
1000,6,0.14666,5.38426
1000,6,0.147197,5.38201
1000,6,0.146749,5.34825
1000,6,0.146797,5.38091
1000,6,0.146955,5.38768
1000,6,0.147037,5.41008
1000,6,0.146739,5.35411
1000,6,0.147282,5.39018
1000,6,0.146511,5.38744
1000,6,0.146872,5.39458
1000,6,0.146572,5.37822
1000,6,0.146513,5.35417
1000,6,0.146768,5.38695
1000,6,0.147116,5.3784
1000,6,0.146721,5.38005
1000,6,0.146825,5.351
1000,6,0.146786,5.34776
1000,6,0.147193,5.41924
1000,6,0.146906,5.38023
1000,6,0.146825,5.3488
1000,6,0.146955,5.38286
1000,6,0.146659,5.38915
1000,6,0.1468,5.38323
1000,6,0.147258,5.37047
1000,6,0.147183,5.38957
1000,6,0.146974,5.3817
1000,6,0.146711,5.38164
1000,6,0.147301,5.39098
1000,6,0.146595,5.37901
1000,6,0.146762,5.38542
1000,6,0.146667,5.38805
1000,6,0.147051,5.38463
1000,6,0.146501,5.34886
1000,6,0.146758,5.38878
1000,6,0.147489,5.41533
1000,6,0.146924,5.35448
1000,6,0.147214,5.41142
1000,6,0.147329,5.38109
1000,6,0.146601,5.3792
1000,6,0.146999,5.38146
1000,6,0.146974,5.38683
1000,6,0.14651,5.36626
1000,6,0.146734,5.37749
1000,6,0.146938,5.48003
1000,6,0.146482,5.45561
1000,6,0.146617,5.48839
1000,6,0.147151,5.48729
1000,6,0.146964,5.48888
1000,6,0.147381,5.66069
1000,6,0.149435,5.6068
1000,6,0.146911,5.49114
1000,6,0.147146,5.48467
1000,6,0.146826,5.49498
1000,6,0.146875,5.48436
1000,6,0.146816,5.44377
1000,6,0.146871,5.3831
1000,6,0.146423,5.35619
1000,6,0.146959,5.38951
1000,6,0.146469,5.38463
1000,6,0.146618,5.35277
1000,6,0.146885,5.38518
1000,6,0.147169,5.38933
1000,6,0.147245,5.42082
1000,6,0.146924,5.38426
1000,6,0.1469,5.37041
1000,6,0.146975,5.369
1000,6,0.146749,5.34532
1000,6,0.147165,5.40343
1000,6,0.147011,5.37419
1000,6,0.146803,5.35088
1000,6,0.14679,5.38085
1000,6,0.147123,5.38268
1000,6,0.147344,5.41234
1000,6,0.146667,5.35112
1000,6,0.146876,5.38896
1000,6,0.147197,5.41979
1000,6,0.146952,5.3839
1000,6,0.147129,5.38841
1000,6,0.146774,5.34789
1000,6,0.147027,5.38365
1000,6,0.147119,5.3864
1000,6,0.147228,5.38347
1000,6,0.147085,5.39171
1000,6,0.146933,5.38207
1000,6,0.147278,5.38426
1000,6,0.146568,5.38939
1000,6,0.146964,5.38561
1000,6,0.146901,5.38481
1000,6,0.147299,5.38359
1000,6,0.14673,5.38432
1000,6,0.146587,5.38182
1000,6,0.14686,5.35167
1000,6,0.146515,5.38414
1000,6,0.147012,5.38658
1000,6,0.146834,5.38658
1000,6,0.147294,5.39
1000,6,0.14688,5.38268
1000,6,0.147028,5.38512
1000,6,0.146713,5.38402
1000,6,0.146886,5.39275
1000,6,0.146842,5.38115
1000,6,0.147347,5.37712
1000,6,0.146853,5.38365
1000,6,0.146834,5.37328
1000,6,0.146689,5.34837
1000,6,0.147433,5.41789
1000,6,0.147031,5.38542
1000,6,0.147104,5.3803
1000,6,0.146551,5.382
1000,6,0.147193,5.3875
1000,6,0.146733,5.3795
1000,6,0.147101,5.37364
1000,6,0.146659,5.37755
1000,6,0.147235,5.37999
1000,6,0.147311,5.37712
1000,6,0.14619,5.33293
1000,6,0.145096,5.31108
1000,6,0.145005,5.30852
1000,6,0.145083,5.33305
1000,6,0.144988,5.30339
1000,6,0.14503,5.31194
1000,6,0.14501,5.30437
1000,6,0.145041,5.30528
1000,6,0.145041,5.37425
1000,6,0.145084,5.39769
1000,6,0.145001,5.32951
1000,6,0.145108,5.30339
1000,6,0.14501,5.3029
1000,6,0.145069,5.30638
1000,6,0.145016,5.30296
1000,6,0.145075,5.29967
1000,6,0.144968,5.30156
1000,6,0.14507,5.32994
1000,6,0.145035,5.30669
1000,6,0.145054,5.29881
1000,6,0.145005,5.30522
1000,6,0.14504,5.30412
1000,6,0.144984,5.30449
1000,6,0.145063,5.30828
1000,7,0.126295,5.0949
1000,7,0.126029,5.11766
1000,7,0.125832,5.13768
1000,7,0.126061,5.16142
1000,7,0.12612,5.15825
1000,7,0.126034,5.1704
1000,7,0.126139,5.2227
1000,7,0.126049,5.1986
1000,7,0.125965,5.18499
1000,7,0.126109,5.20189
1000,7,0.12595,5.1826
1000,7,0.126113,5.19982
1000,7,0.126328,5.19621
1000,7,0.126285,5.23876
1000,7,0.126385,5.19872
1000,7,0.135984,5.54265
1000,7,0.130347,5.34447
1000,7,0.126336,5.21807
1000,7,0.126017,5.20451
1000,7,0.125973,5.20238
1000,7,0.1264,5.19664
1000,7,0.126197,5.192
1000,7,0.126331,5.21721
1000,7,0.126017,5.21025
1000,7,0.126115,5.2047
1000,7,0.126219,5.2011
1000,7,0.125897,5.20915
1000,7,0.125856,5.20043
1000,7,0.126267,5.20073
1000,7,0.12613,5.2379
1000,7,0.126116,5.2072
1000,7,0.12603,5.20445
1000,7,0.126004,5.21135
1000,7,0.12585,5.21098
1000,7,0.125984,5.21111
1000,7,0.126104,5.20848
1000,7,0.126038,5.2133
1000,7,0.126063,5.20146
1000,7,0.12611,5.21794
1000,7,0.126642,5.24083
1000,7,0.126447,5.21672
1000,7,0.126219,5.20195
1000,7,0.126267,5.24852
1000,7,0.126086,5.21117
1000,7,0.126014,5.18797
1000,7,0.126054,5.21892
1000,7,0.126165,5.21056
1000,7,0.126092,5.21324
1000,7,0.126955,5.25298
1000,7,0.126055,5.20836
1000,7,0.126072,5.21752
1000,7,0.126638,5.24199
1000,7,0.126171,5.21312
1000,7,0.126104,5.20256
1000,7,0.126069,5.12865
1000,7,0.126178,5.15856
1000,7,0.125969,5.12621
1000,7,0.126152,5.12493
1000,7,0.126227,5.12071
1000,7,0.126397,5.17211
1000,7,0.126389,5.12785
1000,7,0.126092,5.12737
1000,7,0.126042,5.11907
1000,7,0.125879,5.12944
1000,7,0.126157,5.13005
1000,7,0.126023,5.11418
1000,7,0.125835,5.13243
1000,7,0.125977,5.12792
1000,7,0.126097,5.12914
1000,7,0.126558,5.14934
1000,7,0.125921,5.13274
1000,7,0.126335,5.12895
1000,7,0.12602,5.12328
1000,7,0.126254,5.16619
1000,7,0.126093,5.12468
1000,7,0.126087,5.12346
1000,7,0.126029,5.13237
1000,7,0.126293,5.1284
1000,7,0.126016,5.12621
1000,7,0.126252,5.12749
1000,7,0.126073,5.13054
1000,7,0.126079,5.16448
1000,7,0.12586,5.08934
1000,7,0.125995,5.12865
1000,7,0.125768,5.12578
1000,7,0.125944,5.12108
1000,7,0.126064,5.12859
1000,7,0.126079,5.12395
1000,7,0.126034,5.15502
1000,7,0.126067,5.1234
1000,7,0.125875,5.12419
1000,7,0.126068,5.12596
1000,7,0.126012,5.11858
1000,7,0.126013,5.12444
1000,7,0.125904,5.11858
1000,7,0.125984,5.11565
1000,7,0.126134,5.11992
1000,7,0.126104,5.12602
1000,7,0.126028,5.12078
1000,7,0.126152,5.13011
1000,7,0.125823,5.12566
1000,7,0.125994,5.12633
1000,7,0.126027,5.12639
1000,7,0.125854,5.12334
1000,7,0.126049,5.1314
1000,7,0.125968,5.12493
1000,7,0.126098,5.11876
1000,7,0.125971,5.12413
1000,7,0.126,5.12541
1000,7,0.126001,5.12236
1000,7,0.125906,5.1256
1000,7,0.125893,5.12566
1000,7,0.125898,5.12071
1000,7,0.125862,5.12279
1000,7,0.125909,5.12694
1000,7,0.125953,5.12523
1000,7,0.12595,5.11907
1000,7,0.126003,5.12499
1000,7,0.125859,5.12407
1000,7,0.126094,5.12193
1000,7,0.125856,5.12236
1000,7,0.125841,5.12413
1000,7,0.125921,5.1187
1000,7,0.125912,5.09142
1000,7,0.125903,5.12639
1000,7,0.12578,5.09007
1000,7,0.125884,5.11998
1000,7,0.125936,5.12517
1000,7,0.126044,5.11913
1000,7,0.126166,5.12279
1000,7,0.126017,5.13146
1000,7,0.125979,5.12029
1000,7,0.131848,5.41649
1000,7,0.137712,5.61595
1000,7,0.125848,5.12279
1000,7,0.125991,5.12963
1000,7,0.125854,5.11736
1000,7,0.125968,5.12377
1000,7,0.125928,5.12139
1000,7,0.126062,5.1292
1000,7,0.125841,5.12126
1000,7,0.125838,5.08617
1000,7,0.125943,5.16441
1000,7,0.125946,5.11754
1000,7,0.125838,5.0894
1000,7,0.126077,5.12023
1000,7,0.125933,5.11577
1000,7,0.125946,5.1248
1000,7,0.135028,5.42125
1000,7,0.137641,5.52916
1000,7,0.137989,5.52355
1000,7,0.137935,5.53429
1000,7,0.137689,5.51994
1000,7,0.137029,5.49486
1000,7,0.137547,5.52025
1000,7,0.137539,5.48851
1000,7,0.137655,5.52098
1000,7,0.137519,5.48339
1000,7,0.137424,5.52574
1000,7,0.135403,5.41857
1000,7,0.12597,5.12529
1000,7,0.126,5.11687
1000,7,0.126024,5.11992
1000,7,0.125943,5.12731
1000,7,0.12577,5.12291
1000,7,0.12599,5.1234
1000,7,0.129012,5.2357
1000,7,0.127843,5.19835
1000,7,0.126053,5.13005
1000,7,0.126031,5.12071
1000,7,0.125981,5.12444
1000,7,0.126018,5.12468
1000,7,0.125945,5.12352
1000,7,0.126134,5.12267
1000,7,0.126137,5.12639
1000,7,0.126111,5.15538
1000,7,0.125799,5.08971
1000,7,0.126013,5.11693
1000,7,0.126054,5.12071
1000,7,0.125967,5.12291
1000,7,0.126063,5.15611
1000,7,0.126036,5.12535
1000,7,0.125923,5.11968
1000,7,0.125951,5.12621
1000,7,0.126016,5.11961
1000,7,0.125962,5.12615
1000,7,0.12581,5.09099
1000,7,0.125888,5.09154
1000,7,0.125857,5.12151
1000,7,0.125723,5.12944
1000,7,0.125916,5.11992
1000,7,0.126005,5.13225
1000,7,0.125878,5.12444
1000,7,0.125784,5.12578
1000,7,0.125846,5.12969
1000,7,0.12583,5.08794
1000,7,0.126147,5.16545
1000,7,0.126066,5.12181
1000,7,0.126075,5.12804
1000,7,0.125984,5.12755
1000,7,0.125959,5.12792
1000,7,0.126105,5.12389
1000,7,0.126083,5.12444
1000,7,0.125984,5.13048
1000,7,0.125931,5.12383
1000,7,0.125777,5.12914
1000,7,0.12589,5.12554
1000,7,0.125888,5.12609
1000,7,0.126103,5.12633
1000,7,0.125873,5.13341
1000,7,0.124944,5.09001
1000,7,0.124949,5.08153
1000,7,0.124928,5.05217
1000,7,0.125003,5.07939
1000,7,0.124946,5.08586
1000,7,0.124991,5.08177
1000,7,0.124926,5.04936
1000,7,0.124965,5.12065
1000,7,0.124968,5.05693
1000,7,0.124987,5.0844
1000,7,0.124964,5.08513
1000,7,0.125032,5.08562
1000,7,0.125052,5.09361
1000,7,0.125005,5.0916
1000,7,0.124959,5.08745
1000,7,0.125012,5.09233
1000,7,0.124978,5.08928
1000,7,0.125011,5.08782
1000,7,0.124993,5.08544
1000,7,0.125042,5.09142
1000,7,0.125019,5.096
1000,7,0.125024,5.08592
1000,7,0.124985,5.09166
1000,7,0.125032,5.08489
1000,7,0.124952,5.09477
1000,7,0.148175,6.03111
1000,7,0.146625,6.12602
1000,7,0.129804,5.69328
1000,7,0.125526,5.45091
1000,7,0.126907,5.63066
1000,7,0.126855,5.60027
1000,7,0.127195,5.47575
1000,7,0.130522,5.80669
1000,7,0.140193,5.64018
1000,7,0.139875,5.60851
1000,7,0.140591,5.64311
1000,7,0.138767,5.53899
1000,7,0.140771,5.63969
1000,7,0.140871,5.6519
1000,7,0.142061,5.6837
1000,8,0.128338,5.54503
1000,8,0.128682,5.62889
1000,8,0.112796,5.10893
1000,8,0.109795,4.96556
1000,8,0.109908,5.0017
1000,8,0.109967,4.99846
1000,8,0.109932,5.00347
1000,8,0.110242,4.99877
1000,8,0.10997,5.04015
1000,8,0.110157,5.0081
1000,8,0.109824,4.96422
1000,8,0.109806,4.99925
1000,8,0.110263,5.04442
1000,8,0.109912,4.99785
1000,8,0.109981,5.00334
1000,8,0.109962,4.96227
1000,8,0.110094,5.04241
1000,8,0.109928,5.00231
1000,8,0.109855,4.96825
1000,8,0.109919,5.00456
1000,8,0.10985,5.00206
1000,8,0.109947,5.00768
1000,8,0.109944,4.99663
1000,8,0.109978,4.99816
1000,8,0.109696,5.015
1000,8,0.110052,5.00109
1000,8,0.109918,5.00768
1000,8,0.110165,5.00163
1000,8,0.109689,5.00389
1000,8,0.11013,5.00743
1000,8,0.110058,4.99584
1000,8,0.110258,5.00615
1000,8,0.109863,5.00652
1000,8,0.109989,5.01415
1000,8,0.109984,5.0031
1000,8,0.109683,4.99675
1000,8,0.110104,5.02037
1000,8,0.109992,5.00731
1000,8,0.110357,4.99846
1000,8,0.109967,5.04741
1000,8,0.109836,4.97508
1000,8,0.110123,5.0056
1000,8,0.109953,5.01439
1000,8,0.110146,5.01921
1000,8,0.109812,5.01061
1000,8,0.109794,4.96538
1000,8,0.110037,5.01579
1000,8,0.109718,5.01348
1000,8,0.109846,5.00316
1000,8,0.110177,5.00286
1000,8,0.110158,5.00847
1000,8,0.109979,5.06737
1000,8,0.109948,4.96568
1000,8,0.109884,5.00621
1000,8,0.110052,4.91979
1000,8,0.110133,4.95519
1000,8,0.110046,4.92156
1000,8,0.109974,4.91771
1000,8,0.109973,4.92656
1000,8,0.109799,4.87932
1000,8,0.109894,4.92662
1000,8,0.109674,4.92455
1000,8,0.109656,4.9301
1000,8,0.110296,4.92931
1000,8,0.110291,4.92571
1000,8,0.110171,4.96214
1000,8,0.109996,4.93004
1000,8,0.110276,4.9312
1000,8,0.109966,4.92302
1000,8,0.110038,4.92522
1000,8,0.110104,4.92711
1000,8,0.109889,4.92485
1000,8,0.110013,4.92705
1000,8,0.109976,4.92888
1000,8,0.109859,4.92235
1000,8,0.109959,4.92607
1000,8,0.109856,4.92949
1000,8,0.110065,4.92723
1000,8,0.11027,4.93675
1000,8,0.110107,4.9309
1000,8,0.109926,4.92656
1000,8,0.110076,4.92662
1000,8,0.109876,4.92748
1000,8,0.11028,4.93138
1000,8,0.110048,4.92748
1000,8,0.110017,4.93206
1000,8,0.109924,4.93163
1000,8,0.110171,4.92601
1000,8,0.109667,4.9298
1000,8,0.109864,4.89641
1000,8,0.109783,4.91869
1000,8,0.109782,4.93224
1000,8,0.109862,4.94261
1000,8,0.109877,4.93706
1000,8,0.109934,4.93297
1000,8,0.110148,4.93108
1000,8,0.109803,4.92754
1000,8,0.109897,4.94799
1000,8,0.109922,4.93199
1000,8,0.110176,4.93578
1000,8,0.110153,4.93791
1000,8,0.109717,4.9373
1000,8,0.110032,4.93047
1000,8,0.110171,4.93865
1000,8,0.109752,4.9334
1000,8,0.110067,4.92803
1000,8,0.110025,4.9395
1000,8,0.110113,4.93431
1000,8,0.109887,4.94469
1000,8,0.110008,4.93535
1000,8,0.109947,4.93535
1000,8,0.109779,4.94469
1000,8,0.109848,4.93602
1000,8,0.110452,4.94097
1000,8,0.115975,5.15148
1000,8,0.11529,5.11046
1000,8,0.112766,5.04601
1000,8,0.110277,4.96544
1000,8,0.109921,4.94219
1000,8,0.110037,4.93517
1000,8,0.110111,4.93883
1000,8,0.109539,4.90013
1000,8,0.110268,4.98143
1000,8,0.110079,4.93773
1000,8,0.10977,4.89391
1000,8,0.110102,4.9337
1000,8,0.1096,4.89513
1000,8,0.109831,4.93737
1000,8,0.110103,4.93389
1000,8,0.110102,4.94158
1000,8,0.109843,4.94145
1000,8,0.109947,4.93883
1000,8,0.109801,4.93938
1000,8,0.109963,4.94335
1000,8,0.116947,5.23528
1000,8,0.129491,5.81401
1000,8,0.110057,4.91118
1000,8,0.10988,4.87981
1000,8,0.109882,4.95439
1000,8,0.109694,4.88842
1000,8,0.110087,4.9298
1000,8,0.110169,4.96361
1000,8,0.110136,4.93108
1000,8,0.109774,4.90392
1000,8,0.110165,4.98021
1000,8,0.109874,4.93859
1000,8,0.109955,4.91374
1000,8,0.11003,4.97832
1000,8,0.109816,4.94725
1000,8,0.109884,4.91362
1000,8,0.109929,4.95616
1000,8,0.109732,4.94164
1000,8,0.109979,4.94451
1000,8,0.110285,4.93468
1000,8,0.109911,4.9536
1000,8,0.109953,4.94884
1000,8,0.109884,4.95604
1000,8,0.109713,4.95268
1000,8,0.109886,4.95207
1000,8,0.109991,4.95622
1000,8,0.109916,4.94182
1000,8,0.110033,4.94713
1000,8,0.110098,4.94853
1000,8,0.109668,4.95745
1000,8,0.109965,4.94762
1000,8,0.109829,4.91136
1000,8,0.110121,4.98833
1000,8,0.109841,4.94713
1000,8,0.110007,4.95226
1000,8,0.110004,4.94817
1000,8,0.109926,4.95458
1000,8,0.109836,4.90892
1000,8,0.109798,4.95751
1000,8,0.1102,4.98204
1000,8,0.1099,4.91002
1000,8,0.110049,4.94701
1000,8,0.109918,4.9536
1000,8,0.111663,5.02049
1000,8,0.123054,5.40257
1000,8,0.123024,5.39018
1000,8,0.122827,5.38768
1000,8,0.123757,5.45006
1000,8,0.123742,5.40935
1000,8,0.123657,5.37694
1000,8,0.123552,5.41527
1000,8,0.123768,5.4193
1000,8,0.123082,5.40093
1000,8,0.123496,5.39073
1000,8,0.123226,5.42815
1000,8,0.122647,5.37523
1000,8,0.121881,5.36858
1000,8,0.113197,5.05779
1000,8,0.110082,4.99108
1000,8,0.110498,4.95659
1000,8,0.109836,4.95214
1000,8,0.10998,4.95458
1000,8,0.109938,4.94237
1000,8,0.109971,4.95653
1000,8,0.109792,4.95134
1000,8,0.110121,4.95061
1000,8,0.110111,4.94823
1000,8,0.110252,4.94933
1000,8,0.110093,4.94347
1000,8,0.10999,4.95
1000,8,0.110275,4.99303
1000,8,0.110054,4.95183
1000,8,0.110108,4.95623
1000,8,0.110065,4.95751
1000,8,0.10983,4.95964
1000,8,0.110067,4.95281
1000,8,0.110129,4.95989
1000,8,0.110139,4.95433
1000,8,0.110176,4.9774
1000,8,0.110372,4.9536
1000,8,0.109808,4.94664
1000,8,0.11021,4.9337
1000,8,0.110285,4.95189
1000,8,0.109843,4.95018
1000,8,0.110045,4.95433
1000,8,0.109893,4.95073
1000,8,0.109958,4.96575
1000,8,0.110119,4.95049
1000,8,0.109974,4.95195
1000,8,0.110233,4.9962
1000,8,0.11016,4.96495
1000,8,0.110307,4.95214
1000,8,0.109974,4.95983
1000,8,0.110627,4.99742
1000,8,0.109939,4.95073
1000,8,0.110088,4.95561
1000,8,0.110242,4.95775
1000,8,0.110145,4.94988
1000,8,0.110156,4.95806
1000,8,0.110152,5.00017
1000,8,0.10972,4.91014
1000,8,0.109772,4.96404
1000,8,0.110014,4.96227
1000,8,0.109821,4.96166
1000,8,0.110148,4.95891
1000,8,0.110399,4.98833
1000,8,0.110058,4.95635
1000,8,0.109992,4.96098
1000,8,0.110013,4.96111
1000,8,0.110186,4.95714
1000,8,0.110042,4.95519
1000,8,0.109929,4.95171
1000,8,0.109834,4.95763
1000,8,0.109839,4.96153
1000,8,0.110021,4.95958
1000,8,0.109795,4.95531
1000,9,0.31384,12.4283
1000,9,0.551483,21.0649
1000,9,0.547608,20.8319
1000,9,0.553258,21.0067
1000,9,0.547515,20.8369
1000,9,0.553592,21.1138
1000,9,0.551034,21.1319
1000,9,0.553943,21.1569
1000,9,0.549973,20.9607
1000,9,0.554672,21.1884
1000,9,0.548601,20.8392
1000,9,0.555999,21.1603
1000,9,0.548709,20.9157
1000,9,0.554906,21.1309
1000,9,0.548483,20.8478
1000,9,0.5531,21.1315
1000,9,0.550272,21.0433
1000,9,0.552611,20.9595
1000,9,0.547895,20.9727
1000,9,0.55241,21.0258
1000,9,0.54706,20.8662
1000,9,0.551571,20.928
1000,9,0.548123,20.8195
1000,9,0.554776,21.0288
1000,9,0.548821,20.8584
1000,9,0.551112,20.8815
1000,9,0.550554,20.9794
1000,9,0.551045,20.9934
1000,9,0.54954,20.8953
1000,9,0.557205,21.0455
1000,9,0.550209,20.9022
1000,9,0.552612,21.0592
1000,9,0.549466,20.9751
1000,9,0.55406,21.1094
1000,9,0.553303,21.1586
1000,9,0.553221,21.1921
1000,9,0.546602,20.9618
1000,9,0.553302,21.0812
1000,9,0.547352,20.9337
1000,9,0.553396,20.9832
1000,9,0.550463,20.8921
1000,9,0.551007,20.938
1000,9,0.548833,20.9584
1000,9,0.555719,21.0744
1000,9,0.549918,21.0207
1000,9,0.552278,20.9902
1000,9,0.549678,20.8633
1000,9,0.555847,21.01
1000,9,0.547541,20.908
1000,9,0.555431,21.0661
1000,9,0.549563,20.9608
1000,9,0.552255,20.9188
1000,9,0.241991,9.77506
1000,9,0.551948,20.7463
1000,9,0.552482,20.8213
1000,9,0.553729,20.7969
1000,9,0.548681,20.595
1000,9,0.55812,21.1668
1000,9,0.548859,20.6735
1000,9,0.555273,20.7903
1000,9,0.548739,20.5494
1000,9,0.553472,20.6766
1000,9,0.548567,20.5582
1000,9,0.552061,20.6396
1000,9,0.548649,20.5416
1000,9,0.553377,20.7147
1000,9,0.548837,20.5569
1000,9,0.554081,20.7215
1000,9,0.547945,20.5355
1000,9,0.556051,20.8216
1000,9,0.546909,20.5357
1000,9,0.552062,20.6914
1000,9,0.550664,20.6374
1000,9,0.553486,20.6881
1000,9,0.550355,20.6436
1000,9,0.554208,20.7057
1000,9,0.544441,20.4089
1000,9,0.553919,20.7449
1000,9,0.548424,20.6049
1000,9,0.554371,20.796
1000,9,0.549705,20.6253
1000,9,0.552354,20.6835
1000,9,0.550612,20.6364
1000,9,0.553514,20.8582
1000,9,0.547921,20.6119
1000,9,0.554627,20.7676
1000,9,0.552158,20.8159
1000,9,0.557958,20.921
1000,9,0.547492,20.6186
1000,9,0.550124,20.6311
1000,9,0.546897,20.5029
1000,9,0.552416,20.6791
1000,9,0.551458,20.7641
1000,9,0.552977,20.7606
1000,9,0.548535,20.5515
1000,9,0.549282,20.5945
1000,9,0.549788,20.5988
1000,9,0.553609,20.6958
1000,9,0.548355,20.5846
1000,9,0.553902,20.8292
1000,9,0.546787,20.5155
1000,9,0.552323,20.7377
1000,9,0.548422,20.5366
1000,9,0.552104,20.7141
1000,9,0.551127,20.6716
1000,9,0.552981,20.7536
1000,9,0.548856,20.5636
1000,9,0.552711,20.7407
1000,9,0.549391,20.6279
1000,9,0.555494,20.7658
1000,9,0.547365,20.5379
1000,9,0.552703,20.6686
1000,9,0.55192,20.8199
1000,9,0.554137,20.8261
1000,9,0.551246,20.7218
1000,9,0.55053,20.6126
1000,9,0.547853,20.5267
1000,9,0.5559,20.8881
1000,9,0.548454,20.6049
1000,9,0.552274,20.6943
1000,9,0.547787,20.5509
1000,9,0.550889,20.5736
1000,9,0.552179,20.6776
1000,9,0.551663,20.601
1000,9,0.548239,20.5161
1000,9,0.55456,20.7625
1000,9,0.549606,20.6275
1000,9,0.554369,20.7292
1000,9,0.546974,20.5177
1000,9,0.554815,20.8063
1000,9,0.54605,20.4926
1000,9,0.553027,20.7239
1000,9,0.549867,20.6311
1000,9,0.551463,20.6409
1000,9,0.549222,20.5745
1000,9,0.551,20.6195
1000,9,0.548082,20.5218
1000,9,0.552037,20.726
1000,9,0.546957,20.5233
1000,9,0.554315,20.7587
1000,9,0.549769,20.6656
1000,9,0.554401,20.8626
1000,9,0.551778,20.6331
1000,9,0.555546,20.8039
1000,9,0.550795,20.9435
1000,9,0.551381,21.369
1000,9,0.54746,21.173
1000,9,0.554787,21.4585
1000,9,0.547971,20.6873
1000,9,0.553007,20.8366
1000,9,0.548347,20.6754
1000,9,0.457662,17.7905
1000,9,0.40537,15.64
1000,9,0.400629,15.3083
1000,9,0.402801,15.3637
1000,9,0.39941,15.2916
1000,9,0.400314,15.3382
1000,9,0.404166,15.5348
1000,9,0.401071,15.3929
1000,9,0.403448,15.4899
1000,9,0.402003,15.3653
1000,9,0.4014,15.3139
1000,9,0.402057,15.4144
1000,9,0.401393,15.3306
1000,9,0.401044,15.3227
1000,9,0.401967,15.3325
1000,9,0.400465,15.2513
1000,9,0.401888,15.3928
1000,9,0.401932,15.411
1000,9,0.401463,15.3589
1000,9,0.403527,15.385
1000,9,0.401089,15.2899
1000,9,0.40519,15.6402
1000,9,0.402398,15.3816
1000,9,0.403809,15.4426
1000,9,0.401045,15.3374
1000,9,0.402888,15.4309
1000,9,0.402151,15.4475
1000,9,0.402458,15.452
1000,9,0.400911,15.3525
1000,9,0.400983,15.3158
1000,9,0.402353,15.3483
1000,9,0.4022,15.3975
1000,9,0.403572,15.4801
1000,9,0.4012,15.3992
1000,9,0.402157,15.3933
1000,9,0.402166,15.4434
1000,9,0.401637,15.3979
1000,9,0.402862,15.4708
1000,9,0.402717,15.4774
1000,9,0.402951,15.4645
1000,9,0.401252,15.3681
1000,9,0.401947,15.3771
1000,9,0.404128,15.4287
1000,9,0.403014,15.4941
1000,9,0.400412,15.3513
1000,9,0.402313,15.4256
1000,9,0.400278,15.2636
1000,9,0.400848,15.2966
1000,9,0.400228,15.3169
1000,9,0.402596,15.4048
1000,9,0.402068,15.3527
1000,9,0.400177,15.2761
1000,9,0.402787,15.3778
1000,9,0.401728,15.3613
1000,9,0.404448,15.423
1000,9,0.404111,15.4376
1000,9,0.404562,15.4141
1000,9,0.402629,15.3861
1000,9,0.402315,15.3986
1000,9,0.405129,15.4853
1000,9,0.402384,15.506
1000,9,0.402478,15.357
1000,9,0.405461,15.4694
1000,9,0.400152,15.3033
1000,9,0.353924,13.6415
1000,9,0.353862,13.7212
1000,9,0.353772,13.7617
1000,9,0.354082,13.7035
1000,9,0.354204,13.6927
1000,9,0.353695,13.6272
1000,9,0.354255,13.7514
1000,9,0.353834,13.6986
1000,9,0.353974,13.6239
1000,9,0.353911,13.6569
1000,9,0.354372,13.6576
1000,9,0.353751,13.6277
1000,9,0.37059,14.2271
1000,9,0.317644,12.4134
1000,9,0.317842,12.3976
1000,9,0.318206,12.4361
1000,9,0.317752,12.4076
1000,9,0.318105,12.4026
1000,9,0.317597,12.4448
1000,9,0.317372,12.3595
1000,9,0.317755,12.3753
1000,9,0.317513,12.3398
1000,9,0.31666,12.42
1000,9,0.317251,12.3897
1000,9,0.317918,12.4104
1000,9,0.318082,12.3906
1000,9,0.317634,12.4037
1000,9,0.318284,12.4391
1000,9,0.317608,12.3376
1000,9,0.316457,12.3935
1000,9,0.356627,13.7527
1000,9,0.356523,13.7732
1000,9,0.356619,13.709
1000,9,0.356406,13.7919
1000,9,0.356464,13.7561
1000,10,0.51307,19.7124
1000,10,0.512476,19.7864
1000,10,0.51254,20.454
1000,10,0.513452,20.4525
1000,10,0.51232,19.9108
1000,10,0.512815,19.7207
1000,10,0.510924,19.6536
1000,10,0.513003,19.703
1000,10,0.511438,19.6796
1000,10,0.51357,19.7113
1000,10,0.512587,19.8189
1000,10,0.513136,19.7888
1000,10,0.514142,19.9073
1000,10,0.513065,19.7671
1000,10,0.51253,19.794
1000,10,0.512631,19.7493
1000,10,0.512877,19.7644
1000,10,0.512002,19.7138
1000,10,0.512197,19.787
1000,10,0.513155,19.8384
1000,10,0.511592,19.8232
1000,10,0.514264,19.996
1000,10,0.511649,19.8468
1000,10,0.512465,19.8787
1000,10,0.513004,19.8198
1000,10,0.512951,19.7143
1000,10,0.513437,19.7839
1000,10,0.513282,19.8156
1000,10,0.511781,19.7133
1000,10,0.511932,19.7189
1000,10,0.511298,20.2182
1000,10,0.512818,20.5138
1000,10,0.512285,20.622
1000,10,0.514991,20.643
1000,10,0.511344,20.5249
1000,10,0.514229,20.6315
1000,10,0.511005,20.5185
1000,10,0.514307,20.5761
1000,10,0.512498,20.3485
1000,10,0.514939,20.6074
1000,10,0.513371,20.5592
1000,10,0.512655,20.1981
1000,10,0.511171,19.7495
1000,10,0.512748,19.8055
1000,10,0.512488,19.858
1000,10,0.51139,19.7518
1000,10,0.510884,19.7235
1000,10,0.512241,19.8254
1000,10,0.512342,19.8325
1000,10,0.514459,19.8033
1000,10,0.513735,19.8446
1000,10,0.51202,19.7683
1000,10,0.511787,19.8228
1000,10,0.51169,19.7616
1000,10,0.511532,19.679
1000,10,0.479559,18.4797
1000,10,0.483147,18.5667
1000,10,0.484273,18.5759
1000,10,0.483662,18.7589
1000,10,0.48315,19.2
1000,10,0.482805,18.7342
1000,10,0.484307,18.928
1000,10,0.483628,18.6136
1000,10,0.483463,18.5955
1000,10,0.483521,18.6062
1000,10,0.483682,18.5892
1000,10,0.482916,18.5778
1000,10,0.483536,18.5885
1000,10,0.482951,18.5564
1000,10,0.483165,18.5821
1000,10,0.483644,18.6447
1000,10,0.484203,18.7379
1000,10,0.482794,18.5403
1000,10,0.483589,18.7124
1000,10,0.484168,18.6927
1000,10,0.483819,18.7317
1000,10,0.482618,18.6474
1000,10,0.484686,18.6064
1000,10,0.484595,18.6764
1000,10,0.485101,18.6965
1000,10,0.483399,18.5948
1000,10,0.483101,18.6116
1000,10,0.4836,18.5464
1000,10,0.483271,18.6723
1000,10,0.48434,18.6314
1000,10,0.482532,18.5307
1000,10,0.483176,18.6376
1000,10,0.483555,18.5786
1000,10,0.48201,18.5864
1000,10,0.484151,18.6226
1000,10,0.484381,18.7029
1000,10,0.484368,18.5769
1000,10,0.48329,18.7088
1000,10,0.484627,18.7751
1000,10,0.483432,18.6781
1000,10,0.484825,18.6183
1000,10,0.481437,18.5087
1000,10,0.484288,18.6129
1000,10,0.482338,18.5469
1000,10,0.48398,18.6702
1000,10,0.483767,18.6557
1000,10,0.483634,18.6409
1000,10,0.484516,18.7246
1000,10,0.48428,18.6068
1000,10,0.482872,18.5407
1000,10,0.484094,18.6087
1000,10,0.484135,18.6914
1000,10,0.483397,18.6259
1000,10,0.48269,18.6095
1000,10,0.482639,18.5925
1000,10,0.482537,18.6502
1000,10,0.483612,18.5911
1000,10,0.484065,18.7053
1000,10,0.483732,18.6539
1000,10,0.483717,18.6168
1000,10,0.483796,18.6752
1000,10,0.483299,18.5693
1000,10,0.483981,18.6787
1000,10,0.483082,18.5772
1000,10,0.483898,18.6343
1000,10,0.482771,18.5958
1000,10,0.483986,18.6585
1000,10,0.483776,18.6313
1000,10,0.485059,18.6732
1000,10,0.483977,18.6538
1000,10,0.484345,18.6224
1000,10,0.481298,18.525
1000,10,0.483565,18.638
1000,10,0.482919,18.5975
1000,10,0.4831,18.6421
1000,10,0.482693,18.6296
1000,10,0.48417,18.6
1000,10,0.48244,18.5927
1000,10,0.483857,18.6464
1000,10,0.481895,18.5988
1000,10,0.48426,18.6728
1000,10,0.483036,18.5869
1000,10,0.483537,18.6279
1000,10,0.481608,18.5325
1000,10,0.48414,18.6098
1000,10,0.4852,18.6915
1000,10,0.483314,18.6115
1000,10,0.483115,18.559
1000,10,0.483211,18.6085
1000,10,0.483194,18.6369
1000,10,0.484339,18.6435
1000,10,0.482379,18.5926
1000,10,0.483601,18.6119
1000,10,0.483586,18.6804
1000,10,0.483143,18.5755
1000,10,0.483446,18.669
1000,10,0.48338,18.6391
1000,10,0.482632,18.642
1000,10,0.484194,18.6195
1000,10,0.482614,18.6127
1000,10,0.484615,18.8071
1000,10,0.481282,18.6784
1000,10,0.483788,18.6191
1000,10,0.483561,18.6433
1000,10,0.484109,18.7342
1000,10,0.48257,18.76
1000,10,0.485758,18.7328
1000,10,0.482982,18.7108
1000,10,0.482986,18.5891
1000,10,0.48307,18.6995
1000,10,0.483898,18.715
1000,10,0.483601,18.6817
1000,10,0.483809,18.799
1000,10,0.483312,18.7022
1000,10,0.482436,18.6476
1000,10,0.483167,18.7054
1000,10,0.484641,18.7166
1000,10,0.482926,18.5902
1000,10,0.483139,18.6387
1000,10,0.483451,18.6665
1000,10,0.482112,18.6527
1000,10,0.482913,18.6006
1000,10,0.482857,18.615
1000,10,0.483524,18.7766
1000,10,0.48282,18.6734
1000,10,0.483019,18.6076
1000,10,0.482471,18.5336
1000,10,0.48262,18.593
1000,10,0.484564,18.6905
1000,10,0.484216,18.6409
1000,10,0.484398,18.8945
1000,10,0.484216,18.7233
1000,10,0.484133,18.6737
1000,10,0.481694,18.4967
1000,10,0.482679,18.622
1000,10,0.484128,18.6538
1000,10,0.483115,18.6298
1000,10,0.482453,18.6144
1000,10,0.483548,18.6269
1000,10,0.483256,18.6483
1000,10,0.484641,18.6476
1000,10,0.482277,18.6053
1000,10,0.483938,18.7015
1000,10,0.482678,18.5663
1000,10,0.484093,18.701
1000,10,0.483699,18.6744
1000,10,0.483705,18.6403
1000,10,0.483014,18.591
1000,10,0.484218,18.6792
1000,10,0.482066,18.6987
1000,10,0.484087,18.6433
1000,10,0.483201,18.64
1000,10,0.483678,18.58
1000,10,0.483243,18.653
1000,10,0.484465,18.7243
1000,10,0.483429,18.7104
1000,10,0.482711,18.5994
1000,10,0.48326,18.7053
1000,10,0.483456,18.6131
1000,10,0.483535,18.6574
1000,10,0.484996,18.7134
1000,10,0.481732,18.5693
1000,10,0.484227,18.837
1000,10,0.483952,18.7631
1000,10,0.48445,18.6824
1000,10,0.482892,18.6021
1000,10,0.483279,18.6209
1000,10,0.483204,18.6359
1000,10,0.483994,18.6123
1000,10,0.482967,18.6336
1000,10,0.483833,18.6942
1000,10,0.483046,18.6146
1000,10,0.483005,18.6726
1000,10,0.483375,18.6088
1000,10,0.485457,18.6977
1000,10,0.482568,18.6051
1000,10,0.484444,18.6966
1000,10,0.482294,18.733
1000,10,0.483318,18.7073
1000,10,0.482613,18.7166
1000,10,0.484259,18.7979
1000,10,0.482393,18.7111
1000,10,0.484987,18.7315
1000,10,0.483044,18.6562
1000,10,0.483268,18.5898
1000,10,0.482107,18.5564
1000,10,0.482729,18.5983
1000,10,0.482617,18.5974
1000,10,0.482521,18.661
1000,10,0.483016,18.6121
1000,10,0.482335,18.5659
1000,10,0.481838,18.6127
1000,10,0.482959,18.6275
1000,10,0.481673,18.6314
1000,10,0.483083,18.7031
1000,11,0.502071,19.5448
1000,11,0.503509,19.5598
1000,11,0.5029,19.6226
1000,11,0.503775,19.6683
1000,11,0.503947,19.7101
1000,11,0.50331,19.6376
1000,11,0.502726,19.6456
1000,11,0.503404,19.7419
1000,11,0.503036,19.6951
1000,11,0.504295,19.7598
1000,11,0.502851,19.6276
1000,11,0.49879,19.5176
1000,11,0.496325,19.3875
1000,11,0.499562,19.4877
1000,11,0.494157,19.3798
1000,11,0.501526,19.6176
1000,11,0.496456,19.4385
1000,11,0.500492,19.6325
1000,11,0.496102,19.3836
1000,11,0.500304,19.6007
1000,11,0.497447,19.437
1000,11,0.501561,19.5867
1000,11,0.498263,19.4254
1000,11,0.501435,19.5391
1000,11,0.499034,19.4756
1000,11,0.499483,19.4674
1000,11,0.497508,19.482
1000,11,0.498844,19.4219
1000,11,0.498762,19.6168
1000,11,0.500934,19.5876
1000,11,0.498538,19.5689
1000,11,0.500512,19.5073
1000,11,0.497969,19.4859
1000,11,0.499403,19.5274
1000,11,0.497863,19.4368
1000,11,0.499576,19.5079
1000,11,0.498787,19.4744
1000,11,0.499766,19.5201
1000,11,0.498065,19.4686
1000,11,0.499209,19.5214
1000,11,0.497838,19.5026
1000,11,0.498449,19.4746
1000,11,0.497343,19.4367
1000,11,0.499109,19.5219
1000,11,0.495574,19.4012
1000,11,0.499783,19.5458
1000,11,0.497993,19.5473
1000,11,0.499739,19.513
1000,11,0.494034,19.3021
1000,11,0.498687,19.5215
1000,11,0.495763,19.3966
1000,11,0.499378,19.5692
1000,11,0.497452,19.4717
1000,11,0.49899,19.4774
1000,11,0.497531,19.3447
1000,11,0.499963,19.4644
1000,11,0.497382,19.3938
1000,11,0.500195,19.5997
1000,11,0.49894,19.5407
1000,11,0.498373,19.5976
1000,11,0.498362,20.1021
1000,11,0.499001,20.0037
1000,11,0.495376,19.3236
1000,11,0.500654,19.4532
1000,11,0.498064,19.3736
1000,11,0.500694,19.4543
1000,11,0.496776,19.2659
1000,11,0.498925,19.3888
1000,11,0.496295,19.3092
1000,11,0.497734,19.3483
1000,11,0.496855,19.3049
1000,11,0.498633,19.3465
1000,11,0.497095,19.3233
1000,11,0.501744,19.5511
1000,11,0.498735,19.4378
1000,11,0.501537,19.4358
1000,11,0.497964,19.3828
1000,11,0.500359,19.4488
1000,11,0.498219,19.3823
1000,11,0.500371,19.4208
1000,11,0.498195,19.3795
1000,11,0.499024,19.3489
1000,11,0.498833,19.3514
1000,11,0.501298,19.5167
1000,11,0.499028,19.3452
1000,11,0.499953,19.4679
1000,11,0.496333,19.2576
1000,11,0.502135,19.509
1000,11,0.497438,19.4567
1000,11,0.499037,19.3531
1000,11,0.499253,19.3439
1000,11,0.499348,19.4414
1000,11,0.496196,19.34
1000,11,0.499442,19.5291
1000,11,0.498816,19.4127
1000,11,0.501204,19.4688
1000,11,0.497702,19.4057
1000,11,0.499869,19.4413
1000,11,0.496608,19.3944
1000,11,0.501075,19.4655
1000,11,0.49979,19.4231
1000,11,0.498928,19.3999
1000,11,0.496847,19.3815
1000,11,0.498916,19.3864
1000,11,0.497509,19.363
1000,11,0.50191,19.503
1000,11,0.496225,19.2883
1000,11,0.501151,19.4453
1000,11,0.495983,19.2635
1000,11,0.498268,19.3441
1000,11,0.499253,19.4213
1000,11,0.500507,19.4453
1000,11,0.498167,19.4375
1000,11,0.499104,19.4169
1000,11,0.497387,19.3249
1000,11,0.498288,19.3381
1000,11,0.496844,19.3023
1000,11,0.49838,19.3228
1000,11,0.497024,19.3698
1000,11,0.500473,19.4034
1000,11,0.500364,19.4171
1000,11,0.499219,19.4201
1000,11,0.496861,19.3055
1000,11,0.500677,19.4191
1000,11,0.495583,19.2995
1000,11,0.499843,19.4576
1000,11,0.499824,19.4548
1000,11,0.500235,19.4479
1000,11,0.498754,19.4157
1000,11,0.499246,19.3534
1000,11,0.497871,19.346
1000,11,0.4981,19.3991
1000,11,0.498916,19.4198
1000,11,0.500587,19.4482
1000,11,0.498337,19.4213
1000,11,0.497459,19.3511
1000,11,0.499341,19.4346
1000,11,0.500104,19.4091
1000,11,0.498447,19.3438
1000,11,0.498971,19.3891
1000,11,0.498615,19.4179
1000,11,0.497803,19.3944
1000,11,0.497377,19.3474
1000,11,0.50133,19.5249
1000,11,0.500274,19.4458
1000,11,0.500285,19.4646
1000,11,0.498864,19.4481
1000,11,0.499581,19.5042
1000,11,0.495434,19.434
1000,11,0.500167,19.5248
1000,11,0.49727,19.4129
1000,11,0.5017,19.4488
1000,11,0.498576,19.4098
1000,11,0.498704,19.4525
1000,11,0.496808,19.2832
1000,11,0.49969,19.3919
1000,11,0.495903,19.2375
1000,11,0.498736,19.4999
1000,11,0.49671,19.3698
1000,11,0.500435,19.4509
1000,11,0.499841,19.4106
1000,11,0.501403,19.4579
1000,11,0.498127,19.4078
1000,11,0.501032,19.4352
1000,11,0.496759,19.2688
1000,11,0.499669,19.565
1000,11,0.498806,19.4597
1000,11,0.497922,19.3341
1000,11,0.497561,19.3325
1000,11,0.498948,19.3248
1000,11,0.498494,19.4251
1000,11,0.499394,19.4121
1000,11,0.496548,19.333
1000,11,0.500876,19.6408
1000,11,0.498127,19.3888
1000,11,0.499578,19.4701
1000,11,0.498303,19.3453
1000,11,0.498949,19.4188
1000,11,0.49845,19.5914
1000,11,0.499108,19.4672
1000,11,0.500238,19.4227
1000,11,0.497196,19.4017
1000,11,0.497271,19.4081
1000,11,0.501295,19.5752
1000,11,0.496859,19.3123
1000,11,0.498999,19.3504
1000,11,0.497689,19.3397
1000,11,0.499436,19.4099
1000,11,0.497976,19.3829
1000,11,0.498493,19.4635
1000,11,0.498343,19.4988
1000,11,0.500403,19.5486
1000,11,0.497521,19.3551
1000,11,0.499647,19.4288
1000,11,0.497933,19.3604
1000,11,0.500908,19.5433
1000,11,0.495942,19.2559
1000,11,0.499515,19.4939
1000,11,0.497652,19.3896
1000,11,0.499363,19.4187
1000,11,0.49529,19.2671
1000,11,0.500253,19.4355
1000,11,0.497132,19.4011
1000,11,0.49846,19.3922
1000,11,0.500417,19.5428
1000,11,0.501311,19.5244
1000,11,0.497708,19.4343
1000,11,0.500427,19.437
1000,11,0.499427,19.4683
1000,11,0.498117,19.4855
1000,11,0.498621,19.4089
1000,11,0.50011,19.4372
1000,11,0.499373,19.4365
1000,11,0.499775,19.4317
1000,11,0.498326,19.3741
1000,11,0.501469,19.4705
1000,11,0.498774,19.3873
1000,11,0.50175,19.4973
1000,11,0.497455,19.3666
1000,11,0.49738,19.3174
1000,11,0.498694,19.3975
1000,11,0.497496,19.3161
1000,11,0.498159,19.4094
1000,11,0.499935,19.4555
1000,11,0.498197,19.4578
1000,11,0.500357,19.4295
1000,11,0.498262,19.3597
1000,11,0.499907,19.418
1000,11,0.498899,19.4394
1000,11,0.498432,19.3768
1000,11,0.495669,19.2766
1000,11,0.499223,19.4783
1000,11,0.497915,19.3844
1000,11,0.500301,19.4315
1000,11,0.499622,19.4793
1000,11,0.499172,19.435
1000,11,0.497077,19.3543
1000,11,0.498253,19.3787
1000,11,0.49862,19.41
1000,11,0.498762,19.4416
1000,11,0.498068,19.4138
1000,11,0.498773,19.4109
1000,11,0.495589,19.338
1000,11,0.4995,19.4953
1000,11,0.496041,19.3204
1000,11,0.502297,19.5175
1000,11,0.49648,19.2785
1000,11,0.498862,19.4317
1000,11,0.497795,19.4238
1000,11,0.498831,19.479
1000,12,0.440282,17.3969
1000,12,0.444293,17.5391
1000,12,0.440917,17.4746
1000,12,0.444026,17.6467
1000,12,0.439721,17.4818
1000,12,0.438445,17.3799
1000,12,0.440318,17.5036
1000,12,0.440299,17.4789
1000,12,0.438607,17.5164
1000,12,0.441147,17.5048
1000,12,0.440111,17.4683
1000,12,0.438244,17.4107
1000,12,0.438892,17.4751
1000,12,0.441253,17.5174
1000,12,0.440937,17.543
1000,12,0.437398,17.418
1000,12,0.438385,17.4041
1000,12,0.440978,17.4909
1000,12,0.436428,17.3613
1000,12,0.438877,17.4561
1000,12,0.439788,17.4467
1000,12,0.439222,17.5986
1000,12,0.436064,17.3493
1000,12,0.443223,17.5805
1000,12,0.438111,17.424
1000,12,0.441451,17.5405
1000,12,0.437435,17.4528
1000,12,0.440045,18.0081
1000,12,0.438145,18.0006
1000,12,0.436969,17.9739
1000,12,0.436275,17.956
1000,12,0.436709,17.8037
1000,12,0.438719,17.4782
1000,12,0.43699,17.4199
1000,12,0.443324,17.7196
1000,12,0.403252,16.5833
1000,12,0.341774,13.886
1000,12,0.348283,13.8255
1000,12,0.344276,13.7385
1000,12,0.349844,13.9299
1000,12,0.344378,13.7561
1000,12,0.348171,13.7849
1000,12,0.343365,13.6494
1000,12,0.345913,13.7879
1000,12,0.342968,13.6687
1000,12,0.345324,13.77
1000,12,0.34413,13.7263
1000,12,0.343174,13.6489
1000,12,0.342886,13.7479
1000,12,0.346729,13.8197
1000,12,0.348786,13.8917
1000,12,0.348152,13.8831
1000,12,0.340477,13.5876
1000,12,0.344391,13.7317
1000,12,0.343961,13.6121
1000,12,0.348667,13.7382
1000,12,0.348807,13.7858
1000,12,0.346547,13.6852
1000,12,0.343246,13.5775
1000,12,0.343954,13.6162
1000,12,0.345661,13.7086
1000,12,0.341025,13.7193
1000,12,0.343351,13.5709
1000,12,0.347035,13.6973
1000,12,0.343194,13.64
1000,12,0.34328,13.6016
1000,12,0.341928,13.5563
1000,12,0.342956,13.5409
1000,12,0.341506,13.5316
1000,12,0.344742,13.6243
1000,12,0.343902,13.6513
1000,12,0.345944,13.6427
1000,12,0.341584,13.5391
1000,12,0.34289,13.5381
1000,12,0.342923,13.6051
1000,12,0.346504,13.6878
1000,12,0.345785,13.7039
1000,12,0.343482,13.6187
1000,12,0.343644,13.6229
1000,12,0.347974,13.7468
1000,12,0.347959,13.8039
1000,12,0.343175,13.5563
1000,12,0.341864,13.5662
1000,12,0.343774,13.5738
1000,12,0.345215,13.6513
1000,12,0.343632,13.5783
1000,12,0.343692,13.6234
1000,12,0.345907,13.6636
1000,12,0.343653,13.6479
1000,12,0.345655,13.6358
1000,12,0.342607,13.5662
1000,12,0.340684,13.5241
1000,12,0.340948,13.483
1000,12,0.344835,13.6865
1000,12,0.346284,13.7478
1000,12,0.345742,13.669
1000,12,0.345198,13.7015
1000,12,0.3436,13.5939
1000,12,0.341905,13.5551
1000,12,0.341704,13.5059
1000,12,0.346949,13.7522
1000,12,0.343026,13.5312
1000,12,0.340903,13.5472
1000,12,0.343363,13.6048
1000,12,0.346328,13.8149
1000,12,0.350648,13.8554
1000,12,0.346904,13.7549
1000,12,0.338593,13.351
1000,12,0.339489,13.4723
1000,12,0.337209,13.3587
1000,12,0.338001,13.4257
1000,12,0.338951,13.3911
1000,12,0.338569,13.4519
1000,12,0.339247,13.4632
1000,12,0.338736,13.4614
1000,12,0.338019,13.4315
1000,12,0.339695,13.4739
1000,12,0.339546,13.4229
1000,12,0.33841,13.4223
1000,12,0.339323,13.4793
1000,12,0.339232,13.4574
1000,12,0.339365,13.4768
1000,12,0.338448,13.4583
1000,12,0.335725,13.2783
1000,12,0.35474,14.0247
1000,12,0.352073,13.9004
1000,12,0.354002,14.0265
1000,12,0.353217,13.9419
1000,12,0.349912,13.8838
1000,12,0.353908,13.9771
1000,12,0.351838,13.9068
1000,12,0.349108,13.7412
1000,12,0.353891,13.9771
1000,12,0.354068,13.9406
1000,12,0.353491,13.973
1000,12,0.353304,13.9483
1000,12,0.354978,14.0189
1000,12,0.352961,13.8811
1000,12,0.354454,13.9282
1000,12,0.351816,13.838
1000,12,0.353429,13.9354
1000,12,0.349317,13.752
1000,12,0.35445,13.9812
1000,12,0.353954,13.9281
1000,12,0.354061,13.9804
1000,12,0.353054,13.9079
1000,12,0.353892,13.9428
1000,12,0.350171,13.7912
1000,12,0.352915,13.9299
1000,12,0.351202,13.8435
1000,12,0.353878,13.9773
1000,12,0.353814,13.9386
1000,12,0.354248,13.9803
1000,12,0.35278,14.1539
1000,12,0.355152,14.4677
1000,12,0.355559,14.5034
1000,12,0.352875,14.1438
1000,12,0.351899,13.856
1000,12,0.350781,13.9184
1000,12,0.354754,13.9889
1000,12,0.3523,13.9069
1000,12,0.349274,13.7866
1000,12,0.351219,13.8936
1000,12,0.351496,13.8834
1000,12,0.353236,13.9461
1000,12,0.349434,13.7658
1000,12,0.352803,13.9389
1000,12,0.350726,13.8299
1000,12,0.35204,13.8681
1000,12,0.351938,13.8869
1000,12,0.352799,13.9298
1000,12,0.352513,13.8534
1000,12,0.349808,13.8581
1000,12,0.349604,13.8385
1000,12,0.35281,13.9517
1000,12,0.351534,13.8744
1000,12,0.354165,14.052
1000,12,0.347772,13.689
1000,12,0.3538,13.9724
1000,12,0.34922,13.7591
1000,12,0.352526,13.9502
1000,12,0.350056,13.7746
1000,12,0.351474,13.9284
1000,12,0.353232,13.9053
1000,12,0.353126,13.9347
1000,12,0.349861,13.8202
1000,12,0.353827,14.0287
1000,12,0.352593,13.8861
1000,12,0.350854,13.8485
1000,12,0.349701,13.7995
1000,12,0.351707,14.0187
1000,12,0.350346,13.825
1000,12,0.353811,14.0056
1000,12,0.351462,13.8749
1000,12,0.351904,13.8686
1000,12,0.351467,13.8574
1000,12,0.354284,13.9847
1000,12,0.34794,13.7785
1000,12,0.34883,13.8264
1000,12,0.350495,13.8798
1000,12,0.351618,13.8594
1000,12,0.350021,13.8158
1000,12,0.35227,13.969
1000,12,0.34607,13.6753
1000,12,0.352784,14.0211
1000,12,0.351723,13.8911
1000,12,0.351336,13.9433
1000,12,0.351196,13.8915
1000,12,0.353976,14.0372
1000,12,0.352234,13.8893
1000,12,0.350387,13.9531
1000,12,0.351675,13.8912
1000,12,0.353703,13.9981
1000,12,0.351193,13.8792
1000,12,0.35003,13.8932
1000,12,0.35483,14.0163
1000,12,0.349947,13.9535
1000,12,0.351126,13.8776
1000,12,0.350465,13.8599
1000,12,0.349477,13.8498
1000,12,0.350858,13.9378
1000,12,0.349125,13.8054
1000,12,0.353208,13.9799
1000,12,0.349282,13.8455
1000,12,0.349648,13.8623
1000,12,0.354048,14.0506
1000,12,0.353659,14.0993
1000,12,0.353192,13.9768
1000,12,0.354811,14.0922
1000,12,0.35221,13.9145
1000,12,0.350638,13.9076
1000,12,0.353682,13.942
1000,12,0.349999,13.8433
1000,12,0.352236,14.1685
1000,12,0.352794,13.9242
1000,12,0.348169,13.8315
1000,12,0.351832,13.9577
1000,12,0.351437,13.8839
1000,12,0.350338,13.8645
1000,12,0.352909,13.9408
1000,12,0.352324,13.9996
1000,12,0.350684,13.882
1000,12,0.350967,13.9303
1000,12,0.351038,13.9214
1000,12,0.349331,13.8561
1000,12,0.35399,14.0561
1000,12,0.35267,13.9932
1000,12,0.352599,13.9138
1000,12,0.351693,13.9589
1000,12,0.350924,13.8838
1000,13,0.405741,15.8873
1000,13,0.404007,15.8247
1000,13,0.403259,15.8542
1000,13,0.403367,15.8626
1000,13,0.403029,15.8418
1000,13,0.404287,15.8867
1000,13,0.403005,15.851
1000,13,0.402979,15.8239
1000,13,0.403335,15.906
1000,13,0.403148,15.8441
1000,13,0.403321,15.8635
1000,13,0.404385,15.9049
1000,13,0.404766,15.9289
1000,13,0.40344,15.8351
1000,13,0.402956,15.8516
1000,13,0.403847,15.8869
1000,13,0.402095,15.8043
1000,13,0.403835,15.8754
1000,13,0.401335,15.7932
1000,13,0.403409,15.8974
1000,13,0.402604,15.8199
1000,13,0.404756,15.9345
1000,13,0.398303,15.8873
1000,13,0.398905,15.7036
1000,13,0.40329,15.9127
1000,13,0.399157,15.7201
1000,13,0.399283,15.758
1000,13,0.400797,15.8204
1000,13,0.400292,15.822
1000,13,0.399987,15.8332
1000,13,0.401489,15.859
1000,13,0.401955,15.8865
1000,13,0.397844,15.7408
1000,13,0.403179,15.8946
1000,13,0.400765,15.8333
1000,13,0.403617,15.9229
1000,13,0.402101,15.8619
1000,13,0.402031,15.8604
1000,13,0.399938,15.8123
1000,13,0.399539,15.7404
1000,13,0.403812,15.9537
1000,13,0.400887,15.8153
1000,13,0.402255,15.8748
1000,13,0.399509,15.7396
1000,13,0.401202,15.841
1000,13,0.401848,15.8739
1000,13,0.405478,16.0458
1000,13,0.399341,15.767
1000,13,0.398945,15.7815
1000,13,0.400984,15.8598
1000,13,0.401665,15.9056
1000,13,0.399863,15.8069
1000,13,0.402346,15.9133
1000,13,0.398275,15.707
1000,13,0.400473,15.7353
1000,13,0.400792,15.7487
1000,13,0.399203,15.6774
1000,13,0.397945,15.6333
1000,13,0.405173,15.9235
1000,13,0.403942,15.8436
1000,13,0.405809,15.9479
1000,13,0.403384,15.8433
1000,13,0.400153,15.7103
1000,13,0.399122,15.6435
1000,13,0.399329,15.6731
1000,13,0.399269,15.6702
1000,13,0.400586,15.7457
1000,13,0.399985,15.7135
1000,13,0.400367,15.746
1000,13,0.40127,15.794
1000,13,0.398738,15.6861
1000,13,0.404846,15.8907
1000,13,0.402215,15.8075
1000,13,0.398402,15.6603
1000,13,0.399511,15.7266
1000,13,0.398649,15.6806
1000,13,0.401486,15.763
1000,13,0.400175,15.7187
1000,13,0.401221,15.7771
1000,13,0.401312,15.7631
1000,13,0.400322,15.7627
1000,13,0.399376,15.7314
1000,13,0.401778,15.7818
1000,13,0.403835,15.8825
1000,13,0.399968,15.7528
1000,13,0.40196,15.8062
1000,13,0.406764,16.0098
1000,13,0.400309,15.7285
1000,13,0.399087,15.7115
1000,13,0.40372,15.8891
1000,13,0.39945,15.7509
1000,13,0.405951,15.9857
1000,13,0.40169,15.8216
1000,13,0.402917,15.8038
1000,13,0.399658,15.7517
1000,13,0.400387,15.7714
1000,13,0.401485,15.8008
1000,13,0.399632,15.8778
1000,13,0.400168,15.734
1000,13,0.399415,15.6778
1000,13,0.401667,15.81
1000,13,0.403751,15.869
1000,13,0.401337,15.7831
1000,13,0.398097,15.6471
1000,13,0.399358,15.7472
1000,13,0.399864,15.7553
1000,13,0.404173,15.9105
1000,13,0.401105,15.7781
1000,13,0.400147,15.758
1000,13,0.399743,15.7457
1000,13,0.398036,15.6956
1000,13,0.400466,15.7883
1000,13,0.398774,15.7222
1000,13,0.402822,15.8147
1000,13,0.399368,15.7398
1000,13,0.399165,15.6969
1000,13,0.400952,15.7994
1000,13,0.400563,15.7627
1000,13,0.403373,15.8803
1000,13,0.398718,15.7093
1000,13,0.403659,15.8997
1000,13,0.401722,15.794
1000,13,0.398175,15.6866
1000,13,0.40326,15.8675
1000,13,0.399639,15.7174
1000,13,0.402608,15.8169
1000,13,0.403015,15.8681
1000,13,0.399154,15.6946
1000,13,0.398125,15.6791
1000,13,0.399461,15.7349
1000,13,0.39782,15.6734
1000,13,0.399868,15.7345
1000,13,0.401809,15.83
1000,13,0.400703,15.7508
1000,13,0.403228,15.9039
1000,13,0.401751,16.001
1000,13,0.40293,15.8416
1000,13,0.400347,15.7389
1000,13,0.400422,15.7243
1000,13,0.398392,15.7107
1000,13,0.398866,15.7122
1000,13,0.402041,15.8056
1000,13,0.402431,15.8396
1000,13,0.398527,15.7055
1000,13,0.404082,15.8878
1000,13,0.399363,15.7048
1000,13,0.401012,15.7702
1000,13,0.399708,15.7135
1000,13,0.400205,15.747
1000,13,0.402842,15.8471
1000,13,0.40316,15.8791
1000,13,0.397335,15.6875
1000,13,0.40108,15.788
1000,13,0.402016,15.7895
1000,13,0.397822,15.6723
1000,13,0.401961,15.8089
1000,13,0.400653,15.7623
1000,13,0.399258,15.7404
1000,13,0.402745,15.8144
1000,13,0.402035,15.8615
1000,13,0.39891,15.7176
1000,13,0.399487,15.6851
1000,13,0.401358,15.792
1000,13,0.400174,15.7614
1000,13,0.403852,15.8622
1000,13,0.401927,15.875
1000,13,0.399747,15.7133
1000,13,0.398805,15.7061
1000,13,0.399792,15.7718
1000,13,0.398917,15.7108
1000,13,0.400018,15.7578
1000,13,0.398395,15.7108
1000,13,0.403047,16.0282
1000,13,0.402153,16.0386
1000,13,0.402001,16.0374
1000,13,0.401059,15.9774
1000,13,0.400165,15.965
1000,13,0.400864,15.9851
1000,13,0.400329,16.0057
1000,13,0.402236,16.0602
1000,13,0.40342,16.0725
1000,13,0.401963,16.0384
1000,13,0.399914,15.9936
1000,13,0.399844,15.9453
1000,13,0.401576,16.03
1000,13,0.400276,15.9332
1000,13,0.403752,16.1148
1000,13,0.404032,16.0874
1000,13,0.400286,15.9873
1000,13,0.400781,15.9719
1000,13,0.399257,15.9238
1000,13,0.399724,15.9239
1000,13,0.397029,15.8742
1000,13,0.400055,15.943
1000,13,0.398078,15.8856
1000,13,0.397791,15.8539
1000,13,0.399741,15.9514
1000,13,0.39932,15.8906
1000,13,0.400257,15.9648
1000,13,0.397831,15.8679
1000,13,0.399827,15.9812
1000,13,0.397551,15.8964
1000,13,0.397575,15.8536
1000,13,0.398439,15.9107
1000,13,0.397585,15.8401
1000,13,0.400843,15.9547
1000,13,0.398513,15.9665
1000,13,0.39959,15.8953
1000,13,0.396593,15.831
1000,13,0.401489,15.9851
1000,13,0.397657,15.8457
1000,13,0.398927,15.8811
1000,13,0.40137,16.0399
1000,13,0.401076,15.961
1000,13,0.400043,15.9346
1000,13,0.398191,15.8827
1000,13,0.397919,15.8779
1000,13,0.399243,15.8858
1000,13,0.39743,15.8723
1000,13,0.397772,15.8504
1000,13,0.397223,15.8777
1000,13,0.399262,15.9086
1000,13,0.398441,15.9284
1000,13,0.399492,15.8935
1000,13,0.400694,15.9986
1000,13,0.39756,15.8545
1000,13,0.399039,15.9082
1000,13,0.377434,15.0585
1000,13,0.354036,14.2276
1000,13,0.358028,14.3502
1000,13,0.353914,14.2325
1000,13,0.354747,14.2583
1000,13,0.353811,14.2333
1000,13,0.355114,14.2528
1000,13,0.355295,14.3194
1000,13,0.356893,14.3181
1000,13,0.352617,14.2118
1000,13,0.356915,14.322
1000,13,0.355019,14.2918
1000,13,0.355481,14.3137
1000,13,0.355057,14.3019
1000,13,0.354751,14.2407
1000,13,0.354218,14.2537
1000,13,0.358246,14.3758
1000,13,0.357656,14.3942
1000,13,0.355683,14.2647
1000,13,0.356249,14.3535
1000,13,0.360468,14.4527
1000,13,0.356545,14.3654
1000,13,0.357711,14.447
1000,14,0.327448,13.3683
1000,14,0.330118,13.5056
1000,14,0.329278,13.4716
1000,14,0.329072,13.4959
1000,14,0.330125,13.5669
1000,14,0.326573,13.3975
1000,14,0.327788,13.4854
1000,14,0.330493,13.5792
1000,14,0.328546,13.4669
1000,14,0.332283,13.6556
1000,14,0.328479,13.4727
1000,14,0.328498,13.5184
1000,14,0.335946,13.7771
1000,14,0.32683,13.3944
1000,14,0.3278,13.4365
1000,14,0.328071,13.4904
1000,14,0.328146,13.518
1000,14,0.32829,13.4897
1000,14,0.333001,13.67
1000,14,0.330623,13.6138
1000,14,0.333541,13.6567
1000,14,0.328232,13.4934
1000,14,0.331059,13.6325
1000,14,0.332216,13.6424
1000,14,0.327759,13.4867
1000,14,0.328871,13.5249
1000,14,0.328094,13.4884
1000,14,0.328024,13.4784
1000,14,0.326661,13.4397
1000,14,0.331643,13.5921
1000,14,0.327827,13.4851
1000,14,0.329271,13.5095
1000,14,0.334117,13.7036
1000,14,0.328487,13.5229
1000,14,0.330753,13.6016
1000,14,0.332339,13.6331
1000,14,0.3275,13.4856
1000,14,0.334879,13.7331
1000,14,0.327118,13.4413
1000,14,0.334044,13.7096
1000,14,0.332257,13.6656
1000,14,0.327657,13.4831
1000,14,0.32856,13.4912
1000,14,0.327493,13.5127
1000,14,0.326842,13.4563
1000,14,0.32659,13.4868
1000,14,0.334853,13.9224
1000,14,0.328177,13.52
1000,14,0.333765,13.6785
1000,14,0.327627,13.5034
1000,14,0.330495,13.626
1000,14,0.325742,13.3971
1000,14,0.326993,13.4904
1000,14,0.323036,13.2683
1000,14,0.330634,13.5438
1000,14,0.327997,13.7942
1000,14,0.324445,13.6633
1000,14,0.326273,13.6729
1000,14,0.328676,13.5758
1000,14,0.328313,13.3872
1000,14,0.327154,13.3673
1000,14,0.327243,13.3902
1000,14,0.329235,13.4275
1000,14,0.327334,13.3513
1000,14,0.328178,13.4218
1000,14,0.326434,13.3242
1000,14,0.330342,13.4603
1000,14,0.3275,13.3864
1000,14,0.327074,13.354
1000,14,0.327205,13.3429
1000,14,0.32803,13.3957
1000,14,0.326776,13.3436
1000,14,0.329113,13.4246
1000,14,0.327684,13.3886
1000,14,0.325958,13.2856
1000,14,0.323836,13.2173
1000,14,0.327632,13.3472
1000,14,0.326626,13.2794
1000,14,0.327773,13.3459
1000,14,0.333202,13.5434
1000,14,0.32646,13.3507
1000,14,0.323147,13.2019
1000,14,0.331658,13.5368
1000,14,0.32615,13.3103
1000,14,0.325523,13.2884
1000,14,0.328188,13.4268
1000,14,0.32926,13.421
1000,14,0.330819,13.5037
1000,14,0.332623,13.5409
1000,14,0.32562,13.3108
1000,14,0.330848,13.6193
1000,14,0.326553,13.3532
1000,14,0.326858,13.3257
1000,14,0.333162,13.5794
1000,14,0.327721,13.3524
1000,14,0.3258,13.3105
1000,14,0.327734,13.4076
1000,14,0.328369,13.3761
1000,14,0.32704,13.3996
1000,14,0.32726,13.3479
1000,14,0.328197,13.3992
1000,14,0.329245,13.4226
1000,14,0.328665,13.4357
1000,14,0.323597,13.2503
1000,14,0.327347,13.3433
1000,14,0.332599,13.5733
1000,14,0.323726,13.2146
1000,14,0.328114,13.4156
1000,14,0.326555,13.3244
1000,14,0.323952,13.2399
1000,14,0.331623,13.5551
1000,14,0.327014,13.3575
1000,14,0.327343,13.358
1000,14,0.328418,13.4279
1000,14,0.329665,13.438
1000,14,0.33391,13.5763
1000,14,0.327688,13.3707
1000,14,0.326076,13.3127
1000,14,0.328869,13.4376
1000,14,0.32855,13.4275
1000,14,0.32916,13.4418
1000,14,0.325802,13.3212
1000,14,0.328044,13.4011
1000,14,0.325283,13.2718
1000,14,0.327396,13.3946
1000,14,0.330842,13.4585
1000,14,0.329133,13.4308
1000,14,0.327902,13.4076
1000,14,0.329525,13.4323
1000,14,0.326487,13.3687
1000,14,0.335054,13.6571
1000,14,0.334488,13.6186
1000,14,0.327293,13.3944
1000,14,0.327037,13.3666
1000,14,0.327547,13.3718
1000,14,0.32585,13.3145
1000,14,0.328305,13.446
1000,14,0.32962,13.4282
1000,14,0.329634,13.4702
1000,14,0.325717,13.3277
1000,14,0.329276,13.4376
1000,14,0.326715,13.3674
1000,14,0.331809,13.5492
1000,14,0.325832,13.2789
1000,14,0.32849,13.45
1000,14,0.32815,13.3955
1000,14,0.328303,13.4334
1000,14,0.331285,13.5075
1000,14,0.335957,13.6756
1000,14,0.326496,13.3317
1000,14,0.33004,13.4768
1000,14,0.32512,13.3223
1000,14,0.329294,13.4441
1000,14,0.327853,13.3888
1000,14,0.327927,13.4055
1000,14,0.327046,13.3715
1000,14,0.32956,13.4346
1000,14,0.332006,13.5735
1000,14,0.328101,13.393
1000,14,0.327046,13.3681
1000,14,0.328527,13.408
1000,14,0.326589,13.3583
1000,14,0.331428,13.5197
1000,14,0.327812,13.4024
1000,14,0.331291,13.5478
1000,14,0.329091,13.4371
1000,14,0.332202,13.5539
1000,14,0.326352,13.331
1000,14,0.329174,13.4749
1000,14,0.326047,13.3129
1000,14,0.328888,13.4396
1000,14,0.327577,13.3468
1000,14,0.326195,13.3639
1000,14,0.331928,13.513
1000,14,0.327685,13.3234
1000,14,0.333279,13.5417
1000,14,0.326922,13.318
1000,14,0.328634,13.3566
1000,14,0.330558,13.4954
1000,14,0.326584,13.3095
1000,14,0.331494,13.5484
1000,14,0.3226,13.2628
1000,14,0.333197,13.6703
1000,14,0.327711,13.4027
1000,14,0.327458,13.3758
1000,14,0.332014,13.5476
1000,14,0.328595,13.4392
1000,14,0.324312,13.2454
1000,14,0.333408,13.5894
1000,14,0.326588,13.3062
1000,14,0.326661,13.3734
1000,14,0.326516,13.3205
1000,14,0.327191,13.3994
1000,14,0.332412,13.5583
1000,14,0.328315,13.3941
1000,14,0.327507,13.3879
1000,14,0.329365,13.4495
1000,14,0.329315,13.473
1000,14,0.32754,13.3725
1000,14,0.327467,13.3974
1000,14,0.326277,13.3178
1000,14,0.327182,13.3482
1000,14,0.335384,13.6815
1000,14,0.327773,13.3874
1000,14,0.327024,13.3427
1000,14,0.327889,13.3769
1000,14,0.328654,13.4038
1000,14,0.3306,13.4816
1000,14,0.327841,13.3928
1000,14,0.328652,13.3859
1000,14,0.328829,13.3865
1000,14,0.326505,13.3484
1000,14,0.329157,13.4225
1000,14,0.32874,13.4214
1000,14,0.332925,13.5673
1000,14,0.326551,13.3009
1000,14,0.332338,13.5789
1000,14,0.326954,13.3674
1000,14,0.333104,13.6205
1000,14,0.327687,13.3806
1000,14,0.329953,13.4751
1000,14,0.327477,13.3471
1000,14,0.327502,13.3872
1000,14,0.326449,13.2982
1000,14,0.327566,13.4672
1000,14,0.3268,13.2838
1000,14,0.329545,13.4174
1000,14,0.327253,13.3471
1000,14,0.328154,13.3737
1000,14,0.328103,13.5647
1000,14,0.328757,13.3512
1000,14,0.334235,13.486
1000,14,0.327717,13.2659
1000,14,0.328473,13.2615
1000,14,0.329082,13.2973
1000,14,0.332305,13.425
1000,14,0.327055,13.2166
1000,14,0.336996,13.5859
1000,14,0.328927,13.2792
1000,14,0.329305,13.2772
1000,14,0.329567,13.3371
1000,14,0.328266,13.2439
1000,14,0.328459,13.2797
1000,14,0.32416,13.1112
1000,14,0.327701,13.2121
1000,14,0.327713,13.214
1000,14,0.333396,13.4707
1000,14,0.325952,13.1805
1000,14,0.326256,13.1793
1000,14,0.327636,13.2333
1000,15,0.366815,14.8972
1000,15,0.360079,14.6569
1000,15,0.362203,14.7869
1000,15,0.356323,14.6457
1000,15,0.358952,14.7149
1000,15,0.361963,14.8238
1000,15,0.361572,14.7819
1000,15,0.362165,14.8303
1000,15,0.359107,14.733
1000,15,0.367753,15.0447
1000,15,0.361002,14.8009
1000,15,0.363135,14.8708
1000,15,0.361562,14.799
1000,15,0.364121,14.9123
1000,15,0.363484,14.9024
1000,15,0.362881,14.8605
1000,15,0.361958,14.8287
1000,15,0.361956,14.8337
1000,15,0.359365,14.7275
1000,15,0.363286,14.9054
1000,15,0.359765,14.7754
1000,15,0.358907,14.8179
1000,15,0.364822,14.9673
1000,15,0.36666,15.034
1000,15,0.360435,14.8219
1000,15,0.360808,14.7846
1000,15,0.359917,14.7764
1000,15,0.36151,14.7854
1000,15,0.360588,14.7183
1000,15,0.363825,14.8765
1000,15,0.365323,14.9474
1000,15,0.360999,14.7562
1000,15,0.35952,14.6884
1000,15,0.3596,14.7229
1000,15,0.359196,14.6931
1000,15,0.35964,14.7349
1000,15,0.360585,14.7152
1000,15,0.359781,14.7257
1000,15,0.359434,14.7419
1000,15,0.359293,14.6833
1000,15,0.362593,14.8408
1000,15,0.366603,14.9513
1000,15,0.361099,14.7688
1000,15,0.362248,14.8528
1000,15,0.357558,14.6186
1000,15,0.362252,14.836
1000,15,0.360561,14.7509
1000,15,0.361709,14.8014
1000,15,0.365248,14.9167
1000,15,0.359206,14.7443
1000,15,0.358337,14.6911
1000,15,0.356729,14.6411
1000,15,0.364287,14.9018
1000,15,0.354322,14.5014
1000,15,0.358239,14.6106
1000,15,0.354683,14.4031
1000,15,0.358064,14.6016
1000,15,0.357656,14.5189
1000,15,0.356943,14.5337
1000,15,0.356099,14.4818
1000,15,0.357607,14.5862
1000,15,0.358109,14.5537
1000,15,0.360571,14.6945
1000,15,0.357341,14.5332
1000,15,0.358909,14.6488
1000,15,0.354173,14.4531
1000,15,0.361804,14.742
1000,15,0.358515,14.6106
1000,15,0.358513,14.5874
1000,15,0.354224,14.4262
1000,15,0.356035,14.5568
1000,15,0.357968,14.5907
1000,15,0.359066,14.6361
1000,15,0.361253,14.6826
1000,15,0.360406,14.6592
1000,15,0.359768,14.6525
1000,15,0.355906,14.5112
1000,15,0.356488,14.5352
1000,15,0.356984,14.559
1000,15,0.355535,14.4768
1000,15,0.359983,14.6607
1000,15,0.358067,14.5712
1000,15,0.35964,14.6642
1000,15,0.356279,14.4908
1000,15,0.364568,14.8516
1000,15,0.362305,14.7178
1000,15,0.356743,14.5531
1000,15,0.357437,14.5648
1000,15,0.3571,14.5491
1000,15,0.357898,14.578
1000,15,0.359454,14.6345
1000,15,0.363147,14.7553
1000,15,0.355778,14.5153
1000,15,0.362443,14.7704
1000,15,0.36042,14.6627
1000,15,0.361439,14.7251
1000,15,0.362453,14.7331
1000,15,0.363134,14.7547
1000,15,0.356226,14.5576
1000,15,0.358892,14.5901
1000,15,0.362245,14.7903
1000,15,0.358206,14.5814
1000,15,0.35532,14.4925
1000,15,0.359988,14.6519
1000,15,0.363233,14.9208
1000,15,0.363432,14.7639
1000,15,0.358352,14.5939
1000,15,0.364113,14.7962
1000,15,0.363152,14.7728
1000,15,0.359304,14.8587
1000,15,0.360478,15.107
1000,15,0.361393,15.0829
1000,15,0.360122,15.0852
1000,15,0.356407,14.9591
1000,15,0.355298,14.9102
1000,15,0.356302,14.6065
1000,15,0.363502,14.9101
1000,15,0.367837,14.9839
1000,15,0.359577,14.6732
1000,15,0.365129,15.036
1000,15,0.284882,12.1232
1000,15,0.280167,11.7196
1000,15,0.291149,12.1611
1000,15,0.286978,11.9112
1000,15,0.287228,11.9239
1000,15,0.279971,11.631
1000,15,0.290503,12.0625
1000,15,0.293216,12.1223
1000,15,0.294821,12.2008
1000,15,0.27946,11.5906
1000,15,0.291417,12.0998
1000,15,0.282508,11.7025
1000,15,0.295636,12.2619
1000,15,0.289545,12.0008
1000,15,0.293506,12.1339
1000,15,0.281701,11.7031
1000,15,0.293849,12.1726
1000,15,0.284221,11.7795
1000,15,0.286327,11.8741
1000,15,0.279283,11.6574
1000,15,0.290473,12.0512
1000,15,0.288068,11.948
1000,15,0.286547,11.9289
1000,15,0.289455,12.021
1000,15,0.289338,12.0106
1000,15,0.2904,12.0366
1000,15,0.296208,12.2766
1000,15,0.285408,11.8475
1000,15,0.290303,12.0503
1000,15,0.278243,11.6109
1000,15,0.288066,11.9757
1000,15,0.282324,11.7272
1000,15,0.280244,11.6761
1000,15,0.282414,11.7683
1000,15,0.288951,12.0462
1000,15,0.271358,11.4727
1000,15,0.266106,11.1528
1000,15,0.26715,11.2092
1000,15,0.265607,11.1161
1000,15,0.263977,11.0622
1000,15,0.262169,10.9968
1000,15,0.276041,11.5036
1000,15,0.276005,11.5491
1000,15,0.272689,11.3447
1000,15,0.273711,11.4133
1000,15,0.275115,11.4483
1000,15,0.273059,11.3798
1000,15,0.27095,11.2887
1000,15,0.277853,11.5746
1000,15,0.267537,11.1966
1000,15,0.271534,11.3142
1000,15,0.275897,11.5013
1000,15,0.275184,11.4649
1000,15,0.274263,11.4629
1000,15,0.275789,11.5237
1000,15,0.272482,11.3453
1000,15,0.274495,11.4689
1000,15,0.277638,11.5281
1000,15,0.271293,11.3657
1000,15,0.273135,11.3792
1000,15,0.270372,11.2881
1000,15,0.277058,11.5172
1000,15,0.273474,11.4248
1000,15,0.272029,11.3396
1000,15,0.27505,11.4718
1000,15,0.272505,11.38
1000,15,0.275356,11.477
1000,15,0.275464,11.4815
1000,15,0.276163,11.5132
1000,15,0.273698,11.3865
1000,15,0.272319,11.4013
1000,15,0.272402,11.3362
1000,15,0.277482,11.5797
1000,15,0.273557,11.3901
1000,15,0.279174,11.6678
1000,15,0.291893,12.0548
1000,15,0.295899,12.2576
1000,15,0.290733,12.061
1000,15,0.29294,12.1419
1000,15,0.291628,12.097
1000,15,0.293762,12.1869
1000,15,0.290439,12.0226
1000,15,0.290735,12.0753
1000,15,0.289736,12.0208
1000,15,0.2915,12.0683
1000,15,0.29282,12.1319
1000,15,0.290803,12.2105
1000,15,0.288864,11.9883
1000,15,0.293313,12.1491
1000,15,0.289871,12.024
1000,15,0.28803,11.9563
1000,15,0.286441,11.8719
1000,15,0.291227,12.0775
1000,15,0.286278,11.8677
1000,15,0.289768,12.0417
1000,15,0.26794,11.216
1000,15,0.273348,11.4165
1000,15,0.291492,12.0912
1000,15,0.290442,12.0403
1000,15,0.289358,12.0257
1000,15,0.293646,12.1504
1000,15,0.291142,12.0912
1000,15,0.294389,12.1896
1000,15,0.288608,11.9839
1000,15,0.292072,12.1125
1000,15,0.292404,12.095
1000,15,0.264766,11.1274
1000,15,0.276558,11.5674
1000,15,0.280358,11.6892
1000,15,0.281538,11.7544
1000,15,0.279376,11.644
1000,15,0.283451,11.828
1000,15,0.278713,11.5876
1000,15,0.280955,11.6853
1000,15,0.278936,11.6175
1000,15,0.280904,11.6852
1000,15,0.281079,11.6925
1000,15,0.28316,11.8044
1000,15,0.280042,11.6584
1000,15,0.279541,11.6078
1000,15,0.279972,11.6662
1000,15,0.280652,11.696
1000,15,0.27905,11.6253
1000,15,0.279191,11.608
1000,15,0.28031,11.7182
1000,15,0.2789,11.6147
1000,15,0.280544,11.6776
1000,15,0.281702,11.7339
1000,15,0.280372,11.6864
1000,15,0.282512,11.7699
1000,16,0.348431,14.0423
1000,16,0.348804,14.062
1000,16,0.348906,14.1201
1000,16,0.348736,14.2028
1000,16,0.346389,14.107
1000,16,0.347604,14.1762
1000,16,0.345976,14.1065
1000,16,0.348109,14.1582
1000,16,0.347707,14.1842
1000,16,0.348539,14.2152
1000,16,0.347831,14.1656
1000,16,0.346109,14.0931
1000,16,0.346197,14.0982
1000,16,0.346683,14.1521
1000,16,0.348982,14.2097
1000,16,0.34738,14.1347
1000,16,0.34767,14.1778
1000,16,0.346537,14.0995
1000,16,0.346483,14.1473
1000,16,0.349021,14.2067
1000,16,0.35911,14.6139
1000,16,0.37584,15.6013
1000,16,0.303405,12.6035
1000,16,0.306968,12.7116
1000,16,0.315518,12.9983
1000,16,0.32529,13.4745
1000,16,0.330585,13.6123
1000,16,0.318695,13.159
1000,16,0.322285,13.2733
1000,16,0.321903,13.2656
1000,16,0.339768,13.9931
1000,16,0.337295,13.9224
1000,16,0.344713,14.1204
1000,16,0.346101,14.1165
1000,16,0.346137,14.1259
1000,16,0.34602,14.1164
1000,16,0.345187,14.0963
1000,16,0.346644,14.1638
1000,16,0.344892,14.0948
1000,16,0.346605,14.1982
1000,16,0.345165,14.1087
1000,16,0.344402,14.0439
1000,16,0.347219,14.2017
1000,16,0.346323,14.1323
1000,16,0.34653,14.1719
1000,16,0.345627,14.1002
1000,16,0.346676,14.1784
1000,16,0.346782,14.162
1000,16,0.347469,14.1469
1000,16,0.345848,14.1026
1000,16,0.344731,14.0767
1000,16,0.346473,14.2743
1000,16,0.345514,14.0844
1000,16,0.346165,14.0805
1000,16,0.344652,13.9414
1000,16,0.344583,13.8881
1000,16,0.346277,14.0285
1000,16,0.345777,13.9749
1000,16,0.346028,13.9871
1000,16,0.345356,13.9472
1000,16,0.34709,14.024
1000,16,0.346207,13.9729
1000,16,0.347044,14.0579
1000,16,0.346691,13.971
1000,16,0.344314,13.9477
1000,16,0.344701,13.9062
1000,16,0.346355,14.0152
1000,16,0.345272,13.9431
1000,16,0.34606,13.9804
1000,16,0.346295,14.0176
1000,16,0.346422,13.9904
1000,16,0.346906,14.0413
1000,16,0.345659,14.0476
1000,16,0.346424,14.0216
1000,16,0.345998,14.0497
1000,16,0.34548,14.0448
1000,16,0.345863,14.0971
1000,16,0.346808,14.0705
1000,16,0.345365,14.0973
1000,16,0.346032,14.0814
1000,16,0.345811,14.0747
1000,16,0.345996,14.029
1000,16,0.34371,13.9776
1000,16,0.346394,14.0512
1000,16,0.345988,14.0479
1000,16,0.347985,14.0959
1000,16,0.345843,14.0427
1000,16,0.343818,13.9563
1000,16,0.34631,14.0541
1000,16,0.346811,14.0683
1000,16,0.34589,14.0453
1000,16,0.344362,13.956
1000,16,0.34566,14.0498
1000,16,0.345386,13.988
1000,16,0.346025,14.0554
1000,16,0.347189,14.1147
1000,16,0.345244,14.0158
1000,16,0.331843,13.659
1000,16,0.313329,12.9452
1000,16,0.34706,14.0374
1000,16,0.345488,13.9842
1000,16,0.346678,14.0125
1000,16,0.344497,13.922
1000,16,0.347542,14.0598
1000,16,0.347874,14.0739
1000,16,0.346675,13.9876
1000,16,0.345028,13.9516
1000,16,0.346412,14.0634
1000,16,0.345579,13.9987
1000,16,0.345036,13.9453
1000,16,0.346311,14.0042
1000,16,0.347232,14.0179
1000,16,0.347422,14.0711
1000,16,0.346588,13.9725
1000,16,0.34832,14.0968
1000,16,0.346036,13.9863
1000,16,0.348447,14.0601
1000,16,0.34487,13.9453
1000,16,0.346516,14.0274
1000,16,0.34928,14.0984
1000,16,0.346453,13.9957
1000,16,0.346542,14.0148
1000,16,0.346021,13.9953
1000,16,0.347342,14.0454
1000,16,0.341586,13.8867
1000,16,0.346606,14.079
1000,16,0.346504,14.0557
1000,16,0.348957,14.1557
1000,16,0.350289,14.2578
1000,16,0.346916,14.0872
1000,16,0.346525,14.0612
1000,16,0.348364,14.1551
1000,16,0.344165,13.9895
1000,16,0.346343,14.0454
1000,16,0.348829,14.1697
1000,16,0.347943,14.1116
1000,16,0.348218,14.1442
1000,16,0.34555,14.0493
1000,16,0.344693,14.1581
1000,16,0.345426,14.0079
1000,16,0.346001,14.0811
1000,16,0.347068,14.0832
1000,16,0.347381,14.1359
1000,16,0.347579,14.089
1000,16,0.34912,14.1833
1000,16,0.349329,14.1982
1000,16,0.348113,14.1469
1000,16,0.347696,14.1297
1000,16,0.349815,14.1743
1000,16,0.348432,14.1509
1000,16,0.347598,14.1471
1000,16,0.34824,14.1175
1000,16,0.345127,14.0276
1000,16,0.348216,14.1034
1000,16,0.347036,14.0827
1000,16,0.345908,14.029
1000,16,0.350042,14.2332
1000,16,0.349228,14.1347
1000,16,0.346866,14.0797
1000,16,0.3494,14.1422
1000,16,0.34699,14.0733
1000,16,0.345439,14.0493
1000,16,0.348284,14.1585
1000,16,0.347743,14.1432
1000,16,0.34657,14.0833
1000,16,0.347562,14.1455
1000,16,0.347132,14.1313
1000,16,0.347377,14.1106
1000,16,0.347782,14.1631
1000,16,0.347399,14.154
1000,16,0.347784,14.1974
1000,16,0.346389,14.1227
1000,16,0.346617,14.1756
1000,16,0.348363,14.208
1000,16,0.345464,14.1657
1000,16,0.345934,14.1328
1000,16,0.349458,14.2233
1000,16,0.34731,14.1296
1000,16,0.344963,14.0747
1000,16,0.347107,14.1306
1000,16,0.348598,14.193
1000,16,0.347844,14.1692
1000,16,0.344869,14.0746
1000,16,0.347262,14.1259
1000,16,0.349094,14.2672
1000,16,0.347113,14.1409
1000,16,0.34683,14.1115
1000,16,0.344021,14.0515
1000,16,0.349319,14.2271
1000,16,0.343066,13.9728
1000,16,0.347085,14.1488
1000,16,0.347541,14.1675
1000,16,0.347418,14.1518
1000,16,0.346015,14.0883
1000,16,0.346941,14.1491
1000,16,0.345161,14.0539
1000,16,0.348183,14.2337
1000,16,0.348017,14.1731
1000,16,0.346733,14.1408
1000,16,0.347791,14.1384
1000,16,0.347393,14.1853
1000,16,0.347162,14.1294
1000,16,0.347218,14.1645
1000,16,0.345246,14.0899
1000,16,0.346421,14.1162
1000,16,0.348633,14.2136
1000,16,0.348955,14.2203
1000,16,0.348367,14.1714
1000,16,0.347756,14.1852
1000,16,0.348753,14.221
1000,16,0.346647,14.1223
1000,16,0.345064,14.052
1000,16,0.346778,14.158
1000,16,0.347961,14.1692
1000,16,0.349015,14.2284
1000,16,0.347794,14.1719
1000,16,0.348032,14.1855
1000,16,0.347567,14.1665
1000,16,0.346176,14.1227
1000,16,0.3452,14.0575
1000,16,0.346668,14.1493
1000,16,0.344971,14.0688
1000,16,0.347873,14.2002
1000,16,0.345753,14.0871
1000,16,0.345218,14.1833
1000,16,0.346378,14.0802
1000,16,0.347322,14.1711
1000,16,0.346169,14.0715
1000,16,0.346484,14.0901
1000,16,0.347882,14.1573
1000,16,0.342235,13.9779
1000,16,0.347549,14.1143
1000,16,0.348427,14.2057
1000,16,0.347721,14.1466
1000,16,0.347124,14.1372
1000,16,0.346255,14.0876
1000,16,0.346328,14.1039
1000,16,0.348834,14.1912
1000,16,0.346427,14.1446
1000,16,0.347034,14.1176
1000,16,0.349368,14.2091
1000,16,0.348237,14.1541
1000,16,0.344898,14.1217
1000,16,0.349685,14.2382
1000,16,0.346676,14.1264
1000,16,0.347704,14.1577
1000,16,0.347891,14.1256
1000,16,0.345328,14.0423
1000,16,0.347708,14.1661
1000,16,0.347035,14.1057
1500,1,3.14945,52.9947
1500,1,3.14105,54.5279
1500,1,3.14704,53.433
1500,1,3.13274,52.6143
1500,1,3.13236,52.5611
1500,1,3.13208,52.5506
1500,1,3.1416,52.9185
1500,1,3.13199,52.2738
1500,1,3.13222,51.6566
1500,1,3.13214,51.199
1500,1,3.13254,51.0437
1500,1,3.13616,51.7049
1500,1,3.1364,51.9888
1500,1,3.13455,51.407
1500,1,3.13203,50.7084
1500,1,3.13786,50.8379
1500,1,3.13412,50.3741
1500,1,3.1323,50.0393
1500,1,3.13216,50.0584
1500,1,3.13202,49.9353
1500,1,3.13273,50.0796
1500,1,3.15831,53.1667
1500,1,3.13907,51.8276
1500,1,3.21511,55.1634
1500,1,3.13274,49.7895
1500,1,3.13926,50.2617
1500,1,3.13406,49.8863
1500,1,3.13141,49.7111
1500,1,3.13524,50.1352
1500,1,3.13176,49.6572
1500,1,3.1326,49.6827
1500,1,3.13247,49.6511
1500,1,3.13735,51.5254
1500,1,3.13495,50.6095
1500,1,3.13226,49.7039
1500,1,3.13786,50.2518
1500,1,3.13593,50.4147
1500,1,3.13193,50.004
1500,1,3.13668,50.3516
1500,1,3.13191,49.9924
1500,1,3.15125,51.2505
1500,1,3.13398,50.2172
1500,1,3.13235,49.8545
1500,1,3.14215,52.2735
1500,1,3.13913,50.2157
1500,1,3.13158,49.6024
1500,1,3.13346,49.6323
1500,1,3.13286,49.5942
1500,1,3.13206,49.5424
1500,1,3.13226,49.5613
1500,1,3.13299,49.5852
1500,1,3.13473,49.7649
1500,1,3.13214,49.5237
1500,1,3.13957,51.5455
1500,1,3.18552,52.5678
1500,1,3.23321,57.6567
1500,1,3.12688,50.4445
1500,1,3.10193,49.0294
1500,1,3.10535,49.3425
1500,1,3.11793,49.8993
1500,1,3.10482,49.2756
1500,1,3.1021,49.0093
1500,1,3.10194,48.9917
1500,1,3.11363,49.5888
1500,1,3.11006,51.1414
1500,1,3.10643,49.311
1500,1,3.10399,49.1327
1500,1,3.10344,49.0692
1500,1,3.10227,48.973
1500,1,3.10253,49
1500,1,3.1019,48.9643
1500,1,3.1861,54.1422
1500,1,3.10388,49.0735
1500,1,3.11073,49.6923
1500,1,3.10924,50.9852
1500,1,3.10258,49.1769
1500,1,3.10233,48.9721
1500,1,3.1015,48.9297
1500,1,3.1198,50.4038
1500,1,3.33622,66.7626
1500,1,3.2179,55.1336
1500,1,3.10301,49.0176
1500,1,3.10832,49.3162
1500,1,3.16226,52.0409
1500,1,3.1051,49.2549
1500,1,3.10856,50.2454
1500,1,3.10216,48.9294
1500,1,3.10198,48.9409
1500,1,3.10538,49.2551
1500,1,3.10189,48.9098
1500,1,3.10216,48.9305
1500,1,3.10204,48.9108
1500,1,3.12156,49.5671
1500,1,3.10239,48.8989
1500,1,3.10223,48.9017
1500,1,3.10936,50.6847
1500,1,3.10422,49.1844
1500,1,3.10256,48.9104
1500,1,3.12423,50.123
1500,1,3.10229,48.8731
1500,1,3.10441,49.1233
1500,1,3.10222,48.9056
1500,1,3.11952,49.4529
1500,1,3.10368,49.0973
1500,1,3.10161,48.8705
1500,1,3.10176,48.8719
1500,1,3.10953,50.6452
1500,1,3.10168,48.8727
1500,1,3.10214,48.8787
1500,1,3.10187,48.8715
1500,1,3.10146,48.8408
1500,1,3.11094,49.5478
1500,1,3.1025,48.8674
1500,1,3.10302,48.886
1500,1,3.10184,48.8625
1500,1,3.10281,48.8724
1500,1,3.1071,50.1464
1500,1,3.1216,50.1168
1500,1,3.10537,49.1283
1500,1,3.10253,48.8432
1500,1,3.18855,54.0446
1500,1,3.10986,49.2944
1500,1,3.10205,48.8417
1500,1,3.10214,48.8546
1500,1,3.10223,48.8428
1500,1,3.10186,48.8252
1500,1,3.10513,49.0392
1500,1,3.11158,50.5326
1500,1,3.1017,48.801
1500,1,3.10197,48.8055
1500,1,3.10214,48.8191
1500,1,3.10808,49.2516
1500,1,3.10331,48.8701
1500,1,3.1049,49.0831
1500,1,3.10228,48.8248
1500,1,3.11191,49.3532
1500,1,3.12604,50.6558
1500,1,3.11417,50.7148
1500,1,3.10528,49.4131
1500,1,3.10213,48.8274
1500,1,3.12863,49.6683
1500,1,3.10501,49.0838
1500,1,3.10274,48.839
1500,1,3.10282,48.8322
1500,1,3.10252,48.8149
1500,1,3.1018,48.8053
1500,1,3.10151,48.837
1500,1,3.10075,48.7955
1500,1,3.11096,50.0221
1500,1,3.10234,48.8072
1500,1,3.11057,49.2872
1500,1,3.20813,57.1372
1500,1,3.15707,51.791
1500,1,3.10805,48.9386
1500,1,3.10761,48.9033
1500,1,3.10787,48.9194
1500,1,3.12758,49.9667
1500,1,3.10769,48.9173
1500,1,3.11068,49.6102
1500,1,3.11032,49.3459
1500,1,3.11495,49.4495
1500,1,3.10904,49.006
1500,1,3.10306,48.832
1500,1,3.10718,49.1025
1500,1,3.10258,48.8325
1500,1,3.10361,48.8357
1500,1,3.10306,48.825
1500,1,3.10321,48.8579
1500,1,3.1433,51.3835
1500,1,3.16317,52.8752
1500,1,3.10341,48.8446
1500,1,3.10566,49.0276
1500,1,3.10268,48.8228
1500,1,3.10255,48.8007
1500,1,3.10235,48.809
1500,1,3.11869,49.6386
1500,1,3.10274,48.7957
1500,1,3.10218,48.8119
1500,1,3.10521,49.0007
1500,1,3.11183,49.7521
1500,1,3.10748,49.3665
1500,1,3.10352,48.8547
1500,1,3.10322,48.8281
1500,1,3.10317,48.8251
1500,1,3.10281,48.8005
1500,1,3.10355,48.8406
1500,1,3.10508,49.022
1500,1,3.10275,48.7932
1500,1,3.10252,48.8103
1500,1,3.10939,49.2378
1500,1,3.10943,50.0571
1500,1,3.10241,48.8299
1500,1,3.10263,48.8007
1500,1,3.10454,48.9879
1500,1,3.12248,50.4033
1500,1,3.10728,49.2969
1500,1,3.10303,48.8234
1500,1,3.10251,48.8192
1500,1,3.10873,49.2207
1500,1,3.10213,48.7765
1500,1,3.10665,49.3024
1500,1,3.10996,49.9485
1500,1,3.10265,48.8104
1500,1,3.10297,48.8016
1500,1,3.10322,48.803
1500,1,3.10303,48.8188
1500,1,3.1027,48.8095
1500,1,3.1026,48.8057
1500,1,3.11912,49.4915
1500,1,3.10384,48.8797
1500,1,3.10254,48.801
1500,1,3.10859,49.934
1500,1,3.10705,49.0464
1500,1,3.10541,48.8958
1500,1,3.12557,49.963
1500,1,3.1043,48.821
1500,1,3.10743,49.0506
1500,1,3.17853,53.3137
1500,1,3.12827,49.4637
1500,1,3.10522,48.8473
1500,1,3.10656,48.9795
1500,1,3.10508,48.9843
1500,1,3.10965,49.8892
1500,1,3.10517,48.8997
1500,1,3.10677,48.9911
1500,1,3.10446,48.8517
1500,1,3.10417,48.8284
1500,1,3.11144,49.2498
1500,1,3.10544,48.858
1500,1,3.10546,48.8626
1500,1,3.10415,48.8289
1500,1,3.11331,49.3734
1500,1,3.10956,49.8765
1500,1,3.12236,49.7569
1500,1,3.10668,49.052
1500,1,3.10397,48.8331
1500,1,3.1008,48.7791
1500,1,3.10822,49.1943
1500,1,3.10172,48.7769
1500,1,3.10459,49.0013
1500,1,3.104,48.996
1500,1,3.10093,48.7613
1500,1,3.10082,48.7546
1500,1,3.10732,49.8291
1500,1,3.10099,48.7447
1500,1,3.10139,48.7659
1500,1,3.10443,48.9994
1500,1,3.13649,51.9488
1500,1,3.22519,56.808
1500,1,3.10721,48.9238
1500,2,1.76283,35.1756
1500,2,1.75915,35.1184
1500,2,1.75886,35.1422
1500,2,1.75903,35.1438
1500,2,1.77613,36.6207
1500,2,1.76764,36.4702
1500,2,1.76617,36.8353
1500,2,1.76292,35.7171
1500,2,1.75872,35.1555
1500,2,1.75899,35.1581
1500,2,1.75914,35.1631
1500,2,1.76474,35.5694
1500,2,1.75893,35.1634
1500,2,1.75912,35.1743
1500,2,1.75731,35.1746
1500,2,1.73191,34.6283
1500,2,1.7318,34.6329
1500,2,1.7321,34.8401
1500,2,1.72854,34.5664
1500,2,1.72851,34.5658
1500,2,1.73003,34.8457
1500,2,1.72862,34.5927
1500,2,1.72838,34.5337
1500,2,1.72827,34.5627
1500,2,1.72811,34.5849
1500,2,1.73672,36.7171
1500,2,1.72211,34.6757
1500,2,1.72794,34.5376
1500,2,1.80958,40.1942
1500,2,1.72872,34.5693
1500,2,1.72814,34.5696
1500,2,1.72925,34.5918
1500,2,1.72815,34.5415
1500,2,1.72855,34.5788
1500,2,1.73085,34.8009
1500,2,1.72842,34.5545
1500,2,1.72816,34.5699
1500,2,1.72848,34.5754
1500,2,1.72818,34.5573
1500,2,1.74283,35.4635
1500,2,1.72834,34.5752
1500,2,1.72816,34.5551
1500,2,1.72838,34.5868
1500,2,1.72935,34.8127
1500,2,1.73478,36.4227
1500,2,1.72888,34.5819
1500,2,1.73317,34.9397
1500,2,1.73008,34.8658
1500,2,1.72809,34.5697
1500,2,1.72923,34.6325
1500,2,1.7281,34.5616
1500,2,1.72825,34.5345
1500,2,1.72774,34.521
1500,2,1.72895,34.6703
1500,2,1.72832,34.5453
1500,2,1.72799,34.524
1500,2,1.7283,34.5424
1500,2,1.72844,34.5638
1500,2,1.72797,34.5355
1500,2,1.72795,34.541
1500,2,1.728,34.5241
1500,2,1.72974,34.7841
1500,2,1.7296,34.8366
1500,2,1.73962,36.3248
1500,2,1.72806,34.5415
1500,2,1.72806,34.5476
1500,2,1.72829,34.5491
1500,2,1.72828,34.5517
1500,2,1.72824,34.5447
1500,2,1.72809,34.5414
1500,2,1.72784,34.5322
1500,2,1.72781,34.5368
1500,2,1.72785,34.5533
1500,2,1.73107,34.7491
1500,2,1.74109,35.402
1500,2,1.72836,34.5385
1500,2,1.72794,34.5483
1500,2,1.72791,34.5461
1500,2,1.72798,34.5297
1500,2,1.72817,34.5448
1500,2,1.73338,34.9641
1500,2,1.73059,34.9586
1500,2,1.73448,35.9572
1500,2,1.72817,34.5478
1500,2,1.72811,34.5302
1500,2,1.72825,34.5221
1500,2,1.72848,34.5657
1500,2,1.72822,34.5063
1500,2,1.73099,34.7553
1500,2,1.73027,34.7674
1500,2,1.72825,34.5669
1500,2,1.72828,34.552
1500,2,1.72844,34.557
1500,2,1.72843,34.5619
1500,2,1.72832,34.5422
1500,2,1.72855,34.5869
1500,2,1.72824,34.5384
1500,2,1.72857,34.5681
1500,2,1.74167,35.0569
1500,2,1.72782,34.5526
1500,2,1.73028,35.0807
1500,2,1.73604,36.1549
1500,2,1.72788,34.5665
1500,2,1.72826,34.5563
1500,2,1.72818,34.5877
1500,2,1.72798,34.5605
1500,2,1.72815,34.5591
1500,2,1.72817,34.5491
1500,2,1.74795,36.1382
1500,2,1.73715,35.9347
1500,2,1.72824,34.5551
1500,2,1.72818,34.572
1500,2,1.72834,34.5653
1500,2,1.72835,34.5822
1500,2,1.72834,34.5714
1500,2,1.80397,39.9902
1500,2,1.73415,34.8716
1500,2,1.72804,34.5248
1500,2,1.72826,34.5302
1500,2,1.73388,35.3056
1500,2,1.73593,35.7002
1500,2,1.72878,34.5857
1500,2,1.7283,34.5699
1500,2,1.72865,34.5876
1500,2,1.72803,34.5705
1500,2,1.72921,34.7415
1500,2,1.72816,34.537
1500,2,1.7283,34.5475
1500,2,1.72986,34.7805
1500,2,1.72849,34.5731
1500,2,1.72832,34.5786
1500,2,1.72859,34.591
1500,2,1.73684,34.9853
1500,2,1.72853,34.5804
1500,2,1.72838,34.5939
1500,2,1.72909,34.5904
1500,2,1.72852,34.541
1500,2,1.72821,34.568
1500,2,1.7344,35.5415
1500,2,1.73824,35.9208
1500,2,1.72876,34.5978
1500,2,1.7505,35.1012
1500,2,1.73015,34.7906
1500,2,1.74386,35.4829
1500,2,1.72854,34.5807
1500,2,1.72852,34.5813
1500,2,1.72832,34.5867
1500,2,1.72798,34.5813
1500,2,1.72787,34.5872
1500,2,1.72849,34.5909
1500,2,1.73413,35.0361
1500,2,1.72826,34.5811
1500,2,1.7279,34.5884
1500,2,1.729,34.6303
1500,2,1.72804,34.5673
1500,2,1.73029,34.8225
1500,2,1.72795,34.5802
1500,2,1.7353,35.6524
1500,2,1.73456,35.5807
1500,2,1.72803,34.6015
1500,2,1.7279,34.5851
1500,2,1.72931,34.7617
1500,2,1.72761,34.5909
1500,2,1.72773,34.5727
1500,2,1.72792,34.6048
1500,2,1.72781,34.5841
1500,2,1.72784,34.5738
1500,2,1.73452,35.0578
1500,2,1.75686,37.2308
1500,2,1.78619,40.1165
1500,2,1.78111,37.8331
1500,2,1.73319,34.6469
1500,2,1.73305,34.7116
1500,2,1.73325,34.7027
1500,2,1.73268,34.6698
1500,2,1.73275,34.6745
1500,2,1.7425,36.225
1500,2,1.73779,35.3249
1500,2,1.74697,35.5417
1500,2,1.73274,34.6859
1500,2,1.73275,34.6811
1500,2,1.73277,34.6711
1500,2,1.73488,34.9544
1500,2,1.7332,34.6835
1500,2,1.73818,35.0506
1500,2,1.73283,34.6686
1500,2,1.73286,34.7061
1500,2,1.73472,34.8111
1500,2,1.77548,37.642
1500,2,1.84347,43.2694
1500,2,1.88718,44.3255
1500,2,1.78316,37.1687
1500,2,1.73382,34.7216
1500,2,1.73365,34.6752
1500,2,1.73403,34.7052
1500,2,1.74797,36.8224
1500,2,1.89635,43.4904
1500,2,1.76864,36.5852
1500,2,1.73274,34.7229
1500,2,1.73499,34.8381
1500,2,1.7329,34.7177
1500,2,1.74581,35.2426
1500,2,1.80952,39.9311
1500,2,1.7334,34.7623
1500,2,1.73256,34.6916
1500,2,1.73282,34.7271
1500,2,1.73246,34.7431
1500,2,1.73243,34.6864
1500,2,1.73268,34.731
1500,2,1.7343,34.9425
1500,2,1.73252,34.7271
1500,2,1.73258,34.7008
1500,2,1.75511,37.0761
1500,2,1.74069,35.6679
1500,2,1.74292,36.3183
1500,2,1.73235,34.7194
1500,2,1.7323,34.6954
1500,2,1.73265,34.7194
1500,2,1.73259,34.6978
1500,2,1.74371,35.214
1500,2,1.7325,34.7044
1500,2,1.73328,34.7577
1500,2,1.73546,34.9868
1500,2,1.73306,34.7038
1500,2,1.73326,34.7409
1500,2,1.73323,34.7162
1500,2,1.73264,34.7232
1500,2,1.73289,34.7362
1500,2,1.73255,34.7542
1500,2,1.73286,34.735
1500,2,1.73249,34.7088
1500,2,1.73248,34.7244
1500,2,1.73905,35.7517
1500,2,1.74332,36.3688
1500,2,1.73236,34.7
1500,2,1.73262,34.7081
1500,2,1.74019,35.3902
1500,2,1.73282,34.6975
1500,2,1.73273,34.7179
1500,2,1.73318,34.6953
1500,2,1.7326,34.6829
1500,2,1.73304,34.7249
1500,2,1.73277,34.747
1500,2,1.73272,34.7289
1500,2,1.7329,34.7115
1500,2,1.73287,34.7046
1500,2,1.73424,34.8125
1500,2,1.74613,35.497
1500,2,1.73284,34.7232
1500,2,1.73518,34.9599
1500,3,1.1183,26.873
1500,3,1.11544,26.8433
1500,3,1.12386,28.1899
1500,3,1.12275,28.3627
1500,3,1.1146,27.4066
1500,3,1.12221,27.9391
1500,3,1.11463,27.4105
1500,3,1.11498,27.2466
1500,3,1.11488,27.2565
1500,3,1.11514,27.5176
1500,3,1.11498,27.2845
1500,3,1.1162,26.9652
1500,3,1.11521,26.9872
1500,3,1.11526,27.0826
1500,3,1.11521,27.2671
1500,3,1.11485,27.5137
1500,3,1.11531,27.5289
1500,3,1.11496,27.4884
1500,3,1.11523,27.3096
1500,3,1.115,27.1627
1500,3,1.11737,27.4067
1500,3,1.11497,27.2194
1500,3,1.11466,27.2012
1500,3,1.11494,27.2699
1500,3,1.11453,27.1966
1500,3,1.11481,27.4324
1500,3,1.11458,27.5487
1500,3,1.11616,27.6711
1500,3,1.11498,27.5533
1500,3,1.11471,27.2474
1500,3,1.11478,27.273
1500,3,1.11696,27.5985
1500,3,1.13407,29.018
1500,3,1.11803,27.9915
1500,3,1.11477,27.2579
1500,3,1.11539,27.3129
1500,3,1.11516,27.3964
1500,3,1.11494,27.6018
1500,3,1.11483,27.5926
1500,3,1.11519,27.3923
1500,3,1.11498,26.8638
1500,3,1.1194,27.5746
1500,3,1.1087,27.1554
1500,3,1.1061,27.1368
1500,3,1.10606,27.3291
1500,3,1.10676,26.8445
1500,3,1.10645,27.1469
1500,3,1.10618,27.368
1500,3,1.10625,27.3834
1500,3,1.12161,28.3149
1500,3,1.107,27.3201
1500,3,1.10641,26.5819
1500,3,1.10641,26.637
1500,3,1.10614,26.6253
1500,3,1.10645,26.6158
1500,3,1.10656,26.6634
1500,3,1.10614,26.6343
1500,3,1.10636,26.6623
1500,3,1.10621,26.6405
1500,3,1.11227,27.0857
1500,3,1.10643,26.655
1500,3,1.18431,32.9108
1500,3,1.12011,28.2072
1500,3,1.10652,26.6504
1500,3,1.10651,26.6338
1500,3,1.10744,26.6647
1500,3,1.10663,26.6227
1500,3,1.10635,26.6466
1500,3,1.10671,26.6272
1500,3,1.10642,26.6822
1500,3,1.10618,26.6199
1500,3,1.10673,26.6536
1500,3,1.10675,26.6167
1500,3,1.10651,26.644
1500,3,1.1064,26.6567
1500,3,1.10649,26.6244
1500,3,1.10608,26.6241
1500,3,1.10652,26.6609
1500,3,1.10613,26.6328
1500,3,1.1062,26.6428
1500,3,1.10613,26.6407
1500,3,1.10623,26.7107
1500,3,1.10636,26.6601
1500,3,1.10866,26.9211
1500,3,1.10851,26.8997
1500,3,1.10621,26.6715
1500,3,1.11323,27.1987
1500,3,1.10634,26.6832
1500,3,1.10615,26.6445
1500,3,1.10631,26.6833
1500,3,1.10773,27.011
1500,3,1.11149,28.0502
1500,3,1.10721,26.8444
1500,3,1.10637,26.6839
1500,3,1.10616,26.6254
1500,3,1.10646,26.6781
1500,3,1.10615,26.6498
1500,3,1.11004,26.9396
1500,3,1.1064,26.6709
1500,3,1.10658,26.6968
1500,3,1.1067,26.6589
1500,3,1.10649,26.7169
1500,3,1.10804,26.7567
1500,3,1.1303,28.7676
1500,3,1.11566,28.0173
1500,3,1.11096,27.1982
1500,3,1.10719,26.6775
1500,3,1.10636,26.609
1500,3,1.10647,26.6722
1500,3,1.10652,26.7706
1500,3,1.1063,26.7059
1500,3,1.10636,26.6899
1500,3,1.1063,26.7158
1500,3,1.11506,27.1916
1500,3,1.1064,26.7394
1500,3,1.1066,26.7612
1500,3,1.10635,26.6965
1500,3,1.10686,26.7183
1500,3,1.10669,26.7336
1500,3,1.10783,26.7853
1500,3,1.11015,27.6384
1500,3,1.11043,27.7206
1500,3,1.10665,26.6563
1500,3,1.10618,26.6804
1500,3,1.1065,26.7501
1500,3,1.10644,26.7225
1500,3,1.10963,26.9093
1500,3,1.10634,26.5718
1500,3,1.10627,26.6522
1500,3,1.10623,26.7198
1500,3,1.10621,26.7054
1500,3,1.10645,26.6896
1500,3,1.10635,26.706
1500,3,1.10618,26.7079
1500,3,1.1061,26.7044
1500,3,1.10613,26.7004
1500,3,1.10617,26.7348
1500,3,1.10595,26.7346
1500,3,1.10613,26.7054
1500,3,1.10725,26.9081
1500,3,1.11313,27.2101
1500,3,1.10625,26.6754
1500,3,1.16044,30.7528
1500,3,1.15503,31.1536
1500,3,1.14181,29.2529
1500,3,1.12922,28.4869
1500,3,1.10447,26.7003
1500,3,1.10724,26.8811
1500,3,1.10317,26.6666
1500,3,1.10462,27.0486
1500,3,1.1073,27.9322
1500,3,1.10475,27.0929
1500,3,1.10279,26.6421
1500,3,1.10285,26.663
1500,3,1.1029,26.6479
1500,3,1.10277,26.6863
1500,3,1.10293,26.7383
1500,3,1.11749,27.5862
1500,3,1.10331,26.6973
1500,3,1.10268,26.7083
1500,3,1.10272,26.6984
1500,3,1.10281,26.6644
1500,3,1.10249,26.5795
1500,3,1.10282,26.6609
1500,3,1.10262,26.657
1500,3,1.10287,26.7032
1500,3,1.10242,26.6432
1500,3,1.10875,27.0538
1500,3,1.10571,26.9729
1500,3,1.10289,26.7118
1500,3,1.10256,26.692
1500,3,1.10274,26.7017
1500,3,1.10606,26.8126
1500,3,1.10399,26.6949
1500,3,1.10333,26.7415
1500,3,1.10301,26.7037
1500,3,1.10298,26.7325
1500,3,1.10324,26.7341
1500,3,1.10288,26.705
1500,3,1.10533,27.4689
1500,3,1.10668,27.7452
1500,3,1.10302,26.7143
1500,3,1.10312,26.7208
1500,3,1.10325,26.7152
1500,3,1.1029,26.7176
1500,3,1.10293,26.7064
1500,3,1.10302,26.7272
1500,3,1.10297,26.732
1500,3,1.10274,26.7225
1500,3,1.10577,27.0195
1500,3,1.10289,26.7166
1500,3,1.10291,26.7334
1500,3,1.10302,26.7376
1500,3,1.10297,26.7445
1500,3,1.10914,27.1937
1500,3,1.10372,26.6479
1500,3,1.10349,26.7435
1500,3,1.14173,29.4829
1500,3,1.14643,29.7157
1500,3,1.10312,26.7604
1500,3,1.10309,26.7153
1500,3,1.10299,26.7192
1500,3,1.10352,26.6706
1500,3,1.10325,26.7657
1500,3,1.10313,26.7248
1500,3,1.10337,26.7534
1500,3,1.1032,26.7402
1500,3,1.10322,26.6495
1500,3,1.10332,26.5449
1500,3,1.10736,27.9462
1500,3,1.10829,27.604
1500,3,1.11484,27.485
1500,3,1.10682,26.9454
1500,3,1.10338,26.6891
1500,3,1.10319,26.7398
1500,3,1.10309,26.7574
1500,3,1.10321,26.7435
1500,3,1.10303,26.7594
1500,3,1.10321,26.7883
1500,3,1.10299,26.7347
1500,3,1.10324,26.7967
1500,3,1.1199,27.3693
1500,3,1.10601,26.6515
1500,3,1.10297,26.6009
1500,3,1.10288,26.8048
1500,3,1.10336,26.8856
1500,3,1.10389,26.8619
1500,3,1.10317,26.7987
1500,3,1.10288,26.7709
1500,3,1.10342,26.845
1500,3,1.10344,26.8108
1500,3,1.10635,27.1053
1500,3,1.10337,26.7759
1500,3,1.10299,26.7598
1500,3,1.1035,26.78
1500,3,1.10294,26.757
1500,3,1.10302,26.7555
1500,3,1.10308,26.7673
1500,3,1.10459,27.1777
1500,3,1.10733,27.9833
1500,3,1.10384,26.9652
1500,3,1.10295,26.7754
1500,3,1.1029,26.7561
1500,3,1.1031,26.7941
1500,3,1.1031,26.7565
1500,3,1.10299,26.7558
1500,3,1.10285,26.7648
1500,3,1.10335,26.783
1500,3,1.10336,26.7651
1500,3,1.12515,27.4789
1500,4,0.81465,23.1759
1500,4,0.813578,23.4394
1500,4,0.814533,23.6332
1500,4,0.814218,23.5315
1500,4,0.815699,23.6953
1500,4,0.813643,23.476
1500,4,0.813562,23.4318
1500,4,0.813487,23.4597
1500,4,0.813658,23.4726
1500,4,0.813554,23.4388
1500,4,0.813902,23.5029
1500,4,0.813446,23.4594
1500,4,0.813562,23.4504
1500,4,0.813742,23.4612
1500,4,0.813425,23.4424
1500,4,0.813686,23.4854
1500,4,0.813496,23.442
1500,4,0.814,23.477
1500,4,0.813802,23.4727
1500,4,0.813771,23.4698
1500,4,0.813967,23.4813
1500,4,0.81389,23.467
1500,4,0.831558,25.2897
1500,4,0.817789,24.5084
1500,4,0.814796,23.678
1500,4,0.817714,24.5162
1500,4,0.817557,24.529
1500,4,0.814257,23.5982
1500,4,0.813745,23.493
1500,4,0.813989,23.4918
1500,4,0.813555,23.4545
1500,4,0.813635,23.4924
1500,4,0.815832,23.7567
1500,4,0.813738,23.4647
1500,4,0.813661,23.4904
1500,4,0.823813,24.0761
1500,4,0.81393,23.4885
1500,4,0.81378,23.4864
1500,4,0.813792,23.4839
1500,4,0.813585,23.4527
1500,4,0.813664,23.486
1500,4,0.813936,23.4962
1500,4,0.813633,23.4657
1500,4,0.813485,23.492
1500,4,0.813643,23.5006
1500,4,0.813753,23.4737
1500,4,0.813621,23.5015
1500,4,0.814215,23.5204
1500,4,0.813463,23.515
1500,4,0.813623,23.4531
1500,4,0.813816,23.4716
1500,4,0.813591,23.2183
1500,4,0.813942,23.3348
1500,4,0.813564,23.4207
1500,4,0.813701,23.4561
1500,4,0.813759,23.453
1500,4,0.813831,23.4471
1500,4,0.813637,23.4183
1500,4,0.813346,23.4457
1500,4,0.813799,23.429
1500,4,0.813851,23.4445
1500,4,0.816043,23.7072
1500,4,0.813374,23.4498
1500,4,0.813585,23.4149
1500,4,0.813552,23.4498
1500,4,0.817151,24.2195
1500,4,0.816708,24.1337
1500,4,0.813779,23.4487
1500,4,0.813329,23.4142
1500,4,0.813542,23.4512
1500,4,0.813363,23.4222
1500,4,0.813622,23.4547
1500,4,0.835245,24.1873
1500,4,0.81338,23.3898
1500,4,0.813697,23.4656
1500,4,0.813784,23.4545
1500,4,0.813566,23.4349
1500,4,0.813608,23.4634
1500,4,0.814494,23.6296
1500,4,0.81377,23.4499
1500,4,0.813538,23.4667
1500,4,0.813533,23.4237
1500,4,0.813739,23.4681
1500,4,0.813745,23.4697
1500,4,0.813806,23.472
1500,4,0.814072,23.4946
1500,4,0.813678,23.4667
1500,4,0.814053,23.4299
1500,4,0.813723,23.3953
1500,4,0.813745,23.4601
1500,4,0.816113,23.7343
1500,4,0.814039,23.4662
1500,4,0.813733,23.465
1500,4,0.813796,23.4636
1500,4,0.814312,23.4791
1500,4,0.819057,23.8334
1500,4,0.822962,24.0266
1500,4,0.814435,23.5103
1500,4,0.813814,23.4675
1500,4,0.813965,23.4409
1500,4,0.813605,23.4781
1500,4,0.813967,23.4713
1500,4,0.813565,23.4725
1500,4,0.813779,23.4702
1500,4,0.813851,23.4564
1500,4,0.81631,24.0806
1500,4,0.817398,24.2264
1500,4,0.814352,23.6091
1500,4,0.813279,23.4738
1500,4,0.832516,24.1647
1500,4,0.814032,23.478
1500,4,0.813893,23.4614
1500,4,0.81371,23.4495
1500,4,0.81357,23.4709
1500,4,0.874435,27.2024
1500,4,0.844038,25.7261
1500,4,0.813984,23.4883
1500,4,0.813793,23.4711
1500,4,0.815742,23.7106
1500,4,0.81399,23.4753
1500,4,0.813943,23.4828
1500,4,0.814513,23.4849
1500,4,0.81392,23.4534
1500,4,0.814574,23.4919
1500,4,0.814022,23.4496
1500,4,0.813856,23.4758
1500,4,0.813928,23.4916
1500,4,0.814049,23.4813
1500,4,0.814075,23.4828
1500,4,0.813959,23.4279
1500,4,0.813868,23.4464
1500,4,0.813998,23.4471
1500,4,0.813861,23.4411
1500,4,0.814347,23.5294
1500,4,0.814077,23.4884
1500,4,0.813942,23.4833
1500,4,0.813869,23.4974
1500,4,0.814035,23.4837
1500,4,0.813874,23.489
1500,4,0.81403,23.489
1500,4,0.814001,23.4904
1500,4,0.813756,23.4909
1500,4,0.813847,23.4548
1500,4,0.814202,23.5169
1500,4,0.813778,23.4946
1500,4,0.832965,24.6171
1500,4,0.817742,24.362
1500,4,0.817543,23.9113
1500,4,0.813904,23.4692
1500,4,0.81385,23.4985
1500,4,0.813428,23.4572
1500,4,0.813391,23.4862
1500,4,0.813676,23.4721
1500,4,0.813902,23.4991
1500,4,0.814011,23.4927
1500,4,0.814975,23.6592
1500,4,0.813689,23.4865
1500,4,0.813538,23.4557
1500,4,0.814161,23.5221
1500,4,0.814053,23.4901
1500,4,0.818274,23.8649
1500,4,0.815106,23.5145
1500,4,0.813611,23.4871
1500,4,0.826132,24.0203
1500,4,0.813682,23.4963
1500,4,0.81398,23.4626
1500,4,0.813911,23.4858
1500,4,0.815208,23.5868
1500,4,0.813783,23.4638
1500,4,0.828322,24.4547
1500,4,0.814205,23.5015
1500,4,0.81379,23.4931
1500,4,0.813861,23.5223
1500,4,0.813592,23.4531
1500,4,0.813884,23.5112
1500,4,0.81387,23.4943
1500,4,0.816137,23.7358
1500,4,0.813649,23.4957
1500,4,0.813389,23.4763
1500,4,0.813362,23.4992
1500,4,0.813867,23.5043
1500,4,0.813787,23.4652
1500,4,0.829814,24.181
1500,4,0.81404,23.4828
1500,4,0.813765,23.4553
1500,4,0.815806,23.8915
1500,4,0.817629,24.3856
1500,4,0.815875,23.9451
1500,4,0.814233,23.4988
1500,4,0.813984,23.5028
1500,4,0.813581,23.4763
1500,4,0.813738,23.4999
1500,4,0.814245,23.5204
1500,4,0.813742,23.439
1500,4,0.813958,23.3826
1500,4,0.813946,23.4775
1500,4,0.813586,23.4623
1500,4,0.814353,23.4738
1500,4,0.814091,23.5097
1500,4,0.814462,23.5255
1500,4,0.814617,23.4936
1500,4,0.814344,23.5158
1500,4,0.81451,23.4901
1500,4,0.814284,23.481
1500,4,0.815169,23.6205
1500,4,0.815341,23.6411
1500,4,0.81438,23.5094
1500,4,0.81504,23.5518
1500,4,0.814175,23.5322
1500,4,0.814196,23.5081
1500,4,0.814121,23.5112
1500,4,0.813871,23.5025
1500,4,0.814282,23.5176
1500,4,0.814182,23.5007
1500,4,0.813937,23.5024
1500,4,0.813832,23.492
1500,4,0.813782,23.4819
1500,4,0.814413,23.5039
1500,4,0.814507,23.5436
1500,4,0.819237,23.9114
1500,4,0.814651,23.5399
1500,4,0.843685,24.934
1500,4,0.843092,27.6733
1500,4,0.839771,25.9424
1500,4,0.826233,24.4666
1500,4,0.849287,26.6338
1500,4,0.809772,24.2325
1500,4,0.804293,23.7719
1500,4,0.799073,23.103
1500,4,0.79845,23.0923
1500,4,0.799466,23.2383
1500,4,0.7984,23.0933
1500,4,0.798159,23.0601
1500,4,0.799627,23.2865
1500,4,0.796995,23.0956
1500,4,0.794915,22.9489
1500,4,0.795397,22.9963
1500,4,0.794773,22.9208
1500,4,0.795139,22.9908
1500,4,0.794872,22.9652
1500,4,0.794983,22.9724
1500,4,0.796285,23.0261
1500,4,0.795188,22.9724
1500,4,0.814153,24.5304
1500,4,0.802437,24.1202
1500,4,0.798332,23.424
1500,4,0.794911,22.9681
1500,4,0.794588,22.9688
1500,4,0.794672,22.9464
1500,4,0.795102,22.9999
1500,5,0.633489,20.832
1500,5,0.63268,20.9194
1500,5,0.632608,21.1679
1500,5,0.63262,21.2003
1500,5,0.632428,21.2499
1500,5,0.632755,21.1937
1500,5,0.63246,21.2084
1500,5,0.632617,21.2482
1500,5,0.655068,22.0787
1500,5,0.632552,21.2294
1500,5,0.632521,21.2656
1500,5,0.63263,21.2604
1500,5,0.632281,21.2514
1500,5,0.632677,21.2911
1500,5,0.632352,21.235
1500,5,0.632884,21.2922
1500,5,0.630542,21.4128
1500,5,0.623401,20.9524
1500,5,0.623233,20.9626
1500,5,0.62323,20.9351
1500,5,0.622993,20.9619
1500,5,0.628849,21.8367
1500,5,0.628545,21.811
1500,5,0.627977,21.6685
1500,5,0.623806,20.9772
1500,5,0.623219,20.9555
1500,5,0.623147,20.9473
1500,5,0.623101,20.957
1500,5,0.622863,20.952
1500,5,0.62319,20.9617
1500,5,0.62324,20.9904
1500,5,0.623142,20.9567
1500,5,0.623067,20.9417
1500,5,0.623006,20.9553
1500,5,0.623179,20.9639
1500,5,0.623161,20.9607
1500,5,0.622919,20.9527
1500,5,0.623177,21.0101
1500,5,0.623073,20.9324
1500,5,0.623059,20.9624
1500,5,0.623351,20.9622
1500,5,0.623015,20.9357
1500,5,0.62302,20.9564
1500,5,0.623067,20.9564
1500,5,0.62289,20.9576
1500,5,0.623083,20.9614
1500,5,0.622933,20.9597
1500,5,0.623203,20.9997
1500,5,0.623392,20.9665
1500,5,0.623279,20.9675
1500,5,0.623003,20.9476
1500,5,0.623171,20.5405
1500,5,0.622838,20.4703
1500,5,0.625679,20.8757
1500,5,0.623105,20.5253
1500,5,0.622983,20.5094
1500,5,0.639505,21.2886
1500,5,0.623317,20.5195
1500,5,0.622867,20.5128
1500,5,0.623158,20.5198
1500,5,0.622909,20.5112
1500,5,0.62333,20.5563
1500,5,0.622972,20.4838
1500,5,0.623312,20.5349
1500,5,0.623229,20.5308
1500,5,0.738913,26.3156
1500,5,0.64891,22.266
1500,5,0.623184,20.525
1500,5,0.622937,20.5283
1500,5,0.623017,20.5657
1500,5,0.62289,20.5299
1500,5,0.623012,20.5333
1500,5,0.623462,20.5611
1500,5,0.627232,21.2525
1500,5,0.627752,21.407
1500,5,0.628828,21.5618
1500,5,0.623028,20.5615
1500,5,0.623072,20.5159
1500,5,0.62306,20.5532
1500,5,0.622895,20.5291
1500,5,0.623114,20.5289
1500,5,0.623045,20.5084
1500,5,0.623149,20.5421
1500,5,0.623267,20.567
1500,5,0.623148,20.5268
1500,5,0.623137,20.5443
1500,5,0.62304,20.5533
1500,5,0.637887,21.5438
1500,5,0.623463,20.5227
1500,5,0.623183,20.5384
1500,5,0.623196,20.5318
1500,5,0.625469,20.82
1500,5,0.622989,20.506
1500,5,0.623084,20.51
1500,5,0.62313,20.5229
1500,5,0.623042,20.5582
1500,5,0.623046,20.5293
1500,5,0.623197,20.5952
1500,5,0.62301,20.5493
1500,5,0.623226,20.5618
1500,5,0.623132,20.5484
1500,5,0.623059,20.5741
1500,5,0.622864,20.5602
1500,5,0.622888,20.551
1500,5,0.633293,21.1657
1500,5,0.623203,20.5897
1500,5,0.622902,20.549
1500,5,0.623136,20.5439
1500,5,0.622928,20.5123
1500,5,0.623021,20.5126
1500,5,0.622955,20.5251
1500,5,0.623019,20.5189
1500,5,0.623914,20.5581
1500,5,0.623292,20.5083
1500,5,0.623101,20.5349
1500,5,0.623126,20.5764
1500,5,0.623105,20.5824
1500,5,0.623343,20.5598
1500,5,0.623053,20.5865
1500,5,0.622839,20.5559
1500,5,0.623324,20.6096
1500,5,0.623167,20.5692
1500,5,0.622945,20.5878
1500,5,0.623156,20.5601
1500,5,0.623115,20.5919
1500,5,0.623916,20.748
1500,5,0.62904,21.5967
1500,5,0.628767,21.5919
1500,5,0.62766,21.3148
1500,5,0.62373,20.6455
1500,5,0.623096,20.577
1500,5,0.623235,20.6121
1500,5,0.623019,20.5161
1500,5,0.623004,20.577
1500,5,0.623127,20.5738
1500,5,0.62302,20.5415
1500,5,0.623241,20.5789
1500,5,0.623008,20.5806
1500,5,0.622917,20.5823
1500,5,0.623088,20.5769
1500,5,0.622936,20.5811
1500,5,0.62289,20.5857
1500,5,0.6231,20.5996
1500,5,0.623096,20.5984
1500,5,0.623004,20.6273
1500,5,0.622919,20.561
1500,5,0.623274,20.6314
1500,5,0.622957,20.6093
1500,5,0.623057,20.5931
1500,5,0.623289,20.5666
1500,5,0.622939,20.5484
1500,5,0.622938,20.5516
1500,5,0.645773,21.5129
1500,5,0.623227,20.5725
1500,5,0.623089,20.5372
1500,5,0.623182,20.5098
1500,5,0.62289,20.5155
1500,5,0.623075,20.5479
1500,5,0.623043,20.502
1500,5,0.62322,20.6118
1500,5,0.623309,20.6104
1500,5,0.62318,20.5907
1500,5,0.623097,20.6123
1500,5,0.623173,20.555
1500,5,0.623057,20.5206
1500,5,0.623479,20.5763
1500,5,0.624891,20.8605
1500,5,0.623014,20.6327
1500,5,0.623299,20.6634
1500,5,0.623183,20.6098
1500,5,0.622967,20.6041
1500,5,0.623173,20.6161
1500,5,0.623061,20.6493
1500,5,0.623047,20.6154
1500,5,0.623875,20.8084
1500,5,0.623066,20.6303
1500,5,0.623077,20.6088
1500,5,0.623156,20.6493
1500,5,0.624659,21.1071
1500,5,0.625754,21.4425
1500,5,0.625615,21.4205
1500,5,0.62421,20.9092
1500,5,0.623055,20.6379
1500,5,0.630263,21.1457
1500,5,0.630762,21.1413
1500,5,0.623135,20.6494
1500,5,0.622933,20.6058
1500,5,0.623109,20.6217
1500,5,0.622979,20.6279
1500,5,0.623042,20.6154
1500,5,0.622973,20.6444
1500,5,0.62319,20.6953
1500,5,0.623058,20.6323
1500,5,0.623064,20.5559
1500,5,0.623091,20.6114
1500,5,0.623301,20.5984
1500,5,0.622971,20.628
1500,5,0.623339,20.6876
1500,5,0.62299,20.6478
1500,5,0.622855,20.6432
1500,5,0.628777,21.1115
1500,5,0.623298,20.6744
1500,5,0.623081,20.6077
1500,5,0.624911,20.8668
1500,5,0.623658,20.6957
1500,5,0.622931,20.622
1500,5,0.622928,20.6193
1500,5,0.623246,20.6741
1500,5,0.623175,20.6251
1500,5,0.623139,20.6466
1500,5,0.622952,20.6541
1500,5,0.62299,20.566
1500,5,0.623074,20.6307
1500,5,0.623396,20.6517
1500,5,0.623183,20.6807
1500,5,0.623009,20.643
1500,5,0.623284,20.6161
1500,5,0.623228,20.5205
1500,5,0.623029,20.5283
1500,5,0.62304,20.5448
1500,5,0.623163,20.6599
1500,5,0.623115,20.6499
1500,5,0.623268,20.6385
1500,5,0.623152,20.6532
1500,5,0.622967,20.6458
1500,5,0.623225,20.6353
1500,5,0.622935,20.613
1500,5,0.623136,20.5821
1500,5,0.623068,20.5514
1500,5,0.623217,20.6227
1500,5,0.623394,20.8123
1500,5,0.625556,21.3751
1500,5,0.625871,21.4438
1500,5,0.625207,21.2625
1500,5,0.62291,20.6701
1500,5,0.623081,20.6821
1500,5,0.622988,20.7089
1500,5,0.623072,20.6703
1500,5,0.622954,20.6659
1500,5,0.623173,20.6484
1500,5,0.623265,20.702
1500,5,0.625445,20.9207
1500,5,0.622924,20.6545
1500,5,0.622924,20.6541
1500,5,0.622883,20.6427
1500,5,0.623531,20.6831
1500,5,0.623135,20.6304
1500,5,0.62288,20.6373
1500,5,0.643935,21.5437
1500,5,0.623062,20.6815
1500,6,0.51674,19.1372
1500,6,0.516394,19.1647
1500,6,0.516394,19.1907
1500,6,0.516516,19.3455
1500,6,0.516214,19.325
1500,6,0.516365,19.314
1500,6,0.516212,19.4331
1500,6,0.516365,19.4149
1500,6,0.516342,19.4413
1500,6,0.516321,19.4382
1500,6,0.516352,19.4366
1500,6,0.516437,19.4594
1500,6,0.516193,19.4091
1500,6,0.516542,19.4099
1500,6,0.516164,19.4552
1500,6,0.516438,19.3732
1500,6,0.516221,19.2891
1500,6,0.516518,19.3887
1500,6,0.51635,19.3541
1500,6,0.516389,19.4231
1500,6,0.51618,19.3577
1500,6,0.517061,19.4761
1500,6,0.517459,19.4195
1500,6,0.516455,19.4031
1500,6,0.516209,19.2846
1500,6,0.516469,19.3663
1500,6,0.516127,19.2928
1500,6,0.516535,19.2948
1500,6,0.516617,19.5195
1500,6,0.516365,19.3969
1500,6,0.51621,19.3218
1500,6,0.517033,19.4359
1500,6,0.516578,19.2943
1500,6,0.516513,19.3659
1500,6,0.516677,19.4628
1500,6,0.517396,19.5144
1500,6,0.532597,20.6878
1500,6,0.519433,20.1807
1500,6,0.519264,20.1356
1500,6,0.518017,19.5928
1500,6,0.517089,19.8657
1500,6,0.517583,19.9509
1500,6,0.517924,20.0214
1500,6,0.517111,19.6419
1500,6,0.516215,19.389
1500,6,0.516349,19.2238
1500,6,0.516241,19.2098
1500,6,0.516355,19.2382
1500,6,0.516196,19.2701
1500,6,0.516326,19.1788
1500,6,0.516265,19.177
1500,6,0.516269,19.0996
1500,6,0.516423,19.0854
1500,6,0.516332,19.1008
1500,6,0.516134,19.0804
1500,6,0.516173,19.0941
1500,6,0.536214,19.9755
1500,6,0.516251,19.0587
1500,6,0.516286,19.1218
1500,6,0.516328,19.0665
1500,6,0.516244,19.061
1500,6,0.516331,19.1263
1500,6,0.516274,19.0611
1500,6,0.516303,19.0737
1500,6,0.51623,19.0651
1500,6,0.516377,19.1065
1500,6,0.51628,19.0641
1500,6,0.516252,19.111
1500,6,0.516184,19.0795
1500,6,0.62142,23.8549
1500,6,0.557509,22.3835
1500,6,0.518116,19.2088
1500,6,0.516382,19.0926
1500,6,0.516482,19.1115
1500,6,0.516151,19.0604
1500,6,0.516715,19.1102
1500,6,0.516249,19.0817
1500,6,0.516344,19.0971
1500,6,0.516161,19.0542
1500,6,0.518431,19.4669
1500,6,0.516318,19.0737
1500,6,0.516336,19.0993
1500,6,0.516343,19.0618
1500,6,0.51654,19.1091
1500,6,0.516172,19.0642
1500,6,0.516406,19.0605
1500,6,0.516288,19.1007
1500,6,0.516388,19.1076
1500,6,0.512432,18.9185
1500,6,0.512263,18.9599
1500,6,0.512357,18.9149
1500,6,0.512148,18.9308
1500,6,0.512286,18.9575
1500,6,0.512147,18.9303
1500,6,0.512031,18.922
1500,6,0.51221,18.9223
1500,6,0.512177,18.9187
1500,6,0.512036,18.9429
1500,6,0.512137,18.9625
1500,6,0.512134,18.9104
1500,6,0.512107,18.9241
1500,6,0.511955,18.9143
1500,6,0.512382,18.9628
1500,6,0.512697,19.2457
1500,6,0.513396,19.566
1500,6,0.513294,19.6026
1500,6,0.513252,19.5823
1500,6,0.512411,19.1604
1500,6,0.512134,18.9586
1500,6,0.51214,18.9207
1500,6,0.512187,18.9269
1500,6,0.512964,18.9662
1500,6,0.515549,19.2017
1500,6,0.512142,18.9146
1500,6,0.525702,19.6572
1500,6,0.512223,18.9554
1500,6,0.512126,18.9672
1500,6,0.512067,18.9306
1500,6,0.512787,18.9893
1500,6,0.512235,18.9199
1500,6,0.512099,18.9218
1500,6,0.512236,18.9319
1500,6,0.512329,18.9277
1500,6,0.5122,18.9233
1500,6,0.512962,19.1357
1500,6,0.51296,19.0946
1500,6,0.512054,18.919
1500,6,0.512224,18.928
1500,6,0.512135,18.9509
1500,6,0.512121,18.9177
1500,6,0.512129,18.9193
1500,6,0.512047,18.913
1500,6,0.512112,18.9249
1500,6,0.512121,18.9392
1500,6,0.512389,18.9946
1500,6,0.512112,18.9393
1500,6,0.512058,18.9236
1500,6,0.512182,18.9459
1500,6,0.515198,19.202
1500,6,0.512219,18.9147
1500,6,0.512033,18.9688
1500,6,0.512179,18.9178
1500,6,0.512198,18.9248
1500,6,0.512283,18.9334
1500,6,0.512149,18.9301
1500,6,0.512122,18.9583
1500,6,0.512136,18.9407
1500,6,0.512301,18.9199
1500,6,0.51279,19.1142
1500,6,0.512323,19.0175
1500,6,0.512135,18.9537
1500,6,0.512272,18.9282
1500,6,0.51222,18.9176
1500,6,0.525753,19.9584
1500,6,0.512116,18.9149
1500,6,0.515493,19.2488
1500,6,0.512137,18.9787
1500,6,0.51216,18.9176
1500,6,0.512225,18.9241
1500,6,0.512188,18.9323
1500,6,0.512086,18.9124
1500,6,0.512122,18.9656
1500,6,0.512134,18.9223
1500,6,0.512126,18.9125
1500,6,0.512106,18.9243
1500,6,0.51218,18.939
1500,6,0.512162,18.9456
1500,6,0.512966,19.3904
1500,6,0.513454,19.5765
1500,6,0.513279,19.5847
1500,6,0.513199,19.5278
1500,6,0.514783,19.2336
1500,6,0.542081,21.4937
1500,6,0.562794,22.9984
1500,6,0.548201,22.5195
1500,6,0.554177,22.7758
1500,6,0.538831,22.332
1500,6,0.543872,22.0739
1500,6,0.540512,21.9816
1500,6,0.537099,21.8791
1500,6,0.544708,22.2263
1500,6,0.538122,21.9323
1500,6,0.533925,21.7446
1500,6,0.541128,22.0681
1500,6,0.537452,21.9393
1500,6,0.533806,21.7814
1500,6,0.537423,21.9317
1500,6,0.537601,21.9539
1500,6,0.537487,22.0548
1500,6,0.534155,21.7576
1500,6,0.537622,21.9418
1500,6,0.53564,21.9226
1500,6,0.539256,22.0333
1500,6,0.534944,21.8677
1500,6,0.5376,21.9382
1500,6,0.537621,22.022
1500,6,0.564477,23.0815
1500,6,0.543324,22.0317
1500,6,0.550296,22.3603
1500,6,0.544203,22.1685
1500,6,0.543921,22.1724
1500,6,0.542839,22.1378
1500,6,0.541744,22.1024
1500,6,0.543213,22.1285
1500,6,0.544592,22.2228
1500,6,0.540814,22.092
1500,6,0.540377,21.9989
1500,6,0.544156,22.208
1500,6,0.540734,22.0997
1500,6,0.548502,22.4816
1500,6,0.549692,22.265
1500,6,0.544267,22.3082
1500,6,0.545636,22.0707
1500,6,0.524865,20.2521
1500,6,0.528952,20.6652
1500,6,0.525353,20.2962
1500,6,0.522378,19.7222
1500,6,0.527235,20.0521
1500,6,0.520288,19.6731
1500,6,0.530971,20.5235
1500,6,0.526305,19.9741
1500,6,0.520873,20.0142
1500,6,0.523992,20.0517
1500,6,0.51703,19.3257
1500,6,0.517867,19.634
1500,6,0.522474,20.2852
1500,6,0.518302,19.6887
1500,6,0.513198,18.9904
1500,6,0.525093,19.9444
1500,6,0.517153,19.9013
1500,6,0.517497,19.9833
1500,6,0.564115,22.4418
1500,6,0.67113,27.8234
1500,6,0.585246,25.5179
1500,6,0.572268,25.2693
1500,6,0.54813,21.876
1500,6,0.553645,22.436
1500,6,0.520391,19.8201
1500,6,0.520787,19.9179
1500,6,0.565672,22.6108
1500,6,0.545008,20.2596
1500,6,0.541941,20.0978
1500,6,0.518177,19.4735
1500,6,0.527567,20.2008
1500,6,0.520987,19.6949
1500,6,0.517001,19.3609
1500,6,0.513471,19.2138
1500,6,0.521102,19.8634
1500,6,0.512629,19.1066
1500,6,0.512587,19.1033
1500,7,0.449394,18.5105
1500,7,0.450044,18.7203
1500,7,0.449852,18.8504
1500,7,0.449933,18.8544
1500,7,0.450447,18.9663
1500,7,0.450004,18.8959
1500,7,0.450997,19.0173
1500,7,0.4538,19.3372
1500,7,0.467126,19.9752
1500,7,0.455658,19.1601
1500,7,0.461521,19.4692
1500,7,0.551772,23.7172
1500,7,0.631866,25.7581
1500,7,0.627948,25.6184
1500,7,0.475396,21.5523
1500,7,0.472692,21.5973
1500,7,0.477325,21.4999
1500,7,0.497252,22.2922
1500,7,0.462736,19.9581
1500,7,0.455428,19.3075
1500,7,0.460291,19.6004
1500,7,0.454136,19.4437
1500,7,0.452173,19.6587
1500,7,0.447632,19.1956
1500,7,0.444353,18.7883
1500,7,0.448454,19.4726
1500,7,0.584473,24.162
1500,7,0.632538,25.8318
1500,7,0.61426,25.0465
1500,7,0.543483,23.3618
1500,7,0.464609,21.1214
1500,7,0.469475,21.5975
1500,7,0.468535,21.0634
1500,7,0.455249,19.7155
1500,7,0.449054,19.2988
1500,7,0.586346,24.2393
1500,7,0.617251,25.3334
1500,7,0.598173,24.7119
1500,7,0.547786,23.3916
1500,7,0.462349,21.0673
1500,7,0.467859,21.512
1500,7,0.465727,20.8974
1500,7,0.477941,21.32
1500,7,0.510648,21.1242
1500,7,0.516159,21.642
1500,7,0.494871,20.8505
1500,7,0.445722,18.9787
1500,7,0.448385,19.2186
1500,7,0.449297,19.184
1500,7,0.455401,19.4279
1500,7,0.446396,19.2131
1500,7,0.442322,18.4714
1500,7,0.455584,19.7232
1500,7,0.444468,18.6589
1500,7,0.447143,18.8995
1500,7,0.455585,19.6201
1500,7,0.460959,19.4965
1500,7,0.439036,18.2528
1500,7,0.439429,18.2715
1500,7,0.441374,18.4364
1500,7,0.444178,19.0428
1500,7,0.57016,23.4213
1500,7,0.466426,20.9427
1500,7,0.511875,22.4025
1500,7,0.563914,23.4965
1500,7,0.463455,20.9085
1500,7,0.468841,21.1135
1500,7,0.464859,20.5964
1500,7,0.449857,18.9672
1500,7,0.451249,19.0576
1500,7,0.478157,20.3944
1500,7,0.457389,19.4414
1500,7,0.459168,19.368
1500,7,0.451902,19.0668
1500,7,0.445036,18.6048
1500,7,0.472584,19.5125
1500,7,0.539324,22.6979
1500,7,0.533421,22.4011
1500,7,0.439042,18.2138
1500,7,0.440072,18.3365
1500,7,0.441076,18.3912
1500,7,0.517096,21.6618
1500,7,0.451501,18.7425
1500,7,0.464935,19.3953
1500,7,0.440478,18.3842
1500,7,0.440706,18.3107
1500,7,0.443662,18.5543
1500,7,0.446935,18.799
1500,7,0.443778,18.6591
1500,7,0.442157,18.4957
1500,7,0.442281,18.5982
1500,7,0.468706,20.2534
1500,7,0.48839,21.7858
1500,7,0.600695,26.7062
1500,7,0.609543,27.1917
1500,7,0.623432,27.7239
1500,7,0.559558,25.1541
1500,7,0.490385,22.3806
1500,7,0.525696,23.489
1500,7,0.505494,22.1838
1500,7,0.504599,22.8054
1500,7,0.488416,21.4686
1500,7,0.520522,22.1437
1500,7,0.588643,24.7298
1500,7,0.618483,25.0342
1500,7,0.598019,24.1766
1500,7,0.544731,22.997
1500,7,0.45918,20.7175
1500,7,0.470779,21.2377
1500,7,0.539354,22.6644
1500,7,0.494528,21.2356
1500,7,0.516167,21.2523
1500,7,0.510824,21.0894
1500,7,0.465187,19.2145
1500,7,0.453833,19.3999
1500,7,0.560151,24.9116
1500,7,0.616587,26.5057
1500,7,0.610505,24.7096
1500,7,0.460771,20.6657
1500,7,0.463567,20.7974
1500,7,0.58566,25.6768
1500,7,0.538569,23.7394
1500,7,0.46402,19.9019
1500,7,0.464213,19.4469
1500,7,0.579093,23.7966
1500,7,0.61411,24.7751
1500,7,0.596483,24.0359
1500,7,0.512888,22.0345
1500,7,0.452988,20.4931
1500,7,0.475931,21.4696
1500,7,0.488721,21.1885
1500,7,0.466483,20.1032
1500,7,0.445338,18.7577
1500,7,0.442626,18.481
1500,7,0.442193,18.5861
1500,7,0.450552,19.2561
1500,7,0.483083,21.6388
1500,7,0.462153,20.9335
1500,7,0.583948,24.4036
1500,7,0.598534,24.7106
1500,7,0.614122,24.8719
1500,7,0.502457,22.2977
1500,7,0.456488,20.0156
1500,7,0.451092,19.294
1500,7,0.447987,18.9235
1500,7,0.479021,20.5625
1500,7,0.463893,19.7196
1500,7,0.447092,18.9237
1500,7,0.441462,18.4433
1500,7,0.44754,18.9485
1500,7,0.459851,19.9663
1500,7,0.47178,21.4274
1500,7,0.437955,18.2304
1500,7,0.444292,18.9345
1500,7,0.443204,18.6502
1500,7,0.461709,19.3084
1500,7,0.436817,18.1076
1500,7,0.455382,18.7296
1500,7,0.436356,18.1
1500,7,0.445021,18.4627
1500,7,0.458678,19.2875
1500,7,0.470966,21.1904
1500,7,0.44591,18.7029
1500,7,0.439595,19.0644
1500,7,0.567997,23.3649
1500,7,0.60096,24.3421
1500,7,0.60172,24.1039
1500,7,0.625848,25.0547
1500,7,0.535169,22.6056
1500,7,0.464368,20.8926
1500,7,0.492611,21.6351
1500,7,0.464953,20.7302
1500,7,0.442314,18.5506
1500,7,0.450191,19.1659
1500,7,0.44165,18.6161
1500,7,0.443425,18.9204
1500,7,0.469903,20.6633
1500,7,0.521791,22.7778
1500,7,0.521495,22.0877
1500,7,0.510772,20.5902
1500,7,0.44682,18.582
1500,7,0.44177,18.4443
1500,7,0.476438,19.7864
1500,7,0.548764,22.7678
1500,7,0.463688,21.0385
1500,7,0.562282,23.7952
1500,7,0.503102,21.9579
1500,7,0.471852,21.2786
1500,7,0.497436,21.7347
1500,7,0.465619,20.5132
1500,7,0.466379,19.3752
1500,7,0.463074,19.5767
1500,7,0.573217,23.5048
1500,7,0.464071,20.6409
1500,7,0.485304,21.8596
1500,7,0.590282,24.197
1500,7,0.460312,20.7996
1500,7,0.503321,22.3013
1500,7,0.461149,20.3473
1500,7,0.455859,19.3867
1500,7,0.440103,18.2955
1500,7,0.437775,18.1756
1500,7,0.444597,18.7268
1500,7,0.443943,19.1577
1500,7,0.58152,23.9452
1500,7,0.619392,24.9415
1500,7,0.597732,24.0332
1500,7,0.550217,23.1346
1500,7,0.461528,20.8582
1500,7,0.466829,21.2734
1500,7,0.464409,20.6981
1500,7,0.464574,20.4352
1500,7,0.447474,18.811
1500,7,0.473048,20.3538
1500,7,0.468331,19.8161
1500,7,0.447398,18.9597
1500,7,0.444912,18.725
1500,7,0.448867,19.0676
1500,7,0.486864,20.739
1500,7,0.548598,23.4367
1500,7,0.448879,18.8438
1500,7,0.442864,18.5749
1500,7,0.438542,18.1833
1500,7,0.46223,19.3154
1500,7,0.437741,18.3212
1500,7,0.438664,18.3906
1500,7,0.454366,19.9738
1500,7,0.448192,18.9877
1500,7,0.441818,19.3304
1500,7,0.527928,22.1846
1500,7,0.499687,21.9993
1500,7,0.473854,21.5342
1500,7,0.601612,24.6144
1500,7,0.454556,20.6023
1500,7,0.49234,21.9999
1500,7,0.468133,20.8342
1500,7,0.450228,19.3296
1500,7,0.446217,18.8736
1500,7,0.454538,18.9622
1500,7,0.452866,19.2239
1500,7,0.502946,21.3048
1500,7,0.524695,21.8382
1500,7,0.618297,24.8603
1500,7,0.609986,24.4954
1500,7,0.596946,24.3723
1500,7,0.50826,22.6569
1500,7,0.49663,22.4082
1500,7,0.462566,20.3387
1500,7,0.454317,19.6055
1500,7,0.444177,18.8207
1500,8,0.481868,21.5086
1500,8,0.525839,23.624
1500,8,0.506084,22.9113
1500,8,0.546739,24.3475
1500,8,0.547795,24.2682
1500,8,0.551329,24.5517
1500,8,0.553651,24.8809
1500,8,0.554659,24.8355
1500,8,0.463909,21.5335
1500,8,0.434054,20.2965
1500,8,0.519684,23.1818
1500,8,0.436968,19.9351
1500,8,0.414587,19.363
1500,8,0.400725,18.806
1500,8,0.41598,19.2965
1500,8,0.533573,24.2056
1500,8,0.548131,24.4712
1500,8,0.534502,23.7413
1500,8,0.563369,25.0225
1500,8,0.621554,27.1371
1500,8,0.635663,27.7411
1500,8,0.636119,27.7915
1500,8,0.566542,25.0448
1500,8,0.378399,17.6762
1500,8,0.378239,17.6632
1500,8,0.378381,17.7247
1500,8,0.378032,17.6718
1500,8,0.378482,17.6635
1500,8,0.378163,17.709
1500,8,0.378306,17.6481
1500,8,0.378375,17.6649
1500,8,0.378163,17.7012
1500,8,0.37797,17.7038
1500,8,0.416135,19.2557
1500,8,0.378195,17.6628
1500,8,0.37872,17.7236
1500,8,0.378168,17.6939
1500,8,0.378281,17.6917
1500,8,0.378706,17.73
1500,8,0.378295,17.6958
1500,8,0.377893,17.6997
1500,8,0.378248,17.6748
1500,8,0.378006,17.6746
1500,8,0.378389,17.752
1500,8,0.379044,17.7349
1500,8,0.379087,17.7142
1500,8,0.379163,17.7318
1500,8,0.379009,17.7122
1500,8,0.378994,17.7153
1500,8,0.406092,18.7562
1500,8,0.379093,17.7509
1500,8,0.379101,17.4516
1500,8,0.379385,17.4606
1500,8,0.379116,17.4533
1500,8,0.379078,17.443
1500,8,0.379252,17.4924
1500,8,0.379067,17.4563
1500,8,0.379169,17.4554
1500,8,0.379194,17.4511
1500,8,0.379165,17.4774
1500,8,0.379222,17.5019
1500,8,0.37925,17.4369
1500,8,0.379121,17.446
1500,8,0.379029,17.4511
1500,8,0.379105,17.4766
1500,8,0.3783,17.4949
1500,8,0.377606,17.413
1500,8,0.376291,17.3894
1500,8,0.376411,17.4226
1500,8,0.399433,18.2268
1500,8,0.454113,20.2835
1500,8,0.45311,20.1724
1500,8,0.455213,20.2676
1500,8,0.434417,19.4856
1500,8,0.376261,17.3571
1500,8,0.376828,17.3195
1500,8,0.376391,17.3498
1500,8,0.376258,17.3787
1500,8,0.376498,17.4179
1500,8,0.376685,17.3722
1500,8,0.376376,17.4335
1500,8,0.376208,17.3797
1500,8,0.376233,17.3775
1500,8,0.376699,17.4243
1500,8,0.376298,17.4151
1500,8,0.376394,17.3781
1500,8,0.376776,17.4304
1500,8,0.376704,17.3596
1500,8,0.376433,17.4431
1500,8,0.376297,17.4013
1500,8,0.376373,17.4458
1500,8,0.376463,17.4038
1500,8,0.376503,17.4386
1500,8,0.37626,17.4147
1500,8,0.376112,17.4086
1500,8,0.376063,17.4101
1500,8,0.374309,17.3477
1500,8,0.374379,17.3449
1500,8,0.373982,17.3519
1500,8,0.377514,17.4707
1500,8,0.374412,17.3837
1500,8,0.374097,17.3607
1500,8,0.373912,17.361
1500,8,0.37423,17.3504
1500,8,0.37414,17.3555
1500,8,0.374038,17.4033
1500,8,0.374264,17.3071
1500,8,0.374405,17.2857
1500,8,0.374341,17.3485
1500,8,0.374192,17.3651
1500,8,0.392773,18.0387
1500,8,0.418109,19.125
1500,8,0.374353,17.3088
1500,8,0.375214,17.3881
1500,8,0.374171,17.3981
1500,8,0.374486,17.363
1500,8,0.374153,17.3503
1500,8,0.374554,17.4215
1500,8,0.374498,17.3538
1500,8,0.374457,17.415
1500,8,0.374278,17.3911
1500,8,0.374158,17.3632
1500,8,0.374183,17.4331
1500,8,0.37408,17.3928
1500,8,0.373942,17.354
1500,8,0.374136,17.4007
1500,8,0.3743,17.3848
1500,8,0.37303,17.3452
1500,8,0.373283,17.3139
1500,8,0.373053,17.3019
1500,8,0.373036,17.3301
1500,8,0.372944,17.3728
1500,8,0.372927,17.3431
1500,8,0.37352,17.3462
1500,8,0.373203,17.3556
1500,8,0.372901,17.37
1500,8,0.3734,17.34
1500,8,0.373047,17.3597
1500,8,0.373595,17.3418
1500,8,0.373888,17.2969
1500,8,0.374234,17.427
1500,8,0.373083,17.3645
1500,8,0.372744,17.3438
1500,8,0.373226,17.3248
1500,8,0.373032,17.3866
1500,8,0.373094,17.34
1500,8,0.372881,17.3429
1500,8,0.373394,17.3701
1500,8,0.373063,17.2925
1500,8,0.373008,17.3492
1500,8,0.372915,17.2805
1500,8,0.372892,17.379
1500,8,0.373245,17.4069
1500,8,0.373976,17.4102
1500,8,0.373033,17.3823
1500,8,0.373048,17.3695
1500,8,0.44218,19.8533
1500,8,0.454776,20.3602
1500,8,0.455902,20.3702
1500,8,0.439372,19.6749
1500,8,0.374455,17.2878
1500,8,0.373769,17.3343
1500,8,0.374091,17.4448
1500,8,0.373307,17.3711
1500,8,0.374178,17.4069
1500,8,0.394694,18.3654
1500,8,0.385583,17.9451
1500,8,0.373416,17.4036
1500,8,0.373752,17.3985
1500,8,0.373866,17.3493
1500,8,0.377208,17.4292
1500,8,0.397775,18.2254
1500,8,0.383003,17.6384
1500,8,0.376651,17.3655
1500,8,0.376338,17.4492
1500,8,0.376442,17.4378
1500,8,0.376574,17.5069
1500,8,0.37686,17.4994
1500,8,0.376529,17.453
1500,8,0.376861,17.5069
1500,8,0.402403,18.4191
1500,8,0.376493,17.4941
1500,8,0.37821,17.5178
1500,8,0.376606,17.4576
1500,8,0.376548,17.4056
1500,8,0.376485,17.4944
1500,8,0.376354,17.452
1500,8,0.376616,17.4448
1500,8,0.376263,17.4787
1500,8,0.376375,17.5295
1500,8,0.412844,19.0292
1500,8,0.376451,17.4674
1500,8,0.376509,17.478
1500,8,0.376722,17.3946
1500,8,0.3768,17.4657
1500,8,0.376474,17.4502
1500,8,0.376276,17.4459
1500,8,0.376588,17.5236
1500,8,0.376579,17.4746
1500,8,0.376691,17.521
1500,8,0.376503,17.4884
1500,8,0.376571,17.5378
1500,8,0.376457,17.5208
1500,8,0.376362,17.4626
1500,8,0.376539,17.4754
1500,8,0.376766,17.491
1500,8,0.376821,17.5026
1500,8,0.376822,17.5283
1500,8,0.37664,17.5323
1500,8,0.376776,17.4896
1500,8,0.376855,17.5349
1500,8,0.377023,17.5341
1500,8,0.376798,17.536
1500,8,0.376876,17.4927
1500,8,0.376706,17.4831
1500,8,0.452449,20.7562
1500,8,0.436489,20.3433
1500,8,0.432599,20.274
1500,8,0.377559,17.5257
1500,8,0.411979,19.1646
1500,8,0.378802,17.5369
1500,8,0.376964,17.4527
1500,8,0.376995,17.5375
1500,8,0.3771,17.4958
1500,8,0.377068,17.5443
1500,8,0.376781,17.5412
1500,8,0.376926,17.5403
1500,8,0.377224,17.4914
1500,8,0.377044,17.54
1500,8,0.377278,17.571
1500,8,0.376967,17.5229
1500,8,0.377115,17.5338
1500,8,0.377027,17.5166
1500,8,0.404496,18.4827
1500,8,0.377073,17.3964
1500,8,0.376935,17.4707
1500,8,0.377049,17.5598
1500,8,0.377051,17.5387
1500,8,0.376923,17.549
1500,8,0.377182,17.5707
1500,8,0.376918,17.5268
1500,8,0.419048,19.1179
1500,8,0.449379,20.1885
1500,8,0.452777,20.3517
1500,8,0.448785,20.2143
1500,8,0.377258,17.4082
1500,8,0.377094,17.4201
1500,8,0.377169,17.544
1500,8,0.375275,17.4784
1500,8,0.375391,17.4265
1500,9,3.98598,150.327
1500,9,3.97737,149.784
1500,9,3.97408,149.823
1500,9,3.97258,149.582
1500,9,3.96777,149.521
1500,9,3.98098,150.083
1500,9,3.97174,149.69
1500,9,3.97823,149.774
1500,9,3.96975,149.318
1500,9,3.97927,149.699
1500,9,3.96458,149.077
1500,9,0.886344,36.184
1500,9,3.91727,147.498
1500,9,3.91976,147.363
1500,9,3.82751,144.213
1500,9,3.8095,143.402
1500,9,3.83124,143.997
1500,9,3.94137,148.075
1500,9,3.94548,150.471
1500,9,3.89427,147.186
1500,9,3.86185,145.333
1500,9,3.86018,145
1500,9,3.86251,145.375
1500,9,3.8625,145.55
1500,9,3.86281,145.517
1500,9,3.8607,145.277
1500,9,3.86084,145.106
1500,9,3.90213,146.467
1500,9,3.88882,145.966
1500,9,3.8872,145.923
1500,9,3.88543,145.86
1500,9,3.88852,145.88
1500,9,3.88607,146.171
1500,9,3.88739,145.714
1500,9,3.8755,145.668
1500,9,3.79447,142.571
1500,9,3.79559,143.689
1500,9,3.79672,142.611
1500,9,3.79574,143.1
1500,9,3.79562,142.622
1500,9,3.79328,142.523
1500,9,3.79025,142.375
1500,9,3.79119,142.217
1500,9,3.78994,142.055
1500,9,3.78631,142.224
1500,9,3.78738,142.204
1500,9,3.78116,142.081
1500,9,3.78237,141.719
1500,9,3.78411,142.601
1500,9,3.78539,142.194
1500,9,3.78526,141.822
1500,9,3.52089,131.891
1500,9,3.78985,139.911
1500,9,3.7863,139.724
1500,9,3.7902,139.935
1500,9,3.78758,139.678
1500,9,3.78968,139.747
1500,9,3.78622,139.994
1500,9,3.78972,139.787
1500,9,3.78689,139.455
1500,9,3.7896,139.95
1500,9,3.78707,139.641
1500,9,3.79135,139.785
1500,9,3.78713,139.62
1500,9,3.79151,140.094
1500,9,3.7874,139.619
1500,9,3.79085,139.927
1500,9,3.7866,139.639
1500,9,3.79023,139.697
1500,9,3.78684,139.644
1500,9,3.79072,140.04
1500,9,3.78691,139.507
1500,9,3.78996,139.852
1500,9,3.78711,139.659
1500,9,3.79088,139.753
1500,9,3.78641,139.567
1500,9,3.79468,141.086
1500,9,3.7871,139.602
1500,9,3.78938,139.663
1500,9,3.78713,139.729
1500,9,3.79139,139.861
1500,9,3.78739,139.57
1500,9,3.79081,139.722
1500,9,3.78739,139.633
1500,9,3.79037,139.897
1500,9,3.78689,139.665
1500,9,3.7915,140.033
1500,9,3.78657,139.663
1500,9,3.79061,139.847
1500,9,3.78791,139.517
1500,9,3.79049,139.899
1500,9,3.78672,139.62
1500,9,3.79061,139.687
1500,9,3.78803,139.518
1500,9,3.79039,139.602
1500,9,3.78759,139.466
1500,9,3.79084,139.975
1500,9,3.79109,142.153
1500,9,3.86245,143.055
1500,9,3.86899,142.389
1500,9,3.87428,142.75
1500,9,3.8656,142.31
1500,9,3.87155,142.549
1500,9,3.8705,142.511
1500,9,3.87198,142.755
1500,9,3.8619,142.211
1500,9,3.76987,139.041
1500,9,3.77023,138.952
1500,9,3.77175,139.044
1500,9,3.76959,138.911
1500,9,3.77391,139.04
1500,9,3.77194,138.79
1500,9,3.76974,139.153
1500,9,3.77065,138.933
1500,9,3.77533,139.332
1500,9,3.77079,139.002
1500,9,3.78337,140.774
1500,9,3.83205,141.35
1500,9,3.83511,141.83
1500,9,3.7761,139.062
1500,9,3.75069,138.4
1500,9,3.74145,137.941
1500,9,3.77009,138.975
1500,9,3.78839,139.599
1500,9,3.79347,139.747
1500,9,3.7909,140.032
1500,9,3.79314,139.832
1500,9,3.79034,139.652
1500,9,3.79519,139.829
1500,9,3.79032,139.623
1500,9,3.79202,140.108
1500,9,3.78853,139.643
1500,9,3.79482,139.855
1500,9,3.79265,139.83
1500,9,3.79593,140.035
1500,9,3.79076,139.615
1500,9,3.79417,139.971
1500,9,3.7785,139.068
1500,9,3.73169,137.689
1500,9,3.72523,137.391
1500,9,3.71358,136.98
1500,9,3.69258,136.349
1500,9,3.70024,136.986
1500,9,3.69109,136.21
1500,9,3.6873,136.116
1500,9,3.69394,136.124
1500,9,3.68796,136.237
1500,9,3.68722,135.94
1500,9,3.6925,136.164
1500,9,3.6893,136.067
1500,9,3.6966,136.39
1500,9,3.70129,136.476
1500,9,3.82097,140.867
1500,9,3.81721,140.624
1500,9,3.82037,140.604
1500,9,3.81385,140.638
1500,9,3.18729,119.404
1500,9,3.78333,139.409
1500,9,3.78712,139.677
1500,9,3.7836,139.438
1500,9,3.78737,139.89
1500,9,3.78376,139.53
1500,9,3.85633,142.009
1500,9,3.8625,142.159
1500,9,3.86272,142.455
1500,9,3.85961,142.259
1500,9,3.86563,142.584
1500,9,3.86025,142.301
1500,9,3.86357,142.423
1500,9,3.86123,142.199
1500,9,3.86281,142.454
1500,9,3.85926,142.311
1500,9,3.8639,142.298
1500,9,3.86013,142.168
1500,9,3.86185,142.358
1500,9,3.8597,142.307
1500,9,3.86437,144.741
1500,9,3.90945,144.833
1500,9,3.87353,142.664
1500,9,3.86759,142.66
1500,9,3.87479,142.835
1500,9,3.87041,142.792
1500,9,3.87314,142.68
1500,9,3.86975,142.569
1500,9,3.87215,142.632
1500,9,3.89088,143.224
1500,9,3.93073,144.595
1500,9,3.9268,144.418
1500,9,3.93127,144.482
1500,9,3.92744,144.414
1500,9,3.93045,144.577
1500,9,3.92742,144.631
1500,9,3.92853,144.588
1500,9,3.92838,144.531
1500,9,3.92951,144.679
1500,9,3.92991,150.392
1500,9,3.93175,147.029
1500,9,3.92539,144.624
1500,9,3.92943,145.539
1500,9,3.92875,144.451
1500,9,3.93168,144.955
1500,9,3.92794,144.452
1500,9,3.92976,144.609
1500,9,3.92842,144.593
1500,9,3.93192,144.743
1500,9,3.92735,144.099
1500,9,3.93006,144.958
1500,9,3.92717,144.415
1500,9,3.92903,144.689
1500,9,3.92734,144.563
1500,9,3.92971,144.592
1500,9,3.92833,144.377
1500,9,3.92962,144.836
1500,9,3.92646,144.287
1500,9,3.93039,144.76
1500,9,3.92663,144.406
1500,9,3.92872,144.576
1500,9,3.92786,144.306
1500,9,3.92999,144.567
1500,9,3.92642,144.687
1500,9,3.92901,144.477
1500,9,3.92773,144.425
1500,9,3.92908,144.684
1500,9,3.92676,144.324
1500,9,3.93005,144.454
1500,9,3.9285,144.542
1500,9,3.9126,144.067
1500,9,3.85454,142.087
1500,9,3.85718,142.044
1500,9,3.85715,142.389
1500,9,3.85855,142.221
1500,9,3.85197,141.929
1500,9,3.85814,142.102
1500,9,3.85559,141.949
1500,9,3.85866,143.407
1500,9,3.85424,141.847
1500,9,3.8569,142.188
1500,9,3.85297,142.121
1500,9,3.85553,142.041
1500,9,3.85566,141.726
1500,9,3.85723,142.132
1500,9,3.88772,143.101
1500,9,3.84949,141.856
1500,9,3.84454,141.577
1500,9,3.80673,140.389
1500,9,3.77927,139.324
1500,9,3.78062,139.329
1500,9,3.77861,138.958
1500,9,3.78164,139.375
1500,9,3.77775,139.161
1500,10,3.57428,135.095
1500,10,3.53838,133.851
1500,10,3.56486,134.322
1500,10,3.57331,135.683
1500,10,3.54622,136.135
1500,10,3.42701,129.276
1500,10,3.42777,129.011
1500,10,3.3926,127.682
1500,10,3.38272,127.328
1500,10,3.39063,127.899
1500,10,3.38783,127.443
1500,10,3.38636,127.582
1500,10,3.38346,127.364
1500,10,3.41915,128.562
1500,10,3.48988,131.187
1500,10,3.49599,131.362
1500,10,3.49356,131.501
1500,10,3.49633,131.336
1500,10,3.4918,131.241
1500,10,3.49472,131.273
1500,10,3.49202,131.435
1500,10,3.49404,131.285
1500,10,3.49235,131.3
1500,10,3.4934,131.256
1500,10,3.49119,131.262
1500,10,3.49372,131.321
1500,10,3.49284,132.556
1500,10,3.49187,131.432
1500,10,3.48797,131.222
1500,10,3.49485,131.452
1500,10,3.48993,131.21
1500,10,3.49551,131.358
1500,10,3.49208,131.527
1500,10,3.49519,131.35
1500,10,3.49074,131.214
1500,10,3.49291,131.267
1500,10,3.49223,131.266
1500,10,3.49621,131.495
1500,10,3.49047,131.324
1500,10,3.49483,131.37
1500,10,3.48944,131.653
1500,10,3.49667,131.368
1500,10,3.49061,131.323
1500,10,3.49428,131.378
1500,10,3.49164,131.653
1500,10,3.49532,131.443
1500,10,3.49295,131.494
1500,10,3.49454,131.424
1500,10,3.49223,131.311
1500,10,3.49556,131.406
1500,10,3.49085,131.532
1500,10,3.4941,131.115
1500,10,3.48903,130.979
1500,10,3.49158,131.267
1500,10,3.49383,131.41
1500,10,3.49629,131.249
1500,10,3.49349,131.215
1500,10,3.49645,131.154
1500,10,3.49008,131.3
1500,10,3.49336,131.112
1500,10,3.49043,131.026
1500,10,3.49653,131.453
1500,10,3.49347,131.124
1500,10,3.49602,131.234
1500,10,3.48939,130.965
1500,10,3.49642,131.217
1500,10,3.4046,128.831
1500,10,3.42098,129.508
1500,10,3.41765,128.927
1500,10,3.42113,130.37
1500,10,3.41609,129.011
1500,10,3.49543,132.063
1500,10,3.407,128.685
1500,10,3.40614,128.826
1500,10,3.40344,128.986
1500,10,3.40586,128.555
1500,10,3.40649,128.627
1500,10,3.40681,129.153
1500,10,3.40604,128.869
1500,10,3.40699,129.193
1500,10,3.40578,128.645
1500,10,3.40516,129.349
1500,10,3.40514,128.864
1500,10,3.40535,128.451
1500,10,3.40532,128.252
1500,10,3.484,131.308
1500,10,3.5083,132.446
1500,10,3.51733,133.007
1500,10,3.51181,132.43
1500,10,3.53444,133.767
1500,10,3.53454,135.121
1500,10,3.48967,132.252
1500,10,3.44268,129.631
1500,10,3.4458,130.222
1500,10,3.48877,131.568
1500,10,3.49227,131.566
1500,10,3.49098,131.681
1500,10,3.48895,131.221
1500,10,3.47527,130.844
1500,10,3.45174,130.387
1500,10,3.48079,130.93
1500,10,3.47248,131.543
1500,10,3.46939,131.487
1500,10,3.47499,131.406
1500,10,3.47189,131.221
1500,10,3.47258,130.903
1500,10,3.47013,130.596
1500,10,3.48905,131.601
1500,10,3.47496,131.336
1500,10,3.47463,132.061
1500,10,3.47589,131.534
1500,10,3.47431,131.365
1500,10,3.47567,131.949
1500,10,3.47575,132.828
1500,10,3.3865,127.868
1500,10,3.39072,128.027
1500,10,3.3865,127.585
1500,10,3.38827,128.792
1500,10,3.38644,127.531
1500,10,3.38978,127.833
1500,10,3.39757,128.245
1500,10,3.44995,130.547
1500,10,3.44562,129.992
1500,10,3.44954,130.926
1500,10,3.4454,130.539
1500,10,3.44866,130.013
1500,10,3.44794,130.492
1500,10,3.44983,130.406
1500,10,3.44539,130.293
1500,10,3.44925,130.76
1500,10,3.46064,131.464
1500,10,3.45107,130.592
1500,10,3.45018,130.855
1500,10,3.45241,130.935
1500,10,3.45365,129.995
1500,10,3.45161,130.103
1500,10,3.45014,129.767
1500,10,3.46529,131.339
1500,10,3.45144,130.993
1500,10,3.44928,130.953
1500,10,3.49448,131.697
1500,10,3.54253,134.163
1500,10,3.54362,134.138
1500,10,3.54353,134.091
1500,10,3.54427,133.378
1500,10,3.54358,134.546
1500,10,3.54437,133.617
1500,10,3.50758,132.688
1500,10,3.44427,130.491
1500,10,3.44856,130.001
1500,10,3.44438,130.364
1500,10,3.44594,129.759
1500,10,3.44156,129.74
1500,10,3.44598,129.847
1500,10,3.44354,129.822
1500,10,3.44665,130.136
1500,10,3.44354,129.573
1500,10,3.44814,131.305
1500,10,3.4437,130.056
1500,10,3.44829,130.239
1500,10,3.4436,129.407
1500,10,3.4461,129.797
1500,10,3.44407,129.637
1500,10,3.44563,129.901
1500,10,3.44249,129.384
1500,10,3.44595,129.632
1500,10,3.44466,129.909
1500,10,3.44787,130.549
1500,10,3.44488,129.818
1500,10,3.44796,130.347
1500,10,3.44317,130.131
1500,10,3.44596,130.199
1500,10,3.44303,129.381
1500,10,3.44631,130.43
1500,10,3.44305,129.778
1500,10,3.44579,129.416
1500,10,3.4422,129.576
1500,10,3.43498,132.106
1500,10,3.45512,130.804
1500,10,3.46234,130.275
1500,10,3.4573,130.64
1500,10,3.46078,130.132
1500,10,3.45795,130.719
1500,10,3.46042,131.078
1500,10,3.45485,130.008
1500,10,3.46054,130.238
1500,10,3.4635,134.815
1500,10,3.51291,136.09
1500,10,3.5117,132.437
1500,10,3.51169,132.648
1500,10,3.51365,132.939
1500,10,3.51243,132.639
1500,10,3.51265,133.002
1500,10,3.51113,132.727
1500,10,3.50988,131.904
1500,10,3.51053,132.704
1500,10,3.51056,132.615
1500,10,3.51097,132.279
1500,10,3.51276,131.978
1500,10,3.48661,131.982
1500,10,3.42676,130.603
1500,10,3.42319,129.132
1500,10,3.42487,129.048
1500,10,3.42578,128.694
1500,10,3.42339,129.617
1500,10,3.42335,129.086
1500,10,3.42328,128.878
1500,10,3.423,128.772
1500,10,3.42292,129.096
1500,10,3.42297,128.861
1500,10,3.42328,129.032
1500,10,3.42638,129.494
1500,10,3.42806,129.025
1500,10,3.42847,130.01
1500,10,3.4282,128.876
1500,10,3.4296,128.959
1500,10,3.4284,129.114
1500,10,3.42724,128.915
1500,10,3.42887,129.669
1500,10,3.42772,129.882
1500,10,3.42847,129.414
1500,10,3.42723,129.414
1500,10,3.42768,129.526
1500,10,3.42835,129.915
1500,10,3.42726,129.498
1500,10,3.42746,128.938
1500,10,3.42818,128.886
1500,10,3.45765,130.044
1500,10,3.43334,129.476
1500,10,3.43402,129.757
1500,10,3.43418,129.213
1500,10,3.43337,129.119
1500,10,3.43322,129.734
1500,10,3.43233,129.122
1500,10,3.43382,129.558
1500,10,3.43207,129.495
1500,10,3.43315,129.222
1500,10,3.48801,131.855
1500,10,3.45775,130.237
1500,10,3.52019,132.456
1500,10,3.4821,130.914
1500,10,3.41322,128.77
1500,10,3.4121,128.242
1500,10,3.41201,128.661
1500,10,3.41788,130.078
1500,10,3.41284,129.801
1500,10,3.4129,128.418
1500,10,3.4136,129.006
1500,10,3.41195,129.045
1500,10,3.41205,128.879
1500,11,3.27268,124.246
1500,11,3.25327,124.308
1500,11,3.26384,124.919
1500,11,3.23861,124.084
1500,11,3.23409,124.157
1500,11,3.2276,123.751
1500,11,3.22808,123.799
1500,11,3.23055,123.826
1500,11,3.22854,123.775
1500,11,3.2288,124.289
1500,11,3.08767,121.083
1500,11,3.19839,124.711
1500,11,3.18473,122.247
1500,11,3.16003,121.229
1500,11,3.13474,120.784
1500,11,3.13594,123.292
1500,11,3.18235,122.953
1500,11,3.18468,122.251
1500,11,3.18846,122.387
1500,11,3.18568,122.189
1500,11,3.19005,122.435
1500,11,3.18566,122.18
1500,11,3.18969,122.642
1500,11,3.1854,122.33
1500,11,3.19152,122.447
1500,11,3.19422,122.643
1500,11,3.20538,123.061
1500,11,3.2048,123.05
1500,11,3.20655,123.038
1500,11,3.20529,123.08
1500,11,3.20581,123.068
1500,11,3.2083,123.17
1500,11,3.20675,123.058
1500,11,3.20831,123.231
1500,11,3.20794,123.04
1500,11,3.20775,123.081
1500,11,3.20744,123.088
1500,11,3.20808,123.153
1500,11,3.20788,123.094
1500,11,3.20558,122.97
1500,11,3.20561,122.86
1500,11,3.17036,123.192
1500,11,3.14989,121.347
1500,11,3.14959,120.815
1500,11,3.14968,120.839
1500,11,3.15061,120.965
1500,11,3.15192,120.97
1500,11,3.15188,121.097
1500,11,3.1505,120.972
1500,11,3.14991,120.876
1500,11,3.14918,120.907
1500,11,3.19759,122.361
1500,11,3.19945,122.824
1500,11,3.20366,122.666
1500,11,3.20272,122.622
1500,11,3.20298,122.672
1500,11,3.20227,122.792
1500,11,3.20132,122.744
1500,11,3.2009,122.74
1500,11,3.20098,122.684
1500,11,3.20328,123.082
1500,11,3.20068,122.836
1500,11,3.19794,122.578
1500,11,3.17602,121.765
1500,11,3.14881,120.723
1500,11,3.14834,120.711
1500,11,3.14793,120.646
1500,11,3.14905,120.69
1500,11,3.16461,121.189
1500,11,3.16122,121.205
1500,11,3.15013,120.794
1500,11,3.14636,120.403
1500,11,3.14861,120.388
1500,11,3.14804,120.27
1500,11,3.17879,121.382
1500,11,3.17887,121.191
1500,11,3.18076,121.283
1500,11,3.17856,121.215
1500,11,3.17787,121.299
1500,11,3.1778,121.447
1500,11,3.18087,121.531
1500,11,3.17887,121.084
1500,11,3.18008,121.106
1500,11,3.17846,120.696
1500,11,3.17949,121.165
1500,11,3.17819,120.93
1500,11,3.2037,122.237
1500,11,3.17737,121.219
1500,11,3.17836,121.222
1500,11,3.21387,123.985
1500,11,3.19029,122.071
1500,11,3.18824,121.808
1500,11,3.16886,121.029
1500,11,3.11755,119.207
1500,11,3.21815,123.497
1500,11,3.22061,123.391
1500,11,3.2079,123.165
1500,11,3.21416,123.62
1500,11,3.20965,123.4
1500,11,3.22191,123.881
1500,11,3.21774,123.382
1500,11,3.22208,123.444
1500,11,3.21654,123.571
1500,11,3.21443,123.398
1500,11,3.18133,122.248
1500,11,3.19606,122.994
1500,11,3.13552,120.796
1500,11,3.13648,120.679
1500,11,3.13556,120.769
1500,11,3.13807,123.267
1500,11,3.18753,123.746
1500,11,3.20763,123.322
1500,11,3.21274,123.4
1500,11,3.20946,123.378
1500,11,3.21477,123.324
1500,11,3.21017,123.123
1500,11,3.21093,123.721
1500,11,3.18838,122.546
1500,11,3.18735,122.313
1500,11,3.19048,122.49
1500,11,3.16529,121.502
1500,11,3.16595,121.527
1500,11,3.16794,121.644
1500,11,3.1905,122.406
1500,11,3.1879,122.34
1500,11,3.18902,122.372
1500,11,3.18626,122.282
1500,11,3.18812,122.623
1500,11,3.18665,122.472
1500,11,3.18871,122.476
1500,11,3.18629,122.288
1500,11,3.18832,122.417
1500,11,3.14197,120.67
1500,11,3.12758,120.137
1500,11,3.11671,119.628
1500,11,3.11655,120.428
1500,11,3.11507,119.751
1500,11,3.11342,121.334
1500,11,3.11788,119.781
1500,11,3.11756,119.561
1500,11,3.17996,122.111
1500,11,3.17529,122.124
1500,11,3.17999,122.204
1500,11,3.17686,121.801
1500,11,3.18026,121.991
1500,11,3.17667,121.839
1500,11,3.18251,122.694
1500,11,3.17774,122.074
1500,11,3.18106,122.265
1500,11,3.21654,123.256
1500,11,3.19291,122.437
1500,11,3.18827,122.38
1500,11,3.18318,122.473
1500,11,3.16113,121.637
1500,11,3.16667,122.128
1500,11,3.16171,121.439
1500,11,3.16557,121.748
1500,11,3.16158,121.714
1500,11,3.16611,121.626
1500,11,3.1617,121.599
1500,11,3.16648,121.575
1500,11,3.16159,121.341
1500,11,3.16666,121.386
1500,11,3.16112,121.231
1500,11,3.16566,121.672
1500,11,3.162,121.473
1500,11,3.16538,121.669
1500,11,3.16247,121.604
1500,11,3.16567,121.779
1500,11,3.16042,121.606
1500,11,3.16483,121.879
1500,11,3.16091,121.485
1500,11,3.16581,121.812
1500,11,3.16298,122.045
1500,11,3.16554,122.027
1500,11,3.16172,121.745
1500,11,3.16541,121.715
1500,11,3.16138,121.519
1500,11,3.1653,121.896
1500,11,3.16226,121.417
1500,11,3.1642,121.537
1500,11,3.17088,121.852
1500,11,3.17308,121.738
1500,11,3.12868,120.826
1500,11,3.11614,121.265
1500,11,3.11041,120.954
1500,11,3.11311,120.083
1500,11,3.11242,120.575
1500,11,3.11146,120.513
1500,11,3.11088,119.972
1500,11,3.11138,120.215
1500,11,3.11148,119.938
1500,11,3.11125,120.762
1500,11,3.11741,120.239
1500,11,3.11508,119.998
1500,11,3.114,120.111
1500,11,3.11069,120.139
1500,11,3.10767,119.942
1500,11,3.1088,120.185
1500,11,3.10865,120.089
1500,11,3.10838,120.154
1500,11,3.10711,120.08
1500,11,3.10561,119.698
1500,11,3.10864,120.005
1500,11,3.11236,122.959
1500,11,3.12974,121.863
1500,11,3.1485,121.492
1500,11,3.14915,121.313
1500,11,3.14918,121.388
1500,11,3.14848,121.299
1500,11,3.14992,122.111
1500,11,3.14936,121.524
1500,11,3.18572,122.973
1500,11,3.15147,121.631
1500,11,3.14728,121.29
1500,11,3.20116,123.251
1500,11,3.20392,123.611
1500,11,3.20094,123.334
1500,11,3.20345,123.177
1500,11,3.20117,123.323
1500,11,3.20717,127.462
1500,11,3.2099,128.255
1500,11,3.20278,123.787
1500,11,3.2026,123.512
1500,11,3.2131,124.873
1500,11,3.2128,125.704
1500,11,3.20435,123.282
1500,11,3.20446,123.341
1500,11,3.20438,123.483
1500,11,3.19857,123.17
1500,11,3.2069,124.311
1500,11,3.16384,122.26
1500,11,3.16416,122.813
1500,11,3.16862,123.075
1500,11,3.16378,122.055
1500,11,3.16584,121.877
1500,11,3.1644,122.198
1500,11,3.16742,121.946
1500,11,3.16529,122.032
1500,11,3.16408,121.87
1500,11,3.1641,122.023
1500,11,3.16428,122.124
1500,11,3.16084,122.026
1500,11,3.16826,121.848
1500,11,3.16168,121.795
1500,11,3.16607,121.837
1500,11,3.16269,121.98
1500,11,3.16814,122.047
1500,11,3.15881,121.959
1500,11,3.15769,121.88
1500,12,2.98512,113.119
1500,12,2.94843,111.838
1500,12,2.96529,111.762
1500,12,2.95226,111.256
1500,12,2.97011,111.92
1500,12,2.95715,111.905
1500,12,2.97879,112.187
1500,12,2.95928,112.48
1500,12,2.96353,111.747
1500,12,2.95946,111.604
1500,12,2.95264,111.369
1500,12,2.93686,110.904
1500,12,2.94081,111.177
1500,12,2.93802,110.782
1500,12,2.93968,110.983
1500,12,2.96338,111.775
1500,12,2.94377,111.094
1500,12,2.94068,110.863
1500,12,2.93539,110.783
1500,12,2.97163,112.089
1500,12,2.96155,111.937
1500,12,2.9328,110.72
1500,12,2.92809,110.523
1500,12,2.92689,110.527
1500,12,2.92817,110.608
1500,12,2.93018,110.584
1500,12,2.9261,110.552
1500,12,2.92706,110.392
1500,12,2.92813,110.518
1500,12,2.92765,110.41
1500,12,2.93035,110.58
1500,12,2.92935,110.697
1500,12,2.92806,110.812
1500,12,2.9295,112.184
1500,12,2.92761,110.602
1500,12,2.92671,110.521
1500,12,2.92978,110.581
1500,12,2.92937,110.465
1500,12,2.93027,110.93
1500,12,2.93171,110.579
1500,12,2.929,110.844
1500,12,2.93005,110.872
1500,12,2.93125,110.82
1500,12,2.92742,110.576
1500,12,2.92745,110.55
1500,12,2.93131,110.69
1500,12,2.93881,110.978
1500,12,2.93201,110.721
1500,12,2.92803,110.669
1500,12,2.93199,110.646
1500,12,2.92903,110.577
1500,12,2.92882,111.373
1500,12,2.93105,112.486
1500,12,2.91676,111.91
1500,12,2.88392,109.057
1500,12,2.88582,109.26
1500,12,2.88391,109.109
1500,12,2.88201,109.628
1500,12,2.88816,109.298
1500,12,2.88768,109.279
1500,12,2.88639,109.378
1500,12,2.89604,110.207
1500,12,2.90259,109.855
1500,12,2.88674,109.493
1500,12,2.89974,110.048
1500,12,2.91604,110.628
1500,12,2.91874,110.768
1500,12,2.90045,110.583
1500,12,2.92022,110.889
1500,12,2.91779,110.64
1500,12,2.91624,110.455
1500,12,2.91192,110.802
1500,12,2.91786,111.211
1500,12,2.91885,110.865
1500,12,2.92,110.282
1500,12,2.91724,111.114
1500,12,2.9094,110.086
1500,12,2.90478,110.756
1500,12,2.90876,110.483
1500,12,2.89652,110.134
1500,12,2.90866,110.211
1500,12,2.90932,111.117
1500,12,2.87911,109.522
1500,12,2.86994,108.986
1500,12,2.87466,109.318
1500,12,2.90712,111.706
1500,12,2.87382,108.889
1500,12,2.86911,109.141
1500,12,2.87065,108.885
1500,12,2.89905,110.395
1500,12,2.90497,110.635
1500,12,2.90045,110.673
1500,12,2.90376,110.118
1500,12,2.89967,110.08
1500,12,2.91164,110.336
1500,12,2.90403,110.674
1500,12,2.90903,110.532
1500,12,2.89838,110.202
1500,12,2.90722,110.12
1500,12,2.90116,110.119
1500,12,2.90391,110.14
1500,12,2.90254,110.312
1500,12,2.91278,110.716
1500,12,2.86458,108.638
1500,12,2.8652,108.985
1500,12,2.86275,108.73
1500,12,2.86348,108.275
1500,12,2.86351,108.87
1500,12,2.86222,108.85
1500,12,2.8627,108.779
1500,12,2.86376,108.785
1500,12,2.8634,108.827
1500,12,2.8626,108.399
1500,12,2.86524,108.805
1500,12,2.86513,108.809
1500,12,2.86141,108.717
1500,12,2.86139,108.785
1500,12,2.85768,108.34
1500,12,2.88736,109.622
1500,12,2.88642,109.507
1500,12,2.88743,109.298
1500,12,2.88469,109.939
1500,12,2.88444,109.829
1500,12,2.88131,109.673
1500,12,2.88504,109.29
1500,12,2.88353,109.397
1500,12,2.88512,109.761
1500,12,2.88204,109.372
1500,12,2.88313,109.248
1500,12,2.88191,109.539
1500,12,2.88471,109.692
1500,12,2.87949,109.506
1500,12,2.90139,110.491
1500,12,2.85966,108.995
1500,12,2.86089,109.023
1500,12,2.8588,108.536
1500,12,2.84454,107.957
1500,12,2.84375,109.061
1500,12,2.84901,108.418
1500,12,2.84451,108.054
1500,12,2.84718,107.976
1500,12,2.84544,107.937
1500,12,2.84813,108.016
1500,12,2.8445,108.548
1500,12,2.84722,108.063
1500,12,2.84505,108.264
1500,12,2.84537,108.132
1500,12,2.84373,108.167
1500,12,2.84651,108.304
1500,12,2.8449,108.139
1500,12,2.84639,107.819
1500,12,2.89931,110.462
1500,12,2.88323,109.072
1500,12,2.88472,109.381
1500,12,2.88381,109.472
1500,12,2.89904,110.415
1500,12,2.88756,110.757
1500,12,2.88929,111.012
1500,12,2.56734,98.597
1500,12,2.81437,107.691
1500,12,2.8113,107.939
1500,12,2.81395,107.907
1500,12,2.81441,108.051
1500,12,2.87395,110.084
1500,12,2.90677,111.4
1500,12,2.81597,108.219
1500,12,2.82096,109.229
1500,12,2.88054,111.079
1500,12,2.88018,111.465
1500,12,2.89585,111.484
1500,12,2.89871,111.612
1500,12,2.89862,111.53
1500,12,2.89736,111.442
1500,12,2.89827,111.553
1500,12,2.90708,111.899
1500,12,2.86161,110.046
1500,12,2.8561,110.152
1500,12,2.8348,109.19
1500,12,2.83569,109.5
1500,12,2.83431,109.091
1500,12,2.83407,109.327
1500,12,2.83453,109.218
1500,12,2.83586,109.337
1500,12,2.8371,109.391
1500,12,2.83515,109.341
1500,12,2.83539,109.259
1500,12,2.83604,109.525
1500,12,2.83613,109.739
1500,12,2.83648,109.497
1500,12,2.83518,109.321
1500,12,2.83653,111.216
1500,12,2.83541,109.522
1500,12,2.88095,111.45
1500,12,2.88456,111.201
1500,12,2.87346,111.107
1500,12,2.837,109.546
1500,12,2.83128,109.323
1500,12,2.83646,109.763
1500,12,2.83312,109.519
1500,12,2.83571,109.414
1500,12,2.83415,109.484
1500,12,2.83397,109.437
1500,12,2.83381,109.715
1500,12,2.8353,109.611
1500,12,2.83242,109.278
1500,12,2.83649,109.468
1500,12,2.83279,109.368
1500,12,2.83575,109.596
1500,12,2.91622,113.155
1500,12,2.91358,112.363
1500,12,2.91912,112.995
1500,12,2.91072,112.319
1500,12,2.91333,112.4
1500,12,2.91679,112.32
1500,12,2.89018,111.581
1500,12,2.84806,109.904
1500,12,2.85105,110.114
1500,12,2.84817,110.06
1500,12,2.85102,110.189
1500,12,2.85057,110.069
1500,12,2.85059,110.096
1500,12,2.84943,109.989
1500,12,2.88229,111.208
1500,12,2.88788,111.349
1500,12,2.87082,110.673
1500,12,2.87334,110.708
1500,12,2.86849,111.1
1500,12,2.87274,110.592
1500,12,2.86956,110.777
1500,12,2.87548,111.257
1500,12,2.86925,110.664
1500,12,2.87268,110.761
1500,12,2.88132,111.127
1500,12,2.87094,110.836
1500,12,2.84776,109.724
1500,12,2.84945,109.723
1500,12,2.84832,109.65
1500,12,2.85105,109.905
1500,12,2.84861,109.666
1500,12,2.84072,108.14
1500,12,2.83901,107.664
1500,12,2.84058,107.742
1500,12,2.84111,108.065
1500,12,2.84427,108.918
1500,12,2.83977,107.534
1500,12,2.83904,107.697
1500,12,2.8385,107.804
1500,12,2.83962,107.704
1500,12,2.83955,107.534
1500,12,2.84143,108.107
1500,13,2.77019,106.317
1500,13,2.74463,104.967
1500,13,2.74549,105.257
1500,13,2.74502,105.146
1500,13,2.76054,105.847
1500,13,2.75144,105.459
1500,13,2.75906,105.688
1500,13,2.74627,105.21
1500,13,2.74959,105.413
1500,13,2.75737,105.795
1500,13,2.75221,105.607
1500,13,2.75184,105.78
1500,13,2.70249,106.821
1500,13,2.71968,106.952
1500,13,2.71608,106.075
1500,13,2.71507,105.983
1500,13,2.71845,106.122
1500,13,2.71442,105.937
1500,13,2.71274,105.947
1500,13,2.71365,106.001
1500,13,2.71469,106.049
1500,13,2.71568,106.02
1500,13,2.71815,107.064
1500,13,2.7201,106.163
1500,13,2.70351,105.587
1500,13,2.69992,105.421
1500,13,2.70424,105.571
1500,13,2.70064,105.444
1500,13,2.70198,105.528
1500,13,2.69906,105.345
1500,13,2.70602,105.679
1500,13,2.70002,105.386
1500,13,2.71788,106.088
1500,13,2.69867,105.51
1500,13,2.70081,105.508
1500,13,2.69696,105.325
1500,13,2.70285,105.593
1500,13,2.70007,105.728
1500,13,2.70172,108.855
1500,13,2.70069,108.36
1500,13,2.7023,106.096
1500,13,2.69861,105.314
1500,13,2.69973,105.461
1500,13,2.70608,107.047
1500,13,2.70697,106.152
1500,13,2.70271,105.536
1500,13,2.70492,105.642
1500,13,2.70268,105.545
1500,13,2.70302,106.173
1500,13,2.69962,105.945
1500,13,2.70414,103.93
1500,13,2.70301,103.526
1500,13,2.70485,103.671
1500,13,2.70219,103.541
1500,13,2.70675,103.724
1500,13,2.69604,103.661
1500,13,2.72249,104.33
1500,13,2.7248,104.431
1500,13,2.72728,104.565
1500,13,2.72117,104.231
1500,13,2.72331,104.381
1500,13,2.72263,104.291
1500,13,2.72464,104.38
1500,13,2.72263,104.32
1500,13,2.72202,104.257
1500,13,2.72053,104.24
1500,13,2.71959,104.633
1500,13,2.72294,104.305
1500,13,2.72252,104.313
1500,13,2.72319,104.32
1500,13,2.72709,104.514
1500,13,2.72174,104.257
1500,13,2.72209,104.279
1500,13,2.72195,104.171
1500,13,2.7222,104.194
1500,13,2.72081,104.171
1500,13,2.72473,104.396
1500,13,2.72182,104.398
1500,13,2.72197,104.298
1500,13,2.72096,104.162
1500,13,2.7225,104.253
1500,13,2.7226,104.299
1500,13,2.72282,104.298
1500,13,2.7215,104.141
1500,13,2.72143,104.23
1500,13,2.72127,104.055
1500,13,2.72143,104.195
1500,13,2.7237,104.297
1500,13,2.72111,104.691
1500,13,2.72265,104.222
1500,13,2.72438,104.371
1500,13,2.70833,103.74
1500,13,2.69985,103.46
1500,13,2.69822,103.302
1500,13,2.70092,103.558
1500,13,2.69657,103.335
1500,13,2.69112,103.125
1500,13,2.67676,102.422
1500,13,2.6768,102.437
1500,13,2.67765,102.576
1500,13,2.67499,102.476
1500,13,2.6766,102.438
1500,13,2.67702,102.511
1500,13,2.67599,102.429
1500,13,2.67968,104.269
1500,13,2.72601,105.029
1500,13,2.7087,103.96
1500,13,2.70419,103.703
1500,13,2.70634,103.754
1500,13,2.7044,103.653
1500,13,2.70722,104.009
1500,13,2.70234,103.694
1500,13,2.70925,103.919
1500,13,2.70257,103.578
1500,13,2.71277,104.009
1500,13,2.70923,103.836
1500,13,2.71633,104.167
1500,13,2.70622,103.708
1500,13,2.7133,104.006
1500,13,2.71031,103.93
1500,13,2.7127,104.001
1500,13,2.71137,104.006
1500,13,2.71474,104.405
1500,13,2.71168,106.352
1500,13,2.72048,105.288
1500,13,2.71718,104.063
1500,13,2.72079,104.316
1500,13,2.71538,104.088
1500,13,2.71828,104.257
1500,13,2.71673,104.086
1500,13,2.72022,104.305
1500,13,2.71598,104.087
1500,13,2.71806,104.186
1500,13,2.71469,104.515
1500,13,2.71984,104.296
1500,13,2.70464,103.828
1500,13,2.71709,104.121
1500,13,2.71531,104.105
1500,13,2.70787,103.864
1500,13,2.7118,103.949
1500,13,2.71494,104.03
1500,13,2.71322,103.961
1500,13,2.71998,104.208
1500,13,2.70279,103.51
1500,13,2.69043,103.233
1500,13,2.69053,103.075
1500,13,2.69017,102.981
1500,13,2.68684,102.89
1500,13,2.69151,103.135
1500,13,2.68798,102.998
1500,13,2.69037,103.134
1500,13,2.70702,103.666
1500,13,2.72068,104.215
1500,13,2.71618,104.023
1500,13,2.73591,104.719
1500,13,2.73385,105.042
1500,13,2.67105,102.42
1500,13,2.6696,102.375
1500,13,2.67251,102.418
1500,13,2.66956,102.345
1500,13,2.67409,103.399
1500,13,2.66457,103.139
1500,13,2.66206,102.044
1500,13,2.65517,101.793
1500,13,2.65883,101.98
1500,13,2.65563,101.884
1500,13,2.65757,102.043
1500,13,2.65537,101.865
1500,13,2.65915,101.994
1500,13,2.65487,101.821
1500,13,2.65871,101.935
1500,13,2.65441,101.749
1500,13,2.73673,104.942
1500,13,2.73974,105.032
1500,13,2.74409,105.164
1500,13,2.71718,104.102
1500,13,2.77033,106.101
1500,13,2.7617,106.176
1500,13,2.76803,105.93
1500,13,2.72584,104.409
1500,13,2.71479,104.037
1500,13,2.71237,103.897
1500,13,2.71477,103.977
1500,13,2.71084,103.859
1500,13,2.71628,104.065
1500,13,2.71044,103.933
1500,13,2.7105,103.848
1500,13,2.71053,103.865
1500,13,2.71383,104.209
1500,13,2.7089,103.802
1500,13,2.70846,103.763
1500,13,2.70245,103.533
1500,13,2.70554,103.7
1500,13,2.70224,103.53
1500,13,2.70682,103.733
1500,13,2.70333,103.499
1500,13,2.70754,103.785
1500,13,2.72418,104.416
1500,13,2.72418,104.383
1500,13,2.723,104.77
1500,13,2.72558,104.533
1500,13,2.73322,104.704
1500,13,2.71637,104.164
1500,13,2.71174,103.997
1500,13,2.71723,104.135
1500,13,2.71261,104.044
1500,13,2.71552,104.103
1500,13,2.71321,103.889
1500,13,2.71546,104.557
1500,13,2.7138,104.033
1500,13,2.71721,104.227
1500,13,2.713,103.953
1500,13,2.71608,104.078
1500,13,2.71248,103.901
1500,13,2.71719,104.093
1500,13,2.71076,103.903
1500,13,2.71729,105.169
1500,13,2.71223,104.599
1500,13,2.71634,104.099
1500,13,2.71355,103.938
1500,13,2.74209,105.007
1500,13,2.73977,105.045
1500,13,2.74175,105.3
1500,13,2.74406,105.103
1500,13,2.74593,105.127
1500,13,2.74864,105.199
1500,13,2.74185,104.992
1500,13,2.73916,104.865
1500,13,2.73608,104.768
1500,13,2.72559,104.366
1500,13,2.70633,103.631
1500,13,2.65355,101.63
1500,13,2.70647,103.816
1500,13,2.70425,104.707
1500,13,2.70657,105.837
1500,13,2.68945,104.15
1500,13,2.69546,103.267
1500,13,2.6993,103.453
1500,13,2.71813,104.105
1500,13,2.70673,103.697
1500,13,2.71891,104.183
1500,13,2.70885,103.829
1500,13,2.71456,103.971
1500,13,2.71075,103.945
1500,13,2.71248,104.264
1500,13,2.72136,104.283
1500,13,2.71441,103.95
1500,13,2.70052,103.435
1500,13,2.69742,103.289
1500,13,2.68307,102.84
1500,14,2.57921,100.261
1500,14,2.56387,99.7614
1500,14,2.55981,99.7501
1500,14,2.55776,99.7452
1500,14,2.56158,99.8099
1500,14,2.56888,100.344
1500,14,2.56258,99.3206
1500,14,2.56213,99.4119
1500,14,2.5669,99.5499
1500,14,2.56922,99.8093
1500,14,2.56932,99.9401
1500,14,2.55648,99.4563
1500,14,2.57287,99.8981
1500,14,2.55727,99.3734
1500,14,2.55426,99.289
1500,14,2.57057,99.7759
1500,14,2.5762,99.9274
1500,14,2.57332,100.309
1500,14,2.5655,99.4048
1500,14,2.57015,99.7488
1500,14,2.57221,99.9333
1500,14,2.56763,99.6307
1500,14,2.56813,99.7511
1500,14,2.56592,100.32
1500,14,2.55578,100.252
1500,14,2.56183,99.6602
1500,14,2.55467,99.2776
1500,14,2.56408,99.6861
1500,14,2.55435,99.4865
1500,14,2.5545,99.5014
1500,14,2.55502,99.3963
1500,14,2.56042,99.5493
1500,14,2.56368,99.7674
1500,14,2.55798,99.533
1500,14,2.55435,99.3719
1500,14,2.57368,100.142
1500,14,2.54293,99.0238
1500,14,2.54678,99.088
1500,14,2.55176,99.2419
1500,14,2.55822,98.96
1500,14,2.55837,98.5208
1500,14,2.5732,98.5835
1500,14,2.55784,97.943
1500,14,2.56981,98.3648
1500,14,2.56005,98.0159
1500,14,2.55339,97.77
1500,14,2.5614,98.0259
1500,14,2.54802,97.7006
1500,14,2.55871,97.9887
1500,14,2.56784,98.3278
1500,14,2.55912,97.9714
1500,14,2.56746,98.1447
1500,14,2.56485,98.219
1500,14,2.56019,97.8801
1500,14,2.55899,97.8507
1500,14,2.56801,98.144
1500,14,2.56226,97.8059
1500,14,2.52814,96.6636
1500,14,2.53081,96.8116
1500,14,2.52747,96.7084
1500,14,2.52818,96.6892
1500,14,2.52595,96.5917
1500,14,2.5273,96.6376
1500,14,2.52808,96.7946
1500,14,2.52941,97.0536
1500,14,2.52461,96.6164
1500,14,2.52809,96.7388
1500,14,2.5255,96.5848
1500,14,2.52664,96.6586
1500,14,2.52866,96.6197
1500,14,2.52967,96.7263
1500,14,2.52758,96.6554
1500,14,2.52946,96.7408
1500,14,2.52956,96.7587
1500,14,2.52595,96.6073
1500,14,2.52764,96.8669
1500,14,2.52771,96.6607
1500,14,2.52915,96.6982
1500,14,2.52756,96.6528
1500,14,2.52916,96.6833
1500,14,2.52809,96.7126
1500,14,2.52815,97.416
1500,14,2.5291,98.4242
1500,14,2.53207,100.554
1500,14,2.52832,98.5301
1500,14,2.5292,98.5402
1500,14,2.5276,98.4737
1500,14,2.52789,98.6158
1500,14,2.52855,98.9208
1500,14,2.5042,96.8892
1500,14,2.48625,96.3382
1500,14,2.48617,96.2557
1500,14,2.48781,96.3085
1500,14,2.48742,96.2594
1500,14,2.48769,96.4424
1500,14,2.4874,96.2229
1500,14,2.48619,96.3599
1500,14,2.46806,95.5641
1500,14,2.43782,94.5575
1500,14,2.43853,94.8237
1500,14,2.446,96.7735
1500,14,2.44772,96.4862
1500,14,2.49796,98.7106
1500,14,2.50227,97.6113
1500,14,2.49612,97.3364
1500,14,2.49912,97.4214
1500,14,2.49586,97.3238
1500,14,2.50107,97.5431
1500,14,2.49564,97.3986
1500,14,2.49896,97.399
1500,14,2.5033,97.7132
1500,14,2.51161,97.9971
1500,14,2.5045,101.094
1500,14,2.54983,103.203
1500,14,2.47356,99.1348
1500,14,2.51088,98.14
1500,14,2.51153,98.1446
1500,14,2.51002,98.1772
1500,14,2.51475,99.5511
1500,14,2.51166,98.092
1500,14,2.51245,98.2907
1500,14,2.50969,98.0888
1500,14,2.51415,98.392
1500,14,2.51251,98.3893
1500,14,2.50976,98.1379
1500,14,2.51156,98.1804
1500,14,2.51221,98.2321
1500,14,2.51036,98.0749
1500,14,2.51713,98.396
1500,14,2.51153,98.1977
1500,14,2.50968,98.1237
1500,14,2.51611,98.5207
1500,14,2.51817,98.3774
1500,14,2.51274,98.186
1500,14,2.51067,98.043
1500,14,2.51773,98.4733
1500,14,2.52022,98.8143
1500,14,2.51073,98.1846
1500,14,2.51093,98.1749
1500,14,2.51173,98.2896
1500,14,2.50373,97.9377
1500,14,2.50633,97.9335
1500,14,2.50883,98.0689
1500,14,2.50919,99.1625
1500,14,2.50306,98.5814
1500,14,2.50791,97.9427
1500,14,2.50622,98.0389
1500,14,2.50648,98.1605
1500,14,2.50645,97.9777
1500,14,2.50652,98.2123
1500,14,2.50809,98.0865
1500,14,2.50668,97.9102
1500,14,2.51206,98.1424
1500,14,2.50733,97.9958
1500,14,2.50442,97.8746
1500,14,2.50671,97.9866
1500,14,2.50569,97.8831
1500,14,2.50939,97.9883
1500,14,2.50447,97.7799
1500,14,2.50405,98.1974
1500,14,2.50951,98.4487
1500,14,2.51176,98.1064
1500,14,2.50535,97.966
1500,14,2.50505,97.9895
1500,14,2.51055,98.2828
1500,14,2.50627,98.1861
1500,14,2.50615,98.0637
1500,14,2.50343,97.8381
1500,14,2.50958,98.1725
1500,14,2.53457,99.2037
1500,14,2.53752,99.3514
1500,14,2.52809,99.1971
1500,14,2.54384,99.6376
1500,14,2.50987,98.2394
1500,14,2.5077,98.2931
1500,14,2.50768,98.2978
1500,14,2.51212,98.3774
1500,14,2.51004,98.2443
1500,14,2.5115,98.3602
1500,14,2.5101,98.3168
1500,14,2.50946,98.2485
1500,14,2.51356,98.3461
1500,14,2.50868,98.1876
1500,14,2.50841,98.3588
1500,14,2.495,98.1684
1500,14,2.49534,97.8007
1500,14,2.49424,97.5894
1500,14,2.49331,97.7957
1500,14,2.49181,97.6103
1500,14,2.49331,97.6573
1500,14,2.49248,97.8242
1500,14,2.4928,97.6252
1500,14,2.494,97.7562
1500,14,2.49368,97.7914
1500,14,2.49365,97.7953
1500,14,2.49332,98.1125
1500,14,2.49401,97.7816
1500,14,2.49448,97.7472
1500,14,2.4926,97.8754
1500,14,2.49494,97.7962
1500,14,2.50873,98.3587
1500,14,2.4929,97.5972
1500,14,2.51939,98.6647
1500,14,2.51859,98.7071
1500,14,2.49406,99.4768
1500,14,2.53298,98.3794
1500,14,2.53242,98.3671
1500,14,2.54686,98.9628
1500,14,2.53296,98.5402
1500,14,2.53939,98.5659
1500,14,2.54208,98.6014
1500,14,2.54782,98.7656
1500,14,2.54267,98.6044
1500,14,2.53331,98.1724
1500,14,2.54046,98.6079
1500,14,2.54057,98.6594
1500,14,2.53637,98.3616
1500,14,2.54115,98.5253
1500,14,2.53518,98.4382
1500,14,2.51787,97.9216
1500,14,2.51126,100.149
1500,14,2.50552,98.4079
1500,14,2.45666,95.6085
1500,14,2.45348,95.4294
1500,14,2.4548,95.5531
1500,14,2.45345,95.4859
1500,14,2.45562,95.3631
1500,14,2.43428,94.719
1500,14,2.44545,95.0892
1500,14,2.4497,95.223
1500,14,2.48217,96.5073
1500,14,2.45078,95.5558
1500,14,2.44698,95.4281
1500,14,2.45479,95.4751
1500,14,2.53336,98.1898
1500,14,2.53883,98.349
1500,14,2.53027,97.9673
1500,14,2.53499,98.3496
1500,14,2.49419,96.9689
1500,14,2.50745,97.2081
1500,14,2.49313,96.8414
1500,14,2.49461,96.9247
1500,14,2.49817,97.1323
1500,14,2.49862,97.2723
1500,14,2.49403,96.9252
1500,14,2.50113,97.1586
1500,14,2.4979,97.0734
1500,14,2.49481,96.896
1500,14,2.49531,96.7867
1500,14,2.4942,96.8829
1500,15,2.38213,92.6639
1500,15,2.3734,92.5438
1500,15,2.37846,93.2294
1500,15,2.37252,93.4643
1500,15,2.37551,93.4025
1500,15,2.36323,93.155
1500,15,2.35348,93.1873
1500,15,2.3622,93.2214
1500,15,2.35713,93.1719
1500,15,2.36264,93.423
1500,15,2.35759,93.0366
1500,15,2.35944,93.2675
1500,15,2.36185,93.2831
1500,15,2.3578,93.172
1500,15,2.34948,92.9146
1500,15,2.33721,93.6386
1500,15,2.34305,93.0414
1500,15,2.3513,93.2379
1500,15,2.34385,92.5328
1500,15,2.35048,91.8609
1500,15,2.34748,91.6838
1500,15,2.38149,92.9785
1500,15,2.38216,93.0004
1500,15,2.37901,92.8417
1500,15,2.37828,92.8015
1500,15,2.37919,92.8959
1500,15,2.37979,92.82
1500,15,2.37897,92.8291
1500,15,2.38028,92.8991
1500,15,2.37936,92.7523
1500,15,2.38038,92.9813
1500,15,2.38015,94.2805
1500,15,2.32295,92.5435
1500,15,2.32014,92.1834
1500,15,2.32294,92.3491
1500,15,2.31891,92.165
1500,15,2.32296,92.3098
1500,15,2.32112,92.3174
1500,15,2.32264,92.3098
1500,15,2.32023,92.1361
1500,15,2.32152,92.2597
1500,15,2.31995,92.2308
1500,15,2.32383,92.4249
1500,15,2.32153,92.3629
1500,15,2.32368,92.7097
1500,15,2.32125,92.3305
1500,15,2.32283,92.4115
1500,15,2.31837,92.1983
1500,15,2.32251,92.3736
1500,15,2.32065,92.2244
1500,15,2.322,92.2379
1500,15,2.32057,91.317
1500,15,2.32435,91.6291
1500,15,2.31968,91.4083
1500,15,2.32377,91.5019
1500,15,2.32112,91.4182
1500,15,2.32176,91.5425
1500,15,2.32027,91.4878
1500,15,2.3245,92.0055
1500,15,2.32201,91.4121
1500,15,2.32387,91.4412
1500,15,2.32151,91.3284
1500,15,2.32477,91.6143
1500,15,2.32185,91.4979
1500,15,2.32833,91.6746
1500,15,2.32158,91.2117
1500,15,2.33978,91.9711
1500,15,2.35535,92.4708
1500,15,2.32631,91.5834
1500,15,2.35056,92.7075
1500,15,2.36,92.7477
1500,15,2.35843,92.7731
1500,15,2.34012,92.2008
1500,15,2.34882,92.5276
1500,15,2.34581,92.4213
1500,15,2.34803,92.608
1500,15,2.33232,91.5962
1500,15,2.32691,91.4516
1500,15,2.32592,91.4249
1500,15,2.34888,92.2587
1500,15,2.31249,92.1247
1500,15,2.31935,91.1281
1500,15,2.31627,91.0785
1500,15,2.30303,90.8396
1500,15,2.35934,92.6039
1500,15,2.35965,92.4524
1500,15,2.36414,92.8404
1500,15,2.3608,92.5634
1500,15,2.36238,92.7144
1500,15,2.35979,92.5683
1500,15,2.36495,92.7878
1500,15,2.3616,92.666
1500,15,2.36527,92.856
1500,15,2.36468,92.7212
1500,15,2.35516,92.5081
1500,15,2.35185,92.5201
1500,15,2.30693,92.8895
1500,15,2.3042,91.3596
1500,15,2.29082,90.1976
1500,15,2.28632,89.3614
1500,15,2.28548,89.437
1500,15,2.28682,89.4941
1500,15,2.28635,89.3465
1500,15,2.2671,88.603
1500,15,2.26309,88.4063
1500,15,2.26557,88.4976
1500,15,2.26463,88.4804
1500,15,2.29166,89.5156
1500,15,2.32489,90.806
1500,15,2.32729,91.0759
1500,15,2.32217,90.7719
1500,15,2.32034,90.4078
1500,15,2.31314,90.0671
1500,15,2.32824,90.681
1500,15,2.3087,90.0463
1500,15,2.32933,90.7628
1500,15,2.30871,90.0746
1500,15,2.31405,90.2326
1500,15,2.31407,90.2524
1500,15,2.30765,90.0237
1500,15,2.31228,90.2032
1500,15,2.29156,89.6684
1500,15,2.3304,90.8203
1500,15,2.34986,91.6505
1500,15,2.35972,91.9528
1500,15,2.32342,90.6157
1500,15,2.33602,91.1727
1500,15,2.34278,91.2803
1500,15,2.34309,91.3532
1500,15,2.34269,91.4426
1500,15,2.35679,91.8794
1500,15,2.34577,91.4006
1500,15,2.33251,90.8715
1500,15,2.35977,91.8478
1500,15,2.34556,90.7644
1500,15,2.29901,89.8828
1500,15,2.28945,89.3607
1500,15,2.28971,89.3532
1500,15,2.29097,89.4449
1500,15,2.28981,89.4288
1500,15,2.28924,89.401
1500,15,2.29156,89.5298
1500,15,2.29019,89.4382
1500,15,2.31155,90.3659
1500,15,2.29905,89.7305
1500,15,2.30703,91.1398
1500,15,2.29979,90.0184
1500,15,2.30727,90.0786
1500,15,2.30933,90.0903
1500,15,2.3074,90.0215
1500,15,2.31524,90.3328
1500,15,2.33404,91.0203
1500,15,2.31269,90.2797
1500,15,2.31236,90.2084
1500,15,2.31781,90.4384
1500,15,2.32321,90.6311
1500,15,2.31617,90.3926
1500,15,2.31528,90.3546
1500,15,2.31368,90.3049
1500,15,2.31527,90.3168
1500,15,2.30395,89.2034
1500,15,2.32427,90.8446
1500,15,2.29985,89.7813
1500,15,2.29771,89.6651
1500,15,2.30063,89.8623
1500,15,2.31153,90.2213
1500,15,2.3065,90.0504
1500,15,2.32818,90.8588
1500,15,2.29944,89.7829
1500,15,2.29504,89.6164
1500,15,2.29975,89.738
1500,15,2.29513,89.6859
1500,15,2.2952,89.6159
1500,15,2.2939,89.6575
1500,15,2.31421,90.2783
1500,15,2.30459,89.978
1500,15,2.30355,89.9032
1500,15,2.3042,89.945
1500,15,2.29698,89.6862
1500,15,2.29401,89.5771
1500,15,2.29604,89.6312
1500,15,2.29868,89.7003
1500,15,2.29913,89.6889
1500,15,2.29876,89.7135
1500,15,2.29979,89.7708
1500,15,2.29962,89.7709
1500,15,2.29982,89.8721
1500,15,2.2979,89.8966
1500,15,2.3039,90.0215
1500,15,2.30023,89.7441
1500,15,2.30289,89.7933
1500,15,2.30095,89.7378
1500,15,2.33413,90.8861
1500,15,2.30086,89.7039
1500,15,2.30916,89.982
1500,15,2.30268,89.8002
1500,15,2.30592,89.8483
1500,15,2.30737,89.9481
1500,15,2.31952,90.4519
1500,15,2.31455,90.291
1500,15,2.30395,89.9989
1500,15,2.29885,89.6653
1500,15,2.30447,89.9093
1500,15,2.30306,89.8214
1500,15,2.29386,89.6251
1500,15,2.29837,89.6412
1500,15,2.3328,90.9527
1500,15,2.32899,90.8376
1500,15,2.33465,91.1129
1500,15,2.33075,90.8012
1500,15,2.33641,91.078
1500,15,2.32147,91.8338
1500,15,2.33618,91.2627
1500,15,2.34597,91.6513
1500,15,2.32805,91.0809
1500,15,2.3248,90.6879
1500,15,2.32869,90.8536
1500,15,2.32604,90.7312
1500,15,2.3283,90.8551
1500,15,2.32488,90.6662
1500,15,2.3271,90.8214
1500,15,2.32079,90.5736
1500,15,2.32871,90.8247
1500,15,2.33213,91.018
1500,15,2.31072,90.1524
1500,15,2.30596,90.093
1500,15,2.3036,92.5141
1500,15,2.29619,90.4137
1500,15,2.36674,92.626
1500,15,2.37257,92.3884
1500,15,2.37595,92.5405
1500,15,2.37351,92.4492
1500,15,2.37566,92.5597
1500,15,2.3741,92.5118
1500,15,2.37507,92.5822
1500,15,2.37116,92.3778
1500,15,2.37205,92.4151
1500,15,2.37233,92.5295
1500,15,2.37052,92.2731
1500,15,2.34915,91.7814
1500,15,2.31952,90.536
1500,15,2.34906,91.3654
1500,15,2.35238,91.722
1500,15,2.34911,91.3475
1500,15,2.35174,91.5207
1500,15,2.32089,90.3693
1500,15,2.3013,91.5137
1500,15,2.34364,94.2554
1500,15,2.36382,94.9662
1500,15,2.36597,92.8477
1500,16,2.23649,87.2641
1500,16,2.23527,86.9178
1500,16,2.24292,87.8384
1500,16,2.22515,87.7871
1500,16,2.22792,87.028
1500,16,2.22749,87.0631
1500,16,2.23523,87.809
1500,16,2.2306,87.0411
1500,16,2.23779,87.4165
1500,16,2.23229,87.1054
1500,16,2.22709,87.0362
1500,16,2.22703,86.8795
1500,16,2.23337,87.4273
1500,16,2.22896,87.2182
1500,16,2.22557,87.396
1500,16,2.21494,86.7871
1500,16,2.19308,87.3278
1500,16,2.20893,86.7305
1500,16,2.2101,86.8159
1500,16,2.21337,86.8316
1500,16,2.20908,86.783
1500,16,2.21179,87.455
1500,16,2.20986,86.7729
1500,16,2.21106,87.0357
1500,16,2.20824,86.7997
1500,16,2.2063,86.7963
1500,16,2.20754,86.7848
1500,16,2.14793,85.9115
1500,16,2.12861,84.4685
1500,16,2.22554,86.9998
1500,16,2.22426,86.7675
1500,16,2.22444,86.7468
1500,16,2.22345,86.8634
1500,16,2.22653,86.9699
1500,16,2.22266,86.9518
1500,16,2.22864,87.142
1500,16,2.22259,87.9156
1500,16,2.22703,87.1825
1500,16,2.22328,86.8549
1500,16,2.2264,87.1071
1500,16,2.22395,86.924
1500,16,2.22618,87.4694
1500,16,2.22317,86.7943
1500,16,2.17519,85.8114
1500,16,2.22943,87.1234
1500,16,2.22761,87.1749
1500,16,2.22682,87.2138
1500,16,2.22827,87.322
1500,16,2.22024,86.9681
1500,16,2.22363,87.2041
1500,16,2.22085,87.4278
1500,16,2.22383,86.9876
1500,16,2.22626,86.7575
1500,16,2.21658,86.4425
1500,16,2.21797,86.7129
1500,16,2.22066,86.582
1500,16,2.2177,86.5059
1500,16,2.2191,86.6221
1500,16,2.21602,86.4392
1500,16,2.21945,86.5972
1500,16,2.21849,86.5091
1500,16,2.22066,86.6032
1500,16,2.21778,86.5301
1500,16,2.21664,86.4591
1500,16,2.21973,86.6441
1500,16,2.22008,86.9603
1500,16,2.21918,86.7815
1500,16,2.21708,86.5598
1500,16,2.21651,86.8698
1500,16,2.22085,86.6739
1500,16,2.19186,86.1135
1500,16,2.2147,86.4206
1500,16,2.20969,86.2176
1500,16,2.21005,86.1893
1500,16,2.20934,86.1674
1500,16,2.22147,86.6148
1500,16,2.22662,86.7819
1500,16,2.23679,87.2455
1500,16,2.23575,87.2451
1500,16,2.23713,87.1589
1500,16,2.23496,87.6382
1500,16,2.23613,87.3551
1500,16,2.23669,87.2309
1500,16,2.23564,87.1794
1500,16,2.23725,87.2656
1500,16,2.23742,87.2372
1500,16,2.23614,87.2686
1500,16,2.2218,86.6713
1500,16,2.21661,86.714
1500,16,2.21041,86.2874
1500,16,2.21808,86.5444
1500,16,2.21387,86.3754
1500,16,2.21484,86.3374
1500,16,2.2166,86.4679
1500,16,2.21479,86.5047
1500,16,2.2099,86.8577
1500,16,2.15097,85.3808
1500,16,2.08174,82.7073
1500,16,2.20908,86.7697
1500,16,2.22823,86.571
1500,16,2.22581,86.568
1500,16,2.22588,86.4482
1500,16,2.2321,86.7485
1500,16,2.22712,86.5666
1500,16,2.227,86.554
1500,16,2.22352,86.5244
1500,16,2.22497,86.5696
1500,16,2.22479,86.56
1500,16,2.22493,86.7055
1500,16,2.20783,86.3386
1500,16,2.30903,92.8212
1500,16,2.1947,85.9123
1500,16,2.11545,84.0453
1500,16,2.21993,86.5235
1500,16,2.23134,86.8624
1500,16,2.21909,86.4987
1500,16,2.21858,86.4538
1500,16,2.21545,86.3042
1500,16,2.21612,86.3097
1500,16,2.216,86.2949
1500,16,2.21552,86.2799
1500,16,2.21669,86.4677
1500,16,2.21687,86.6413
1500,16,2.21981,86.5378
1500,16,2.22425,87.0455
1500,16,2.10587,82.967
1500,16,2.20478,86.0597
1500,16,2.2009,85.915
1500,16,2.20305,85.984
1500,16,2.20294,85.9691
1500,16,2.20257,85.9771
1500,16,2.19656,85.7024
1500,16,2.19763,85.7364
1500,16,2.20484,86.0061
1500,16,2.20747,86.1563
1500,16,2.19985,85.8485
1500,16,2.20175,86.2615
1500,16,2.19926,85.8034
1500,16,2.20116,85.9481
1500,16,2.1958,86.0846
1500,16,2.1982,86.0346
1500,16,2.20072,85.8952
1500,16,2.1972,85.9507
1500,16,2.20403,86.0637
1500,16,2.21665,86.5692
1500,16,2.19906,85.9082
1500,16,2.20125,86.0363
1500,16,2.20101,85.999
1500,16,2.19894,85.9432
1500,16,2.19771,86.1147
1500,16,2.19842,85.9259
1500,16,2.19593,85.8446
1500,16,2.15598,84.8799
1500,16,2.23826,87.7218
1500,16,2.20975,86.6981
1500,16,2.20901,86.1999
1500,16,2.2072,86.1325
1500,16,2.20899,86.1983
1500,16,2.20834,86.1975
1500,16,2.20822,86.1881
1500,16,2.20908,86.2286
1500,16,2.20807,86.1669
1500,16,2.20721,86.179
1500,16,2.23303,87.4607
1500,16,2.22263,86.7566
1500,16,2.22626,86.9594
1500,16,2.10839,83.9196
1500,16,2.10873,83.1679
1500,16,2.22956,86.6285
1500,16,2.22988,86.9055
1500,16,2.22708,86.5377
1500,16,2.22295,86.3524
1500,16,2.23843,86.9992
1500,16,2.22474,86.4121
1500,16,2.23739,86.9773
1500,16,2.22501,86.4395
1500,16,2.22355,86.5644
1500,16,2.22338,86.4822
1500,16,2.22547,86.5753
1500,16,2.21797,86.4685
1500,16,2.18265,85.325
1500,16,2.22341,86.5838
1500,16,2.23463,87.0954
1500,16,2.22638,86.6953
1500,16,2.22479,87.0503
1500,16,2.22773,86.8397
1500,16,2.22357,86.5944
1500,16,2.22759,86.7753
1500,16,2.22302,86.5939
1500,16,2.22295,86.6259
1500,16,2.22403,86.8897
1500,16,2.22678,86.7223
1500,16,2.2248,86.7433
1500,16,2.22348,86.6397
1500,16,2.22425,86.7231
1500,16,2.22439,86.8664
1500,16,2.22679,86.9016
1500,16,2.22848,86.897
1500,16,2.23042,87.1472
1500,16,2.23533,87.3999
1500,16,2.22547,86.825
1500,16,2.22745,86.8466
1500,16,2.22769,86.8638
1500,16,2.22574,86.9936
1500,16,2.23118,87.0301
1500,16,2.22786,86.8306
1500,16,2.22382,86.8653
1500,16,2.17652,85.3916
1500,16,2.22582,86.8297
1500,16,2.23243,87.0196
1500,16,2.22763,86.8491
1500,16,2.2336,87.0789
1500,16,2.22517,86.7674
1500,16,2.23301,87.2282
1500,16,2.23047,86.9334
1500,16,2.23081,86.882
1500,16,2.22663,86.7443
1500,16,2.21281,86.7124
1500,16,2.23448,87.0215
1500,16,2.23278,87.0581
1500,16,2.23116,86.9856
1500,16,2.23018,86.967
1500,16,2.21331,86.3638
1500,16,2.21533,86.4472
1500,16,2.21792,86.5982
1500,16,2.21618,86.5476
1500,16,2.21327,86.5301
1500,16,2.21254,86.4376
1500,16,2.21198,86.699
1500,16,2.21194,86.2912
1500,16,2.20412,86.1391
1500,16,2.2138,86.3332
1500,16,2.21387,86.3633
1500,16,2.21115,86.2997
1500,16,2.17934,85.5244
1500,16,2.18488,86.2265
1500,16,2.0489,81.247
1500,16,2.22959,86.7193
1500,16,2.22456,86.4708
1500,16,2.22798,86.5565
1500,16,2.23267,86.8327
1500,16,2.22413,86.4497
1500,16,2.23808,87.0543
1500,16,2.22369,86.8942
1500,16,2.22963,87.1158
1500,16,2.23205,88.6505
1500,16,2.34454,93.4166
1500,16,2.02384,80.2959
1500,16,2.19166,85.7613
1500,16,2.23002,86.8488
